edge_id,left_occurrence_id,right_occurrence_id,dedup_rule,result_record_id
DE-00001,GS:GS-A1-01-065,GS:GS-A1-01-012,arxiv_id,REC-00012
DE-00002,GS:GS-A1-02-001,GS:GS-A1-01-009,arxiv_id,REC-00009
DE-00003,GS:GS-A1-02-003,GS:GS-A1-01-002,arxiv_id,REC-00002
DE-00004,GS:GS-A1-02-012,GS:GS-A1-01-028,arxiv_id,REC-00027
DE-00005,GS:GS-A1-02-016,GS:GS-A1-01-015,arxiv_id,REC-00015
DE-00006,GS:GS-A1-02-018,GS:GS-A1-01-031,arxiv_id,REC-00030
DE-00007,GS:GS-A1-02-023,GS:GS-A1-01-053,arxiv_id,REC-00051
DE-00008,GS:GS-A1-02-027,GS:GS-A1-01-052,arxiv_id,REC-00050
DE-00009,GS:GS-A1-02-029,GS:GS-A1-01-057,arxiv_id,REC-00055
DE-00010,GS:GS-A1-02-030,GS:GS-A1-01-045,arxiv_id,REC-00044
DE-00011,GS:GS-A1-02-033,GS:GS-A1-01-039,arxiv_id,REC-00038
DE-00012,GS:GS-A1-02-034,GS:GS-A1-01-084,arxiv_id,REC-00080
DE-00013,GS:GS-A1-02-036,GS:GS-A1-01-017,arxiv_id,REC-00017
DE-00014,GS:GS-A1-02-045,GS:GS-A1-01-030,arxiv_id,REC-00029
DE-00015,GS:GS-A1-02-051,GS:GS-A1-01-064,arxiv_id,REC-00062
DE-00016,GS:GS-A1-02-058,GS:GS-A1-01-041,arxiv_id,REC-00040
DE-00017,GS:GS-A1-02-073,GS:GS-A1-01-096,arxiv_id,REC-00091
DE-00018,GS:GS-A1-02-075,GS:GS-A1-01-013,arxiv_id,REC-00013
DE-00019,GS:GS-A1-02-079,GS:GS-A1-01-071,arxiv_id,REC-00068
DE-00020,GS:GS-A1-02-082,GS:GS-A1-01-059,arxiv_id,REC-00057
DE-00021,GS:GS-A1-02-098,GS:GS-A1-01-083,arxiv_id,REC-00079
DE-00022,GS:GS-A1-03-004,GS:GS-A1-02-084,arxiv_id,REC-00149
DE-00023,GS:GS-A1-03-013,GS:GS-A1-01-057,arxiv_id,REC-00055
DE-00024,GS:GS-A1-03-021,GS:GS-A1-01-009,arxiv_id,REC-00009
DE-00025,GS:GS-A1-03-026,GS:GS-A1-02-071,arxiv_id,REC-00141
DE-00026,GS:GS-A1-03-034,GS:GS-A1-01-002,arxiv_id,REC-00002
DE-00027,GS:GS-A1-03-041,GS:GS-A1-02-043,arxiv_id,REC-00118
DE-00028,GS:GS-A1-03-050,GS:GS-A1-01-029,arxiv_id,REC-00028
DE-00029,GS:GS-A1-03-055,GS:GS-A1-01-031,arxiv_id,REC-00030
DE-00030,GS:GS-A1-03-096,GS:GS-A1-01-084,arxiv_id,REC-00080
DE-00031,GS:GS-A1-04-001,GS:GS-A1-03-036,arxiv_id,REC-00189
DE-00032,GS:GS-A1-04-011,GS:GS-A1-01-013,arxiv_id,REC-00013
DE-00033,GS:GS-A1-04-014,GS:GS-A1-01-028,arxiv_id,REC-00027
DE-00034,GS:GS-A1-04-017,GS:GS-A1-01-009,arxiv_id,REC-00009
DE-00035,GS:GS-A1-04-046,GS:GS-A1-01-071,arxiv_id,REC-00068
DE-00036,GS:GS-A1-04-056,GS:GS-A1-01-074,arxiv_id,REC-00071
DE-00037,GS:GS-A1-05-069,GS:GS-A1-01-035,arxiv_id,REC-00034
DE-00038,GS:GS-A1-06-006,GS:GS-A1-05-006,arxiv_id,REC-00335
DE-00039,GS:GS-A1-06-010,GS:GS-A1-05-009,arxiv_id,REC-00338
DE-00040,GS:GS-A1-06-037,GS:GS-A1-05-025,arxiv_id,REC-00352
DE-00041,GS:GS-A1-06-041,GS:GS-A1-05-005,arxiv_id,REC-00334
DE-00042,GS:GS-A1-06-044,GS:GS-A1-05-027,arxiv_id,REC-00354
DE-00043,GS:GS-A1-06-045,GS:GS-A1-05-015,arxiv_id,REC-00342
DE-00044,GS:GS-A1-06-046,GS:GS-A1-05-007,arxiv_id,REC-00336
DE-00045,GS:GS-A1-06-063,GS:GS-A1-05-028,arxiv_id,REC-00355
DE-00046,GS:GS-A1-06-067,GS:GS-A1-05-008,arxiv_id,REC-00337
DE-00047,GS:GS-A1-06-077,GS:GS-A1-05-014,arxiv_id,REC-00341
DE-00048,GS:GS-A2S-01-004,GS:GS-A1-01-005,arxiv_id,REC-00005
DE-00049,GS:GS-A2S-01-011,GS:GS-A1-02-064,arxiv_id,REC-00134
DE-00050,GS:GS-A2S-02-007,GS:GS-A1-03-067,arxiv_id,REC-00214
DE-00051,GS:GS-A2S-02-012,GS:GS-A1-04-003,arxiv_id,REC-00241
DE-00052,GS:GS-A2S-02-023,GS:GS-A1-03-002,arxiv_id,REC-00163
DE-00053,GS:GS-A2S-02-024,GS:GS-A1-01-015,arxiv_id,REC-00015
DE-00054,GS:GS-A2S-02-037,GS:GS-A1-02-043,arxiv_id,REC-00118
DE-00055,GS:GS-A2S-02-051,GS:GS-A1-03-011,arxiv_id,REC-00170
DE-00056,GS:GS-A2S-02-054,GS:GS-A1-03-003,arxiv_id,REC-00164
DE-00057,GS:GS-A2S-02-059,GS:GS-A1-01-012,arxiv_id,REC-00012
DE-00058,GS:GS-A2S-02-076,GS:GS-A1-03-027,arxiv_id,REC-00181
DE-00059,GS:GS-A2S-02-099,GS:GS-A1-06-020,arxiv_id,REC-00437
DE-00060,GS:GS-A2S-03-002,GS:GS-A1-01-096,arxiv_id,REC-00091
DE-00061,GS:GS-A2W-01-002,GS:GS-A1-06-043,arxiv_id,REC-00454
DE-00062,GS:GS-A2W-01-005,GS:GS-A1-05-006,arxiv_id,REC-00335
DE-00063,GS:GS-A2W-01-007,GS:GS-A1-06-009,arxiv_id,REC-00429
DE-00064,GS:GS-A2W-01-008,GS:GS-A1-06-026,arxiv_id,REC-00443
DE-00065,GS:GS-A2W-01-009,GS:GS-A1-06-007,arxiv_id,REC-00427
DE-00066,GS:GS-A2W-01-011,GS:GS-A1-06-005,arxiv_id,REC-00426
DE-00067,GS:GS-A2W-01-022,GS:GS-A1-06-065,arxiv_id,REC-00469
DE-00068,GS:GS-A2W-01-023,GS:GS-A1-06-024,arxiv_id,REC-00441
DE-00069,GS:GS-A2W-01-027,GS:GS-A1-06-099,arxiv_id,REC-00497
DE-00070,GS:GS-A2W-01-029,GS:GS-A1-06-022,arxiv_id,REC-00439
DE-00071,GS:GS-A2W-01-030,GS:GS-A1-06-008,arxiv_id,REC-00428
DE-00072,GS:GS-A2W-01-031,GS:GS-A1-06-047,arxiv_id,REC-00455
DE-00073,GS:GS-A2W-01-038,GS:GS-A1-06-090,arxiv_id,REC-00489
DE-00074,GS:GS-A2W-01-044,GS:GS-A1-05-007,arxiv_id,REC-00336
DE-00075,GS:GS-A2W-01-047,GS:GS-A2S-01-010,arxiv_id,REC-00507
DE-00076,GS:GS-A2W-01-051,GS:GS-A1-03-067,arxiv_id,REC-00214
DE-00077,GS:GS-A2W-01-057,GS:GS-A1-05-043,arxiv_id,REC-00368
DE-00078,GS:GS-A2W-01-059,GS:GS-A1-06-034,arxiv_id,REC-00449
DE-00079,GS:GS-A2W-01-063,GS:GS-A1-06-003,arxiv_id,REC-00424
DE-00080,GS:GS-A2W-01-065,GS:GS-A1-06-062,arxiv_id,REC-00467
DE-00081,GS:GS-A2W-01-066,GS:GS-A1-06-014,arxiv_id,REC-00431
DE-00082,GS:GS-A2W-01-071,GS:GS-A2S-03-059,arxiv_id,REC-00658
DE-00083,GS:GS-A2W-01-072,GS:GS-A2S-03-080,arxiv_id,REC-00678
DE-00084,GS:GS-A2W-01-075,GS:GS-A2S-03-025,arxiv_id,REC-00627
DE-00085,GS:GS-A2W-01-083,GS:GS-A2S-01-012,arxiv_id,REC-00508
DE-00086,GS:GS-A2W-02-001,GS:GS-A2S-03-009,arxiv_id,REC-00611
DE-00087,GS:GS-A2W-02-002,GS:GS-A2S-01-012,arxiv_id,REC-00508
DE-00088,GS:GS-A2W-02-003,GS:GS-A2S-03-080,arxiv_id,REC-00678
DE-00089,GS:GS-A2W-02-006,GS:GS-A2S-03-065,arxiv_id,REC-00663
DE-00090,GS:GS-A2W-02-008,GS:GS-A2S-03-059,arxiv_id,REC-00658
DE-00091,GS:GS-A2W-02-010,GS:GS-A2S-03-005,arxiv_id,REC-00608
DE-00092,GS:GS-A2W-02-012,GS:GS-A2S-03-038,arxiv_id,REC-00640
DE-00093,GS:GS-A2W-02-030,GS:GS-A2S-03-070,arxiv_id,REC-00668
DE-00094,GS:GS-A2W-02-043,GS:GS-A2W-01-068,arxiv_id,REC-00727
DE-00095,GS:GS-A2W-02-045,GS:GS-A1-05-056,arxiv_id,REC-00381
DE-00096,GS:GS-A2W-02-046,GS:GS-A1-03-011,arxiv_id,REC-00170
DE-00097,GS:GS-A2W-02-050,GS:GS-A2S-01-010,arxiv_id,REC-00507
DE-00098,GS:GS-A2W-02-083,GS:GS-A2S-01-005,arxiv_id,REC-00502
DE-00099,GS:GS-A2W-02-086,GS:GS-A2S-03-006,arxiv_id,REC-00609
DE-00100,GS:GS-A2W-03-003,GS:GS-A2W-01-020,arxiv_id,REC-00707
DE-00101,GS:GS-A2W-03-006,GS:GS-A2S-02-033,arxiv_id,REC-00549
DE-00102,GS:GS-A2W-03-007,GS:GS-A2W-01-062,arxiv_id,REC-00724
DE-00103,GS:GS-A2W-03-009,GS:GS-A2S-02-090,arxiv_id,REC-00598
DE-00104,GS:GS-A2W-03-011,GS:GS-A1-03-002,arxiv_id,REC-00163
DE-00105,GS:GS-A2W-03-015,GS:GS-A1-03-067,arxiv_id,REC-00214
DE-00106,GS:GS-A2W-03-016,GS:GS-A2W-01-024,arxiv_id,REC-00708
DE-00107,GS:GS-A2W-03-017,GS:GS-A2S-01-013,arxiv_id,REC-00509
DE-00108,GS:GS-A2W-03-022,GS:GS-A1-03-036,arxiv_id,REC-00189
DE-00109,GS:GS-A2W-03-045,GS:GS-A1-06-007,arxiv_id,REC-00427
DE-00110,GS:GS-A2W-03-055,GS:GS-A1-01-028,arxiv_id,REC-00027
DE-00111,GS:GS-A2W-03-060,GS:GS-A2S-01-010,arxiv_id,REC-00507
DE-00112,GS:GS-A2W-03-068,GS:GS-A1-02-084,arxiv_id,REC-00149
DE-00113,GS:GS-A2W-03-074,GS:GS-A1-01-045,arxiv_id,REC-00044
DE-00114,GS:GS-A2W-03-075,GS:GS-A2S-01-005,arxiv_id,REC-00502
DE-00115,GS:GS-A2W-03-090,GS:GS-A1-03-066,arxiv_id,REC-00213
DE-00116,GS:GS-A2W-03-095,GS:GS-A1-05-072,arxiv_id,REC-00396
DE-00117,GS:GS-A3-01-006,GS:GS-A1-01-051,arxiv_id,REC-00049
DE-00118,GS:GS-A3-01-007,GS:GS-A1-01-013,arxiv_id,REC-00013
DE-00119,GS:GS-A3-01-009,GS:GS-A1-01-097,arxiv_id,REC-00092
DE-00120,GS:GS-A3-01-010,GS:GS-A1-01-043,arxiv_id,REC-00042
DE-00121,GS:GS-A3-01-011,GS:GS-A1-01-018,arxiv_id,REC-00018
DE-00122,GS:GS-A3-01-012,GS:GS-A1-01-023,arxiv_id,REC-00022
DE-00123,GS:GS-A3-01-013,GS:GS-A1-01-084,arxiv_id,REC-00080
DE-00124,GS:GS-A3-01-014,GS:GS-A1-01-062,arxiv_id,REC-00060
DE-00125,GS:GS-A3-01-015,GS:GS-A1-01-009,arxiv_id,REC-00009
DE-00126,GS:GS-A3-01-016,GS:GS-A1-01-014,arxiv_id,REC-00014
DE-00127,GS:GS-A3-01-017,GS:GS-A1-01-045,arxiv_id,REC-00044
DE-00128,GS:GS-A3-01-018,GS:GS-A1-01-098,arxiv_id,REC-00093
DE-00129,GS:GS-A3-01-019,GS:GS-A1-01-075,arxiv_id,REC-00072
DE-00130,GS:GS-A3-01-020,GS:GS-A1-01-066,arxiv_id,REC-00063
DE-00131,GS:GS-A3-01-021,GS:GS-A1-01-002,arxiv_id,REC-00002
DE-00132,GS:GS-A3-01-022,GS:GS-A1-01-005,arxiv_id,REC-00005
DE-00133,GS:GS-A3-01-023,GS:GS-A1-01-026,arxiv_id,REC-00025
DE-00134,GS:GS-A3-01-024,GS:GS-A1-01-085,arxiv_id,REC-00081
DE-00135,GS:GS-A3-01-026,GS:GS-A1-01-017,arxiv_id,REC-00017
DE-00136,GS:GS-A3-01-027,GS:GS-A1-01-036,arxiv_id,REC-00035
DE-00137,GS:GS-A3-01-031,GS:GS-A1-01-021,arxiv_id,REC-00020
DE-00138,GS:GS-A3-01-032,GS:GS-A1-01-035,arxiv_id,REC-00034
DE-00139,GS:GS-A3-01-034,GS:GS-A1-01-027,arxiv_id,REC-00026
DE-00140,GS:GS-A3-01-035,GS:GS-A1-01-016,arxiv_id,REC-00016
DE-00141,GS:GS-A3-01-036,GS:GS-A1-01-022,arxiv_id,REC-00021
DE-00142,GS:GS-A3-01-037,GS:GS-A2S-02-004,arxiv_id,REC-00530
DE-00143,GS:GS-A3-01-038,GS:GS-A1-01-015,arxiv_id,REC-00015
DE-00144,GS:GS-A3-01-039,GS:GS-A1-02-009,arxiv_id,REC-00099
DE-00145,GS:GS-A3-01-041,GS:GS-A1-01-024,arxiv_id,REC-00023
DE-00146,GS:GS-A3-01-042,GS:GS-A1-01-029,arxiv_id,REC-00028
DE-00147,GS:GS-A3-01-045,GS:GS-A1-01-053,arxiv_id,REC-00051
DE-00148,GS:GS-A3-01-046,GS:GS-A1-01-028,arxiv_id,REC-00027
DE-00149,GS:GS-A3-01-050,GS:GS-A1-01-031,arxiv_id,REC-00030
DE-00150,GS:GS-A3-01-052,GS:GS-A1-01-037,arxiv_id,REC-00036
DE-00151,GS:GS-A3-01-054,GS:GS-A1-01-056,arxiv_id,REC-00054
DE-00152,GS:GS-A3-01-055,GS:GS-A1-01-030,arxiv_id,REC-00029
DE-00153,GS:GS-A3-01-058,GS:GS-A1-01-079,arxiv_id,REC-00076
DE-00154,GS:GS-A3-01-059,GS:GS-A1-01-034,arxiv_id,REC-00033
DE-00155,GS:GS-A3-01-061,GS:GS-A1-01-012,arxiv_id,REC-00012
DE-00156,GS:GS-A3-01-062,GS:GS-A1-01-052,arxiv_id,REC-00050
DE-00157,GS:GS-A3-01-063,GS:GS-A1-01-039,arxiv_id,REC-00038
DE-00158,GS:GS-A3-01-065,GS:GS-A1-01-059,arxiv_id,REC-00057
DE-00159,GS:GS-A3-01-067,GS:GS-A1-01-090,arxiv_id,REC-00086
DE-00160,GS:GS-A3-01-070,GS:GS-A1-01-072,arxiv_id,REC-00069
DE-00161,GS:GS-A3-01-071,GS:GS-A1-01-011,arxiv_id,REC-00011
DE-00162,GS:GS-A3-01-073,GS:GS-A1-01-049,arxiv_id,REC-00047
DE-00163,GS:GS-A3-01-074,GS:GS-A1-01-093,arxiv_id,REC-00088
DE-00164,GS:GS-A3-01-076,GS:GS-A1-01-057,arxiv_id,REC-00055
DE-00165,GS:GS-A3-01-077,GS:GS-A1-01-032,arxiv_id,REC-00031
DE-00166,GS:GS-A3-01-083,GS:GS-A1-01-041,arxiv_id,REC-00040
DE-00167,GS:GS-A3-01-086,GS:GS-A1-01-058,arxiv_id,REC-00056
DE-00168,GS:GS-A3-01-089,GS:GS-A1-01-064,arxiv_id,REC-00062
DE-00169,GS:GS-A3-01-090,GS:GS-A1-01-083,arxiv_id,REC-00079
DE-00170,GS:GS-A3-01-092,GS:GS-A1-01-095,arxiv_id,REC-00090
DE-00171,GS:GS-A3-01-095,GS:GS-A1-02-068,arxiv_id,REC-00138
DE-00172,GS:GS-A3-01-100,GS:GS-A1-01-074,arxiv_id,REC-00071
DE-00173,GS:GS-A3-02-001,GS:GS-A1-03-011,arxiv_id,REC-00170
DE-00174,GS:GS-A3-02-002,GS:GS-A1-03-057,arxiv_id,REC-00205
DE-00175,GS:GS-A3-02-009,GS:GS-A1-02-043,arxiv_id,REC-00118
DE-00176,GS:GS-A3-02-013,GS:GS-A2S-02-006,arxiv_id,REC-00531
DE-00177,GS:GS-A3-02-017,GS:GS-A1-03-002,arxiv_id,REC-00163
DE-00178,GS:GS-A3-02-018,GS:GS-A1-03-078,arxiv_id,REC-00223
DE-00179,GS:GS-A3-02-019,GS:GS-A1-01-045,arxiv_id,REC-00044
DE-00180,GS:GS-A3-02-020,GS:GS-A1-03-031,arxiv_id,REC-00185
DE-00181,GS:GS-A3-02-023,GS:GS-A1-03-009,arxiv_id,REC-00169
DE-00182,GS:GS-A3-02-024,GS:GS-A2W-03-026,arxiv_id,REC-00829
DE-00183,GS:GS-A3-02-025,GS:GS-A1-03-088,arxiv_id,REC-00231
DE-00184,GS:GS-A3-02-029,GS:GS-A1-03-039,arxiv_id,REC-00192
DE-00185,GS:GS-A3-02-030,GS:GS-A1-01-084,arxiv_id,REC-00080
DE-00186,GS:GS-A3-02-034,GS:GS-A1-03-003,arxiv_id,REC-00164
DE-00187,GS:GS-A3-02-035,GS:GS-A1-03-067,arxiv_id,REC-00214
DE-00188,GS:GS-A3-02-038,GS:GS-A1-02-084,arxiv_id,REC-00149
DE-00189,GS:GS-A3-02-039,GS:GS-A1-03-093,arxiv_id,REC-00236
DE-00190,GS:GS-A3-02-045,GS:GS-A1-03-007,arxiv_id,REC-00167
DE-00191,GS:GS-A3-02-047,GS:GS-A1-01-057,arxiv_id,REC-00055
DE-00192,GS:GS-A3-02-048,GS:GS-A1-03-033,arxiv_id,REC-00187
DE-00193,GS:GS-A3-02-050,GS:GS-A2W-03-032,arxiv_id,REC-00834
DE-00194,GS:GS-A3-02-054,GS:GS-A1-03-059,arxiv_id,REC-00207
DE-00195,GS:GS-A3-02-056,GS:GS-A1-03-069,arxiv_id,REC-00216
DE-00196,GS:GS-A3-02-057,GS:GS-A1-03-046,arxiv_id,REC-00198
DE-00197,GS:GS-A3-02-061,GS:GS-A1-04-007,arxiv_id,REC-00245
DE-00198,GS:GS-A3-02-062,GS:GS-A1-03-085,arxiv_id,REC-00229
DE-00199,GS:GS-A3-02-063,GS:GS-A1-03-047,arxiv_id,REC-00199
DE-00200,GS:GS-A3-02-065,GS:GS-A1-03-019,arxiv_id,REC-00175
DE-00201,GS:GS-A3-02-070,GS:GS-A2W-03-041,arxiv_id,REC-00843
DE-00202,GS:GS-A3-02-078,GS:GS-A1-03-100,arxiv_id,REC-00240
DE-00203,GS:GS-A3-02-079,GS:GS-A1-03-036,arxiv_id,REC-00189
DE-00204,GS:GS-A3-02-080,GS:GS-A1-01-036,arxiv_id,REC-00035
DE-00205,GS:GS-A3-02-082,GS:GS-A1-03-066,arxiv_id,REC-00213
DE-00206,GS:GS-A3-02-085,GS:GS-A1-02-071,arxiv_id,REC-00141
DE-00207,GS:GS-A3-02-086,GS:GS-A1-03-044,arxiv_id,REC-00196
DE-00208,GS:GS-A3-02-089,GS:GS-A1-01-098,arxiv_id,REC-00093
DE-00209,GS:GS-A3-02-092,GS:GS-A1-01-029,arxiv_id,REC-00028
DE-00210,GS:GS-A3-02-093,GS:GS-A1-03-045,arxiv_id,REC-00197
DE-00211,GS:GS-A3-02-097,GS:GS-A2S-02-080,arxiv_id,REC-00588
DE-00212,GS:GS-A3-02-099,GS:GS-A1-03-032,arxiv_id,REC-00186
DE-00213,GS:GS-A3-02-100,GS:GS-A1-03-035,arxiv_id,REC-00188
DE-00214,GS:GS-A3-03-002,GS:GS-A1-03-036,arxiv_id,REC-00189
DE-00215,GS:GS-A3-03-003,GS:GS-A1-04-010,arxiv_id,REC-00248
DE-00216,GS:GS-A3-03-004,GS:GS-A1-04-006,arxiv_id,REC-00244
DE-00217,GS:GS-A3-03-005,GS:GS-A1-01-013,arxiv_id,REC-00013
DE-00218,GS:GS-A3-03-006,GS:GS-A1-04-003,arxiv_id,REC-00241
DE-00219,GS:GS-A3-03-008,GS:GS-A1-04-028,arxiv_id,REC-00261
DE-00220,GS:GS-A3-03-009,GS:GS-A1-04-015,arxiv_id,REC-00251
DE-00221,GS:GS-A3-03-013,GS:GS-A1-04-047,arxiv_id,REC-00278
DE-00222,GS:GS-A3-03-014,GS:GS-A1-01-074,arxiv_id,REC-00071
DE-00223,GS:GS-A3-03-015,GS:GS-A1-04-008,arxiv_id,REC-00246
DE-00224,GS:GS-A3-03-017,GS:GS-A1-04-019,arxiv_id,REC-00254
DE-00225,GS:GS-A3-03-020,GS:GS-A1-04-016,arxiv_id,REC-00252
DE-00226,GS:GS-A3-03-022,GS:GS-A1-04-040,arxiv_id,REC-00272
DE-00227,GS:GS-A3-03-027,GS:GS-A1-04-079,arxiv_id,REC-00308
DE-00228,GS:GS-A3-03-028,GS:GS-A1-01-009,arxiv_id,REC-00009
DE-00229,GS:GS-A3-03-038,GS:GS-A1-04-065,arxiv_id,REC-00294
DE-00230,GS:GS-A3-03-039,GS:GS-A1-04-093,arxiv_id,REC-00322
DE-00231,GS:GS-A3-03-041,GS:GS-A1-04-091,arxiv_id,REC-00320
DE-00232,GS:GS-A3-03-043,GS:GS-A1-04-052,arxiv_id,REC-00283
DE-00233,GS:GS-A3-03-049,GS:GS-A1-04-068,arxiv_id,REC-00297
DE-00234,GS:GS-A3-03-052,GS:GS-A1-04-066,arxiv_id,REC-00295
DE-00235,GS:GS-A3-03-053,GS:GS-A1-04-086,arxiv_id,REC-00315
DE-00236,GS:GS-A3-03-054,GS:GS-A1-04-095,arxiv_id,REC-00324
DE-00237,GS:GS-A3-03-055,GS:GS-A1-04-077,arxiv_id,REC-00306
DE-00238,GS:GS-A3-03-056,GS:GS-A1-04-074,arxiv_id,REC-00303
DE-00239,GS:GS-A3-03-061,GS:GS-A1-04-023,arxiv_id,REC-00257
DE-00240,GS:GS-A3-03-062,GS:GS-A1-04-085,arxiv_id,REC-00314
DE-00241,GS:GS-A3-03-065,GS:GS-A1-04-097,arxiv_id,REC-00326
DE-00242,GS:GS-A3-03-067,GS:GS-A1-04-083,arxiv_id,REC-00312
DE-00243,GS:GS-A3-03-069,GS:GS-A1-04-044,arxiv_id,REC-00276
DE-00244,GS:GS-B1-01-007,GS:GS-A1-01-022,arxiv_id,REC-00021
DE-00245,GS:GS-B1-01-009,GS:GS-A1-01-041,arxiv_id,REC-00040
DE-00246,GS:GS-B1-01-010,GS:GS-A1-01-028,arxiv_id,REC-00027
DE-00247,GS:GS-B1-01-012,GS:GS-A1-01-013,arxiv_id,REC-00013
DE-00248,GS:GS-B1-01-020,GS:GS-A1-01-037,arxiv_id,REC-00036
DE-00249,GS:GS-B1-01-025,GS:GS-A1-01-068,arxiv_id,REC-00065
DE-00250,GS:GS-B1-01-026,GS:GS-A3-01-093,arxiv_id,REC-00901
DE-00251,GS:GS-B1-01-027,GS:GS-A1-05-083,arxiv_id,REC-00406
DE-00252,GS:GS-B1-01-030,GS:GS-A1-01-043,arxiv_id,REC-00042
DE-00253,GS:GS-B1-01-031,GS:GS-A1-01-018,arxiv_id,REC-00018
DE-00254,GS:GS-B1-01-035,GS:GS-A1-01-096,arxiv_id,REC-00091
DE-00255,GS:GS-B1-01-038,GS:GS-A1-01-072,arxiv_id,REC-00069
DE-00256,GS:GS-B1-01-042,GS:GS-A1-01-025,arxiv_id,REC-00024
DE-00257,GS:GS-B1-01-044,GS:GS-A1-03-063,arxiv_id,REC-00210
DE-00258,GS:GS-B1-01-051,GS:GS-A1-01-032,arxiv_id,REC-00031
DE-00259,GS:GS-B1-01-052,GS:GS-A1-01-071,arxiv_id,REC-00068
DE-00260,GS:GS-B1-01-058,GS:GS-A1-01-026,arxiv_id,REC-00025
DE-00261,GS:GS-B1-01-064,GS:GS-A1-01-056,arxiv_id,REC-00054
DE-00262,GS:GS-B1-01-066,GS:GS-A3-01-068,arxiv_id,REC-00897
DE-00263,GS:GS-B1-01-076,GS:GS-A1-02-064,arxiv_id,REC-00134
DE-00264,GS:GS-B1-01-079,GS:GS-A1-01-062,arxiv_id,REC-00060
DE-00265,GS:GS-B1-01-080,GS:GS-A2W-03-091,arxiv_id,REC-00884
DE-00266,GS:GS-B1-01-083,GS:GS-A1-01-074,arxiv_id,REC-00071
DE-00267,GS:GS-B1-01-098,GS:GS-A2S-02-079,arxiv_id,REC-00587
DE-00268,GS:GS-B1-02-005,GS:GS-A1-06-011,arxiv_id,REC-00430
DE-00269,GS:GS-B1-02-059,GS:GS-A1-05-083,arxiv_id,REC-00406
DE-00270,GS:GS-B1-03-001,GS:GS-B1-02-022,arxiv_id,REC-01027
DE-00271,GS:GS-B1-03-002,GS:GS-B1-01-023,arxiv_id,REC-00964
DE-00272,GS:GS-B1-03-003,GS:GS-A1-01-022,arxiv_id,REC-00021
DE-00273,GS:GS-B1-03-007,GS:GS-A1-05-083,arxiv_id,REC-00406
DE-00274,GS:GS-B1-03-010,GS:GS-A1-01-041,arxiv_id,REC-00040
DE-00275,GS:GS-B2-01-003,GS:GS-A2W-02-072,arxiv_id,REC-00793
DE-00276,GS:GS-B2-01-008,GS:GS-B1-01-023,arxiv_id,REC-00964
DE-00277,GS:GS-B2-01-014,GS:GS-B1-01-011,arxiv_id,REC-00959
DE-00278,GS:GS-B2-01-016,GS:GS-B1-02-014,arxiv_id,REC-01019
DE-00279,GS:GS-B2-01-018,GS:GS-A1-05-050,arxiv_id,REC-00375
DE-00280,GS:GS-B2-01-019,GS:GS-B1-01-006,arxiv_id,REC-00958
DE-00281,GS:GS-B2-01-033,GS:GS-B1-03-020,arxiv_id,REC-01112
DE-00282,GS:GS-B2-01-041,GS:GS-A1-05-039,arxiv_id,REC-00364
DE-00283,GS:GS-B2-01-048,GS:GS-A1-03-063,arxiv_id,REC-00210
DE-00284,GS:GS-B2-01-054,GS:GS-A1-05-083,arxiv_id,REC-00406
DE-00285,GS:GS-B2-01-057,GS:GS-B1-01-037,arxiv_id,REC-00968
DE-00286,GS:GS-B2-01-063,GS:GS-A1-01-041,arxiv_id,REC-00040
DE-00287,GS:GS-B2-01-065,GS:GS-A1-02-040,arxiv_id,REC-00115
DE-00288,GS:GS-B2-01-070,GS:GS-A1-02-028,arxiv_id,REC-00108
DE-00289,GS:GS-B2-01-071,GS:GS-A1-01-068,arxiv_id,REC-00065
DE-00290,GS:GS-B2-01-092,GS:GS-B1-01-067,arxiv_id,REC-00984
DE-00291,GS:GS-B2-02-003,GS:GS-A1-03-011,arxiv_id,REC-00170
DE-00292,GS:GS-B2-02-013,GS:GS-A1-03-063,arxiv_id,REC-00210
DE-00293,GS:GS-B2-02-016,GS:GS-B2-01-029,arxiv_id,REC-01133
DE-00294,GS:GS-B2-02-017,GS:GS-B1-01-037,arxiv_id,REC-00968
DE-00295,GS:GS-B2-02-020,GS:GS-A1-03-032,arxiv_id,REC-00186
DE-00296,GS:GS-B2-02-026,GS:GS-A1-03-027,arxiv_id,REC-00181
DE-00297,GS:GS-B2-02-030,GS:GS-A1-01-068,arxiv_id,REC-00065
DE-00298,GS:GS-B2-02-036,GS:GS-A2W-03-091,arxiv_id,REC-00884
DE-00299,GS:GS-B2-02-037,GS:GS-A1-01-028,arxiv_id,REC-00027
DE-00300,GS:GS-B2-02-039,GS:GS-A1-03-031,arxiv_id,REC-00185
DE-00301,GS:GS-B2-02-040,GS:GS-A1-05-050,arxiv_id,REC-00375
DE-00302,GS:GS-B2-02-041,GS:GS-B2-01-055,arxiv_id,REC-01150
DE-00303,GS:GS-B2-02-042,GS:GS-B2-01-074,arxiv_id,REC-01163
DE-00304,GS:GS-B2-02-047,GS:GS-B1-01-023,arxiv_id,REC-00964
DE-00305,GS:GS-B2-02-048,GS:GS-B2-01-006,arxiv_id,REC-01119
DE-00306,GS:GS-B2-02-053,GS:GS-A1-02-028,arxiv_id,REC-00108
DE-00307,GS:GS-B2-02-054,GS:GS-B1-01-011,arxiv_id,REC-00959
DE-00308,GS:GS-B2-02-055,GS:GS-A1-04-007,arxiv_id,REC-00245
DE-00309,GS:GS-B2-02-059,GS:GS-A1-01-018,arxiv_id,REC-00018
DE-00310,GS:GS-B2-02-062,GS:GS-A1-04-079,arxiv_id,REC-00308
DE-00311,GS:GS-B2-02-065,GS:GS-A1-03-036,arxiv_id,REC-00189
DE-00312,GS:GS-B2-02-072,GS:GS-A1-01-096,arxiv_id,REC-00091
DE-00313,GS:GS-B2-02-075,GS:GS-A1-02-089,arxiv_id,REC-00153
DE-00314,GS:GS-B2-02-077,GS:GS-A3-02-069,arxiv_id,REC-00927
DE-00315,GS:GS-B2-02-082,GS:GS-A3-02-008,arxiv_id,REC-00904
DE-00316,GS:GS-B2-02-083,GS:GS-A1-03-067,arxiv_id,REC-00214
DE-00317,GS:GS-B2-02-089,GS:GS-A2W-03-041,arxiv_id,REC-00843
DE-00318,GS:GS-B2-02-091,GS:GS-A1-01-074,arxiv_id,REC-00071
DE-00319,GS:GS-B2-02-097,GS:GS-B1-02-012,arxiv_id,REC-01017
DE-00320,GS:GS-B2-03-002,GS:GS-A1-01-041,arxiv_id,REC-00040
DE-00321,GS:GS-B2-03-003,GS:GS-A1-01-022,arxiv_id,REC-00021
DE-00322,GS:GS-B2-03-004,GS:GS-B1-01-067,arxiv_id,REC-00984
DE-00323,GS:GS-B2-03-005,GS:GS-A1-01-018,arxiv_id,REC-00018
DE-00324,GS:GS-B2-03-007,GS:GS-B1-01-037,arxiv_id,REC-00968
DE-00325,GS:GS-B2-03-013,GS:GS-A1-01-068,arxiv_id,REC-00065
DE-00326,GS:GS-B2-03-014,GS:GS-A1-01-037,arxiv_id,REC-00036
DE-00327,GS:GS-B2-03-016,GS:GS-A1-01-025,arxiv_id,REC-00024
DE-00328,GS:GS-B2-03-017,GS:GS-A1-01-013,arxiv_id,REC-00013
DE-00329,GS:GS-B2-03-019,GS:GS-A1-01-028,arxiv_id,REC-00027
DE-00330,GS:GS-B2-03-020,GS:GS-A1-01-032,arxiv_id,REC-00031
DE-00331,GS:GS-B2-03-028,GS:GS-A3-01-093,arxiv_id,REC-00901
DE-00332,GS:GS-B2-03-030,GS:GS-A1-01-074,arxiv_id,REC-00071
DE-00333,GS:GS-B2-03-034,GS:GS-B1-01-084,arxiv_id,REC-00993
DE-00334,GS:GS-B2-03-037,GS:GS-B1-01-005,arxiv_id,REC-00957
DE-00335,GS:GS-B2-03-039,GS:GS-A1-01-071,arxiv_id,REC-00068
DE-00336,GS:GS-B2-03-040,GS:GS-B1-01-034,arxiv_id,REC-00967
DE-00337,GS:GS-B2-03-042,GS:GS-B1-01-023,arxiv_id,REC-00964
DE-00338,GS:GS-B2-03-043,GS:GS-A1-01-009,arxiv_id,REC-00009
DE-00339,GS:GS-B2-03-044,GS:GS-A1-01-012,arxiv_id,REC-00012
DE-00340,GS:GS-B2-03-046,GS:GS-B1-01-043,arxiv_id,REC-00969
DE-00341,GS:GS-B2-03-049,GS:GS-B1-01-022,arxiv_id,REC-00963
DE-00342,GS:GS-B2-03-050,GS:GS-A1-02-064,arxiv_id,REC-00134
DE-00343,GS:GS-B2-03-054,GS:GS-B1-01-073,arxiv_id,REC-00988
DE-00344,GS:GS-B2-03-055,GS:GS-A3-01-068,arxiv_id,REC-00897
DE-00345,GS:GS-B2-03-056,GS:GS-A1-01-056,arxiv_id,REC-00054
DE-00346,GS:GS-B2-03-057,GS:GS-A1-01-096,arxiv_id,REC-00091
DE-00347,GS:GS-B2-03-060,GS:GS-A1-01-039,arxiv_id,REC-00038
DE-00348,GS:GS-B2-03-061,GS:GS-A2W-03-091,arxiv_id,REC-00884
DE-00349,GS:GS-B2-03-064,GS:GS-A1-01-085,arxiv_id,REC-00081
DE-00350,GS:GS-B2-03-066,GS:GS-B1-01-046,arxiv_id,REC-00971
DE-00351,GS:GS-B2-03-067,GS:GS-A1-01-062,arxiv_id,REC-00060
DE-00352,GS:GS-B2-03-068,GS:GS-A1-01-092,arxiv_id,REC-00087
DE-00353,GS:GS-B2-03-069,GS:GS-A1-02-009,arxiv_id,REC-00099
DE-00354,GS:GS-B2-03-070,GS:GS-B1-01-011,arxiv_id,REC-00959
DE-00355,GS:GS-B2-03-072,GS:GS-B1-01-086,arxiv_id,REC-00995
DE-00356,GS:GS-B2-03-073,GS:GS-A1-02-083,arxiv_id,REC-00148
DE-00357,GS:GS-B2-03-074,GS:GS-B1-01-090,arxiv_id,REC-00999
DE-00358,GS:GS-B2-03-076,GS:GS-B1-01-006,arxiv_id,REC-00958
DE-00359,GS:GS-B2-03-079,GS:GS-A2S-02-026,arxiv_id,REC-00543
DE-00360,GS:GS-B2-03-082,GS:GS-A1-05-083,arxiv_id,REC-00406
DE-00361,GS:GS-B2-03-083,GS:GS-B1-01-077,arxiv_id,REC-00990
DE-00362,GS:GS-B2-03-086,GS:GS-B1-01-088,arxiv_id,REC-00997
DE-00363,GS:GS-B2-03-088,GS:GS-A1-03-063,arxiv_id,REC-00210
DE-00364,GS:GS-B2-03-094,GS:GS-B1-01-093,arxiv_id,REC-01002
DE-00365,GS:GS-B2-03-095,GS:GS-B1-01-054,arxiv_id,REC-00977
DE-00366,GS:GS-B2-03-098,GS:GS-B2-01-100,arxiv_id,REC-01186
DE-00367,GS:GS-B3-01-001,GS:GS-A1-05-083,arxiv_id,REC-00406
DE-00368,GS:GS-B3-02-005,GS:GS-B1-02-052,arxiv_id,REC-01056
DE-00369,GS:GS-B3-02-006,GS:GS-B1-02-010,arxiv_id,REC-01015
DE-00370,GS:GS-B3-02-007,GS:GS-B1-02-097,arxiv_id,REC-01096
DE-00371,GS:GS-B3-02-010,GS:GS-A1-05-083,arxiv_id,REC-00406
DE-00372,GS:GS-B3-02-013,GS:GS-B1-03-004,arxiv_id,REC-01100
DE-00373,GS:GS-B3-02-014,GS:GS-B1-02-013,arxiv_id,REC-01018
DE-00374,GS:GS-B3-02-034,GS:GS-B2-01-078,arxiv_id,REC-01166
DE-00375,GS:GS-B3-02-037,GS:GS-B1-01-091,arxiv_id,REC-01000
DE-00376,GS:GS-B3-02-044,GS:GS-B1-02-093,arxiv_id,REC-01092
DE-00377,GS:GS-B3-02-047,GS:GS-B1-02-048,arxiv_id,REC-01052
DE-00378,GS:GS-B3-02-093,GS:GS-A3-01-068,arxiv_id,REC-00897
DE-00379,GS:GS-B3-03-003,GS:GS-B3-02-011,arxiv_id,REC-01242
DE-00380,GS:GS-B3-03-006,GS:GS-B1-02-015,arxiv_id,REC-01020
DE-00381,GS:GS-B3-03-007,GS:GS-B1-02-012,arxiv_id,REC-01017
DE-00382,GS:GS-B3-03-008,GS:GS-B1-02-097,arxiv_id,REC-01096
DE-00383,GS:GS-B3-03-009,GS:GS-A1-05-083,arxiv_id,REC-00406
DE-00384,GS:GS-B3-03-015,GS:GS-B1-02-099,arxiv_id,REC-01098
DE-00385,GS:GS-B3-03-016,GS:GS-B3-02-022,arxiv_id,REC-01249
DE-00386,GS:GS-B3-03-021,GS:GS-B1-02-052,arxiv_id,REC-01056
DE-00387,GS:GS-B3-03-024,GS:GS-B2-01-096,arxiv_id,REC-01182
DE-00388,GS:GS-B3-03-027,GS:GS-B1-02-030,arxiv_id,REC-01035
DE-00389,GS:GS-B3-03-029,GS:GS-B3-02-030,arxiv_id,REC-01255
DE-00390,GS:GS-B3-03-032,GS:GS-A2W-03-070,arxiv_id,REC-00866
DE-00391,GS:GS-B3-03-039,GS:GS-B3-02-016,arxiv_id,REC-01244
DE-00392,GS:GS-B3-03-041,GS:GS-B3-02-028,arxiv_id,REC-01253
DE-00393,GS:GS-B3-03-042,GS:GS-B1-02-013,arxiv_id,REC-01018
DE-00394,GS:GS-B3-03-047,GS:GS-B3-02-002,arxiv_id,REC-01238
DE-00395,GS:GS-B3-03-055,GS:GS-B3-02-026,arxiv_id,REC-01251
DE-00396,GS:GS-B3-03-057,GS:GS-B3-02-058,arxiv_id,REC-01278
DE-00397,GS:GS-B3-03-060,GS:GS-B3-02-053,arxiv_id,REC-01273
DE-00398,GS:GS-B3-03-061,GS:GS-B3-02-045,arxiv_id,REC-01267
DE-00399,GS:GS-B3-03-063,GS:GS-B3-02-017,arxiv_id,REC-01245
DE-00400,GS:GS-B3-03-069,GS:GS-B3-02-084,arxiv_id,REC-01301
DE-00401,GS:GS-B3-03-070,GS:GS-B3-02-064,arxiv_id,REC-01284
DE-00402,GS:GS-B3-03-077,GS:GS-B2-01-078,arxiv_id,REC-01166
DE-00403,GS:GS-B3-03-089,GS:GS-B3-02-089,arxiv_id,REC-01306
DE-00404,GS:GS-B3-03-094,GS:GS-B1-01-093,arxiv_id,REC-01002
DE-00405,GS:GS-B4-01-007,GS:GS-B1-02-100,arxiv_id,REC-01099
DE-00406,GS:GS-B4-01-008,GS:GS-B3-02-070,arxiv_id,REC-01290
DE-00407,GS:GS-B4-01-049,GS:GS-B3-02-026,arxiv_id,REC-01251
DE-00408,GS:GS-B4-02-006,GS:GS-B1-02-100,arxiv_id,REC-01099
DE-00409,GS:GS-B4-02-008,GS:GS-B4-01-010,arxiv_id,REC-01369
DE-00410,GS:GS-B4-02-011,GS:GS-B3-02-026,arxiv_id,REC-01251
DE-00411,GS:GS-B4-02-013,GS:GS-B4-01-028,arxiv_id,REC-01386
DE-00412,GS:GS-B4-02-016,GS:GS-B4-01-011,arxiv_id,REC-01370
DE-00413,GS:GS-B4-02-023,GS:GS-B3-02-070,arxiv_id,REC-01290
DE-00414,GS:GS-B4-02-024,GS:GS-B4-01-012,arxiv_id,REC-01371
DE-00415,GS:GS-B4-02-026,GS:GS-B4-01-013,arxiv_id,REC-01372
DE-00416,GS:GS-B4-02-029,GS:GS-B4-01-033,arxiv_id,REC-01389
DE-00417,GS:GS-B4-02-030,GS:GS-B4-01-026,arxiv_id,REC-01385
DE-00418,GS:GS-B4-02-033,GS:GS-B4-01-022,arxiv_id,REC-01381
DE-00419,GS:GS-B4-02-035,GS:GS-B4-01-036,arxiv_id,REC-01392
DE-00420,GS:GS-B4-02-037,GS:GS-B4-01-024,arxiv_id,REC-01383
DE-00421,GS:GS-B4-02-045,GS:GS-B4-01-083,arxiv_id,REC-01433
DE-00422,GS:GS-B4-02-047,GS:GS-B3-02-086,arxiv_id,REC-01303
DE-00423,GS:GS-B4-02-054,GS:GS-B4-01-052,arxiv_id,REC-01405
DE-00424,GS:GS-B4-02-056,GS:GS-B4-01-031,arxiv_id,REC-01387
DE-00425,GS:GS-B4-02-060,GS:GS-B4-01-099,arxiv_id,REC-01449
DE-00426,GS:GS-B4-02-061,GS:GS-B4-01-067,arxiv_id,REC-01419
DE-00427,GS:GS-B4-02-063,GS:GS-B4-01-056,arxiv_id,REC-01409
DE-00428,GS:GS-B4-02-066,GS:GS-B1-01-075,arxiv_id,REC-00989
DE-00429,GS:GS-B4-02-070,GS:GS-B4-01-063,arxiv_id,REC-01415
DE-00430,GS:GS-B4-02-073,GS:GS-B4-01-090,arxiv_id,REC-01440
DE-00431,GS:GS-B4-02-077,GS:GS-B4-01-081,arxiv_id,REC-01431
DE-00432,GS:GS-B4-02-083,GS:GS-B4-01-071,arxiv_id,REC-01423
DE-00433,GS:GS-B4-02-086,GS:GS-B4-01-094,arxiv_id,REC-01444
DE-00434,GS:GS-B4-02-088,GS:GS-B3-02-068,arxiv_id,REC-01288
DE-00435,GS:GS-B4-02-090,GS:GS-B4-01-098,arxiv_id,REC-01448
DE-00436,GS:GS-B4-02-091,GS:GS-B4-01-085,arxiv_id,REC-01435
DE-00437,GS:GS-B4-02-092,GS:GS-B4-01-058,arxiv_id,REC-01411
DE-00438,GS:GS-B4-02-099,GS:GS-B4-01-092,arxiv_id,REC-01442
DE-00439,GS:GS-B4-03-001,GS:GS-B4-01-026,arxiv_id,REC-01385
DE-00440,GS:GS-B4-03-003,GS:GS-B4-01-010,arxiv_id,REC-01369
DE-00441,GS:GS-B4-03-005,GS:GS-B3-02-089,arxiv_id,REC-01306
DE-00442,GS:GS-B4-03-014,GS:GS-B3-02-068,arxiv_id,REC-01288
DE-00443,GS:GS-B4-03-023,GS:GS-B3-02-064,arxiv_id,REC-01284
DE-00444,GS:GS-B4-03-046,GS:GS-B4-01-024,arxiv_id,REC-01383
DE-00445,GS:GS-B4-03-057,GS:GS-B3-02-027,arxiv_id,REC-01252
DE-00446,GS:GS-B4-03-058,GS:GS-B3-02-075,arxiv_id,REC-01294
DE-00447,GS:GS-B4-03-061,GS:GS-B4-01-052,arxiv_id,REC-01405
DE-00448,GS:GS-B4-03-064,GS:GS-B4-01-011,arxiv_id,REC-01370
DE-00449,GS:GS-B4-03-071,GS:GS-B1-01-075,arxiv_id,REC-00989
DE-00450,GS:GS-B4-03-076,GS:GS-B4-01-085,arxiv_id,REC-01435
DE-00451,GS:GS-B4-03-087,GS:GS-B4-01-031,arxiv_id,REC-01387
DE-00452,GS:GS-B4-03-089,GS:GS-B4-01-028,arxiv_id,REC-01386
DE-00453,GS:GS-B4-04-005,GS:GS-B3-02-004,arxiv_id,REC-01239
DE-00454,GS:GS-B4-04-006,GS:GS-B3-02-089,arxiv_id,REC-01306
DE-00455,GS:GS-B4-04-010,GS:GS-B4-01-033,arxiv_id,REC-01389
DE-00456,GS:GS-B4-04-014,GS:GS-B3-03-013,arxiv_id,REC-01319
DE-00457,GS:GS-B4-04-016,GS:GS-B3-02-039,arxiv_id,REC-01262
DE-00458,GS:GS-B4-04-017,GS:GS-B4-03-025,arxiv_id,REC-01479
DE-00459,GS:GS-B4-04-020,GS:GS-B4-03-042,arxiv_id,REC-01490
DE-00460,GS:GS-B4-04-021,GS:GS-B4-03-039,arxiv_id,REC-01489
DE-00461,GS:GS-B4-04-022,GS:GS-B4-03-088,arxiv_id,REC-01516
DE-00462,GS:GS-B4-04-023,GS:GS-B4-01-028,arxiv_id,REC-01386
DE-00463,GS:GS-B4-04-026,GS:GS-B4-03-007,arxiv_id,REC-01465
DE-00464,GS:GS-B4-04-030,GS:GS-B4-03-002,arxiv_id,REC-01463
DE-00465,GS:GS-B4-04-032,GS:GS-B4-01-010,arxiv_id,REC-01369
DE-00466,GS:GS-B4-04-033,GS:GS-B4-03-073,arxiv_id,REC-01509
DE-00467,GS:GS-B4-04-038,GS:GS-B3-02-027,arxiv_id,REC-01252
DE-00468,GS:GS-B4-04-039,GS:GS-B4-03-097,arxiv_id,REC-01523
DE-00469,GS:GS-B4-04-041,GS:GS-B4-03-056,arxiv_id,REC-01500
DE-00470,GS:GS-B4-04-043,GS:GS-B3-02-064,arxiv_id,REC-01284
DE-00471,GS:GS-B4-04-045,GS:GS-B4-01-099,arxiv_id,REC-01449
DE-00472,GS:GS-B4-04-050,GS:GS-B3-02-026,arxiv_id,REC-01251
DE-00473,GS:GS-B4-04-066,GS:GS-B4-03-022,arxiv_id,REC-01477
DE-00474,GS:GS-B4-04-069,GS:GS-B4-01-011,arxiv_id,REC-01370
DE-00475,GS:GS-B4-04-071,GS:GS-B3-02-035,arxiv_id,REC-01259
DE-00476,GS:GS-B4-04-075,GS:GS-B3-02-070,arxiv_id,REC-01290
DE-00477,GS:GS-B4-04-077,GS:GS-B4-03-016,arxiv_id,REC-01472
DE-00478,GS:GS-B4-04-080,GS:GS-B4-01-022,arxiv_id,REC-01381
DE-00479,GS:GS-B4-04-084,GS:GS-B4-01-024,arxiv_id,REC-01383
DE-00480,GS:GS-B4-04-089,GS:GS-B4-01-052,arxiv_id,REC-01405
DE-00481,GS:GS-B4-04-100,GS:GS-B3-02-086,arxiv_id,REC-01303
DE-00482,GS:GS-C1-01-032,GS:GS-B1-03-013,arxiv_id,REC-01106
DE-00483,GS:GS-C1-01-045,GS:GS-A1-05-076,arxiv_id,REC-00400
DE-00484,GS:GS-C1-01-047,GS:GS-B3-03-062,arxiv_id,REC-01344
DE-00485,GS:GS-C1-01-073,GS:GS-A1-05-083,arxiv_id,REC-00406
DE-00486,GS:GS-C1-01-075,GS:GS-B3-03-080,arxiv_id,REC-01353
DE-00487,GS:GS-C1-01-077,GS:GS-B1-02-097,arxiv_id,REC-01096
DE-00488,GS:GS-C1-01-080,GS:GS-B3-02-022,arxiv_id,REC-01249
DE-00489,GS:GS-C1-01-088,GS:GS-B2-02-031,arxiv_id,REC-01198
DE-00490,GS:GS-C1-01-095,GS:GS-B3-03-023,arxiv_id,REC-01323
DE-00491,GS:GS-C1-01-098,GS:GS-B3-02-061,arxiv_id,REC-01281
DE-00492,GS:GS-C1-02-003,GS:GS-C1-01-094,arxiv_id,REC-01631
DE-00493,GS:GS-C1-02-005,GS:GS-C1-01-040,arxiv_id,REC-01587
DE-00494,GS:GS-C1-02-006,GS:GS-C1-01-006,arxiv_id,REC-01558
DE-00495,GS:GS-C1-02-009,GS:GS-C1-01-010,arxiv_id,REC-01562
DE-00496,GS:GS-C1-02-011,GS:GS-C1-01-066,arxiv_id,REC-01610
DE-00497,GS:GS-C1-02-012,GS:GS-C1-01-011,arxiv_id,REC-01563
DE-00498,GS:GS-C1-02-014,GS:GS-C1-01-017,arxiv_id,REC-01568
DE-00499,GS:GS-C1-02-015,GS:GS-C1-01-058,arxiv_id,REC-01602
DE-00500,GS:GS-C1-02-016,GS:GS-C1-01-022,arxiv_id,REC-01573
DE-00501,GS:GS-C1-02-017,GS:GS-C1-01-018,arxiv_id,REC-01569
DE-00502,GS:GS-C1-02-018,GS:GS-C1-01-027,arxiv_id,REC-01578
DE-00503,GS:GS-C1-02-019,GS:GS-C1-01-024,arxiv_id,REC-01575
DE-00504,GS:GS-C1-02-020,GS:GS-C1-01-034,arxiv_id,REC-01582
DE-00505,GS:GS-C1-02-023,GS:GS-C1-01-082,arxiv_id,REC-01621
DE-00506,GS:GS-C1-02-025,GS:GS-C1-01-009,arxiv_id,REC-01561
DE-00507,GS:GS-C1-02-026,GS:GS-C1-01-021,arxiv_id,REC-01572
DE-00508,GS:GS-C1-02-028,GS:GS-C1-01-016,arxiv_id,REC-01567
DE-00509,GS:GS-C1-02-031,GS:GS-A1-05-083,arxiv_id,REC-00406
DE-00510,GS:GS-C1-02-033,GS:GS-B3-03-065,arxiv_id,REC-01346
DE-00511,GS:GS-C1-02-037,GS:GS-B3-02-022,arxiv_id,REC-01249
DE-00512,GS:GS-C1-02-039,GS:GS-B3-02-002,arxiv_id,REC-01238
DE-00513,GS:GS-C1-02-041,GS:GS-B1-02-012,arxiv_id,REC-01017
DE-00514,GS:GS-C1-02-042,GS:GS-C1-01-014,arxiv_id,REC-01566
DE-00515,GS:GS-C1-02-043,GS:GS-B1-02-097,arxiv_id,REC-01096
DE-00516,GS:GS-C1-02-050,GS:GS-C1-01-093,arxiv_id,REC-01630
DE-00517,GS:GS-C1-02-053,GS:GS-C1-01-059,arxiv_id,REC-01603
DE-00518,GS:GS-C1-02-057,GS:GS-C1-01-055,arxiv_id,REC-01599
DE-00519,GS:GS-C1-02-061,GS:GS-B1-02-090,arxiv_id,REC-01089
DE-00520,GS:GS-C1-02-063,GS:GS-B3-02-011,arxiv_id,REC-01242
DE-00521,GS:GS-C1-02-066,GS:GS-C1-01-070,arxiv_id,REC-01613
DE-00522,GS:GS-C1-02-067,GS:GS-C1-01-086,arxiv_id,REC-01625
DE-00523,GS:GS-C1-02-068,GS:GS-B3-03-012,arxiv_id,REC-01318
DE-00524,GS:GS-C1-02-072,GS:GS-B3-03-062,arxiv_id,REC-01344
DE-00525,GS:GS-C1-02-078,GS:GS-B3-02-067,arxiv_id,REC-01287
DE-00526,GS:GS-C1-02-083,GS:GS-B3-03-076,arxiv_id,REC-01351
DE-00527,GS:GS-C1-02-094,GS:GS-C1-01-078,arxiv_id,REC-01618
DE-00528,GS:GS-C1-02-095,GS:GS-B3-02-055,arxiv_id,REC-01275
DE-00529,GS:GS-C1-02-098,GS:GS-B3-03-058,arxiv_id,REC-01342
DE-00530,GS:GS-C1-03-001,GS:GS-C1-01-009,arxiv_id,REC-01561
DE-00531,GS:GS-C1-03-002,GS:GS-C1-02-040,arxiv_id,REC-01640
DE-00532,GS:GS-C1-03-003,GS:GS-C1-01-021,arxiv_id,REC-01572
DE-00533,GS:GS-C1-03-005,GS:GS-C1-01-005,arxiv_id,REC-01557
DE-00534,GS:GS-C1-03-008,GS:GS-C1-01-008,arxiv_id,REC-01560
DE-00535,GS:GS-C1-03-011,GS:GS-C1-01-052,arxiv_id,REC-01596
DE-00536,GS:GS-C1-03-012,GS:GS-C1-01-018,arxiv_id,REC-01569
DE-00537,GS:GS-C1-03-021,GS:GS-C1-01-070,arxiv_id,REC-01613
DE-00538,GS:GS-C1-03-026,GS:GS-C1-01-006,arxiv_id,REC-01558
DE-00539,GS:GS-C1-03-027,GS:GS-B1-03-013,arxiv_id,REC-01106
DE-00540,GS:GS-C1-03-030,GS:GS-C1-01-034,arxiv_id,REC-01582
DE-00541,GS:GS-C1-03-032,GS:GS-C1-01-017,arxiv_id,REC-01568
DE-00542,GS:GS-C1-03-039,GS:GS-C1-01-054,arxiv_id,REC-01598
DE-00543,GS:GS-C1-03-042,GS:GS-C1-01-010,arxiv_id,REC-01562
DE-00544,GS:GS-C1-03-043,GS:GS-C1-01-027,arxiv_id,REC-01578
DE-00545,GS:GS-C1-03-044,GS:GS-C1-01-058,arxiv_id,REC-01602
DE-00546,GS:GS-C1-03-045,GS:GS-C1-01-002,arxiv_id,REC-01554
DE-00547,GS:GS-C1-03-047,GS:GS-C1-01-011,arxiv_id,REC-01563
DE-00548,GS:GS-C1-03-050,GS:GS-B1-02-050,arxiv_id,REC-01054
DE-00549,GS:GS-C1-03-052,GS:GS-C1-01-087,arxiv_id,REC-01626
DE-00550,GS:GS-C1-03-054,GS:GS-C1-01-059,arxiv_id,REC-01603
DE-00551,GS:GS-C1-03-055,GS:GS-C1-02-056,arxiv_id,REC-01644
DE-00552,GS:GS-C1-03-059,GS:GS-C1-01-014,arxiv_id,REC-01566
DE-00553,GS:GS-C1-03-067,GS:GS-C1-01-078,arxiv_id,REC-01618
DE-00554,GS:GS-C1-03-068,GS:GS-C1-02-052,arxiv_id,REC-01642
DE-00555,GS:GS-C1-03-070,GS:GS-C1-01-024,arxiv_id,REC-01575
DE-00556,GS:GS-C1-03-079,GS:GS-B3-03-062,arxiv_id,REC-01344
DE-00557,GS:GS-C1-03-082,GS:GS-B3-02-022,arxiv_id,REC-01249
DE-00558,GS:GS-C1-03-087,GS:GS-C1-01-067,arxiv_id,REC-01611
DE-00559,GS:GS-C1-03-094,GS:GS-C1-01-069,arxiv_id,REC-01612
DE-00560,GS:GS-C2-01-025,GS:GS-B3-02-058,arxiv_id,REC-01278
DE-00561,GS:GS-C2-01-042,GS:GS-C1-02-056,arxiv_id,REC-01644
DE-00562,GS:GS-C2-01-044,GS:GS-A1-05-083,arxiv_id,REC-00406
DE-00563,GS:GS-C2-01-052,GS:GS-B1-02-090,arxiv_id,REC-01089
DE-00564,GS:GS-C2-01-054,GS:GS-B3-03-012,arxiv_id,REC-01318
DE-00565,GS:GS-C2-01-077,GS:GS-A2W-03-058,arxiv_id,REC-00857
DE-00566,GS:GS-C2-01-081,GS:GS-B3-03-092,arxiv_id,REC-01358
DE-00567,GS:GS-C2-01-082,GS:GS-B1-02-097,arxiv_id,REC-01096
DE-00568,GS:GS-C2-01-088,GS:GS-C1-02-090,arxiv_id,REC-01660
DE-00569,GS:GS-C2-01-097,GS:GS-B1-03-013,arxiv_id,REC-01106
DE-00570,GS:GS-C2-02-004,GS:GS-B4-01-031,arxiv_id,REC-01387
DE-00571,GS:GS-C2-02-010,GS:GS-B4-01-080,arxiv_id,REC-01430
DE-00572,GS:GS-C2-02-011,GS:GS-C1-01-078,arxiv_id,REC-01618
DE-00573,GS:GS-C2-02-012,GS:GS-B3-02-058,arxiv_id,REC-01278
DE-00574,GS:GS-C2-02-013,GS:GS-B1-03-013,arxiv_id,REC-01106
DE-00575,GS:GS-C2-02-014,GS:GS-B4-03-022,arxiv_id,REC-01477
DE-00576,GS:GS-C2-02-028,GS:GS-C2-01-084,arxiv_id,REC-01786
DE-00577,GS:GS-C2-02-056,GS:GS-A1-06-065,arxiv_id,REC-00469
DE-00578,GS:GS-C2-02-057,GS:GS-B1-02-090,arxiv_id,REC-01089
DE-00579,GS:GS-C2-02-059,GS:GS-C1-02-090,arxiv_id,REC-01660
DE-00580,GS:GS-C2-02-077,GS:GS-C1-03-084,arxiv_id,REC-01708
DE-00581,GS:GS-C2-02-083,GS:GS-C1-01-087,arxiv_id,REC-01626
DE-00582,GS:GS-C2-03-001,GS:GS-B1-02-090,arxiv_id,REC-01089
DE-00583,GS:GS-C2-03-008,GS:GS-C2-01-024,arxiv_id,REC-01741
DE-00584,GS:GS-C2-03-009,GS:GS-B1-02-097,arxiv_id,REC-01096
DE-00585,GS:GS-C2-03-012,GS:GS-A1-05-083,arxiv_id,REC-00406
DE-00586,GS:GS-C2-03-017,GS:GS-B3-03-092,arxiv_id,REC-01358
DE-00587,GS:GS-C2-03-020,GS:GS-C2-01-012,arxiv_id,REC-01730
DE-00588,GS:GS-C2-03-035,GS:GS-B1-02-099,arxiv_id,REC-01098
DE-00589,GS:GS-C2-03-039,GS:GS-B3-02-022,arxiv_id,REC-01249
DE-00590,GS:GS-C2-03-045,GS:GS-C2-01-074,arxiv_id,REC-01780
DE-00591,GS:GS-C2-03-049,GS:GS-B3-02-058,arxiv_id,REC-01278
DE-00592,GS:GS-C2-03-050,GS:GS-C1-02-090,arxiv_id,REC-01660
DE-00593,GS:GS-C2-03-054,GS:GS-B3-03-076,arxiv_id,REC-01351
DE-00594,GS:GS-C2-03-059,GS:GS-C2-01-032,arxiv_id,REC-01748
DE-00595,GS:GS-C2-03-060,GS:GS-B3-03-012,arxiv_id,REC-01318
DE-00596,GS:GS-C2-03-062,GS:GS-B2-02-031,arxiv_id,REC-01198
DE-00597,GS:GS-C2-03-065,GS:GS-B3-03-023,arxiv_id,REC-01323
DE-00598,GS:GS-C2-03-067,GS:GS-B2-01-005,arxiv_id,REC-01118
DE-00599,GS:GS-C2-03-074,GS:GS-C2-01-068,arxiv_id,REC-01774
DE-00600,GS:GS-C2-03-075,GS:GS-B3-02-092,arxiv_id,REC-01309
DE-00601,GS:GS-C2-03-081,GS:GS-C2-01-034,arxiv_id,REC-01750
DE-00602,GS:GS-C2-03-084,GS:GS-A2S-03-003,arxiv_id,REC-00607
DE-00603,GS:GS-C2-03-096,GS:GS-C1-01-078,arxiv_id,REC-01618
DE-00604,GS:GS-C3-01-001,GS:GS-B1-02-012,arxiv_id,REC-01017
DE-00605,GS:GS-C3-01-002,GS:GS-B3-02-051,arxiv_id,REC-01271
DE-00606,GS:GS-C3-01-003,GS:GS-B1-02-090,arxiv_id,REC-01089
DE-00607,GS:GS-C3-01-004,GS:GS-B3-03-012,arxiv_id,REC-01318
DE-00608,GS:GS-C3-01-005,GS:GS-C1-02-090,arxiv_id,REC-01660
DE-00609,GS:GS-C3-01-009,GS:GS-A2W-03-058,arxiv_id,REC-00857
DE-00610,GS:GS-C3-01-014,GS:GS-A1-05-078,arxiv_id,REC-00402
DE-00611,GS:GS-C3-01-015,GS:GS-A1-05-083,arxiv_id,REC-00406
DE-00612,GS:GS-C3-01-016,GS:GS-A2W-03-070,arxiv_id,REC-00866
DE-00613,GS:GS-C3-01-018,GS:GS-C2-01-048,arxiv_id,REC-01762
DE-00614,GS:GS-C3-01-021,GS:GS-A2W-03-051,arxiv_id,REC-00852
DE-00615,GS:GS-C3-01-025,GS:GS-B3-03-034,arxiv_id,REC-01327
DE-00616,GS:GS-C3-01-029,GS:GS-A1-04-040,arxiv_id,REC-00272
DE-00617,GS:GS-C3-01-030,GS:GS-C1-01-027,arxiv_id,REC-01578
DE-00618,GS:GS-C3-01-039,GS:GS-B1-02-015,arxiv_id,REC-01020
DE-00619,GS:GS-C3-01-046,GS:GS-B1-01-043,arxiv_id,REC-00969
DE-00620,GS:GS-C3-01-048,GS:GS-B1-02-084,arxiv_id,REC-01083
DE-00621,GS:GS-C3-01-051,GS:GS-C2-03-042,arxiv_id,REC-01882
DE-00622,GS:GS-C3-01-052,GS:GS-B1-02-034,arxiv_id,REC-01039
DE-00623,GS:GS-C3-01-055,GS:GS-C1-02-056,arxiv_id,REC-01644
DE-00624,GS:GS-C3-01-068,GS:GS-C2-02-006,arxiv_id,REC-01804
DE-00625,GS:GS-C3-01-069,GS:GS-B1-02-010,arxiv_id,REC-01015
DE-00626,GS:GS-C3-01-072,GS:GS-B1-02-040,arxiv_id,REC-01045
DE-00627,GS:GS-C3-01-074,GS:GS-C1-01-094,arxiv_id,REC-01631
DE-00628,GS:GS-C3-01-076,GS:GS-C2-01-036,arxiv_id,REC-01752
DE-00629,GS:GS-C3-01-078,GS:GS-C2-02-078,arxiv_id,REC-01851
DE-00630,GS:GS-C3-01-079,GS:GS-A2W-01-055,arxiv_id,REC-00723
DE-00631,GS:GS-C3-01-080,GS:GS-A2W-03-014,arxiv_id,REC-00822
DE-00632,GS:GS-C3-01-087,GS:GS-C2-02-055,arxiv_id,REC-01836
DE-00633,GS:GS-C3-01-088,GS:GS-B3-02-022,arxiv_id,REC-01249
DE-00634,GS:GS-C3-01-089,GS:GS-C1-01-058,arxiv_id,REC-01602
DE-00635,GS:GS-C3-01-092,GS:GS-C2-03-025,arxiv_id,REC-01877
DE-00636,GS:GS-C3-01-093,GS:GS-B1-02-028,arxiv_id,REC-01033
DE-00637,GS:GS-C3-01-100,GS:GS-A2W-03-091,arxiv_id,REC-00884
DE-00638,GS:GS-C3-02-001,GS:GS-C1-01-087,arxiv_id,REC-01626
DE-00639,GS:GS-C3-02-018,GS:GS-B4-01-058,arxiv_id,REC-01411
DE-00640,GS:GS-C3-02-027,GS:GS-A1-05-083,arxiv_id,REC-00406
DE-00641,GS:GS-C3-02-039,GS:GS-A1-04-068,arxiv_id,REC-00297
DE-00642,GS:GS-C3-02-046,GS:GS-C1-02-054,arxiv_id,REC-01643
DE-00643,GS:GS-C3-02-050,GS:GS-C1-03-014,arxiv_id,REC-01668
DE-00644,GS:GS-C3-03-001,GS:GS-B1-01-095,arxiv_id,REC-01003
DE-00645,GS:GS-C3-03-002,GS:GS-B3-02-045,arxiv_id,REC-01267
DE-00646,GS:GS-C3-03-003,GS:GS-B3-03-012,arxiv_id,REC-01318
DE-00647,GS:GS-C3-03-004,GS:GS-B1-02-084,arxiv_id,REC-01083
DE-00648,GS:GS-C3-03-006,GS:GS-C2-03-042,arxiv_id,REC-01882
DE-00649,GS:GS-C3-03-012,GS:GS-A1-05-083,arxiv_id,REC-00406
DE-00650,GS:GS-C3-03-013,GS:GS-A2W-03-070,arxiv_id,REC-00866
DE-00651,GS:GS-C3-03-014,GS:GS-A1-05-078,arxiv_id,REC-00402
DE-00652,GS:GS-C3-03-020,GS:GS-B1-01-069,arxiv_id,REC-00986
DE-00653,GS:GS-C3-03-023,GS:GS-B1-02-040,arxiv_id,REC-01045
DE-00654,GS:GS-C3-03-024,GS:GS-A2W-03-058,arxiv_id,REC-00857
DE-00655,GS:GS-C3-03-026,GS:GS-B1-02-090,arxiv_id,REC-01089
DE-00656,GS:GS-C3-03-028,GS:GS-C1-02-058,arxiv_id,REC-01645
DE-00657,GS:GS-C3-03-029,GS:GS-C3-01-006,arxiv_id,REC-01912
DE-00658,GS:GS-C3-03-031,GS:GS-B1-02-097,arxiv_id,REC-01096
DE-00659,GS:GS-C3-03-032,GS:GS-B3-03-049,arxiv_id,REC-01335
DE-00660,GS:GS-C3-03-037,GS:GS-B3-02-084,arxiv_id,REC-01301
DE-00661,GS:GS-C3-03-040,GS:GS-C3-01-090,arxiv_id,REC-01955
DE-00662,GS:GS-C3-03-044,GS:GS-B3-02-022,arxiv_id,REC-01249
DE-00663,GS:GS-C3-03-045,GS:GS-C1-01-094,arxiv_id,REC-01631
DE-00664,GS:GS-C3-03-046,GS:GS-C3-01-024,arxiv_id,REC-01920
DE-00665,GS:GS-C3-03-052,GS:GS-C3-01-047,arxiv_id,REC-01936
DE-00666,GS:GS-C3-03-053,GS:GS-B1-02-010,arxiv_id,REC-01015
DE-00667,GS:GS-C3-03-054,GS:GS-C3-01-062,arxiv_id,REC-01944
DE-00668,GS:GS-C3-03-056,GS:GS-A1-01-096,arxiv_id,REC-00091
DE-00669,GS:GS-C3-03-059,GS:GS-B1-02-073,arxiv_id,REC-01075
DE-00670,GS:GS-C3-03-061,GS:GS-B3-03-023,arxiv_id,REC-01323
DE-00671,GS:GS-C3-03-063,GS:GS-C3-01-058,arxiv_id,REC-01941
DE-00672,GS:GS-C3-03-064,GS:GS-A1-01-028,arxiv_id,REC-00027
DE-00673,GS:GS-C3-03-065,GS:GS-C1-01-078,arxiv_id,REC-01618
DE-00674,GS:GS-C3-03-072,GS:GS-A1-05-026,arxiv_id,REC-00353
DE-00675,GS:GS-C3-03-073,GS:GS-C2-02-070,arxiv_id,REC-01845
DE-00676,GS:GS-C3-03-074,GS:GS-C2-02-058,arxiv_id,REC-01837
DE-00677,GS:GS-C3-03-076,GS:GS-C3-01-008,arxiv_id,REC-01914
DE-00678,GS:GS-C3-03-085,GS:GS-B3-02-051,arxiv_id,REC-01271
DE-00679,GS:GS-C3-03-086,GS:GS-B1-02-032,arxiv_id,REC-01037
DE-00680,GS:GS-C3-03-087,GS:GS-B3-03-017,arxiv_id,REC-01321
DE-00681,GS:GS-C3-03-090,GS:GS-B3-03-062,arxiv_id,REC-01344
DE-00682,GS:GS-C3-03-093,GS:GS-B3-02-092,arxiv_id,REC-01309
DE-00683,GS:GS-C3-03-097,GS:GS-C3-01-061,arxiv_id,REC-01943
DE-00684,GS:GS-C3-03-099,GS:GS-B3-02-058,arxiv_id,REC-01278
DE-00685,GS:GS-C3-04-001,GS:GS-A1-05-078,arxiv_id,REC-00402
DE-00686,GS:GS-C3-04-002,GS:GS-B1-02-012,arxiv_id,REC-01017
DE-00687,GS:GS-C3-04-003,GS:GS-C3-01-050,arxiv_id,REC-01938
DE-00688,GS:GS-C3-04-004,GS:GS-B3-02-002,arxiv_id,REC-01238
DE-00689,GS:GS-C3-04-005,GS:GS-C3-01-006,arxiv_id,REC-01912
DE-00690,GS:GS-C3-04-006,GS:GS-C1-01-072,arxiv_id,REC-01615
DE-00691,GS:GS-C3-04-009,GS:GS-B3-02-096,arxiv_id,REC-01312
DE-00692,GS:GS-C3-04-014,GS:GS-C3-01-024,arxiv_id,REC-01920
DE-00693,GS:GS-C3-04-015,GS:GS-C1-01-094,arxiv_id,REC-01631
DE-00694,GS:GS-C3-04-016,GS:GS-C3-01-062,arxiv_id,REC-01944
DE-00695,GS:GS-C3-04-018,GS:GS-A2W-03-070,arxiv_id,REC-00866
DE-00696,GS:GS-C3-04-021,GS:GS-B3-02-051,arxiv_id,REC-01271
DE-00697,GS:GS-C3-04-024,GS:GS-C2-02-058,arxiv_id,REC-01837
DE-00698,GS:GS-C3-04-026,GS:GS-C1-01-058,arxiv_id,REC-01602
DE-00699,GS:GS-C3-04-027,GS:GS-C3-01-008,arxiv_id,REC-01914
DE-00700,GS:GS-C3-04-028,GS:GS-C3-01-010,arxiv_id,REC-01915
DE-00701,GS:GS-C3-04-032,GS:GS-B1-02-021,arxiv_id,REC-01026
DE-00702,GS:GS-C3-04-034,GS:GS-A2S-03-005,arxiv_id,REC-00608
DE-00703,GS:GS-C3-04-037,GS:GS-C3-03-071,arxiv_id,REC-02024
DE-00704,GS:GS-C3-04-041,GS:GS-B3-03-080,arxiv_id,REC-01353
DE-00705,GS:GS-C3-04-049,GS:GS-C2-02-055,arxiv_id,REC-01836
DE-00706,GS:GS-C3-04-052,GS:GS-A2S-01-005,arxiv_id,REC-00502
DE-00707,GS:GS-C3-04-055,GS:GS-C3-01-094,arxiv_id,REC-01957
DE-00708,GS:GS-C3-04-058,GS:GS-C3-03-009,arxiv_id,REC-02010
DE-00709,GS:GS-C3-04-064,GS:GS-B3-02-064,arxiv_id,REC-01284
DE-00710,GS:GS-C3-04-065,GS:GS-A1-05-028,arxiv_id,REC-00355
DE-00711,GS:GS-C3-04-066,GS:GS-B1-01-069,arxiv_id,REC-00986
DE-00712,GS:GS-C3-04-067,GS:GS-C3-03-008,arxiv_id,REC-02009
DE-00713,GS:GS-C3-04-072,GS:GS-B3-02-070,arxiv_id,REC-01290
DE-00714,GS:GS-C3-04-083,GS:GS-C3-02-026,arxiv_id,REC-01984
DE-00715,GS:GS-C3-04-084,GS:GS-A1-04-015,arxiv_id,REC-00251
DE-00716,GS:GS-C3-04-088,GS:GS-B3-02-035,arxiv_id,REC-01259
DE-00717,GS:GS-C3-04-092,GS:GS-B4-04-090,arxiv_id,REC-01547
DE-00718,GS:GS-C3-04-100,GS:GS-B4-03-029,arxiv_id,REC-01482
DE-00719,GS:GS-D1-01-003,GS:GS-A1-01-022,arxiv_id,REC-00021
DE-00720,GS:GS-D1-01-005,GS:GS-A1-01-013,arxiv_id,REC-00013
DE-00721,GS:GS-D1-01-007,GS:GS-A1-01-043,arxiv_id,REC-00042
DE-00722,GS:GS-D1-01-008,GS:GS-A1-01-028,arxiv_id,REC-00027
DE-00723,GS:GS-D1-01-009,GS:GS-A3-01-068,arxiv_id,REC-00897
DE-00724,GS:GS-D1-01-010,GS:GS-A1-01-072,arxiv_id,REC-00069
DE-00725,GS:GS-D1-01-011,GS:GS-A1-01-037,arxiv_id,REC-00036
DE-00726,GS:GS-D1-01-013,GS:GS-A1-01-018,arxiv_id,REC-00018
DE-00727,GS:GS-D1-01-015,GS:GS-A1-01-041,arxiv_id,REC-00040
DE-00728,GS:GS-D1-01-019,GS:GS-A1-01-051,arxiv_id,REC-00049
DE-00729,GS:GS-D1-01-020,GS:GS-A1-01-014,arxiv_id,REC-00014
DE-00730,GS:GS-D1-01-021,GS:GS-A1-01-084,arxiv_id,REC-00080
DE-00731,GS:GS-D1-01-022,GS:GS-A1-01-066,arxiv_id,REC-00063
DE-00732,GS:GS-D1-01-025,GS:GS-A1-01-062,arxiv_id,REC-00060
DE-00733,GS:GS-D1-01-028,GS:GS-A1-01-068,arxiv_id,REC-00065
DE-00734,GS:GS-D1-01-030,GS:GS-A1-01-096,arxiv_id,REC-00091
DE-00735,GS:GS-D1-01-031,GS:GS-A1-01-075,arxiv_id,REC-00072
DE-00736,GS:GS-D1-01-033,GS:GS-A1-01-032,arxiv_id,REC-00031
DE-00737,GS:GS-D1-01-035,GS:GS-A1-01-005,arxiv_id,REC-00005
DE-00738,GS:GS-D1-01-036,GS:GS-A1-01-074,arxiv_id,REC-00071
DE-00739,GS:GS-D1-01-037,GS:GS-A1-01-026,arxiv_id,REC-00025
DE-00740,GS:GS-D1-01-041,GS:GS-A1-01-035,arxiv_id,REC-00034
DE-00741,GS:GS-D1-01-042,GS:GS-A1-01-056,arxiv_id,REC-00054
DE-00742,GS:GS-D1-01-047,GS:GS-A1-01-071,arxiv_id,REC-00068
DE-00743,GS:GS-D1-01-048,GS:GS-A1-01-031,arxiv_id,REC-00030
DE-00744,GS:GS-D1-01-050,GS:GS-A1-01-030,arxiv_id,REC-00029
DE-00745,GS:GS-D1-01-052,GS:GS-A2S-03-087,arxiv_id,REC-00685
DE-00746,GS:GS-D1-01-053,GS:GS-A3-01-057,arxiv_id,REC-00896
DE-00747,GS:GS-D1-01-056,GS:GS-B1-01-037,arxiv_id,REC-00968
DE-00748,GS:GS-D1-01-057,GS:GS-A1-01-059,arxiv_id,REC-00057
DE-00749,GS:GS-D1-01-058,GS:GS-A3-01-093,arxiv_id,REC-00901
DE-00750,GS:GS-D1-01-061,GS:GS-B1-01-081,arxiv_id,REC-00991
DE-00751,GS:GS-D1-01-063,GS:GS-A2W-03-091,arxiv_id,REC-00884
DE-00752,GS:GS-D1-01-064,GS:GS-B2-03-071,arxiv_id,REC-01227
DE-00753,GS:GS-D1-01-065,GS:GS-A1-05-083,arxiv_id,REC-00406
DE-00754,GS:GS-D1-01-067,GS:GS-A1-01-085,arxiv_id,REC-00081
DE-00755,GS:GS-D1-01-068,GS:GS-A1-01-058,arxiv_id,REC-00056
DE-00756,GS:GS-D1-01-070,GS:GS-B1-01-073,arxiv_id,REC-00988
DE-00757,GS:GS-D1-01-071,GS:GS-A1-01-086,arxiv_id,REC-00082
DE-00758,GS:GS-D1-01-072,GS:GS-B1-01-022,arxiv_id,REC-00963
DE-00759,GS:GS-D1-01-073,GS:GS-B1-01-084,arxiv_id,REC-00993
DE-00760,GS:GS-D1-01-078,GS:GS-B1-01-005,arxiv_id,REC-00957
DE-00761,GS:GS-D1-01-080,GS:GS-B1-01-086,arxiv_id,REC-00995
DE-00762,GS:GS-D1-01-081,GS:GS-B1-01-046,arxiv_id,REC-00971
DE-00763,GS:GS-D1-01-085,GS:GS-B1-01-067,arxiv_id,REC-00984
DE-00764,GS:GS-D1-01-087,GS:GS-B1-01-091,arxiv_id,REC-01000
DE-00765,GS:GS-D1-01-091,GS:GS-B1-01-090,arxiv_id,REC-00999
DE-00766,GS:GS-D1-01-093,GS:GS-B1-01-034,arxiv_id,REC-00967
DE-00767,GS:GS-D1-01-095,GS:GS-A1-02-064,arxiv_id,REC-00134
DE-00768,GS:GS-D1-01-099,GS:GS-A1-04-052,arxiv_id,REC-00283
DE-00769,GS:GS-D1-02-002,GS:GS-B1-01-093,arxiv_id,REC-01002
DE-00770,GS:GS-D1-02-003,GS:GS-A1-01-041,arxiv_id,REC-00040
DE-00771,GS:GS-D1-02-004,GS:GS-B1-01-005,arxiv_id,REC-00957
DE-00772,GS:GS-D1-02-005,GS:GS-B1-01-054,arxiv_id,REC-00977
DE-00773,GS:GS-D1-02-007,GS:GS-A1-01-013,arxiv_id,REC-00013
DE-00774,GS:GS-D1-02-008,GS:GS-A1-01-037,arxiv_id,REC-00036
DE-00775,GS:GS-D1-02-009,GS:GS-A1-01-032,arxiv_id,REC-00031
DE-00776,GS:GS-D1-02-010,GS:GS-A1-01-043,arxiv_id,REC-00042
DE-00777,GS:GS-D1-02-013,GS:GS-A1-01-074,arxiv_id,REC-00071
DE-00778,GS:GS-D1-02-015,GS:GS-B1-01-081,arxiv_id,REC-00991
DE-00779,GS:GS-D1-02-016,GS:GS-A1-01-018,arxiv_id,REC-00018
DE-00780,GS:GS-D1-02-019,GS:GS-A1-01-002,arxiv_id,REC-00002
DE-00781,GS:GS-D1-02-020,GS:GS-A1-01-014,arxiv_id,REC-00014
DE-00782,GS:GS-D1-02-022,GS:GS-A1-01-068,arxiv_id,REC-00065
DE-00783,GS:GS-D1-02-029,GS:GS-A3-01-068,arxiv_id,REC-00897
DE-00784,GS:GS-D1-02-030,GS:GS-A1-01-067,arxiv_id,REC-00064
DE-00785,GS:GS-D1-02-033,GS:GS-A1-01-072,arxiv_id,REC-00069
DE-00786,GS:GS-D1-02-034,GS:GS-A1-02-064,arxiv_id,REC-00134
DE-00787,GS:GS-D1-02-041,GS:GS-B1-01-043,arxiv_id,REC-00969
DE-00788,GS:GS-D1-02-042,GS:GS-A1-03-063,arxiv_id,REC-00210
DE-00789,GS:GS-D1-02-045,GS:GS-B1-01-089,arxiv_id,REC-00998
DE-00790,GS:GS-D1-02-046,GS:GS-A1-01-017,arxiv_id,REC-00017
DE-00791,GS:GS-D1-02-048,GS:GS-B1-01-090,arxiv_id,REC-00999
DE-00792,GS:GS-D1-02-049,GS:GS-B1-01-086,arxiv_id,REC-00995
DE-00793,GS:GS-D1-02-050,GS:GS-A1-01-035,arxiv_id,REC-00034
DE-00794,GS:GS-D1-02-051,GS:GS-A1-01-029,arxiv_id,REC-00028
DE-00795,GS:GS-D1-02-052,GS:GS-A1-01-083,arxiv_id,REC-00079
DE-00796,GS:GS-D1-02-053,GS:GS-A1-01-056,arxiv_id,REC-00054
DE-00797,GS:GS-D1-02-054,GS:GS-A1-01-092,arxiv_id,REC-00087
DE-00798,GS:GS-D1-02-055,GS:GS-B1-01-022,arxiv_id,REC-00963
DE-00799,GS:GS-D1-02-059,GS:GS-B1-01-073,arxiv_id,REC-00988
DE-00800,GS:GS-D1-02-060,GS:GS-A1-01-031,arxiv_id,REC-00030
DE-00801,GS:GS-D1-02-061,GS:GS-A1-01-057,arxiv_id,REC-00055
DE-00802,GS:GS-D1-02-063,GS:GS-B1-01-037,arxiv_id,REC-00968
DE-00803,GS:GS-D1-02-065,GS:GS-B1-01-067,arxiv_id,REC-00984
DE-00804,GS:GS-D1-02-066,GS:GS-B1-01-046,arxiv_id,REC-00971
DE-00805,GS:GS-D1-02-068,GS:GS-B1-01-077,arxiv_id,REC-00990
DE-00806,GS:GS-D1-02-069,GS:GS-B1-01-034,arxiv_id,REC-00967
DE-00807,GS:GS-D1-02-070,GS:GS-B1-01-088,arxiv_id,REC-00997
DE-00808,GS:GS-D1-02-071,GS:GS-A1-01-075,arxiv_id,REC-00072
DE-00809,GS:GS-D1-02-073,GS:GS-A1-01-066,arxiv_id,REC-00063
DE-00810,GS:GS-D1-02-074,GS:GS-A3-01-087,arxiv_id,REC-00899
DE-00811,GS:GS-D1-02-076,GS:GS-A1-02-009,arxiv_id,REC-00099
DE-00812,GS:GS-D1-02-078,GS:GS-A3-01-043,arxiv_id,REC-00893
DE-00813,GS:GS-D1-02-079,GS:GS-A1-02-086,arxiv_id,REC-00151
DE-00814,GS:GS-D1-02-081,GS:GS-A1-03-078,arxiv_id,REC-00223
DE-00815,GS:GS-D1-02-082,GS:GS-A2S-02-026,arxiv_id,REC-00543
DE-00816,GS:GS-D1-02-088,GS:GS-A1-04-052,arxiv_id,REC-00283
DE-00817,GS:GS-D1-02-090,GS:GS-B2-03-078,arxiv_id,REC-01229
DE-00818,GS:GS-D1-02-093,GS:GS-A1-05-083,arxiv_id,REC-00406
DE-00819,GS:GS-D1-02-096,GS:GS-B2-03-077,arxiv_id,REC-01228
DE-00820,GS:GS-D1-02-098,GS:GS-B1-01-070,arxiv_id,REC-00987
DE-00821,GS:GS-D1-02-100,GS:GS-B1-01-095,arxiv_id,REC-01003
DE-00822,GS:GS-D1-03-001,GS:GS-B1-01-091,arxiv_id,REC-01000
DE-00823,GS:GS-D1-03-004,GS:GS-C3-01-010,arxiv_id,REC-01915
DE-00824,GS:GS-D2-01-002,GS:GS-A1-01-022,arxiv_id,REC-00021
DE-00825,GS:GS-D2-01-003,GS:GS-A1-01-028,arxiv_id,REC-00027
DE-00826,GS:GS-D2-01-004,GS:GS-A1-01-013,arxiv_id,REC-00013
DE-00827,GS:GS-D2-01-005,GS:GS-A1-01-072,arxiv_id,REC-00069
DE-00828,GS:GS-D2-01-006,GS:GS-A1-01-068,arxiv_id,REC-00065
DE-00829,GS:GS-D2-01-008,GS:GS-A1-01-074,arxiv_id,REC-00071
DE-00830,GS:GS-D2-01-010,GS:GS-A1-01-041,arxiv_id,REC-00040
DE-00831,GS:GS-D2-01-011,GS:GS-A1-01-037,arxiv_id,REC-00036
DE-00832,GS:GS-D2-01-019,GS:GS-A1-01-032,arxiv_id,REC-00031
DE-00833,GS:GS-D2-01-023,GS:GS-A1-01-043,arxiv_id,REC-00042
DE-00834,GS:GS-D2-01-024,GS:GS-A1-01-016,arxiv_id,REC-00016
DE-00835,GS:GS-D2-01-025,GS:GS-A1-01-071,arxiv_id,REC-00068
DE-00836,GS:GS-D2-01-026,GS:GS-B2-03-041,arxiv_id,REC-01226
DE-00837,GS:GS-D2-01-027,GS:GS-A3-01-093,arxiv_id,REC-00901
DE-00838,GS:GS-D2-01-028,GS:GS-B1-01-037,arxiv_id,REC-00968
DE-00839,GS:GS-D2-01-031,GS:GS-A1-01-026,arxiv_id,REC-00025
DE-00840,GS:GS-D2-01-034,GS:GS-A1-01-096,arxiv_id,REC-00091
DE-00841,GS:GS-D2-01-040,GS:GS-B1-01-067,arxiv_id,REC-00984
DE-00842,GS:GS-D2-01-043,GS:GS-B1-01-046,arxiv_id,REC-00971
DE-00843,GS:GS-D2-01-044,GS:GS-B1-01-073,arxiv_id,REC-00988
DE-00844,GS:GS-D2-01-045,GS:GS-A1-01-039,arxiv_id,REC-00038
DE-00845,GS:GS-D2-01-048,GS:GS-B1-01-005,arxiv_id,REC-00957
DE-00846,GS:GS-D2-01-049,GS:GS-A1-01-085,arxiv_id,REC-00081
DE-00847,GS:GS-D2-01-050,GS:GS-B1-01-043,arxiv_id,REC-00969
DE-00848,GS:GS-D2-01-051,GS:GS-A1-01-089,arxiv_id,REC-00085
DE-00849,GS:GS-D2-01-052,GS:GS-B1-01-011,arxiv_id,REC-00959
DE-00850,GS:GS-D2-01-053,GS:GS-A3-01-068,arxiv_id,REC-00897
DE-00851,GS:GS-D2-01-057,GS:GS-A1-05-083,arxiv_id,REC-00406
DE-00852,GS:GS-D2-01-059,GS:GS-A1-01-062,arxiv_id,REC-00060
DE-00853,GS:GS-D2-01-060,GS:GS-B1-01-086,arxiv_id,REC-00995
DE-00854,GS:GS-D2-01-061,GS:GS-B1-01-022,arxiv_id,REC-00963
DE-00855,GS:GS-D2-01-062,GS:GS-B1-01-023,arxiv_id,REC-00964
DE-00856,GS:GS-D2-01-063,GS:GS-A1-02-064,arxiv_id,REC-00134
DE-00857,GS:GS-D2-01-064,GS:GS-A1-01-090,arxiv_id,REC-00086
DE-00858,GS:GS-D2-01-065,GS:GS-B1-01-077,arxiv_id,REC-00990
DE-00859,GS:GS-D2-01-067,GS:GS-B2-03-081,arxiv_id,REC-01230
DE-00860,GS:GS-D2-01-071,GS:GS-A2W-03-091,arxiv_id,REC-00884
DE-00861,GS:GS-D2-01-073,GS:GS-B1-01-048,arxiv_id,REC-00973
DE-00862,GS:GS-D2-01-076,GS:GS-B1-01-081,arxiv_id,REC-00991
DE-00863,GS:GS-D2-01-077,GS:GS-B1-01-088,arxiv_id,REC-00997
DE-00864,GS:GS-D2-01-078,GS:GS-B1-01-070,arxiv_id,REC-00987
DE-00865,GS:GS-D2-01-081,GS:GS-B1-01-084,arxiv_id,REC-00993
DE-00866,GS:GS-D2-01-082,GS:GS-B1-01-096,arxiv_id,REC-01004
DE-00867,GS:GS-D2-01-087,GS:GS-D1-02-097,arxiv_id,REC-02082
DE-00868,GS:GS-D2-01-088,GS:GS-B1-01-056,arxiv_id,REC-00979
DE-00869,GS:GS-D2-01-091,GS:GS-B1-01-063,arxiv_id,REC-00983
DE-00870,GS:GS-D2-01-095,GS:GS-B1-01-095,arxiv_id,REC-01003
DE-00871,GS:GS-D2-01-098,GS:GS-A1-02-083,arxiv_id,REC-00148
DE-00872,GS:GS-D2-01-099,GS:GS-B1-01-060,arxiv_id,REC-00981
DE-00873,GS:GS-D2-01-100,GS:GS-B1-01-100,arxiv_id,REC-01007
DE-00874,GS:GS-D2-02-001,GS:GS-B1-02-097,arxiv_id,REC-01096
DE-00875,GS:GS-D2-02-002,GS:GS-B3-03-046,arxiv_id,REC-01334
DE-00876,GS:GS-D2-02-003,GS:GS-A1-05-083,arxiv_id,REC-00406
DE-00877,GS:GS-D2-02-004,GS:GS-C1-01-078,arxiv_id,REC-01618
DE-00878,GS:GS-D2-02-006,GS:GS-C2-02-058,arxiv_id,REC-01837
DE-00879,GS:GS-D2-02-007,GS:GS-B3-02-084,arxiv_id,REC-01301
DE-00880,GS:GS-D2-02-010,GS:GS-B3-03-017,arxiv_id,REC-01321
DE-00881,GS:GS-D2-02-022,GS:GS-B3-03-023,arxiv_id,REC-01323
DE-00882,GS:GS-D2-02-023,GS:GS-C3-03-069,arxiv_id,REC-02023
DE-00883,GS:GS-D2-02-024,GS:GS-B3-02-027,arxiv_id,REC-01252
DE-00884,GS:GS-D2-02-025,GS:GS-C3-01-050,arxiv_id,REC-01938
DE-00885,GS:GS-D2-02-027,GS:GS-C3-01-031,arxiv_id,REC-01924
DE-00886,GS:GS-D2-02-030,GS:GS-C2-01-036,arxiv_id,REC-01752
DE-00887,GS:GS-D2-02-031,GS:GS-B3-02-058,arxiv_id,REC-01278
DE-00888,GS:GS-D2-02-032,GS:GS-B1-01-063,arxiv_id,REC-00983
DE-00889,GS:GS-D2-02-041,GS:GS-C2-01-047,arxiv_id,REC-01761
DE-00890,GS:GS-D2-02-049,GS:GS-B3-03-076,arxiv_id,REC-01351
DE-00891,GS:GS-D2-02-055,GS:GS-B3-03-059,arxiv_id,REC-01343
DE-00892,GS:GS-D2-02-056,GS:GS-A1-01-096,arxiv_id,REC-00091
DE-00893,GS:GS-D2-02-057,GS:GS-B3-03-062,arxiv_id,REC-01344
DE-00894,GS:GS-D2-02-064,GS:GS-A1-04-016,arxiv_id,REC-00252
DE-00895,GS:GS-D2-02-067,GS:GS-C1-01-074,arxiv_id,REC-01616
DE-00896,GS:GS-D2-02-068,GS:GS-C1-02-087,arxiv_id,REC-01657
DE-00897,GS:GS-D2-02-072,GS:GS-C3-03-096,arxiv_id,REC-02034
DE-00898,GS:GS-D2-02-074,GS:GS-B2-01-078,arxiv_id,REC-01166
DE-00899,GS:GS-D2-02-077,GS:GS-A2W-03-028,arxiv_id,REC-00831
DE-00900,GS:GS-D2-02-089,GS:GS-C1-03-081,arxiv_id,REC-01706
DE-00901,GS:GS-D2-02-094,GS:GS-A2W-03-079,arxiv_id,REC-00873
DE-00902,GS:GS-D2-02-095,GS:GS-B3-02-030,arxiv_id,REC-01255
DE-00903,GS:GS-D2-02-098,GS:GS-B3-03-079,arxiv_id,REC-01352
DE-00904,GS:GS-D2-02-099,GS:GS-B1-01-096,arxiv_id,REC-01004
DE-00905,GS:GS-D2-03-001,GS:GS-C1-02-086,arxiv_id,REC-01656
DE-00906,GS:GS-D2-03-009,GS:GS-B3-03-017,arxiv_id,REC-01321
DE-00907,GS:GS-D2-03-011,GS:GS-C3-03-079,arxiv_id,REC-02025
DE-00908,GS:GS-D2-03-012,GS:GS-B3-03-012,arxiv_id,REC-01318
DE-00909,GS:GS-D2-03-015,GS:GS-A2W-03-058,arxiv_id,REC-00857
DE-00910,GS:GS-D2-03-020,GS:GS-D2-02-034,arxiv_id,REC-02107
DE-00911,GS:GS-D2-03-024,GS:GS-C2-02-078,arxiv_id,REC-01851
DE-00912,GS:GS-D2-03-027,GS:GS-C2-02-058,arxiv_id,REC-01837
DE-00913,GS:GS-D2-03-030,GS:GS-C3-01-062,arxiv_id,REC-01944
DE-00914,GS:GS-D2-03-035,GS:GS-B3-02-058,arxiv_id,REC-01278
DE-00915,GS:GS-D2-03-037,GS:GS-D2-02-039,arxiv_id,REC-02112
DE-00916,GS:GS-D2-03-040,GS:GS-C3-03-011,arxiv_id,REC-02011
DE-00917,GS:GS-D2-03-041,GS:GS-C3-01-094,arxiv_id,REC-01957
DE-00918,GS:GS-D2-03-042,GS:GS-B1-02-048,arxiv_id,REC-01052
DE-00919,GS:GS-D2-03-053,GS:GS-D2-02-044,arxiv_id,REC-02114
DE-00920,GS:GS-D2-03-054,GS:GS-A1-05-083,arxiv_id,REC-00406
DE-00921,GS:GS-D2-03-055,GS:GS-B3-03-049,arxiv_id,REC-01335
DE-00922,GS:GS-D2-03-057,GS:GS-B3-02-024,arxiv_id,REC-01250
DE-00923,GS:GS-D2-03-059,GS:GS-C1-01-078,arxiv_id,REC-01618
DE-00924,GS:GS-D2-03-065,GS:GS-C3-01-006,arxiv_id,REC-01912
DE-00925,GS:GS-D2-03-067,GS:GS-B1-02-097,arxiv_id,REC-01096
DE-00926,GS:GS-D2-03-069,GS:GS-C3-03-069,arxiv_id,REC-02023
DE-00927,GS:GS-D2-03-071,GS:GS-C3-01-058,arxiv_id,REC-01941
DE-00928,GS:GS-D2-03-083,GS:GS-A1-05-078,arxiv_id,REC-00402
DE-00929,GS:GS-D2-03-087,GS:GS-A1-01-028,arxiv_id,REC-00027
DE-00930,GS:GS-D2-03-094,GS:GS-B3-02-002,arxiv_id,REC-01238
DE-00931,GS:GS-D2-03-097,GS:GS-B3-03-059,arxiv_id,REC-01343
DE-00932,GS:GS-D3-01-001,GS:GS-A1-01-009,arxiv_id,REC-00009
DE-00933,GS:GS-D3-01-003,GS:GS-A1-01-049,arxiv_id,REC-00047
DE-00934,GS:GS-D3-01-004,GS:GS-B1-01-086,arxiv_id,REC-00995
DE-00935,GS:GS-D3-01-005,GS:GS-A1-01-032,arxiv_id,REC-00031
DE-00936,GS:GS-D3-01-006,GS:GS-A1-01-021,arxiv_id,REC-00020
DE-00937,GS:GS-D3-01-007,GS:GS-A1-01-026,arxiv_id,REC-00025
DE-00938,GS:GS-D3-01-008,GS:GS-A1-01-014,arxiv_id,REC-00014
DE-00939,GS:GS-D3-01-012,GS:GS-A1-01-016,arxiv_id,REC-00016
DE-00940,GS:GS-D3-01-014,GS:GS-A1-01-025,arxiv_id,REC-00024
DE-00941,GS:GS-D3-01-017,GS:GS-A1-01-045,arxiv_id,REC-00044
DE-00942,GS:GS-D3-01-019,GS:GS-A1-01-037,arxiv_id,REC-00036
DE-00943,GS:GS-D3-01-021,GS:GS-A1-01-030,arxiv_id,REC-00029
DE-00944,GS:GS-D3-01-024,GS:GS-A1-01-022,arxiv_id,REC-00021
DE-00945,GS:GS-D3-01-026,GS:GS-A1-01-095,arxiv_id,REC-00090
DE-00946,GS:GS-D3-01-027,GS:GS-A1-01-039,arxiv_id,REC-00038
DE-00947,GS:GS-D3-01-030,GS:GS-A1-01-074,arxiv_id,REC-00071
DE-00948,GS:GS-D3-01-031,GS:GS-A1-01-056,arxiv_id,REC-00054
DE-00949,GS:GS-D3-01-033,GS:GS-A1-01-023,arxiv_id,REC-00022
DE-00950,GS:GS-D3-01-034,GS:GS-A1-01-083,arxiv_id,REC-00079
DE-00951,GS:GS-D3-01-035,GS:GS-A1-01-013,arxiv_id,REC-00013
DE-00952,GS:GS-D3-01-037,GS:GS-A1-01-058,arxiv_id,REC-00056
DE-00953,GS:GS-D3-01-038,GS:GS-A1-01-053,arxiv_id,REC-00051
DE-00954,GS:GS-D3-01-039,GS:GS-D1-01-086,arxiv_id,REC-02070
DE-00955,GS:GS-D3-01-041,GS:GS-A1-01-071,arxiv_id,REC-00068
DE-00956,GS:GS-D3-01-043,GS:GS-A1-01-018,arxiv_id,REC-00018
DE-00957,GS:GS-D3-01-044,GS:GS-A1-01-068,arxiv_id,REC-00065
DE-00958,GS:GS-D3-01-045,GS:GS-B2-03-077,arxiv_id,REC-01228
DE-00959,GS:GS-D3-01-046,GS:GS-D1-01-089,arxiv_id,REC-02072
DE-00960,GS:GS-D3-01-050,GS:GS-A1-01-062,arxiv_id,REC-00060
DE-00961,GS:GS-D3-01-052,GS:GS-D1-02-062,arxiv_id,REC-02078
DE-00962,GS:GS-D3-01-054,GS:GS-A1-01-024,arxiv_id,REC-00023
DE-00963,GS:GS-D3-01-056,GS:GS-A1-01-059,arxiv_id,REC-00057
DE-00964,GS:GS-D3-01-057,GS:GS-A1-01-096,arxiv_id,REC-00091
DE-00965,GS:GS-D3-01-061,GS:GS-A1-01-086,arxiv_id,REC-00082
DE-00966,GS:GS-D3-01-062,GS:GS-A1-01-089,arxiv_id,REC-00085
DE-00967,GS:GS-D3-01-063,GS:GS-A3-01-068,arxiv_id,REC-00897
DE-00968,GS:GS-D3-01-064,GS:GS-A1-01-051,arxiv_id,REC-00049
DE-00969,GS:GS-D3-01-066,GS:GS-A1-01-085,arxiv_id,REC-00081
DE-00970,GS:GS-D3-01-068,GS:GS-D1-01-097,arxiv_id,REC-02074
DE-00971,GS:GS-D3-01-069,GS:GS-A1-01-098,arxiv_id,REC-00093
DE-00972,GS:GS-D3-01-071,GS:GS-A1-01-092,arxiv_id,REC-00087
DE-00973,GS:GS-D3-01-073,GS:GS-D1-01-090,arxiv_id,REC-02073
DE-00974,GS:GS-D3-01-075,GS:GS-A1-03-078,arxiv_id,REC-00223
DE-00975,GS:GS-D3-01-076,GS:GS-A1-01-100,arxiv_id,REC-00095
DE-00976,GS:GS-D3-01-077,GS:GS-A2W-03-091,arxiv_id,REC-00884
DE-00977,GS:GS-D3-01-078,GS:GS-B1-01-022,arxiv_id,REC-00963
DE-00978,GS:GS-D3-01-079,GS:GS-A1-01-067,arxiv_id,REC-00064
DE-00979,GS:GS-D3-01-080,GS:GS-A3-01-093,arxiv_id,REC-00901
DE-00980,GS:GS-D3-01-082,GS:GS-A1-02-064,arxiv_id,REC-00134
DE-00981,GS:GS-D3-01-083,GS:GS-A2S-02-004,arxiv_id,REC-00530
DE-00982,GS:GS-D3-01-084,GS:GS-B1-01-091,arxiv_id,REC-01000
DE-00983,GS:GS-D3-01-086,GS:GS-A1-01-090,arxiv_id,REC-00086
DE-00984,GS:GS-D3-01-088,GS:GS-A1-01-075,arxiv_id,REC-00072
DE-00985,GS:GS-D3-01-092,GS:GS-A1-02-068,arxiv_id,REC-00138
DE-00986,GS:GS-D3-01-093,GS:GS-A1-01-066,arxiv_id,REC-00063
DE-00987,GS:GS-D3-01-095,GS:GS-D1-02-099,arxiv_id,REC-02083
DE-00988,GS:GS-D3-01-096,GS:GS-B1-01-034,arxiv_id,REC-00967
DE-00989,GS:GS-D3-01-098,GS:GS-D1-01-077,arxiv_id,REC-02069
DE-00990,GS:GS-D3-02-005,GS:GS-A2W-02-047,arxiv_id,REC-00773
DE-00991,GS:GS-D3-02-010,GS:GS-C1-03-014,arxiv_id,REC-01668
DE-00992,GS:GS-D3-02-015,GS:GS-B1-01-091,arxiv_id,REC-01000
DE-00993,GS:GS-D3-02-017,GS:GS-A1-04-040,arxiv_id,REC-00272
DE-00994,GS:GS-D3-02-026,GS:GS-B2-01-095,arxiv_id,REC-01181
DE-00995,GS:GS-D3-02-027,GS:GS-D2-02-018,arxiv_id,REC-02104
DE-00996,GS:GS-D3-02-028,GS:GS-B1-02-009,arxiv_id,REC-01014
DE-00997,GS:GS-D3-02-030,GS:GS-C3-01-050,arxiv_id,REC-01938
DE-00998,GS:GS-D3-02-037,GS:GS-B3-02-022,arxiv_id,REC-01249
DE-00999,GS:GS-D3-02-041,GS:GS-A2W-01-026,arxiv_id,REC-00710
DE-01000,GS:GS-D3-02-043,GS:GS-D2-02-039,arxiv_id,REC-02112
DE-01001,GS:GS-D3-02-049,GS:GS-B3-03-025,arxiv_id,REC-01324
DE-01002,GS:GS-D3-02-055,GS:GS-C1-02-075,arxiv_id,REC-01650
DE-01003,GS:GS-D3-02-060,GS:GS-B3-02-071,arxiv_id,REC-01291
DE-01004,GS:GS-D3-02-061,GS:GS-A2W-03-058,arxiv_id,REC-00857
DE-01005,GS:GS-D3-02-062,GS:GS-A2W-01-054,arxiv_id,REC-00722
DE-01006,GS:GS-D3-02-066,GS:GS-A1-05-083,arxiv_id,REC-00406
DE-01007,GS:GS-D3-02-076,GS:GS-D2-03-010,arxiv_id,REC-02154
DE-01008,GS:GS-D3-02-088,GS:GS-C1-01-021,arxiv_id,REC-01572
DE-01009,GS:GS-D3-02-095,GS:GS-C2-01-039,arxiv_id,REC-01755
DE-01010,GS:GS-D3-02-097,GS:GS-C3-04-063,arxiv_id,REC-02047
DE-01011,GS:GS-D3-03-002,GS:GS-A1-01-025,arxiv_id,REC-00024
DE-01012,GS:GS-D3-03-006,GS:GS-A2W-03-091,arxiv_id,REC-00884
DE-01013,GS:GS-D3-03-022,GS:GS-C2-01-039,arxiv_id,REC-01755
DE-01014,GS:GS-D3-03-049,GS:GS-C3-03-047,arxiv_id,REC-02017
DE-01015,GS:GS-D3-03-058,GS:GS-C3-01-094,arxiv_id,REC-01957
DE-01016,GS:GS-D3-03-059,GS:GS-C3-01-050,arxiv_id,REC-01938
DE-01017,GS:GS-D3-03-069,GS:GS-A2S-03-025,arxiv_id,REC-00627
DE-01018,GS:GS-D3-03-072,GS:GS-B3-03-017,arxiv_id,REC-01321
DE-01019,GS:GS-D3-03-083,GS:GS-C2-02-058,arxiv_id,REC-01837
DE-01020,GS:GS-D3-03-087,GS:GS-C3-02-022,arxiv_id,REC-01980
DE-01021,GS:GS-D3-03-093,GS:GS-B1-02-097,arxiv_id,REC-01096
DE-01022,GS:GS-D3-04-001,GS:GS-D3-01-072,arxiv_id,REC-02200
DE-01023,ARX:FORMAL-ARXIV-V12-Q-A1:2607.29199v1,GS:GS-B2-02-073,arxiv_id,REC-01210
DE-01024,ARX:FORMAL-ARXIV-V12-Q-A1:2607.28609v2,GS:GS-A1-02-086,arxiv_id,REC-00151
DE-01025,ARX:FORMAL-ARXIV-V12-Q-A1:2607.28573v1,GS:GS-D1-01-097,arxiv_id,REC-02074
DE-01026,ARX:FORMAL-ARXIV-V12-Q-A1:2607.28367v1,GS:GS-A1-01-045,arxiv_id,REC-00044
DE-01027,ARX:FORMAL-ARXIV-V12-Q-A1:2607.28227v1,GS:GS-A1-03-078,arxiv_id,REC-00223
DE-01028,ARX:FORMAL-ARXIV-V12-Q-A1:2607.28074v1,GS:GS-A1-01-100,arxiv_id,REC-00095
DE-01029,ARX:FORMAL-ARXIV-V12-Q-A1:2607.26041v2,GS:GS-B2-03-077,arxiv_id,REC-01228
DE-01030,ARX:FORMAL-ARXIV-V12-Q-A1:2607.25904v2,GS:GS-A3-02-031,arxiv_id,REC-00910
DE-01031,ARX:FORMAL-ARXIV-V12-Q-A1:2607.23263v1,GS:GS-A3-01-087,arxiv_id,REC-00899
DE-01032,ARX:FORMAL-ARXIV-V12-Q-A1:2607.22798v1,GS:GS-A1-01-089,arxiv_id,REC-00085
DE-01033,ARX:FORMAL-ARXIV-V12-Q-A1:2607.21557v3,GS:GS-D1-02-099,arxiv_id,REC-02083
DE-01034,ARX:FORMAL-ARXIV-V12-Q-A1:2607.18659v1,GS:GS-A1-06-092,arxiv_id,REC-00490
DE-01035,ARX:FORMAL-ARXIV-V12-Q-A1:2607.17951v1,GS:GS-A1-01-071,arxiv_id,REC-00068
DE-01036,ARX:FORMAL-ARXIV-V12-Q-A1:2607.17527v1,GS:GS-A1-01-067,arxiv_id,REC-00064
DE-01037,ARX:FORMAL-ARXIV-V12-Q-A1:2607.15550v1,GS:GS-B2-02-066,arxiv_id,REC-01206
DE-01038,ARX:FORMAL-ARXIV-V12-Q-A1:2607.14443v1,GS:GS-A1-02-017,arxiv_id,REC-00103
DE-01039,ARX:FORMAL-ARXIV-V12-Q-A1:2607.11388v1,GS:GS-D3-01-072,arxiv_id,REC-02200
DE-01040,ARX:FORMAL-ARXIV-V12-Q-A1:2607.11119v1,GS:GS-D3-01-047,arxiv_id,REC-02195
DE-01041,ARX:FORMAL-ARXIV-V12-Q-A1:2607.09773v1,GS:GS-D3-01-059,arxiv_id,REC-02198
DE-01042,ARX:FORMAL-ARXIV-V12-Q-A1:2607.06118v1,GS:GS-A1-06-020,arxiv_id,REC-00437
DE-01043,ARX:FORMAL-ARXIV-V12-Q-A1:2607.05277v1,GS:GS-B1-01-077,arxiv_id,REC-00990
DE-01044,ARX:FORMAL-ARXIV-V12-Q-A1:2607.05120v1,GS:GS-B1-03-006,arxiv_id,REC-01102
DE-01045,ARX:FORMAL-ARXIV-V12-Q-A1:2607.04334v2,GS:GS-B2-01-100,arxiv_id,REC-01186
DE-01046,ARX:FORMAL-ARXIV-V12-Q-A1:2606.31270v1,GS:GS-A1-01-095,arxiv_id,REC-00090
DE-01047,ARX:FORMAL-ARXIV-V12-Q-A1:2606.31154v1,GS:GS-A3-01-043,arxiv_id,REC-00893
DE-01048,ARX:FORMAL-ARXIV-V12-Q-A1:2606.30294v1,GS:GS-A1-05-097,arxiv_id,REC-00420
DE-01049,ARX:FORMAL-ARXIV-V12-Q-A1:2606.30119v1,GS:GS-A1-06-021,arxiv_id,REC-00438
DE-01050,ARX:FORMAL-ARXIV-V12-Q-A1:2606.29705v1,GS:GS-A1-03-043,arxiv_id,REC-00195
DE-01051,ARX:FORMAL-ARXIV-V12-Q-A1:2606.29537v2,GS:GS-A1-01-062,arxiv_id,REC-00060
DE-01052,ARX:FORMAL-ARXIV-V12-Q-A1:2606.25705v1,GS:GS-A1-03-037,arxiv_id,REC-00190
DE-01053,ARX:FORMAL-ARXIV-V12-Q-A1:2606.24515v1,GS:GS-A1-01-053,arxiv_id,REC-00051
DE-01054,ARX:FORMAL-ARXIV-V12-Q-A1:2606.24551v1,GS:GS-A1-03-035,arxiv_id,REC-00188
DE-01055,ARX:FORMAL-ARXIV-V12-Q-A1:2606.23449v1,GS:GS-A1-04-008,arxiv_id,REC-00246
DE-01056,ARX:FORMAL-ARXIV-V12-Q-A1:2606.23189v1,GS:GS-A1-01-037,arxiv_id,REC-00036
DE-01057,ARX:FORMAL-ARXIV-V12-Q-A1:2606.22864v1,GS:GS-B1-01-022,arxiv_id,REC-00963
DE-01058,ARX:FORMAL-ARXIV-V12-Q-A1:2606.22557v1,GS:GS-A1-01-084,arxiv_id,REC-00080
DE-01059,ARX:FORMAL-ARXIV-V12-Q-A1:2606.20910v1,GS:GS-A1-06-098,arxiv_id,REC-00496
DE-01060,ARX:FORMAL-ARXIV-V12-Q-A1:2606.20785v2,GS:GS-A1-01-056,arxiv_id,REC-00054
DE-01061,ARX:FORMAL-ARXIV-V12-Q-A1:2606.20363v1,GS:GS-A1-02-056,arxiv_id,REC-00129
DE-01062,ARX:FORMAL-ARXIV-V12-Q-A1:2606.18448v1,GS:GS-A1-01-015,arxiv_id,REC-00015
DE-01063,ARX:FORMAL-ARXIV-V12-Q-A1:2606.20717v1,GS:GS-B2-01-006,arxiv_id,REC-01119
DE-01064,ARX:FORMAL-ARXIV-V12-Q-A1:2606.17929v1,GS:GS-A1-02-041,arxiv_id,REC-00116
DE-01065,ARX:FORMAL-ARXIV-V12-Q-A1:2606.16802v1,GS:GS-A1-01-098,arxiv_id,REC-00093
DE-01066,ARX:FORMAL-ARXIV-V12-Q-A1:2606.16748v1,GS:GS-A1-01-075,arxiv_id,REC-00072
DE-01067,ARX:FORMAL-ARXIV-V12-Q-A1:2606.16659v1,GS:GS-A1-05-091,arxiv_id,REC-00414
DE-01068,ARX:FORMAL-ARXIV-V12-Q-A1:2606.16295v1,GS:GS-D3-01-099,arxiv_id,REC-02207
DE-01069,ARX:FORMAL-ARXIV-V12-Q-A1:2606.14106v1,GS:GS-A3-02-033,arxiv_id,REC-00911
DE-01070,ARX:FORMAL-ARXIV-V12-Q-A1:2606.12666v2,GS:GS-B2-02-100,arxiv_id,REC-01225
DE-01071,ARX:FORMAL-ARXIV-V12-Q-A1:2606.11520v4,GS:GS-A1-04-028,arxiv_id,REC-00261
DE-01072,ARX:FORMAL-ARXIV-V12-Q-A1:2606.11078v1,GS:GS-D1-02-062,arxiv_id,REC-02078
DE-01073,ARX:FORMAL-ARXIV-V12-Q-A1:2606.10742v1,GS:GS-C1-01-013,arxiv_id,REC-01565
DE-01074,ARX:FORMAL-ARXIV-V12-Q-A1:2606.10423v1,GS:GS-A1-06-022,arxiv_id,REC-00439
DE-01075,ARX:FORMAL-ARXIV-V12-Q-A1:2606.09426v3,GS:GS-A1-01-066,arxiv_id,REC-00063
DE-01076,ARX:FORMAL-ARXIV-V12-Q-A1:2606.09399v1,GS:GS-A1-05-015,arxiv_id,REC-00342
DE-01077,ARX:FORMAL-ARXIV-V12-Q-A1:2606.05233v1,GS:GS-A1-02-040,arxiv_id,REC-00115
DE-01078,ARX:FORMAL-ARXIV-V12-Q-A1:2606.20636v1,GS:GS-B2-02-095,arxiv_id,REC-01222
DE-01079,ARX:FORMAL-ARXIV-V12-Q-A1:2606.03203v1,GS:GS-A3-01-057,arxiv_id,REC-00896
DE-01080,ARX:FORMAL-ARXIV-V12-Q-A1:2606.02031v2,GS:GS-A1-05-064,arxiv_id,REC-00389
DE-01081,ARX:FORMAL-ARXIV-V12-Q-A1:2606.01533v1,GS:GS-A1-01-014,arxiv_id,REC-00014
DE-01082,ARX:FORMAL-ARXIV-V12-Q-A1:2606.01166v2,GS:GS-A1-01-072,arxiv_id,REC-00069
DE-01083,ARX:FORMAL-ARXIV-V12-Q-A1:2607.20482v2,GS:GS-A2W-01-081,arxiv_id,REC-00735
DE-01084,ARX:FORMAL-ARXIV-V12-Q-A1:2605.29119v1,GS:GS-D3-01-089,arxiv_id,REC-02204
DE-01085,ARX:FORMAL-ARXIV-V12-Q-A1:2605.28775v1,GS:GS-D3-01-074,arxiv_id,REC-02201
DE-01086,ARX:FORMAL-ARXIV-V12-Q-A1:2605.28646v2,GS:GS-B2-02-067,arxiv_id,REC-01207
DE-01087,ARX:FORMAL-ARXIV-V12-Q-A1:2605.28258v1,GS:GS-A1-03-031,arxiv_id,REC-00185
DE-01088,ARX:FORMAL-ARXIV-V12-Q-A1:2605.28116v1,GS:GS-B2-01-029,arxiv_id,REC-01133
DE-01089,ARX:FORMAL-ARXIV-V12-Q-A1:2605.27761v1,GS:GS-A3-02-037,arxiv_id,REC-00913
DE-01090,ARX:FORMAL-ARXIV-V12-Q-A1:2605.26114v2,GS:GS-A3-02-098,arxiv_id,REC-00938
DE-01091,ARX:FORMAL-ARXIV-V12-Q-A1:2605.25707v1,GS:GS-A1-01-018,arxiv_id,REC-00018
DE-01092,ARX:FORMAL-ARXIV-V12-Q-A1:2605.25624v2,GS:GS-A1-01-092,arxiv_id,REC-00087
DE-01093,ARX:FORMAL-ARXIV-V12-Q-A1:2605.25160v2,GS:GS-A3-02-075,arxiv_id,REC-00930
DE-01094,ARX:FORMAL-ARXIV-V12-Q-A1:2605.19769v1,GS:GS-A1-01-036,arxiv_id,REC-00035
DE-01095,ARX:FORMAL-ARXIV-V12-Q-A1:2605.18652v1,GS:GS-A2S-02-008,arxiv_id,REC-00532
DE-01096,ARX:FORMAL-ARXIV-V12-Q-A1:2605.17439v2,GS:GS-A3-02-083,arxiv_id,REC-00933
DE-01097,ARX:FORMAL-ARXIV-V12-Q-A1:2605.17320v1,GS:GS-D1-01-086,arxiv_id,REC-02070
DE-01098,ARX:FORMAL-ARXIV-V12-Q-A1:2605.16565v2,GS:GS-A1-05-033,arxiv_id,REC-00360
DE-01099,ARX:FORMAL-ARXIV-V12-Q-A1:2605.16116v1,GS:GS-A1-05-043,arxiv_id,REC-00368
DE-01100,ARX:FORMAL-ARXIV-V12-Q-A1:2605.15962v1,GS:GS-B2-03-081,arxiv_id,REC-01230
DE-01101,ARX:FORMAL-ARXIV-V12-Q-A1:2605.15777v2,GS:GS-A1-02-076,arxiv_id,REC-00144
DE-01102,ARX:FORMAL-ARXIV-V12-Q-A1:2605.15040v3,GS:GS-D1-02-097,arxiv_id,REC-02082
DE-01103,ARX:FORMAL-ARXIV-V12-Q-A1:2605.15030v1,GS:GS-B1-01-011,arxiv_id,REC-00959
DE-01104,ARX:FORMAL-ARXIV-V12-Q-A1:2605.14786v1,GS:GS-A1-05-014,arxiv_id,REC-00341
DE-01105,ARX:FORMAL-ARXIV-V12-Q-A1:2605.14747v1,GS:GS-A1-03-073,arxiv_id,REC-00219
DE-01106,ARX:FORMAL-ARXIV-V12-Q-A1:2605.18859v2,GS:GS-D3-02-072,arxiv_id,REC-02245
DE-01107,ARX:FORMAL-ARXIV-V12-Q-A1:2605.12481v1,GS:GS-A1-01-057,arxiv_id,REC-00055
DE-01108,ARX:FORMAL-ARXIV-V12-Q-A1:2605.12294v1,GS:GS-A1-03-066,arxiv_id,REC-00213
DE-01109,ARX:FORMAL-ARXIV-V12-Q-A1:2605.08876v3,GS:GS-A1-04-074,arxiv_id,REC-00303
DE-01110,ARX:FORMAL-ARXIV-V12-Q-A1:2605.07110v1,GS:GS-A1-01-074,arxiv_id,REC-00071
DE-01111,ARX:FORMAL-ARXIV-V12-Q-A1:2605.08261v1,GS:GS-D1-01-077,arxiv_id,REC-02069
DE-01112,ARX:FORMAL-ARXIV-V12-Q-A1:2605.06393v1,GS:GS-B1-01-073,arxiv_id,REC-00988
DE-01113,ARX:FORMAL-ARXIV-V12-Q-A1:2605.05509v1,GS:GS-A1-05-028,arxiv_id,REC-00355
DE-01114,ARX:FORMAL-ARXIV-V12-Q-A1:2605.02729v1,GS:GS-A1-01-058,arxiv_id,REC-00056
DE-01115,ARX:FORMAL-ARXIV-V12-Q-A1:2607.00007v2,GS:GS-A1-05-055,arxiv_id,REC-00380
DE-01116,ARX:FORMAL-ARXIV-V12-Q-A1:2604.27996v3,GS:GS-D3-01-081,arxiv_id,REC-02202
DE-01117,ARX:FORMAL-ARXIV-V12-Q-A1:2604.27955v1,GS:GS-A1-03-027,arxiv_id,REC-00181
DE-01118,ARX:FORMAL-ARXIV-V12-Q-A1:2604.27151v1,GS:GS-A1-01-049,arxiv_id,REC-00047
DE-01119,ARX:FORMAL-ARXIV-V12-Q-A1:2604.26020v1,GS:GS-A1-01-035,arxiv_id,REC-00034
DE-01120,ARX:FORMAL-ARXIV-V12-Q-A1:2604.25562v1,GS:GS-B1-01-023,arxiv_id,REC-00964
DE-01121,ARX:FORMAL-ARXIV-V12-Q-A1:2604.25380v2,GS:GS-A3-02-014,arxiv_id,REC-00906
DE-01122,ARX:FORMAL-ARXIV-V12-Q-A1:2604.24964v1,GS:GS-A3-01-088,arxiv_id,REC-00900
DE-01123,ARX:FORMAL-ARXIV-V12-Q-A1:2604.24441v1,GS:GS-A3-02-055,arxiv_id,REC-00922
DE-01124,ARX:FORMAL-ARXIV-V12-Q-A1:2604.24348v1,GS:GS-A1-04-010,arxiv_id,REC-00248
DE-01125,ARX:FORMAL-ARXIV-V12-Q-A1:2604.23772v3,GS:GS-A1-06-068,arxiv_id,REC-00470
DE-01126,ARX:FORMAL-ARXIV-V12-Q-A1:2604.20279v2,GS:GS-A1-03-081,arxiv_id,REC-00225
DE-01127,ARX:FORMAL-ARXIV-V12-Q-A1:2604.18860v1,GS:GS-B1-01-037,arxiv_id,REC-00968
DE-01128,ARX:FORMAL-ARXIV-V12-Q-A1:2604.18847v2,GS:GS-B1-01-086,arxiv_id,REC-00995
DE-01129,ARX:FORMAL-ARXIV-V12-Q-A1:2604.17849v1,GS:GS-A1-01-016,arxiv_id,REC-00016
DE-01130,ARX:FORMAL-ARXIV-V12-Q-A1:2604.14872v1,GS:GS-A2W-03-093,arxiv_id,REC-00886
DE-01131,ARX:FORMAL-ARXIV-V12-Q-A1:2606.05171v1,GS:GS-A1-03-070,arxiv_id,REC-00217
DE-01132,ARX:FORMAL-ARXIV-V12-Q-A1:2604.13531v1,GS:GS-A3-02-074,arxiv_id,REC-00929
DE-01133,ARX:FORMAL-ARXIV-V12-Q-A1:2604.11784v1,GS:GS-A1-03-100,arxiv_id,REC-00240
DE-01134,ARX:FORMAL-ARXIV-V12-Q-A1:2604.10988v1,GS:GS-A1-05-037,arxiv_id,REC-00362
DE-01135,ARX:FORMAL-ARXIV-V12-Q-A1:2604.10577v2,GS:GS-A1-01-068,arxiv_id,REC-00065
DE-01136,ARX:FORMAL-ARXIV-V12-Q-A1:2604.09937v1,GS:GS-A1-01-024,arxiv_id,REC-00023
DE-01137,ARX:FORMAL-ARXIV-V12-Q-A1:2604.09815v1,GS:GS-D3-01-094,arxiv_id,REC-02205
DE-01138,ARX:FORMAL-ARXIV-V12-Q-A1:2604.09155v1,GS:GS-B2-01-074,arxiv_id,REC-01163
DE-01139,ARX:FORMAL-ARXIV-V12-Q-A1:2604.08516v1,GS:GS-A1-06-003,arxiv_id,REC-00424
DE-01140,ARX:FORMAL-ARXIV-V12-Q-A1:2604.08005v2,GS:GS-B1-01-067,arxiv_id,REC-00984
DE-01141,ARX:FORMAL-ARXIV-V12-Q-A1:2604.07831v2,GS:GS-A1-03-063,arxiv_id,REC-00210
DE-01142,ARX:FORMAL-ARXIV-V12-Q-A1:2604.07429v1,GS:GS-A2S-02-026,arxiv_id,REC-00543
DE-01143,ARX:FORMAL-ARXIV-V12-Q-A1:2604.09718v2,GS:GS-A1-06-093,arxiv_id,REC-00491
DE-01144,ARX:FORMAL-ARXIV-V12-Q-A1:2604.06367v2,GS:GS-A1-05-060,arxiv_id,REC-00385
DE-01145,ARX:FORMAL-ARXIV-V12-Q-A1:2604.05157v3,GS:GS-A1-01-090,arxiv_id,REC-00086
DE-01146,ARX:FORMAL-ARXIV-V12-Q-A1:2604.04918v1,GS:GS-A1-01-025,arxiv_id,REC-00024
DE-01147,ARX:FORMAL-ARXIV-V12-Q-A1:2604.04399v1,GS:GS-A1-03-093,arxiv_id,REC-00236
DE-01148,ARX:FORMAL-ARXIV-V12-Q-A1:2604.06240v1,GS:GS-A1-01-017,arxiv_id,REC-00017
DE-01149,ARX:FORMAL-ARXIV-V12-Q-A1:2604.03465v2,GS:GS-A1-05-059,arxiv_id,REC-00384
DE-01150,ARX:FORMAL-ARXIV-V12-Q-A1:2604.02947v1,GS:GS-A1-01-043,arxiv_id,REC-00042
DE-01151,ARX:FORMAL-ARXIV-V12-Q-A1:2604.02623v2,GS:GS-C1-01-004,arxiv_id,REC-01556
DE-01152,ARX:FORMAL-ARXIV-V12-Q-A1:2603.29318v1,GS:GS-A2W-03-041,arxiv_id,REC-00843
DE-01153,ARX:FORMAL-ARXIV-V12-Q-A1:2603.28551v2,GS:GS-A1-01-032,arxiv_id,REC-00031
DE-01154,ARX:FORMAL-ARXIV-V12-Q-A1:2603.26648v3,GS:GS-A2S-02-075,arxiv_id,REC-00584
DE-01155,ARX:FORMAL-ARXIV-V12-Q-A1:2603.25226v1,GS:GS-A1-01-093,arxiv_id,REC-00088
DE-01156,ARX:FORMAL-ARXIV-V12-Q-A1:2603.23791v1,GS:GS-A1-05-039,arxiv_id,REC-00364
DE-01157,ARX:FORMAL-ARXIV-V12-Q-A1:2603.23007v1,GS:GS-B2-02-015,arxiv_id,REC-01193
DE-01158,ARX:FORMAL-ARXIV-V12-Q-A1:2603.23559v2,GS:GS-B2-03-097,arxiv_id,REC-01235
DE-01159,ARX:FORMAL-ARXIV-V12-Q-A1:2603.22529v1,GS:GS-A2S-02-048,arxiv_id,REC-00560
DE-01160,ARX:FORMAL-ARXIV-V12-Q-A1:2603.17357v1,GS:GS-B2-03-071,arxiv_id,REC-01227
DE-01161,ARX:FORMAL-ARXIV-V12-Q-A1:2603.15039v1,GS:GS-A3-02-028,arxiv_id,REC-00909
DE-01162,ARX:FORMAL-ARXIV-V12-Q-A1:2603.14707v1,GS:GS-A1-02-037,arxiv_id,REC-00112
DE-01163,ARX:FORMAL-ARXIV-V12-Q-A1:2603.12823v1,GS:GS-A1-02-061,arxiv_id,REC-00132
DE-01164,ARX:FORMAL-ARXIV-V12-Q-A1:2603.12710v1,GS:GS-A1-06-008,arxiv_id,REC-00428
DE-01165,ARX:FORMAL-ARXIV-V12-Q-A1:2603.11862v1,GS:GS-B1-01-046,arxiv_id,REC-00971
DE-01166,ARX:FORMAL-ARXIV-V12-Q-A1:2603.10577v2,GS:GS-A1-01-079,arxiv_id,REC-00076
DE-01167,ARX:FORMAL-ARXIV-V12-Q-A1:2603.10178v1,GS:GS-A1-02-068,arxiv_id,REC-00138
DE-01168,ARX:FORMAL-ARXIV-V12-Q-A1:2603.08533v2,GS:GS-A1-03-069,arxiv_id,REC-00216
DE-01169,ARX:FORMAL-ARXIV-V12-Q-A1:2603.08316v3,GS:GS-B2-02-021,arxiv_id,REC-01194
DE-01170,ARX:FORMAL-ARXIV-V12-Q-A1:2603.07978v1,GS:GS-A1-01-021,arxiv_id,REC-00020
DE-01171,ARX:FORMAL-ARXIV-V12-Q-A1:2603.05044v2,GS:GS-A1-05-048,arxiv_id,REC-00373
DE-01172,ARX:FORMAL-ARXIV-V12-Q-A1:2603.04364v1,GS:GS-B1-03-012,arxiv_id,REC-01105
DE-01173,ARX:FORMAL-ARXIV-V12-Q-A1:2603.00476v1,GS:GS-B1-01-084,arxiv_id,REC-00993
DE-01174,ARX:FORMAL-ARXIV-V12-Q-A1:2602.22190v2,GS:GS-A3-02-069,arxiv_id,REC-00927
DE-01175,ARX:FORMAL-ARXIV-V12-Q-A1:2604.09574v1,GS:GS-A1-04-079,arxiv_id,REC-00308
DE-01176,ARX:FORMAL-ARXIV-V12-Q-A1:2602.14721v1,GS:GS-A1-06-026,arxiv_id,REC-00443
DE-01177,ARX:FORMAL-ARXIV-V12-Q-A1:2602.16855v1,GS:GS-A1-03-084,arxiv_id,REC-00228
DE-01178,ARX:FORMAL-ARXIV-V12-Q-A1:2602.13559v2,GS:GS-A1-06-076,arxiv_id,REC-00477
DE-01179,ARX:FORMAL-ARXIV-V12-Q-A1:2602.12544v1,GS:GS-A2S-03-059,arxiv_id,REC-00658
DE-01180,ARX:FORMAL-ARXIV-V12-Q-A1:2602.12430v4,GS:GS-A1-01-096,arxiv_id,REC-00091
DE-01181,ARX:FORMAL-ARXIV-V12-Q-A1:2602.11750v1,GS:GS-A3-02-026,arxiv_id,REC-00908
DE-01182,ARX:FORMAL-ARXIV-V12-Q-A1:2602.11524v1,GS:GS-A3-03-059,arxiv_id,REC-00945
DE-01183,ARX:FORMAL-ARXIV-V12-Q-A1:2602.11514v1,GS:GS-D1-01-090,arxiv_id,REC-02073
DE-01184,ARX:FORMAL-ARXIV-V12-Q-A1:2602.10356v2,GS:GS-A1-01-099,arxiv_id,REC-00094
DE-01185,ARX:FORMAL-ARXIV-V12-Q-A1:2602.09222v2,GS:GS-B1-02-022,arxiv_id,REC-01027
DE-01186,ARX:FORMAL-ARXIV-V12-Q-A1:2602.09012v2,GS:GS-B2-02-085,arxiv_id,REC-01216
DE-01187,ARX:FORMAL-ARXIV-V12-Q-A1:2602.08995v2,GS:GS-A3-01-093,arxiv_id,REC-00901
DE-01188,ARX:FORMAL-ARXIV-V12-Q-A1:2602.08235v2,GS:GS-B1-01-034,arxiv_id,REC-00967
DE-01189,ARX:FORMAL-ARXIV-V12-Q-A1:2602.10139v3,GS:GS-B2-02-078,arxiv_id,REC-01212
DE-01190,ARX:FORMAL-ARXIV-V12-Q-A1:2604.06182v1,GS:GS-A3-02-042,arxiv_id,REC-00916
DE-01191,ARX:FORMAL-ARXIV-V12-Q-A1:2602.03792v1,GS:GS-B1-01-006,arxiv_id,REC-00958
DE-01192,ARX:FORMAL-ARXIV-V12-Q-A1:2602.06075v2,GS:GS-A2W-03-026,arxiv_id,REC-00829
DE-01193,ARX:FORMAL-ARXIV-V12-Q-A1:2602.03255v1,GS:GS-A3-01-068,arxiv_id,REC-00897
DE-01194,ARX:FORMAL-ARXIV-V12-Q-A1:2602.02995v1,GS:GS-A1-01-039,arxiv_id,REC-00038
DE-01195,ARX:FORMAL-ARXIV-V12-Q-A1:2602.00575v2,GS:GS-A1-03-059,arxiv_id,REC-00207
DE-01196,ARX:FORMAL-ARXIV-V12-Q-A1:2601.22781v1,GS:GS-A1-04-095,arxiv_id,REC-00324
DE-01197,ARX:FORMAL-ARXIV-V12-Q-A1:2601.22149v2,GS:GS-A1-06-094,arxiv_id,REC-00492
DE-01198,ARX:FORMAL-ARXIV-V12-Q-A1:2601.21123v2,GS:GS-A1-01-009,arxiv_id,REC-00009
DE-01199,ARX:FORMAL-ARXIV-V12-Q-A1:2601.20650v2,GS:GS-A1-01-097,arxiv_id,REC-00092
DE-01200,ARX:FORMAL-ARXIV-V12-Q-A1:2601.20380v1,GS:GS-A1-02-071,arxiv_id,REC-00141
DE-01201,ARX:FORMAL-ARXIV-V12-Q-A1:2601.18842v3,GS:GS-B2-02-090,arxiv_id,REC-01219
DE-01202,ARX:FORMAL-ARXIV-V12-Q-A1:2601.17722v1,GS:GS-A3-02-058,arxiv_id,REC-00923
DE-01203,ARX:FORMAL-ARXIV-V12-Q-A1:2601.15876v2,GS:GS-A1-01-059,arxiv_id,REC-00057
DE-01204,ARX:FORMAL-ARXIV-V12-Q-A1:2601.12822v1,GS:GS-B2-01-055,arxiv_id,REC-01150
DE-01205,ARX:FORMAL-ARXIV-V12-Q-A1:2601.12349v3,GS:GS-B2-02-027,arxiv_id,REC-01197
DE-01206,ARX:FORMAL-ARXIV-V12-Q-A1:2601.09923v3,GS:GS-A1-01-022,arxiv_id,REC-00021
DE-01207,ARX:FORMAL-ARXIV-V12-Q-A1:2601.07402v1,GS:GS-A1-04-033,arxiv_id,REC-00266
DE-01208,ARX:FORMAL-ARXIV-V12-Q-A1:2601.07181v1,GS:GS-A1-03-028,arxiv_id,REC-00182
DE-01209,ARX:FORMAL-ARXIV-V12-Q-A1:2601.02439v6,GS:GS-A2W-01-085,arxiv_id,REC-00738
DE-01210,ARX:FORMAL-ARXIV-V12-Q-A1:2512.22047v1,GS:GS-A1-03-085,arxiv_id,REC-00229
DE-01211,ARX:FORMAL-ARXIV-V12-Q-A1:2512.12634v4,GS:GS-A2W-03-032,arxiv_id,REC-00834
DE-01212,ARX:FORMAL-ARXIV-V12-Q-A1:2512.12594v2,GS:GS-A1-05-008,arxiv_id,REC-00337
DE-01213,ARX:FORMAL-ARXIV-V12-Q-A1:2512.11611v1,GS:GS-A1-03-019,arxiv_id,REC-00175
DE-01214,ARX:FORMAL-ARXIV-V12-Q-A1:2512.07725v1,GS:GS-A1-05-011,arxiv_id,REC-00339
DE-01215,ARX:FORMAL-ARXIV-V12-Q-A1:2512.00756v2,GS:GS-A3-02-046,arxiv_id,REC-00918
DE-01216,ARX:FORMAL-ARXIV-V12-Q-A1:2511.20597v2,GS:GS-A1-05-050,arxiv_id,REC-00375
DE-01217,ARX:FORMAL-ARXIV-V12-Q-A1:2511.20067v1,GS:GS-A1-01-052,arxiv_id,REC-00050
DE-01218,ARX:FORMAL-ARXIV-V12-Q-A1:2511.19957v2,GS:GS-A1-02-074,arxiv_id,REC-00143
DE-01219,ARX:FORMAL-ARXIV-V12-Q-A1:2511.19663v1,GS:GS-A1-01-026,arxiv_id,REC-00025
DE-01220,ARX:FORMAL-ARXIV-V12-Q-A1:2511.19477v1,GS:GS-A1-05-009,arxiv_id,REC-00338
DE-01221,ARX:FORMAL-ARXIV-V12-Q-A1:2511.17131v1,GS:GS-A1-01-023,arxiv_id,REC-00022
DE-01222,ARX:FORMAL-ARXIV-V12-Q-A1:2511.15567v1,GS:GS-A1-01-029,arxiv_id,REC-00028
DE-01223,ARX:FORMAL-ARXIV-V12-Q-A1:2511.13248v1,GS:GS-B2-02-099,arxiv_id,REC-01224
DE-01224,ARX:FORMAL-ARXIV-V12-Q-A1:2511.11672v5,GS:GS-A1-01-083,arxiv_id,REC-00079
DE-01225,ARX:FORMAL-ARXIV-V12-Q-A1:2511.06417v1,GS:GS-A1-03-045,arxiv_id,REC-00197
DE-01226,ARX:FORMAL-ARXIV-V12-Q-A1:2511.04307v2,GS:GS-A1-02-043,arxiv_id,REC-00118
DE-01227,ARX:FORMAL-ARXIV-V12-Q-A1:2511.04137v1,GS:GS-A1-01-064,arxiv_id,REC-00062
DE-01228,ARX:FORMAL-ARXIV-V12-Q-A1:2510.24168v3,GS:GS-A1-03-009,arxiv_id,REC-00169
DE-01229,ARX:FORMAL-ARXIV-V12-Q-A1:2510.22732v2,GS:GS-A1-06-009,arxiv_id,REC-00429
DE-01230,ARX:FORMAL-ARXIV-V12-Q-A1:2510.19386v2,GS:GS-A1-04-006,arxiv_id,REC-00244
DE-01231,ARX:FORMAL-ARXIV-V12-Q-A1:2510.18596v1,GS:GS-A1-02-009,arxiv_id,REC-00099
DE-01232,ARX:FORMAL-ARXIV-V12-Q-A1:2510.18488v1,GS:GS-A3-02-036,arxiv_id,REC-00912
DE-01233,ARX:FORMAL-ARXIV-V12-Q-A1:2510.17790v3,GS:GS-A1-01-034,arxiv_id,REC-00033
DE-01234,ARX:FORMAL-ARXIV-V12-Q-A1:2510.16252v2,GS:GS-A1-06-099,arxiv_id,REC-00497
DE-01235,ARX:FORMAL-ARXIV-V12-Q-A1:2510.10666v2,GS:GS-A1-05-005,arxiv_id,REC-00334
DE-01236,ARX:FORMAL-ARXIV-V12-Q-A1:2510.09038v1,GS:GS-A2S-02-079,arxiv_id,REC-00587
DE-01237,ARX:FORMAL-ARXIV-V12-Q-A1:2510.06607v2,GS:GS-A1-01-013,arxiv_id,REC-00013
DE-01238,ARX:FORMAL-ARXIV-V12-Q-A1:2510.04536v1,GS:GS-A1-02-042,arxiv_id,REC-00117
DE-01239,ARX:FORMAL-ARXIV-V12-Q-A1:2510.02250v2,GS:GS-A1-01-027,arxiv_id,REC-00026
DE-01240,ARX:FORMAL-ARXIV-V12-Q-A1:2510.02418v2,GS:GS-A1-05-006,arxiv_id,REC-00335
DE-01241,ARX:FORMAL-ARXIV-V12-Q-A1:2510.01354v1,GS:GS-B2-01-015,arxiv_id,REC-01125
DE-01242,ARX:FORMAL-ARXIV-V12-Q-A1:2510.03285v1,GS:GS-A1-06-007,arxiv_id,REC-00427
DE-01243,ARX:FORMAL-ARXIV-V12-Q-A1:2509.23263v2,GS:GS-B2-02-076,arxiv_id,REC-01211
DE-01244,ARX:FORMAL-ARXIV-V12-Q-A1:2509.22256v4,GS:GS-A1-01-028,arxiv_id,REC-00027
DE-01245,ARX:FORMAL-ARXIV-V12-Q-A1:2509.21072v1,GS:GS-A1-06-069,arxiv_id,REC-00471
DE-01246,ARX:FORMAL-ARXIV-V12-Q-A1:2509.20729v2,GS:GS-A3-02-041,arxiv_id,REC-00915
DE-01247,ARX:FORMAL-ARXIV-V12-Q-A1:2509.15738v1,GS:GS-A1-03-098,arxiv_id,REC-00239
DE-01248,ARX:FORMAL-ARXIV-V12-Q-A1:2509.11250v2,GS:GS-B2-02-010,arxiv_id,REC-01191
DE-01249,ARX:FORMAL-ARXIV-V12-Q-A1:2509.07553v3,GS:GS-A1-04-007,arxiv_id,REC-00245
DE-01250,ARX:FORMAL-ARXIV-V12-Q-A1:2509.07098v1,GS:GS-A1-03-039,arxiv_id,REC-00192
DE-01251,ARX:FORMAL-ARXIV-V12-Q-A1:2509.02544v2,GS:GS-A1-03-033,arxiv_id,REC-00187
DE-01252,ARX:FORMAL-ARXIV-V12-Q-A1:2508.21767v1,GS:GS-A1-03-007,arxiv_id,REC-00167
DE-01253,ARX:FORMAL-ARXIV-V12-Q-A1:2508.20096v1,GS:GS-A1-01-063,arxiv_id,REC-00061
DE-01254,ARX:FORMAL-ARXIV-V12-Q-A1:2508.16987v1,GS:GS-A1-05-027,arxiv_id,REC-00354
DE-01255,ARX:FORMAL-ARXIV-V12-Q-A1:2508.15144v2,GS:GS-A1-03-003,arxiv_id,REC-00164
DE-01256,ARX:FORMAL-ARXIV-V12-Q-A1:2508.09241v1,GS:GS-A2S-02-080,arxiv_id,REC-00588
DE-01257,ARX:FORMAL-ARXIV-V12-Q-A1:2508.05081v1,GS:GS-A1-02-088,arxiv_id,REC-00152
DE-01258,ARX:FORMAL-ARXIV-V12-Q-A1:2508.04700v2,GS:GS-A1-01-002,arxiv_id,REC-00002
DE-01259,ARX:FORMAL-ARXIV-V12-Q-A1:2508.04482v1,GS:GS-A1-03-036,arxiv_id,REC-00189
DE-01260,ARX:FORMAL-ARXIV-V12-Q-A1:2508.04037v2,GS:GS-A1-01-012,arxiv_id,REC-00012
DE-01261,ARX:FORMAL-ARXIV-V12-Q-A1:2508.04010v1,GS:GS-B1-03-014,arxiv_id,REC-01107
DE-01262,ARX:FORMAL-ARXIV-V12-Q-A1:2507.23779v1,GS:GS-A1-04-052,arxiv_id,REC-00283
DE-01263,ARX:FORMAL-ARXIV-V12-Q-A1:2508.00935v2,GS:GS-A1-02-024,arxiv_id,REC-00106
DE-01264,ARX:FORMAL-ARXIV-V12-Q-A1:2507.19478v1,GS:GS-A3-02-008,arxiv_id,REC-00904
DE-01265,ARX:FORMAL-ARXIV-V12-Q-A1:2507.19132v1,GS:GS-A1-02-039,arxiv_id,REC-00114
DE-01266,ARX:FORMAL-ARXIV-V12-Q-A1:2507.14799v1,GS:GS-A1-06-011,arxiv_id,REC-00430
DE-01267,ARX:FORMAL-ARXIV-V12-Q-A1:2508.03700v5,GS:GS-A1-03-047,arxiv_id,REC-00199
DE-01268,ARX:FORMAL-ARXIV-V12-Q-A1:2507.10644v4,GS:GS-A1-06-065,arxiv_id,REC-00469
DE-01269,ARX:FORMAL-ARXIV-V12-Q-A1:2507.06899v2,GS:GS-B2-02-005,arxiv_id,REC-01190
DE-01270,ARX:FORMAL-ARXIV-V12-Q-A1:2507.05720v1,GS:GS-A1-03-044,arxiv_id,REC-00196
DE-01271,ARX:FORMAL-ARXIV-V12-Q-A1:2507.05445v1,GS:GS-A1-01-041,arxiv_id,REC-00040
DE-01272,ARX:FORMAL-ARXIV-V12-Q-A1:2507.02592v1,GS:GS-A1-06-048,arxiv_id,REC-00456
DE-01273,ARX:FORMAL-ARXIV-V12-Q-A1:2506.17318v1,GS:GS-A1-05-076,arxiv_id,REC-00400
DE-01274,ARX:FORMAL-ARXIV-V12-Q-A1:2506.10953v1,GS:GS-A1-06-024,arxiv_id,REC-00441
DE-01275,ARX:FORMAL-ARXIV-V12-Q-A1:2506.10387v1,GS:GS-A2S-02-044,arxiv_id,REC-00558
DE-01276,ARX:FORMAL-ARXIV-V12-Q-A1:2506.07672v1,GS:GS-A1-01-051,arxiv_id,REC-00049
DE-01277,ARX:FORMAL-ARXIV-V12-Q-A1:2507.21071v2,GS:GS-A2W-03-005,arxiv_id,REC-00819
DE-01278,ARX:FORMAL-ARXIV-V12-Q-A1:2506.03095v1,GS:GS-A1-01-086,arxiv_id,REC-00082
DE-01279,ARX:FORMAL-ARXIV-V12-Q-A1:2506.02839v1,GS:GS-A2W-02-036,arxiv_id,REC-00766
DE-01280,ARX:FORMAL-ARXIV-V12-Q-A1:2506.02539v3,GS:GS-A1-02-064,arxiv_id,REC-00134
DE-01281,ARX:FORMAL-ARXIV-V12-Q-A1:2505.21964v2,GS:GS-A1-01-030,arxiv_id,REC-00029
DE-01282,ARX:FORMAL-ARXIV-V12-Q-A1:2505.18829v2,GS:GS-A1-01-005,arxiv_id,REC-00005
DE-01283,ARX:FORMAL-ARXIV-V12-Q-A1:2505.10924v4,GS:GS-A1-02-028,arxiv_id,REC-00108
DE-01284,ARX:FORMAL-ARXIV-V12-Q-A1:2505.09875v2,GS:GS-A1-03-032,arxiv_id,REC-00186
DE-01285,ARX:FORMAL-ARXIV-V12-Q-A1:2505.07473v1,GS:GS-A1-06-095,arxiv_id,REC-00493
DE-01286,ARX:FORMAL-ARXIV-V12-Q-A1:2504.20464v2,GS:GS-A1-03-046,arxiv_id,REC-00198
DE-01287,ARX:FORMAL-ARXIV-V12-Q-A1:2504.19838v3,GS:GS-A2S-02-090,arxiv_id,REC-00598
DE-01288,ARX:FORMAL-ARXIV-V12-Q-A1:2504.17934v2,GS:GS-A2W-03-091,arxiv_id,REC-00884
DE-01289,ARX:FORMAL-ARXIV-V12-Q-A1:2504.14603v2,GS:GS-A1-02-072,arxiv_id,REC-00142
DE-01290,ARX:FORMAL-ARXIV-V12-Q-A1:2504.14064v3,GS:GS-A2S-01-027,arxiv_id,REC-00518
DE-01291,ARX:FORMAL-ARXIV-V12-Q-A1:2504.12682v1,GS:GS-A1-06-014,arxiv_id,REC-00431
DE-01292,ARX:FORMAL-ARXIV-V12-Q-A1:2504.10458v4,GS:GS-A1-03-053,arxiv_id,REC-00203
DE-01293,ARX:FORMAL-ARXIV-V12-Q-A1:2504.08942v2,GS:GS-A1-06-043,arxiv_id,REC-00454
DE-01294,ARX:FORMAL-ARXIV-V12-Q-A1:2503.23434v2,GS:GS-A1-03-011,arxiv_id,REC-00170
DE-01295,ARX:FORMAL-ARXIV-V12-Q-A1:2504.13865v2,GS:GS-A1-03-067,arxiv_id,REC-00214
DE-01296,ARX:FORMAL-ARXIV-V12-Q-A1:2503.15937v5,GS:GS-A1-03-088,arxiv_id,REC-00231
DE-01297,ARX:FORMAL-ARXIV-V12-Q-A1:2503.15661v2,GS:GS-A3-02-053,arxiv_id,REC-00921
DE-01298,ARX:FORMAL-ARXIV-V12-Q-A1:2503.12532v2,GS:GS-A1-01-011,arxiv_id,REC-00011
DE-01299,ARX:FORMAL-ARXIV-V12-Q-A1:2503.11069v2,GS:GS-A3-02-094,arxiv_id,REC-00935
DE-01300,ARX:FORMAL-ARXIV-V12-Q-A1:2503.09241v1,GS:GS-B2-02-057,arxiv_id,REC-01203
DE-01301,ARX:FORMAL-ARXIV-V12-Q-A1:2503.07919v3,GS:GS-A1-02-006,arxiv_id,REC-00096
DE-01302,ARX:FORMAL-ARXIV-V12-Q-A1:2502.14282v2,GS:GS-A1-03-072,arxiv_id,REC-00218
DE-01303,ARX:FORMAL-ARXIV-V12-Q-A1:2502.08047v5,GS:GS-A1-03-057,arxiv_id,REC-00205
DE-01304,ARX:FORMAL-ARXIV-V12-Q-A1:2502.07942v2,GS:GS-A2W-01-088,arxiv_id,REC-00741
DE-01305,ARX:FORMAL-ARXIV-V12-Q-A1:2502.06776v2,GS:GS-A2S-01-012,arxiv_id,REC-00508
DE-01306,ARX:FORMAL-ARXIV-V12-Q-A1:2503.15515v1,GS:GS-A1-02-015,arxiv_id,REC-00102
DE-01307,ARX:FORMAL-ARXIV-V12-Q-A1:2501.12326v1,GS:GS-A1-03-095,arxiv_id,REC-00238
DE-01308,ARX:FORMAL-ARXIV-V12-Q-A1:2412.18426v1,GS:GS-A2S-02-006,arxiv_id,REC-00531
DE-01309,ARX:FORMAL-ARXIV-V12-Q-A1:2412.05467v4,GS:GS-A1-06-001,arxiv_id,REC-00423
DE-01310,ARX:FORMAL-ARXIV-V12-Q-A1:2412.04454v2,GS:GS-A1-03-082,arxiv_id,REC-00226
DE-01311,ARX:FORMAL-ARXIV-V12-Q-A1:2411.18279v12,GS:GS-A1-03-002,arxiv_id,REC-00163
DE-01312,ARX:FORMAL-ARXIV-V12-Q-A1:2411.10323v1,GS:GS-A1-03-008,arxiv_id,REC-00168
DE-01313,ARX:FORMAL-ARXIV-V12-Q-A1:2411.06559v2,GS:GS-A1-06-031,arxiv_id,REC-00446
DE-01314,ARX:FORMAL-ARXIV-V12-Q-A1:2411.04890v2,GS:GS-A1-02-084,arxiv_id,REC-00149
DE-01315,ARX:FORMAL-ARXIV-V12-Q-A1:2410.13886v2,GS:GS-A1-05-003,arxiv_id,REC-00332
DE-01316,ARX:FORMAL-ARXIV-V12-Q-A1:2410.02907v2,GS:GS-A1-05-007,arxiv_id,REC-00336
DE-01317,ARX:FORMAL-ARXIV-V12-Q-A1:2410.00689v2,GS:GS-A1-05-080,arxiv_id,REC-00403
DE-01318,ARX:FORMAL-ARXIV-V12-Q-A1:2409.08264v2,GS:GS-A1-04-003,arxiv_id,REC-00241
DE-01319,ARX:FORMAL-ARXIV-V12-Q-A1:2408.00203v1,GS:GS-A1-03-089,arxiv_id,REC-00232
DE-01320,ARX:FORMAL-ARXIV-V12-Q-A1:2407.09295v3,GS:GS-B2-02-011,arxiv_id,REC-01192
DE-01321,ARX:FORMAL-ARXIV-V12-Q-A1:2407.01476v4,GS:GS-A2S-03-009,arxiv_id,REC-00611
DE-01322,ARX:FORMAL-ARXIV-V12-Q-A1:2406.09187v3,GS:GS-C3-01-037,arxiv_id,REC-01929
DE-01323,ARX:FORMAL-ARXIV-V12-Q-A1:2405.20309v2,GS:GS-A1-06-090,arxiv_id,REC-00489
DE-01324,ARX:FORMAL-ARXIV-V12-Q-A1:2404.11964v1,GS:GS-A2S-01-007,arxiv_id,REC-00504
DE-01325,ARX:FORMAL-ARXIV-V12-Q-A1:2402.16965v1,GS:GS-A1-06-017,arxiv_id,REC-00434
DE-01326,ARX:FORMAL-ARXIV-V12-Q-A1:2305.08144v4,GS:GS-A3-02-096,arxiv_id,REC-00937
DE-01327,ARX:FORMAL-ARXIV-V12-Q-A2S:2607.28573v1,GS:GS-D1-01-097,arxiv_id,REC-02074
DE-01328,ARX:FORMAL-ARXIV-V12-Q-A2S:2607.15193v1,ARX:FORMAL-ARXIV-V12-Q-A1:2607.15193v1,arxiv_id,REC-02659
DE-01329,ARX:FORMAL-ARXIV-V12-Q-A2S:2606.16802v1,GS:GS-A1-01-098,arxiv_id,REC-00093
DE-01330,ARX:FORMAL-ARXIV-V12-Q-A2S:2606.16295v1,GS:GS-D3-01-099,arxiv_id,REC-02207
DE-01331,ARX:FORMAL-ARXIV-V12-Q-A2S:2605.20833v1,GS:GS-A2W-01-026,arxiv_id,REC-00710
DE-01332,ARX:FORMAL-ARXIV-V12-Q-A2S:2605.20530v2,GS:GS-B1-01-091,arxiv_id,REC-01000
DE-01333,ARX:FORMAL-ARXIV-V12-Q-A2S:2605.15040v3,GS:GS-D1-02-097,arxiv_id,REC-02082
DE-01334,ARX:FORMAL-ARXIV-V12-Q-A2S:2605.10779v1,GS:GS-D3-02-046,arxiv_id,REC-02230
DE-01335,ARX:FORMAL-ARXIV-V12-Q-A2S:2604.27996v3,GS:GS-D3-01-081,arxiv_id,REC-02202
DE-01336,ARX:FORMAL-ARXIV-V12-Q-A2S:2604.27776v1,ARX:FORMAL-ARXIV-V12-Q-A1:2604.27776v1,arxiv_id,REC-02771
DE-01337,ARX:FORMAL-ARXIV-V12-Q-A2S:2604.24441v1,GS:GS-A3-02-055,arxiv_id,REC-00922
DE-01338,ARX:FORMAL-ARXIV-V12-Q-A2S:2604.10577v2,GS:GS-A1-01-068,arxiv_id,REC-00065
DE-01339,ARX:FORMAL-ARXIV-V12-Q-A2S:2604.07429v1,GS:GS-A2S-02-026,arxiv_id,REC-00543
DE-01340,ARX:FORMAL-ARXIV-V12-Q-A2S:2604.02947v1,GS:GS-A1-01-043,arxiv_id,REC-00042
DE-01341,ARX:FORMAL-ARXIV-V12-Q-A2S:2605.18758v1,ARX:FORMAL-ARXIV-V12-Q-A1:2605.18758v1,arxiv_id,REC-02800
DE-01342,ARX:FORMAL-ARXIV-V12-Q-A2S:2603.24440v1,ARX:FORMAL-ARXIV-V12-Q-A1:2603.24440v1,arxiv_id,REC-02814
DE-01343,ARX:FORMAL-ARXIV-V12-Q-A2S:2603.22862v2,GS:GS-A2S-01-005,arxiv_id,REC-00502
DE-01344,ARX:FORMAL-ARXIV-V12-Q-A2S:2603.16777v1,GS:GS-A2S-02-069,arxiv_id,REC-00578
DE-01345,ARX:FORMAL-ARXIV-V12-Q-A2S:2603.11862v1,GS:GS-B1-01-046,arxiv_id,REC-00971
DE-01346,ARX:FORMAL-ARXIV-V12-Q-A2S:2602.13653v1,ARX:FORMAL-ARXIV-V12-Q-A1:2602.13653v1,arxiv_id,REC-02850
DE-01347,ARX:FORMAL-ARXIV-V12-Q-A2S:2602.12430v4,GS:GS-A1-01-096,arxiv_id,REC-00091
DE-01348,ARX:FORMAL-ARXIV-V12-Q-A2S:2602.05429v1,ARX:FORMAL-ARXIV-V12-Q-A1:2602.05429v1,arxiv_id,REC-02867
DE-01349,ARX:FORMAL-ARXIV-V12-Q-A2S:2512.22047v1,GS:GS-A1-03-085,arxiv_id,REC-00229
DE-01350,ARX:FORMAL-ARXIV-V12-Q-A2S:2512.08104v3,GS:GS-C2-02-062,arxiv_id,REC-01839
DE-01351,ARX:FORMAL-ARXIV-V12-Q-A2S:2510.24563v2,ARX:FORMAL-ARXIV-V12-Q-A1:2510.24563v2,arxiv_id,REC-02954
DE-01352,ARX:FORMAL-ARXIV-V12-Q-A2S:2510.19386v2,GS:GS-A1-04-006,arxiv_id,REC-00244
DE-01353,ARX:FORMAL-ARXIV-V12-Q-A2S:2510.12200v1,ARX:FORMAL-ARXIV-V12-Q-A1:2510.12200v1,arxiv_id,REC-02971
DE-01354,ARX:FORMAL-ARXIV-V12-Q-A2S:2510.11035v2,ARX:FORMAL-ARXIV-V12-Q-A1:2510.11035v2,arxiv_id,REC-02974
DE-01355,ARX:FORMAL-ARXIV-V12-Q-A2S:2510.00496v3,GS:GS-A2S-02-053,arxiv_id,REC-00564
DE-01356,ARX:FORMAL-ARXIV-V12-Q-A2S:2509.26539v1,ARX:FORMAL-ARXIV-V12-Q-A1:2509.26539v1,arxiv_id,REC-02994
DE-01357,ARX:FORMAL-ARXIV-V12-Q-A2S:2509.23738v1,ARX:FORMAL-ARXIV-V12-Q-A1:2509.23738v1,arxiv_id,REC-03002
DE-01358,ARX:FORMAL-ARXIV-V12-Q-A2S:2509.17328v1,ARX:FORMAL-ARXIV-V12-Q-A1:2509.17328v1,arxiv_id,REC-03012
DE-01359,ARX:FORMAL-ARXIV-V12-Q-A2S:2509.11067v2,GS:GS-A1-02-090,arxiv_id,REC-00154
DE-01360,ARX:FORMAL-ARXIV-V12-Q-A2S:2509.02544v2,GS:GS-A1-03-033,arxiv_id,REC-00187
DE-01361,ARX:FORMAL-ARXIV-V12-Q-A2S:2508.20096v1,GS:GS-A1-01-063,arxiv_id,REC-00061
DE-01362,ARX:FORMAL-ARXIV-V12-Q-A2S:2509.03536v1,ARX:FORMAL-ARXIV-V12-Q-A1:2509.03536v1,arxiv_id,REC-03038
DE-01363,ARX:FORMAL-ARXIV-V12-Q-A2S:2508.04482v1,GS:GS-A1-03-036,arxiv_id,REC-00189
DE-01364,ARX:FORMAL-ARXIV-V12-Q-A2S:2508.03923v3,ARX:FORMAL-ARXIV-V12-Q-A1:2508.03923v3,arxiv_id,REC-03056
DE-01365,ARX:FORMAL-ARXIV-V12-Q-A2S:2508.00935v2,GS:GS-A1-02-024,arxiv_id,REC-00106
DE-01366,ARX:FORMAL-ARXIV-V12-Q-A2S:2506.14205v2,ARX:FORMAL-ARXIV-V12-Q-A1:2506.14205v2,arxiv_id,REC-03085
DE-01367,ARX:FORMAL-ARXIV-V12-Q-A2S:2506.09373v3,ARX:FORMAL-ARXIV-V12-Q-A1:2506.09373v3,arxiv_id,REC-03088
DE-01368,ARX:FORMAL-ARXIV-V12-Q-A2S:2506.11127v3,ARX:FORMAL-ARXIV-V12-Q-A1:2506.11127v3,arxiv_id,REC-03089
DE-01369,ARX:FORMAL-ARXIV-V12-Q-A2S:2506.01391v2,ARX:FORMAL-ARXIV-V12-Q-A1:2506.01391v2,arxiv_id,REC-03099
DE-01370,ARX:FORMAL-ARXIV-V12-Q-A2S:2506.00618v3,ARX:FORMAL-ARXIV-V12-Q-A1:2506.00618v3,arxiv_id,REC-03100
DE-01371,ARX:FORMAL-ARXIV-V12-Q-A2S:2505.23596v3,ARX:FORMAL-ARXIV-V12-Q-A1:2505.23596v3,arxiv_id,REC-03103
DE-01372,ARX:FORMAL-ARXIV-V12-Q-A2S:2505.19897v3,ARX:FORMAL-ARXIV-V12-Q-A1:2505.19897v3,arxiv_id,REC-03111
DE-01373,ARX:FORMAL-ARXIV-V12-Q-A2S:2505.18829v2,GS:GS-A1-01-005,arxiv_id,REC-00005
DE-01374,ARX:FORMAL-ARXIV-V12-Q-A2S:2505.11942v3,GS:GS-A2W-01-054,arxiv_id,REC-00722
DE-01375,ARX:FORMAL-ARXIV-V12-Q-A2S:2503.15661v2,GS:GS-A3-02-053,arxiv_id,REC-00921
DE-01376,ARX:FORMAL-ARXIV-V12-Q-A2S:2502.08226v2,ARX:FORMAL-ARXIV-V12-Q-A1:2502.08226v2,arxiv_id,REC-03171
DE-01377,ARX:FORMAL-ARXIV-V12-Q-A2S:2411.18279v12,GS:GS-A1-03-002,arxiv_id,REC-00163
DE-01378,ARX:FORMAL-ARXIV-V12-Q-A2S:2410.08164v1,ARX:FORMAL-ARXIV-V12-Q-A1:2410.08164v1,arxiv_id,REC-03208
DE-01379,ARX:FORMAL-ARXIV-V12-Q-A2S:2408.11824v4,GS:GS-A2S-02-057,arxiv_id,REC-00567
DE-01380,ARX:FORMAL-ARXIV-V12-Q-A2S:2406.08184v1,GS:GS-A2W-01-020,arxiv_id,REC-00707
DE-01381,ARX:FORMAL-ARXIV-V12-Q-A2S:2402.17553v3,ARX:FORMAL-ARXIV-V12-Q-A1:2402.17553v3,arxiv_id,REC-03253
DE-01382,ARX:FORMAL-ARXIV-V12-Q-A2S:2402.11941v3,ARX:FORMAL-ARXIV-V12-Q-A1:2402.11941v3,arxiv_id,REC-03255
DE-01383,ARX:FORMAL-ARXIV-V12-Q-A2S:2402.07945v1,GS:GS-A2S-01-001,arxiv_id,REC-00499
DE-01384,ARX:FORMAL-ARXIV-V12-Q-A2S:2305.08144v4,GS:GS-A3-02-096,arxiv_id,REC-00937
DE-01385,ARX:FORMAL-ARXIV-V12-Q-A2W:2607.28165v2,GS:GS-B1-03-020,arxiv_id,REC-01112
DE-01386,ARX:FORMAL-ARXIV-V12-Q-A2W:2607.18659v1,GS:GS-A1-06-092,arxiv_id,REC-00490
DE-01387,ARX:FORMAL-ARXIV-V12-Q-A2W:2607.05775v1,GS:GS-D3-02-080,arxiv_id,REC-02250
DE-01388,ARX:FORMAL-ARXIV-V12-Q-A2W:2606.30119v1,GS:GS-A1-06-021,arxiv_id,REC-00438
DE-01389,ARX:FORMAL-ARXIV-V12-Q-A2W:2606.20717v1,GS:GS-B2-01-006,arxiv_id,REC-01119
DE-01390,ARX:FORMAL-ARXIV-V12-Q-A2W:2606.16802v1,GS:GS-A1-01-098,arxiv_id,REC-00093
DE-01391,ARX:FORMAL-ARXIV-V12-Q-A2W:2606.02208v1,ARX:FORMAL-ARXIV-V12-Q-A1:2606.02208v1,arxiv_id,REC-02716
DE-01392,ARX:FORMAL-ARXIV-V12-Q-A2W:2605.20833v1,GS:GS-A2W-01-026,arxiv_id,REC-00710
DE-01393,ARX:FORMAL-ARXIV-V12-Q-A2W:2605.20530v2,GS:GS-B1-01-091,arxiv_id,REC-01000
DE-01394,ARX:FORMAL-ARXIV-V12-Q-A2W:2605.15777v2,GS:GS-A1-02-076,arxiv_id,REC-00144
DE-01395,ARX:FORMAL-ARXIV-V12-Q-A2W:2605.14290v1,ARX:FORMAL-ARXIV-V12-Q-A1:2605.14290v1,arxiv_id,REC-02747
DE-01396,ARX:FORMAL-ARXIV-V12-Q-A2W:2605.06761v1,ARX:FORMAL-ARXIV-V12-Q-A1:2605.06761v1,arxiv_id,REC-02761
DE-01397,ARX:FORMAL-ARXIV-V12-Q-A2W:2607.00007v2,GS:GS-A1-05-055,arxiv_id,REC-00380
DE-01398,ARX:FORMAL-ARXIV-V12-Q-A2W:2604.23455v2,GS:GS-A2W-01-035,arxiv_id,REC-00712
DE-01399,ARX:FORMAL-ARXIV-V12-Q-A2W:2604.07429v1,GS:GS-A2S-02-026,arxiv_id,REC-00543
DE-01400,ARX:FORMAL-ARXIV-V12-Q-A2W:2605.18758v1,ARX:FORMAL-ARXIV-V12-Q-A1:2605.18758v1,arxiv_id,REC-02800
DE-01401,ARX:FORMAL-ARXIV-V12-Q-A2W:2604.00694v1,GS:GS-A1-05-088,arxiv_id,REC-00411
DE-01402,ARX:FORMAL-ARXIV-V12-Q-A2W:2603.26221v1,GS:GS-C1-01-072,arxiv_id,REC-01615
DE-01403,ARX:FORMAL-ARXIV-V12-Q-A2W:2603.19685v1,ARX:FORMAL-ARXIV-V12-Q-A2S:2603.19685v1,arxiv_id,REC-03292
DE-01404,ARX:FORMAL-ARXIV-V12-Q-A2W:2603.10268v1,GS:GS-A2W-03-079,arxiv_id,REC-00873
DE-01405,ARX:FORMAL-ARXIV-V12-Q-A2W:2602.20867v1,GS:GS-C3-01-050,arxiv_id,REC-01938
DE-01406,ARX:FORMAL-ARXIV-V12-Q-A2W:2602.14083v1,GS:GS-A3-03-058,arxiv_id,REC-00944
DE-01407,ARX:FORMAL-ARXIV-V12-Q-A2W:2601.22770v2,ARX:FORMAL-ARXIV-V12-Q-A1:2601.22770v2,arxiv_id,REC-02875
DE-01408,ARX:FORMAL-ARXIV-V12-Q-A2W:2601.17418v1,ARX:FORMAL-ARXIV-V12-Q-A1:2601.17418v1,arxiv_id,REC-02887
DE-01409,ARX:FORMAL-ARXIV-V12-Q-A2W:2601.12560v1,GS:GS-A2S-03-005,arxiv_id,REC-00608
DE-01410,ARX:FORMAL-ARXIV-V12-Q-A2W:2601.08406v1,ARX:FORMAL-ARXIV-V12-Q-A1:2601.08406v1,arxiv_id,REC-02895
DE-01411,ARX:FORMAL-ARXIV-V12-Q-A2W:2601.07262v3,ARX:FORMAL-ARXIV-V12-Q-A1:2601.07262v3,arxiv_id,REC-02898
DE-01412,ARX:FORMAL-ARXIV-V12-Q-A2W:2601.02399v1,ARX:FORMAL-ARXIV-V12-Q-A2S:2601.02399v1,arxiv_id,REC-03296
DE-01413,ARX:FORMAL-ARXIV-V12-Q-A2W:2512.23044v2,GS:GS-A1-05-030,arxiv_id,REC-00357
DE-01414,ARX:FORMAL-ARXIV-V12-Q-A2W:2512.13438v1,GS:GS-A2W-01-062,arxiv_id,REC-00724
DE-01415,ARX:FORMAL-ARXIV-V12-Q-A2W:2512.12692v1,GS:GS-A1-06-062,arxiv_id,REC-00467
DE-01416,ARX:FORMAL-ARXIV-V12-Q-A2W:2512.04307v1,GS:GS-A1-06-036,arxiv_id,REC-00450
DE-01417,ARX:FORMAL-ARXIV-V12-Q-A2W:2511.12997v2,ARX:FORMAL-ARXIV-V12-Q-A1:2511.12997v2,arxiv_id,REC-02938
DE-01418,ARX:FORMAL-ARXIV-V12-Q-A2W:2511.02399v3,GS:GS-A2W-03-086,arxiv_id,REC-00880
DE-01419,ARX:FORMAL-ARXIV-V12-Q-A2W:2510.22732v2,GS:GS-A1-06-009,arxiv_id,REC-00429
DE-01420,ARX:FORMAL-ARXIV-V12-Q-A2W:2510.20333v3,ARX:FORMAL-ARXIV-V12-Q-A2S:2510.20333v3,arxiv_id,REC-03299
DE-01421,ARX:FORMAL-ARXIV-V12-Q-A2W:2510.19838v2,ARX:FORMAL-ARXIV-V12-Q-A1:2510.19838v2,arxiv_id,REC-02966
DE-01422,ARX:FORMAL-ARXIV-V12-Q-A2W:2510.13543v1,GS:GS-B1-02-074,arxiv_id,REC-01076
DE-01423,ARX:FORMAL-ARXIV-V12-Q-A2W:2510.02418v2,GS:GS-A1-05-006,arxiv_id,REC-00335
DE-01424,ARX:FORMAL-ARXIV-V12-Q-A2W:2510.03285v1,GS:GS-A1-06-007,arxiv_id,REC-00427
DE-01425,ARX:FORMAL-ARXIV-V12-Q-A2W:2509.09321v1,ARX:FORMAL-ARXIV-V12-Q-A1:2509.09321v1,arxiv_id,REC-03025
DE-01426,ARX:FORMAL-ARXIV-V12-Q-A2W:2509.00625v2,GS:GS-A1-05-082,arxiv_id,REC-00405
DE-01427,ARX:FORMAL-ARXIV-V12-Q-A2W:2508.15144v2,GS:GS-A1-03-003,arxiv_id,REC-00164
DE-01428,ARX:FORMAL-ARXIV-V12-Q-A2W:2508.11360v2,ARX:FORMAL-ARXIV-V12-Q-A2S:2508.11360v2,arxiv_id,REC-03302
DE-01429,ARX:FORMAL-ARXIV-V12-Q-A2W:2508.04026v2,ARX:FORMAL-ARXIV-V12-Q-A1:2508.04026v2,arxiv_id,REC-03054
DE-01430,ARX:FORMAL-ARXIV-V12-Q-A2W:2507.23773v3,ARX:FORMAL-ARXIV-V12-Q-A1:2507.23773v3,arxiv_id,REC-03059
DE-01431,ARX:FORMAL-ARXIV-V12-Q-A2W:2507.14799v1,GS:GS-A1-06-011,arxiv_id,REC-00430
DE-01432,ARX:FORMAL-ARXIV-V12-Q-A2W:2506.14866v2,ARX:FORMAL-ARXIV-V12-Q-A1:2506.14866v2,arxiv_id,REC-03083
DE-01433,ARX:FORMAL-ARXIV-V12-Q-A2W:2506.08136v3,ARX:FORMAL-ARXIV-V12-Q-A1:2506.08136v3,arxiv_id,REC-03090
DE-01434,ARX:FORMAL-ARXIV-V12-Q-A2W:2507.21071v2,GS:GS-A2W-03-005,arxiv_id,REC-00819
DE-01435,ARX:FORMAL-ARXIV-V12-Q-A2W:2505.24878v1,ARX:FORMAL-ARXIV-V12-Q-A1:2505.24878v1,arxiv_id,REC-03101
DE-01436,ARX:FORMAL-ARXIV-V12-Q-A2W:2505.22942v2,ARX:FORMAL-ARXIV-V12-Q-A1:2505.22942v2,arxiv_id,REC-03104
DE-01437,ARX:FORMAL-ARXIV-V12-Q-A2W:2505.21055v1,GS:GS-A2S-03-080,arxiv_id,REC-00678
DE-01438,ARX:FORMAL-ARXIV-V12-Q-A2W:2505.12981v2,GS:GS-A2W-03-014,arxiv_id,REC-00822
DE-01439,ARX:FORMAL-ARXIV-V12-Q-A2W:2505.11891v3,GS:GS-A2W-03-082,arxiv_id,REC-00876
DE-01440,ARX:FORMAL-ARXIV-V12-Q-A2W:2505.10924v4,GS:GS-A1-02-028,arxiv_id,REC-00108
DE-01441,ARX:FORMAL-ARXIV-V12-Q-A2W:2503.02268v3,ARX:FORMAL-ARXIV-V12-Q-A1:2503.02268v3,arxiv_id,REC-03163
DE-01442,ARX:FORMAL-ARXIV-V12-Q-A2W:2502.14282v2,GS:GS-A1-03-072,arxiv_id,REC-00218
DE-01443,ARX:FORMAL-ARXIV-V12-Q-A2W:2502.13053v3,ARX:FORMAL-ARXIV-V12-Q-A2S:2502.13053v3,arxiv_id,REC-03308
DE-01444,ARX:FORMAL-ARXIV-V12-Q-A2W:2502.07942v2,GS:GS-A2W-01-088,arxiv_id,REC-00741
DE-01445,ARX:FORMAL-ARXIV-V12-Q-A2W:2411.18279v12,GS:GS-A1-03-002,arxiv_id,REC-00163
DE-01446,ARX:FORMAL-ARXIV-V12-Q-A2W:2410.24024v2,ARX:FORMAL-ARXIV-V12-Q-A1:2410.24024v2,arxiv_id,REC-03192
DE-01447,ARX:FORMAL-ARXIV-V12-Q-A2W:2410.22552v1,ARX:FORMAL-ARXIV-V12-Q-A1:2410.22552v1,arxiv_id,REC-03195
DE-01448,ARX:FORMAL-ARXIV-V12-Q-A2W:2410.15164v3,ARX:FORMAL-ARXIV-V12-Q-A1:2410.15164v3,arxiv_id,REC-03203
DE-01449,ARX:FORMAL-ARXIV-V12-Q-A2W:2410.11872v2,ARX:FORMAL-ARXIV-V12-Q-A2S:2410.11872v2,arxiv_id,REC-03316
DE-01450,ARX:FORMAL-ARXIV-V12-Q-A2W:2409.11295v5,ARX:FORMAL-ARXIV-V12-Q-A1:2409.11295v5,arxiv_id,REC-03212
DE-01451,ARX:FORMAL-ARXIV-V12-Q-A2W:2408.15978v1,ARX:FORMAL-ARXIV-V12-Q-A1:2408.15978v1,arxiv_id,REC-03217
DE-01452,ARX:FORMAL-ARXIV-V12-Q-A2W:2407.01476v4,GS:GS-A2S-03-009,arxiv_id,REC-00611
DE-01453,ARX:FORMAL-ARXIV-V12-Q-A2W:2406.12373v3,ARX:FORMAL-ARXIV-V12-Q-A1:2406.12373v3,arxiv_id,REC-03227
DE-01454,ARX:FORMAL-ARXIV-V12-Q-A2W:2405.14573v5,ARX:FORMAL-ARXIV-V12-Q-A1:2405.14573v5,arxiv_id,REC-03232
DE-01455,ARX:FORMAL-ARXIV-V12-Q-A2W:2404.11964v1,GS:GS-A2S-01-007,arxiv_id,REC-00504
DE-01456,ARX:FORMAL-ARXIV-V12-Q-A2W:2402.15057v1,ARX:FORMAL-ARXIV-V12-Q-A1:2402.15057v1,arxiv_id,REC-03254
DE-01457,ARX:FORMAL-ARXIV-V12-Q-A2W:2402.11941v3,ARX:FORMAL-ARXIV-V12-Q-A1:2402.11941v3,arxiv_id,REC-03255
DE-01458,ARX:FORMAL-ARXIV-V12-Q-A2W:2402.06596v1,ARX:FORMAL-ARXIV-V12-Q-A2S:2402.06596v1,arxiv_id,REC-03321
DE-01459,ARX:FORMAL-ARXIV-V12-Q-A2W:2312.13108v2,ARX:FORMAL-ARXIV-V12-Q-A2S:2312.13108v2,arxiv_id,REC-03323
DE-01460,ARX:FORMAL-ARXIV-V12-Q-A2W:2312.08914v3,ARX:FORMAL-ARXIV-V12-Q-A1:2312.08914v3,arxiv_id,REC-03265
DE-01461,ARX:FORMAL-ARXIV-V12-Q-A2W:2311.08649v1,GS:GS-A2W-03-050,arxiv_id,REC-00851
DE-01462,ARX:FORMAL-ARXIV-V12-Q-A2W:2305.11854v4,ARX:FORMAL-ARXIV-V12-Q-A1:2305.11854v4,arxiv_id,REC-03282
DE-01463,ARX:FORMAL-ARXIV-V12-Q-A2W:2305.08144v4,GS:GS-A3-02-096,arxiv_id,REC-00937
DE-01464,ARX:FORMAL-ARXIV-V12-Q-A3:2608.02643v1,ARX:FORMAL-ARXIV-V12-Q-A1:2608.02643v1,arxiv_id,REC-02649
DE-01465,ARX:FORMAL-ARXIV-V12-Q-A3:2607.29199v1,GS:GS-B2-02-073,arxiv_id,REC-01210
DE-01466,ARX:FORMAL-ARXIV-V12-Q-A3:2607.28609v2,GS:GS-A1-02-086,arxiv_id,REC-00151
DE-01467,ARX:FORMAL-ARXIV-V12-Q-A3:2607.28573v1,GS:GS-D1-01-097,arxiv_id,REC-02074
DE-01468,ARX:FORMAL-ARXIV-V12-Q-A3:2607.28399v1,ARX:FORMAL-ARXIV-V12-Q-A1:2607.28399v1,arxiv_id,REC-02651
DE-01469,ARX:FORMAL-ARXIV-V12-Q-A3:2607.28367v1,GS:GS-A1-01-045,arxiv_id,REC-00044
DE-01470,ARX:FORMAL-ARXIV-V12-Q-A3:2607.28227v1,GS:GS-A1-03-078,arxiv_id,REC-00223
DE-01471,ARX:FORMAL-ARXIV-V12-Q-A3:2607.28074v1,GS:GS-A1-01-100,arxiv_id,REC-00095
DE-01472,ARX:FORMAL-ARXIV-V12-Q-A3:2607.26041v2,GS:GS-B2-03-077,arxiv_id,REC-01228
DE-01473,ARX:FORMAL-ARXIV-V12-Q-A3:2607.25904v2,GS:GS-A3-02-031,arxiv_id,REC-00910
DE-01474,ARX:FORMAL-ARXIV-V12-Q-A3:2607.25255v2,ARX:FORMAL-ARXIV-V12-Q-A1:2607.25255v2,arxiv_id,REC-02652
DE-01475,ARX:FORMAL-ARXIV-V12-Q-A3:2607.24167v1,ARX:FORMAL-ARXIV-V12-Q-A1:2607.24167v1,arxiv_id,REC-02653
DE-01476,ARX:FORMAL-ARXIV-V12-Q-A3:2607.24112v1,ARX:FORMAL-ARXIV-V12-Q-A1:2607.24112v1,arxiv_id,REC-02654
DE-01477,ARX:FORMAL-ARXIV-V12-Q-A3:2607.23263v1,GS:GS-A3-01-087,arxiv_id,REC-00899
DE-01478,ARX:FORMAL-ARXIV-V12-Q-A3:2607.22798v1,GS:GS-A1-01-089,arxiv_id,REC-00085
DE-01479,ARX:FORMAL-ARXIV-V12-Q-A3:2607.21557v3,GS:GS-D1-02-099,arxiv_id,REC-02083
DE-01480,ARX:FORMAL-ARXIV-V12-Q-A3:2607.18046v1,ARX:FORMAL-ARXIV-V12-Q-A1:2607.18046v1,arxiv_id,REC-02655
DE-01481,ARX:FORMAL-ARXIV-V12-Q-A3:2607.17527v1,GS:GS-A1-01-067,arxiv_id,REC-00064
DE-01482,ARX:FORMAL-ARXIV-V12-Q-A3:2607.17136v1,ARX:FORMAL-ARXIV-V12-Q-A1:2607.17136v1,arxiv_id,REC-02656
DE-01483,ARX:FORMAL-ARXIV-V12-Q-A3:2607.17050v1,ARX:FORMAL-ARXIV-V12-Q-A1:2607.17050v1,arxiv_id,REC-02657
DE-01484,ARX:FORMAL-ARXIV-V12-Q-A3:2607.22689v1,ARX:FORMAL-ARXIV-V12-Q-A1:2607.22689v1,arxiv_id,REC-02658
DE-01485,ARX:FORMAL-ARXIV-V12-Q-A3:2607.15193v1,ARX:FORMAL-ARXIV-V12-Q-A1:2607.15193v1,arxiv_id,REC-02659
DE-01486,ARX:FORMAL-ARXIV-V12-Q-A3:2607.14548v1,ARX:FORMAL-ARXIV-V12-Q-A1:2607.14548v1,arxiv_id,REC-02661
DE-01487,ARX:FORMAL-ARXIV-V12-Q-A3:2607.14443v1,GS:GS-A1-02-017,arxiv_id,REC-00103
DE-01488,ARX:FORMAL-ARXIV-V12-Q-A3:2607.12056v1,ARX:FORMAL-ARXIV-V12-Q-A1:2607.12056v1,arxiv_id,REC-02663
DE-01489,ARX:FORMAL-ARXIV-V12-Q-A3:2607.11119v1,GS:GS-D3-01-047,arxiv_id,REC-02195
DE-01490,ARX:FORMAL-ARXIV-V12-Q-A3:2607.10079v3,ARX:FORMAL-ARXIV-V12-Q-A1:2607.10079v3,arxiv_id,REC-02665
DE-01491,ARX:FORMAL-ARXIV-V12-Q-A3:2607.07820v2,ARX:FORMAL-ARXIV-V12-Q-A1:2607.07820v2,arxiv_id,REC-02667
DE-01492,ARX:FORMAL-ARXIV-V12-Q-A3:2607.09773v1,GS:GS-D3-01-059,arxiv_id,REC-02198
DE-01493,ARX:FORMAL-ARXIV-V12-Q-A3:2607.06118v1,GS:GS-A1-06-020,arxiv_id,REC-00437
DE-01494,ARX:FORMAL-ARXIV-V12-Q-A3:2607.04334v2,GS:GS-B2-01-100,arxiv_id,REC-01186
DE-01495,ARX:FORMAL-ARXIV-V12-Q-A3:2607.00502v1,ARX:FORMAL-ARXIV-V12-Q-A1:2607.00502v1,arxiv_id,REC-02671
DE-01496,ARX:FORMAL-ARXIV-V12-Q-A3:2606.31612v2,ARX:FORMAL-ARXIV-V12-Q-A1:2606.31612v2,arxiv_id,REC-02675
DE-01497,ARX:FORMAL-ARXIV-V12-Q-A3:2606.31410v2,ARX:FORMAL-ARXIV-V12-Q-A1:2606.31410v2,arxiv_id,REC-02676
DE-01498,ARX:FORMAL-ARXIV-V12-Q-A3:2606.31270v1,GS:GS-A1-01-095,arxiv_id,REC-00090
DE-01499,ARX:FORMAL-ARXIV-V12-Q-A3:2606.31154v1,GS:GS-A3-01-043,arxiv_id,REC-00893
DE-01500,ARX:FORMAL-ARXIV-V12-Q-A3:2606.30294v1,GS:GS-A1-05-097,arxiv_id,REC-00420
DE-01501,ARX:FORMAL-ARXIV-V12-Q-A3:2606.30697v1,ARX:FORMAL-ARXIV-V12-Q-A1:2606.30697v1,arxiv_id,REC-02677
DE-01502,ARX:FORMAL-ARXIV-V12-Q-A3:2606.29537v2,GS:GS-A1-01-062,arxiv_id,REC-00060
DE-01503,ARX:FORMAL-ARXIV-V12-Q-A3:2606.29445v1,ARX:FORMAL-ARXIV-V12-Q-A1:2606.29445v1,arxiv_id,REC-02678
DE-01504,ARX:FORMAL-ARXIV-V12-Q-A3:2606.28480v1,ARX:FORMAL-ARXIV-V12-Q-A1:2606.28480v1,arxiv_id,REC-02679
DE-01505,ARX:FORMAL-ARXIV-V12-Q-A3:2606.27595v1,ARX:FORMAL-ARXIV-V12-Q-A1:2606.27595v1,arxiv_id,REC-02680
DE-01506,ARX:FORMAL-ARXIV-V12-Q-A3:2606.27330v1,ARX:FORMAL-ARXIV-V12-Q-A1:2606.27330v1,arxiv_id,REC-02681
DE-01507,ARX:FORMAL-ARXIV-V12-Q-A3:2606.25760v1,ARX:FORMAL-ARXIV-V12-Q-A1:2606.25760v1,arxiv_id,REC-02682
DE-01508,ARX:FORMAL-ARXIV-V12-Q-A3:2606.25705v1,GS:GS-A1-03-037,arxiv_id,REC-00190
DE-01509,ARX:FORMAL-ARXIV-V12-Q-A3:2606.24525v1,ARX:FORMAL-ARXIV-V12-Q-A1:2606.24525v1,arxiv_id,REC-02683
DE-01510,ARX:FORMAL-ARXIV-V12-Q-A3:2606.24515v1,GS:GS-A1-01-053,arxiv_id,REC-00051
DE-01511,ARX:FORMAL-ARXIV-V12-Q-A3:2606.24551v1,GS:GS-A1-03-035,arxiv_id,REC-00188
DE-01512,ARX:FORMAL-ARXIV-V12-Q-A3:2606.23449v1,GS:GS-A1-04-008,arxiv_id,REC-00246
DE-01513,ARX:FORMAL-ARXIV-V12-Q-A3:2606.22948v1,ARX:FORMAL-ARXIV-V12-Q-A1:2606.22948v1,arxiv_id,REC-02684
DE-01514,ARX:FORMAL-ARXIV-V12-Q-A3:2606.22864v1,GS:GS-B1-01-022,arxiv_id,REC-00963
DE-01515,ARX:FORMAL-ARXIV-V12-Q-A3:2606.22557v1,GS:GS-A1-01-084,arxiv_id,REC-00080
DE-01516,ARX:FORMAL-ARXIV-V12-Q-A3:2606.21654v1,ARX:FORMAL-ARXIV-V12-Q-A1:2606.21654v1,arxiv_id,REC-02685
DE-01517,ARX:FORMAL-ARXIV-V12-Q-A3:2606.20910v1,GS:GS-A1-06-098,arxiv_id,REC-00496
DE-01518,ARX:FORMAL-ARXIV-V12-Q-A3:2606.20785v2,GS:GS-A1-01-056,arxiv_id,REC-00054
DE-01519,ARX:FORMAL-ARXIV-V12-Q-A3:2606.20363v1,GS:GS-A1-02-056,arxiv_id,REC-00129
DE-01520,ARX:FORMAL-ARXIV-V12-Q-A3:2606.19930v2,ARX:FORMAL-ARXIV-V12-Q-A1:2606.19930v2,arxiv_id,REC-02686
DE-01521,ARX:FORMAL-ARXIV-V12-Q-A3:2606.19926v1,ARX:FORMAL-ARXIV-V12-Q-A1:2606.19926v1,arxiv_id,REC-02687
DE-01522,ARX:FORMAL-ARXIV-V12-Q-A3:2606.18671v1,ARX:FORMAL-ARXIV-V12-Q-A1:2606.18671v1,arxiv_id,REC-02689
DE-01523,ARX:FORMAL-ARXIV-V12-Q-A3:2606.20724v2,ARX:FORMAL-ARXIV-V12-Q-A1:2606.20724v2,arxiv_id,REC-02690
DE-01524,ARX:FORMAL-ARXIV-V12-Q-A3:2606.18448v1,GS:GS-A1-01-015,arxiv_id,REC-00015
DE-01525,ARX:FORMAL-ARXIV-V12-Q-A3:2606.20717v1,GS:GS-B2-01-006,arxiv_id,REC-01119
DE-01526,ARX:FORMAL-ARXIV-V12-Q-A3:2606.17929v1,GS:GS-A1-02-041,arxiv_id,REC-00116
DE-01527,ARX:FORMAL-ARXIV-V12-Q-A3:2606.17645v1,ARX:FORMAL-ARXIV-V12-Q-A1:2606.17645v1,arxiv_id,REC-02691
DE-01528,ARX:FORMAL-ARXIV-V12-Q-A3:2606.16802v1,GS:GS-A1-01-098,arxiv_id,REC-00093
DE-01529,ARX:FORMAL-ARXIV-V12-Q-A3:2606.16748v1,GS:GS-A1-01-075,arxiv_id,REC-00072
DE-01530,ARX:FORMAL-ARXIV-V12-Q-A3:2606.16659v1,GS:GS-A1-05-091,arxiv_id,REC-00414
DE-01531,ARX:FORMAL-ARXIV-V12-Q-A3:2606.16295v1,GS:GS-D3-01-099,arxiv_id,REC-02207
DE-01532,ARX:FORMAL-ARXIV-V12-Q-A3:2606.15874v2,ARX:FORMAL-ARXIV-V12-Q-A1:2606.15874v2,arxiv_id,REC-02693
DE-01533,ARX:FORMAL-ARXIV-V12-Q-A3:2606.15034v1,ARX:FORMAL-ARXIV-V12-Q-A1:2606.15034v1,arxiv_id,REC-02694
DE-01534,ARX:FORMAL-ARXIV-V12-Q-A3:2606.14106v1,GS:GS-A3-02-033,arxiv_id,REC-00911
DE-01535,ARX:FORMAL-ARXIV-V12-Q-A3:2606.13385v2,ARX:FORMAL-ARXIV-V12-Q-A1:2606.13385v2,arxiv_id,REC-02696
DE-01536,ARX:FORMAL-ARXIV-V12-Q-A3:2606.13239v2,ARX:FORMAL-ARXIV-V12-Q-A1:2606.13239v2,arxiv_id,REC-02697
DE-01537,ARX:FORMAL-ARXIV-V12-Q-A3:2606.13192v1,ARX:FORMAL-ARXIV-V12-Q-A1:2606.13192v1,arxiv_id,REC-02698
DE-01538,ARX:FORMAL-ARXIV-V12-Q-A3:2606.11078v1,GS:GS-D1-02-062,arxiv_id,REC-02078
DE-01539,ARX:FORMAL-ARXIV-V12-Q-A3:2606.11042v4,ARX:FORMAL-ARXIV-V12-Q-A1:2606.11042v4,arxiv_id,REC-02702
DE-01540,ARX:FORMAL-ARXIV-V12-Q-A3:2606.10742v1,GS:GS-C1-01-013,arxiv_id,REC-01565
DE-01541,ARX:FORMAL-ARXIV-V12-Q-A3:2606.10522v2,ARX:FORMAL-ARXIV-V12-Q-A1:2606.10522v2,arxiv_id,REC-02703
DE-01542,ARX:FORMAL-ARXIV-V12-Q-A3:2606.10423v1,GS:GS-A1-06-022,arxiv_id,REC-00439
DE-01543,ARX:FORMAL-ARXIV-V12-Q-A3:2606.09447v1,ARX:FORMAL-ARXIV-V12-Q-A1:2606.09447v1,arxiv_id,REC-02704
DE-01544,ARX:FORMAL-ARXIV-V12-Q-A3:2606.09426v3,GS:GS-A1-01-066,arxiv_id,REC-00063
DE-01545,ARX:FORMAL-ARXIV-V12-Q-A3:2606.09399v1,GS:GS-A1-05-015,arxiv_id,REC-00342
DE-01546,ARX:FORMAL-ARXIV-V12-Q-A3:2606.07074v1,ARX:FORMAL-ARXIV-V12-Q-A1:2606.07074v1,arxiv_id,REC-02705
DE-01547,ARX:FORMAL-ARXIV-V12-Q-A3:2606.07027v2,ARX:FORMAL-ARXIV-V12-Q-A1:2606.07027v2,arxiv_id,REC-02706
DE-01548,ARX:FORMAL-ARXIV-V12-Q-A3:2606.06708v2,ARX:FORMAL-ARXIV-V12-Q-A1:2606.06708v2,arxiv_id,REC-02707
DE-01549,ARX:FORMAL-ARXIV-V12-Q-A3:2606.06322v1,ARX:FORMAL-ARXIV-V12-Q-A1:2606.06322v1,arxiv_id,REC-02708
DE-01550,ARX:FORMAL-ARXIV-V12-Q-A3:2606.06560v1,ARX:FORMAL-ARXIV-V12-Q-A1:2606.06560v1,arxiv_id,REC-02709
DE-01551,ARX:FORMAL-ARXIV-V12-Q-A3:2606.05342v2,ARX:FORMAL-ARXIV-V12-Q-A1:2606.05342v2,arxiv_id,REC-02711
DE-01552,ARX:FORMAL-ARXIV-V12-Q-A3:2606.04701v1,ARX:FORMAL-ARXIV-V12-Q-A1:2606.04701v1,arxiv_id,REC-02712
DE-01553,ARX:FORMAL-ARXIV-V12-Q-A3:2606.05233v1,GS:GS-A1-02-040,arxiv_id,REC-00115
DE-01554,ARX:FORMAL-ARXIV-V12-Q-A3:2606.03951v1,ARX:FORMAL-ARXIV-V12-Q-A1:2606.03951v1,arxiv_id,REC-02714
DE-01555,ARX:FORMAL-ARXIV-V12-Q-A3:2606.20636v1,GS:GS-B2-02-095,arxiv_id,REC-01222
DE-01556,ARX:FORMAL-ARXIV-V12-Q-A3:2606.03203v1,GS:GS-A3-01-057,arxiv_id,REC-00896
DE-01557,ARX:FORMAL-ARXIV-V12-Q-A3:2606.02208v1,ARX:FORMAL-ARXIV-V12-Q-A1:2606.02208v1,arxiv_id,REC-02716
DE-01558,ARX:FORMAL-ARXIV-V12-Q-A3:2606.02031v2,GS:GS-A1-05-064,arxiv_id,REC-00389
DE-01559,ARX:FORMAL-ARXIV-V12-Q-A3:2606.01790v1,ARX:FORMAL-ARXIV-V12-Q-A1:2606.01790v1,arxiv_id,REC-02717
DE-01560,ARX:FORMAL-ARXIV-V12-Q-A3:2606.01533v1,GS:GS-A1-01-014,arxiv_id,REC-00014
DE-01561,ARX:FORMAL-ARXIV-V12-Q-A3:2606.01166v2,GS:GS-A1-01-072,arxiv_id,REC-00069
DE-01562,ARX:FORMAL-ARXIV-V12-Q-A3:2607.20482v2,GS:GS-A2W-01-081,arxiv_id,REC-00735
DE-01563,ARX:FORMAL-ARXIV-V12-Q-A3:2606.00497v1,ARX:FORMAL-ARXIV-V12-Q-A1:2606.00497v1,arxiv_id,REC-02718
DE-01564,ARX:FORMAL-ARXIV-V12-Q-A3:2606.00408v1,ARX:FORMAL-ARXIV-V12-Q-A1:2606.00408v1,arxiv_id,REC-02719
DE-01565,ARX:FORMAL-ARXIV-V12-Q-A3:2605.29927v1,ARX:FORMAL-ARXIV-V12-Q-A1:2605.29927v1,arxiv_id,REC-02721
DE-01566,ARX:FORMAL-ARXIV-V12-Q-A3:2605.29615v1,ARX:FORMAL-ARXIV-V12-Q-A1:2605.29615v1,arxiv_id,REC-02722
DE-01567,ARX:FORMAL-ARXIV-V12-Q-A3:2605.29534v1,ARX:FORMAL-ARXIV-V12-Q-A1:2605.29534v1,arxiv_id,REC-02723
DE-01568,ARX:FORMAL-ARXIV-V12-Q-A3:2605.29447v1,ARX:FORMAL-ARXIV-V12-Q-A1:2605.29447v1,arxiv_id,REC-02724
DE-01569,ARX:FORMAL-ARXIV-V12-Q-A3:2605.29397v1,ARX:FORMAL-ARXIV-V12-Q-A1:2605.29397v1,arxiv_id,REC-02725
DE-01570,ARX:FORMAL-ARXIV-V12-Q-A3:2605.29324v1,ARX:FORMAL-ARXIV-V12-Q-A1:2605.29324v1,arxiv_id,REC-02726
DE-01571,ARX:FORMAL-ARXIV-V12-Q-A3:2605.29218v1,ARX:FORMAL-ARXIV-V12-Q-A1:2605.29218v1,arxiv_id,REC-02727
DE-01572,ARX:FORMAL-ARXIV-V12-Q-A3:2605.29119v1,GS:GS-D3-01-089,arxiv_id,REC-02204
DE-01573,ARX:FORMAL-ARXIV-V12-Q-A3:2605.28646v2,GS:GS-B2-02-067,arxiv_id,REC-01207
DE-01574,ARX:FORMAL-ARXIV-V12-Q-A3:2605.28534v1,ARX:FORMAL-ARXIV-V12-Q-A1:2605.28534v1,arxiv_id,REC-02728
DE-01575,ARX:FORMAL-ARXIV-V12-Q-A3:2605.28116v1,GS:GS-B2-01-029,arxiv_id,REC-01133
DE-01576,ARX:FORMAL-ARXIV-V12-Q-A3:2605.27761v1,GS:GS-A3-02-037,arxiv_id,REC-00913
DE-01577,ARX:FORMAL-ARXIV-V12-Q-A3:2605.26994v2,ARX:FORMAL-ARXIV-V12-Q-A1:2605.26994v2,arxiv_id,REC-02731
DE-01578,ARX:FORMAL-ARXIV-V12-Q-A3:2605.26546v1,ARX:FORMAL-ARXIV-V12-Q-A1:2605.26546v1,arxiv_id,REC-02732
DE-01579,ARX:FORMAL-ARXIV-V12-Q-A3:2605.25707v1,GS:GS-A1-01-018,arxiv_id,REC-00018
DE-01580,ARX:FORMAL-ARXIV-V12-Q-A3:2605.25624v2,GS:GS-A1-01-092,arxiv_id,REC-00087
DE-01581,ARX:FORMAL-ARXIV-V12-Q-A3:2605.25160v2,GS:GS-A3-02-075,arxiv_id,REC-00930
DE-01582,ARX:FORMAL-ARXIV-V12-Q-A3:2605.19769v1,GS:GS-A1-01-036,arxiv_id,REC-00035
DE-01583,ARX:FORMAL-ARXIV-V12-Q-A3:2605.19484v1,ARX:FORMAL-ARXIV-V12-Q-A1:2605.19484v1,arxiv_id,REC-02736
DE-01584,ARX:FORMAL-ARXIV-V12-Q-A3:2605.19260v1,ARX:FORMAL-ARXIV-V12-Q-A1:2605.19260v1,arxiv_id,REC-02737
DE-01585,ARX:FORMAL-ARXIV-V12-Q-A3:2605.18652v1,GS:GS-A2S-02-008,arxiv_id,REC-00532
DE-01586,ARX:FORMAL-ARXIV-V12-Q-A3:2605.18048v1,ARX:FORMAL-ARXIV-V12-Q-A1:2605.18048v1,arxiv_id,REC-02739
DE-01587,ARX:FORMAL-ARXIV-V12-Q-A3:2605.17439v2,GS:GS-A3-02-083,arxiv_id,REC-00933
DE-01588,ARX:FORMAL-ARXIV-V12-Q-A3:2605.16883v1,ARX:FORMAL-ARXIV-V12-Q-A1:2605.16883v1,arxiv_id,REC-02742
DE-01589,ARX:FORMAL-ARXIV-V12-Q-A3:2605.16565v2,GS:GS-A1-05-033,arxiv_id,REC-00360
DE-01590,ARX:FORMAL-ARXIV-V12-Q-A3:2605.16116v1,GS:GS-A1-05-043,arxiv_id,REC-00368
DE-01591,ARX:FORMAL-ARXIV-V12-Q-A3:2605.15963v1,ARX:FORMAL-ARXIV-V12-Q-A1:2605.15963v1,arxiv_id,REC-02744
DE-01592,ARX:FORMAL-ARXIV-V12-Q-A3:2605.15777v2,GS:GS-A1-02-076,arxiv_id,REC-00144
DE-01593,ARX:FORMAL-ARXIV-V12-Q-A3:2605.15030v1,GS:GS-B1-01-011,arxiv_id,REC-00959
DE-01594,ARX:FORMAL-ARXIV-V12-Q-A3:2605.14786v1,GS:GS-A1-05-014,arxiv_id,REC-00341
DE-01595,ARX:FORMAL-ARXIV-V12-Q-A3:2605.14747v1,GS:GS-A1-03-073,arxiv_id,REC-00219
DE-01596,ARX:FORMAL-ARXIV-V12-Q-A3:2605.18859v2,GS:GS-D3-02-072,arxiv_id,REC-02245
DE-01597,ARX:FORMAL-ARXIV-V12-Q-A3:2605.14311v2,ARX:FORMAL-ARXIV-V12-Q-A1:2605.14311v2,arxiv_id,REC-02746
DE-01598,ARX:FORMAL-ARXIV-V12-Q-A3:2605.14290v1,ARX:FORMAL-ARXIV-V12-Q-A1:2605.14290v1,arxiv_id,REC-02747
DE-01599,ARX:FORMAL-ARXIV-V12-Q-A3:2605.13631v2,ARX:FORMAL-ARXIV-V12-Q-A1:2605.13631v2,arxiv_id,REC-02749
DE-01600,ARX:FORMAL-ARXIV-V12-Q-A3:2605.16402v1,ARX:FORMAL-ARXIV-V12-Q-A1:2605.16402v1,arxiv_id,REC-02750
DE-01601,ARX:FORMAL-ARXIV-V12-Q-A3:2605.12501v1,ARX:FORMAL-ARXIV-V12-Q-A1:2605.12501v1,arxiv_id,REC-02751
DE-01602,ARX:FORMAL-ARXIV-V12-Q-A3:2605.12493v1,ARX:FORMAL-ARXIV-V12-Q-A1:2605.12493v1,arxiv_id,REC-02752
DE-01603,ARX:FORMAL-ARXIV-V12-Q-A3:2605.12294v1,GS:GS-A1-03-066,arxiv_id,REC-00213
DE-01604,ARX:FORMAL-ARXIV-V12-Q-A3:2605.11212v3,ARX:FORMAL-ARXIV-V12-Q-A1:2605.11212v3,arxiv_id,REC-02753
DE-01605,ARX:FORMAL-ARXIV-V12-Q-A3:2605.10347v2,ARX:FORMAL-ARXIV-V12-Q-A1:2605.10347v2,arxiv_id,REC-02754
DE-01606,ARX:FORMAL-ARXIV-V12-Q-A3:2605.09497v1,ARX:FORMAL-ARXIV-V12-Q-A1:2605.09497v1,arxiv_id,REC-02755
DE-01607,ARX:FORMAL-ARXIV-V12-Q-A3:2605.09317v1,ARX:FORMAL-ARXIV-V12-Q-A1:2605.09317v1,arxiv_id,REC-02756
DE-01608,ARX:FORMAL-ARXIV-V12-Q-A3:2605.08310v1,ARX:FORMAL-ARXIV-V12-Q-A1:2605.08310v1,arxiv_id,REC-02757
DE-01609,ARX:FORMAL-ARXIV-V12-Q-A3:2605.07505v1,ARX:FORMAL-ARXIV-V12-Q-A1:2605.07505v1,arxiv_id,REC-02758
DE-01610,ARX:FORMAL-ARXIV-V12-Q-A3:2605.07134v1,ARX:FORMAL-ARXIV-V12-Q-A1:2605.07134v1,arxiv_id,REC-02759
DE-01611,ARX:FORMAL-ARXIV-V12-Q-A3:2605.07110v1,GS:GS-A1-01-074,arxiv_id,REC-00071
DE-01612,ARX:FORMAL-ARXIV-V12-Q-A3:2605.08261v1,GS:GS-D1-01-077,arxiv_id,REC-02069
DE-01613,ARX:FORMAL-ARXIV-V12-Q-A3:2605.06664v1,ARX:FORMAL-ARXIV-V12-Q-A1:2605.06664v1,arxiv_id,REC-02760
DE-01614,ARX:FORMAL-ARXIV-V12-Q-A3:2605.06761v1,ARX:FORMAL-ARXIV-V12-Q-A1:2605.06761v1,arxiv_id,REC-02761
DE-01615,ARX:FORMAL-ARXIV-V12-Q-A3:2605.05262v1,ARX:FORMAL-ARXIV-V12-Q-A1:2605.05262v1,arxiv_id,REC-02762
DE-01616,ARX:FORMAL-ARXIV-V12-Q-A3:2605.03231v1,ARX:FORMAL-ARXIV-V12-Q-A1:2605.03231v1,arxiv_id,REC-02763
DE-01617,ARX:FORMAL-ARXIV-V12-Q-A3:2605.02729v1,GS:GS-A1-01-058,arxiv_id,REC-00056
DE-01618,ARX:FORMAL-ARXIV-V12-Q-A3:2607.00007v2,GS:GS-A1-05-055,arxiv_id,REC-00380
DE-01619,ARX:FORMAL-ARXIV-V12-Q-A3:2605.01208v1,ARX:FORMAL-ARXIV-V12-Q-A1:2605.01208v1,arxiv_id,REC-02767
DE-01620,ARX:FORMAL-ARXIV-V12-Q-A3:2605.00642v3,ARX:FORMAL-ARXIV-V12-Q-A1:2605.00642v3,arxiv_id,REC-02769
DE-01621,ARX:FORMAL-ARXIV-V12-Q-A3:2605.00551v1,ARX:FORMAL-ARXIV-V12-Q-A1:2605.00551v1,arxiv_id,REC-02770
DE-01622,ARX:FORMAL-ARXIV-V12-Q-A3:2604.27996v3,GS:GS-D3-01-081,arxiv_id,REC-02202
DE-01623,ARX:FORMAL-ARXIV-V12-Q-A3:2604.27955v1,GS:GS-A1-03-027,arxiv_id,REC-00181
DE-01624,ARX:FORMAL-ARXIV-V12-Q-A3:2604.27776v1,ARX:FORMAL-ARXIV-V12-Q-A1:2604.27776v1,arxiv_id,REC-02771
DE-01625,ARX:FORMAL-ARXIV-V12-Q-A3:2604.27253v1,ARX:FORMAL-ARXIV-V12-Q-A1:2604.27253v1,arxiv_id,REC-02772
DE-01626,ARX:FORMAL-ARXIV-V12-Q-A3:2604.27151v1,GS:GS-A1-01-049,arxiv_id,REC-00047
DE-01627,ARX:FORMAL-ARXIV-V12-Q-A3:2604.26653v1,ARX:FORMAL-ARXIV-V12-Q-A1:2604.26653v1,arxiv_id,REC-02773
DE-01628,ARX:FORMAL-ARXIV-V12-Q-A3:2604.25380v2,GS:GS-A3-02-014,arxiv_id,REC-00906
DE-01629,ARX:FORMAL-ARXIV-V12-Q-A3:2604.24964v1,GS:GS-A3-01-088,arxiv_id,REC-00900
DE-01630,ARX:FORMAL-ARXIV-V12-Q-A3:2604.24441v1,GS:GS-A3-02-055,arxiv_id,REC-00922
DE-01631,ARX:FORMAL-ARXIV-V12-Q-A3:2604.24348v1,GS:GS-A1-04-010,arxiv_id,REC-00248
DE-01632,ARX:FORMAL-ARXIV-V12-Q-A3:2604.23941v1,ARX:FORMAL-ARXIV-V12-Q-A1:2604.23941v1,arxiv_id,REC-02775
DE-01633,ARX:FORMAL-ARXIV-V12-Q-A3:2606.13686v1,ARX:FORMAL-ARXIV-V12-Q-A1:2606.13686v1,arxiv_id,REC-02776
DE-01634,ARX:FORMAL-ARXIV-V12-Q-A3:2604.23772v3,GS:GS-A1-06-068,arxiv_id,REC-00470
DE-01635,ARX:FORMAL-ARXIV-V12-Q-A3:2604.22558v1,ARX:FORMAL-ARXIV-V12-Q-A1:2604.22558v1,arxiv_id,REC-02778
DE-01636,ARX:FORMAL-ARXIV-V12-Q-A3:2604.21375v2,ARX:FORMAL-ARXIV-V12-Q-A1:2604.21375v2,arxiv_id,REC-02779
DE-01637,ARX:FORMAL-ARXIV-V12-Q-A3:2604.18847v2,GS:GS-B1-01-086,arxiv_id,REC-00995
DE-01638,ARX:FORMAL-ARXIV-V12-Q-A3:2604.17849v1,GS:GS-A1-01-016,arxiv_id,REC-00016
DE-01639,ARX:FORMAL-ARXIV-V12-Q-A3:2604.17821v2,ARX:FORMAL-ARXIV-V12-Q-A1:2604.17821v2,arxiv_id,REC-02781
DE-01640,ARX:FORMAL-ARXIV-V12-Q-A3:2604.17284v1,ARX:FORMAL-ARXIV-V12-Q-A1:2604.17284v1,arxiv_id,REC-02782
DE-01641,ARX:FORMAL-ARXIV-V12-Q-A3:2604.15309v1,ARX:FORMAL-ARXIV-V12-Q-A1:2604.15309v1,arxiv_id,REC-02783
DE-01642,ARX:FORMAL-ARXIV-V12-Q-A3:2604.14956v1,ARX:FORMAL-ARXIV-V12-Q-A1:2604.14956v1,arxiv_id,REC-02784
DE-01643,ARX:FORMAL-ARXIV-V12-Q-A3:2604.14872v1,GS:GS-A2W-03-093,arxiv_id,REC-00886
DE-01644,ARX:FORMAL-ARXIV-V12-Q-A3:2604.14668v1,ARX:FORMAL-ARXIV-V12-Q-A1:2604.14668v1,arxiv_id,REC-02785
DE-01645,ARX:FORMAL-ARXIV-V12-Q-A3:2606.05171v1,GS:GS-A1-03-070,arxiv_id,REC-00217
DE-01646,ARX:FORMAL-ARXIV-V12-Q-A3:2604.13822v1,ARX:FORMAL-ARXIV-V12-Q-A1:2604.13822v1,arxiv_id,REC-02786
DE-01647,ARX:FORMAL-ARXIV-V12-Q-A3:2604.13531v1,GS:GS-A3-02-074,arxiv_id,REC-00929
DE-01648,ARX:FORMAL-ARXIV-V12-Q-A3:2604.13318v1,ARX:FORMAL-ARXIV-V12-Q-A1:2604.13318v1,arxiv_id,REC-02788
DE-01649,ARX:FORMAL-ARXIV-V12-Q-A3:2604.13019v3,ARX:FORMAL-ARXIV-V12-Q-A1:2604.13019v3,arxiv_id,REC-02789
DE-01650,ARX:FORMAL-ARXIV-V12-Q-A3:2604.12666v1,ARX:FORMAL-ARXIV-V12-Q-A1:2604.12666v1,arxiv_id,REC-02790
DE-01651,ARX:FORMAL-ARXIV-V12-Q-A3:2604.12284v1,ARX:FORMAL-ARXIV-V12-Q-A1:2604.12284v1,arxiv_id,REC-02791
DE-01652,ARX:FORMAL-ARXIV-V12-Q-A3:2604.11784v1,GS:GS-A1-03-100,arxiv_id,REC-00240
DE-01653,ARX:FORMAL-ARXIV-V12-Q-A3:2604.10988v1,GS:GS-A1-05-037,arxiv_id,REC-00362
DE-01654,ARX:FORMAL-ARXIV-V12-Q-A3:2604.10577v2,GS:GS-A1-01-068,arxiv_id,REC-00065
DE-01655,ARX:FORMAL-ARXIV-V12-Q-A3:2604.09937v1,GS:GS-A1-01-024,arxiv_id,REC-00023
DE-01656,ARX:FORMAL-ARXIV-V12-Q-A3:2604.09155v1,GS:GS-B2-01-074,arxiv_id,REC-01163
DE-01657,ARX:FORMAL-ARXIV-V12-Q-A3:2604.08516v1,GS:GS-A1-06-003,arxiv_id,REC-00424
DE-01658,ARX:FORMAL-ARXIV-V12-Q-A3:2604.07927v3,ARX:FORMAL-ARXIV-V12-Q-A1:2604.07927v3,arxiv_id,REC-02794
DE-01659,ARX:FORMAL-ARXIV-V12-Q-A3:2604.07831v2,GS:GS-A1-03-063,arxiv_id,REC-00210
DE-01660,ARX:FORMAL-ARXIV-V12-Q-A3:2604.07776v1,ARX:FORMAL-ARXIV-V12-Q-A1:2604.07776v1,arxiv_id,REC-02795
DE-01661,ARX:FORMAL-ARXIV-V12-Q-A3:2604.07429v1,GS:GS-A2S-02-026,arxiv_id,REC-00543
DE-01662,ARX:FORMAL-ARXIV-V12-Q-A3:2604.07277v2,ARX:FORMAL-ARXIV-V12-Q-A1:2604.07277v2,arxiv_id,REC-02796
DE-01663,ARX:FORMAL-ARXIV-V12-Q-A3:2604.09718v2,GS:GS-A1-06-093,arxiv_id,REC-00491
DE-01664,ARX:FORMAL-ARXIV-V12-Q-A3:2606.15673v2,ARX:FORMAL-ARXIV-V12-Q-A1:2606.15673v2,arxiv_id,REC-02797
DE-01665,ARX:FORMAL-ARXIV-V12-Q-A3:2604.06367v2,GS:GS-A1-05-060,arxiv_id,REC-00385
DE-01666,ARX:FORMAL-ARXIV-V12-Q-A3:2604.06126v1,ARX:FORMAL-ARXIV-V12-Q-A1:2604.06126v1,arxiv_id,REC-02798
DE-01667,ARX:FORMAL-ARXIV-V12-Q-A3:2604.05477v1,ARX:FORMAL-ARXIV-V12-Q-A1:2604.05477v1,arxiv_id,REC-02799
DE-01668,ARX:FORMAL-ARXIV-V12-Q-A3:2604.04918v1,GS:GS-A1-01-025,arxiv_id,REC-00024
DE-01669,ARX:FORMAL-ARXIV-V12-Q-A3:2604.04399v1,GS:GS-A1-03-093,arxiv_id,REC-00236
DE-01670,ARX:FORMAL-ARXIV-V12-Q-A3:2604.06240v1,GS:GS-A1-01-017,arxiv_id,REC-00017
DE-01671,ARX:FORMAL-ARXIV-V12-Q-A3:2604.03465v2,GS:GS-A1-05-059,arxiv_id,REC-00384
DE-01672,ARX:FORMAL-ARXIV-V12-Q-A3:2604.02947v1,GS:GS-A1-01-043,arxiv_id,REC-00042
DE-01673,ARX:FORMAL-ARXIV-V12-Q-A3:2605.18758v1,ARX:FORMAL-ARXIV-V12-Q-A1:2605.18758v1,arxiv_id,REC-02800
DE-01674,ARX:FORMAL-ARXIV-V12-Q-A3:2604.01676v2,ARX:FORMAL-ARXIV-V12-Q-A1:2604.01676v2,arxiv_id,REC-02802
DE-01675,ARX:FORMAL-ARXIV-V12-Q-A3:2603.29318v1,GS:GS-A2W-03-041,arxiv_id,REC-00843
DE-01676,ARX:FORMAL-ARXIV-V12-Q-A3:2603.29020v1,ARX:FORMAL-ARXIV-V12-Q-A1:2603.29020v1,arxiv_id,REC-02806
DE-01677,ARX:FORMAL-ARXIV-V12-Q-A3:2603.27490v1,ARX:FORMAL-ARXIV-V12-Q-A1:2603.27490v1,arxiv_id,REC-02807
DE-01678,ARX:FORMAL-ARXIV-V12-Q-A3:2603.26648v3,GS:GS-A2S-02-075,arxiv_id,REC-00584
DE-01679,ARX:FORMAL-ARXIV-V12-Q-A3:2603.26211v1,ARX:FORMAL-ARXIV-V12-Q-A1:2603.26211v1,arxiv_id,REC-02809
DE-01680,ARX:FORMAL-ARXIV-V12-Q-A3:2604.16385v1,ARX:FORMAL-ARXIV-V12-Q-A1:2604.16385v1,arxiv_id,REC-02811
DE-01681,ARX:FORMAL-ARXIV-V12-Q-A3:2603.25864v1,ARX:FORMAL-ARXIV-V12-Q-A1:2603.25864v1,arxiv_id,REC-02812
DE-01682,ARX:FORMAL-ARXIV-V12-Q-A3:2603.25226v1,GS:GS-A1-01-093,arxiv_id,REC-00088
DE-01683,ARX:FORMAL-ARXIV-V12-Q-A3:2603.24533v1,ARX:FORMAL-ARXIV-V12-Q-A1:2603.24533v1,arxiv_id,REC-02813
DE-01684,ARX:FORMAL-ARXIV-V12-Q-A3:2603.24440v1,ARX:FORMAL-ARXIV-V12-Q-A1:2603.24440v1,arxiv_id,REC-02814
DE-01685,ARX:FORMAL-ARXIV-V12-Q-A3:2603.23559v2,GS:GS-B2-03-097,arxiv_id,REC-01235
DE-01686,ARX:FORMAL-ARXIV-V12-Q-A3:2603.22529v1,GS:GS-A2S-02-048,arxiv_id,REC-00560
DE-01687,ARX:FORMAL-ARXIV-V12-Q-A3:2603.20340v3,ARX:FORMAL-ARXIV-V12-Q-A1:2603.20340v3,arxiv_id,REC-02816
DE-01688,ARX:FORMAL-ARXIV-V12-Q-A3:2603.19191v1,ARX:FORMAL-ARXIV-V12-Q-A1:2603.19191v1,arxiv_id,REC-02817
DE-01689,ARX:FORMAL-ARXIV-V12-Q-A3:2603.18762v1,ARX:FORMAL-ARXIV-V12-Q-A1:2603.18762v1,arxiv_id,REC-02818
DE-01690,ARX:FORMAL-ARXIV-V12-Q-A3:2603.18429v1,ARX:FORMAL-ARXIV-V12-Q-A1:2603.18429v1,arxiv_id,REC-02819
DE-01691,ARX:FORMAL-ARXIV-V12-Q-A3:2603.17441v1,ARX:FORMAL-ARXIV-V12-Q-A1:2603.17441v1,arxiv_id,REC-02820
DE-01692,ARX:FORMAL-ARXIV-V12-Q-A3:2603.17357v1,GS:GS-B2-03-071,arxiv_id,REC-01227
DE-01693,ARX:FORMAL-ARXIV-V12-Q-A3:2603.15039v1,GS:GS-A3-02-028,arxiv_id,REC-00909
DE-01694,ARX:FORMAL-ARXIV-V12-Q-A3:2603.14707v1,GS:GS-A1-02-037,arxiv_id,REC-00112
DE-01695,ARX:FORMAL-ARXIV-V12-Q-A3:2603.14448v1,ARX:FORMAL-ARXIV-V12-Q-A1:2603.14448v1,arxiv_id,REC-02821
DE-01696,ARX:FORMAL-ARXIV-V12-Q-A3:2603.14248v2,ARX:FORMAL-ARXIV-V12-Q-A1:2603.14248v2,arxiv_id,REC-02822
DE-01697,ARX:FORMAL-ARXIV-V12-Q-A3:2603.12823v1,GS:GS-A1-02-061,arxiv_id,REC-00132
DE-01698,ARX:FORMAL-ARXIV-V12-Q-A3:2603.12710v1,GS:GS-A1-06-008,arxiv_id,REC-00428
DE-01699,ARX:FORMAL-ARXIV-V12-Q-A3:2603.12138v1,ARX:FORMAL-ARXIV-V12-Q-A1:2603.12138v1,arxiv_id,REC-02823
DE-01700,ARX:FORMAL-ARXIV-V12-Q-A3:2603.11862v1,GS:GS-B1-01-046,arxiv_id,REC-00971
DE-01701,ARX:FORMAL-ARXIV-V12-Q-A3:2603.10577v2,GS:GS-A1-01-079,arxiv_id,REC-00076
DE-01702,ARX:FORMAL-ARXIV-V12-Q-A3:2603.10505v1,ARX:FORMAL-ARXIV-V12-Q-A1:2603.10505v1,arxiv_id,REC-02824
DE-01703,ARX:FORMAL-ARXIV-V12-Q-A3:2603.10291v1,ARX:FORMAL-ARXIV-V12-Q-A1:2603.10291v1,arxiv_id,REC-02825
DE-01704,ARX:FORMAL-ARXIV-V12-Q-A3:2603.08533v2,GS:GS-A1-03-069,arxiv_id,REC-00216
DE-01705,ARX:FORMAL-ARXIV-V12-Q-A3:2603.08013v1,ARX:FORMAL-ARXIV-V12-Q-A1:2603.08013v1,arxiv_id,REC-02826
DE-01706,ARX:FORMAL-ARXIV-V12-Q-A3:2603.07978v1,GS:GS-A1-01-021,arxiv_id,REC-00020
DE-01707,ARX:FORMAL-ARXIV-V12-Q-A3:2603.07024v1,ARX:FORMAL-ARXIV-V12-Q-A1:2603.07024v1,arxiv_id,REC-02828
DE-01708,ARX:FORMAL-ARXIV-V12-Q-A3:2603.05295v3,ARX:FORMAL-ARXIV-V12-Q-A1:2603.05295v3,arxiv_id,REC-02830
DE-01709,ARX:FORMAL-ARXIV-V12-Q-A3:2603.05294v2,ARX:FORMAL-ARXIV-V12-Q-A1:2603.05294v2,arxiv_id,REC-02831
DE-01710,ARX:FORMAL-ARXIV-V12-Q-A3:2603.05044v2,GS:GS-A1-05-048,arxiv_id,REC-00373
DE-01711,ARX:FORMAL-ARXIV-V12-Q-A3:2603.04949v1,ARX:FORMAL-ARXIV-V12-Q-A1:2603.04949v1,arxiv_id,REC-02832
DE-01712,ARX:FORMAL-ARXIV-V12-Q-A3:2603.04601v3,ARX:FORMAL-ARXIV-V12-Q-A1:2603.04601v3,arxiv_id,REC-02833
DE-01713,ARX:FORMAL-ARXIV-V12-Q-A3:2603.04364v1,GS:GS-B1-03-012,arxiv_id,REC-01105
DE-01714,ARX:FORMAL-ARXIV-V12-Q-A3:2603.02951v2,ARX:FORMAL-ARXIV-V12-Q-A1:2603.02951v2,arxiv_id,REC-02834
DE-01715,ARX:FORMAL-ARXIV-V12-Q-A3:2603.01104v1,ARX:FORMAL-ARXIV-V12-Q-A1:2603.01104v1,arxiv_id,REC-02835
DE-01716,ARX:FORMAL-ARXIV-V12-Q-A3:2603.00503v1,ARX:FORMAL-ARXIV-V12-Q-A1:2603.00503v1,arxiv_id,REC-02836
DE-01717,ARX:FORMAL-ARXIV-V12-Q-A3:2603.00476v1,GS:GS-B1-01-084,arxiv_id,REC-00993
DE-01718,ARX:FORMAL-ARXIV-V12-Q-A3:2603.00188v1,ARX:FORMAL-ARXIV-V12-Q-A1:2603.00188v1,arxiv_id,REC-02838
DE-01719,ARX:FORMAL-ARXIV-V12-Q-A3:2602.23235v1,ARX:FORMAL-ARXIV-V12-Q-A1:2602.23235v1,arxiv_id,REC-02839
DE-01720,ARX:FORMAL-ARXIV-V12-Q-A3:2602.22190v2,GS:GS-A3-02-069,arxiv_id,REC-00927
DE-01721,ARX:FORMAL-ARXIV-V12-Q-A3:2604.09574v1,GS:GS-A1-04-079,arxiv_id,REC-00308
DE-01722,ARX:FORMAL-ARXIV-V12-Q-A3:2602.20502v1,ARX:FORMAL-ARXIV-V12-Q-A1:2602.20502v1,arxiv_id,REC-02840
DE-01723,ARX:FORMAL-ARXIV-V12-Q-A3:2602.17245v2,ARX:FORMAL-ARXIV-V12-Q-A1:2602.17245v2,arxiv_id,REC-02842
DE-01724,ARX:FORMAL-ARXIV-V12-Q-A3:2602.17049v2,ARX:FORMAL-ARXIV-V12-Q-A1:2602.17049v2,arxiv_id,REC-02843
DE-01725,ARX:FORMAL-ARXIV-V12-Q-A3:2602.17003v3,ARX:FORMAL-ARXIV-V12-Q-A1:2602.17003v3,arxiv_id,REC-02844
DE-01726,ARX:FORMAL-ARXIV-V12-Q-A3:2602.14865v1,ARX:FORMAL-ARXIV-V12-Q-A1:2602.14865v1,arxiv_id,REC-02846
DE-01727,ARX:FORMAL-ARXIV-V12-Q-A3:2602.14721v1,GS:GS-A1-06-026,arxiv_id,REC-00443
DE-01728,ARX:FORMAL-ARXIV-V12-Q-A3:2602.14276v2,ARX:FORMAL-ARXIV-V12-Q-A1:2602.14276v2,arxiv_id,REC-02848
DE-01729,ARX:FORMAL-ARXIV-V12-Q-A3:2602.14093v1,ARX:FORMAL-ARXIV-V12-Q-A1:2602.14093v1,arxiv_id,REC-02849
DE-01730,ARX:FORMAL-ARXIV-V12-Q-A3:2602.16855v1,GS:GS-A1-03-084,arxiv_id,REC-00228
DE-01731,ARX:FORMAL-ARXIV-V12-Q-A3:2602.13653v1,ARX:FORMAL-ARXIV-V12-Q-A1:2602.13653v1,arxiv_id,REC-02850
DE-01732,ARX:FORMAL-ARXIV-V12-Q-A3:2602.13559v2,GS:GS-A1-06-076,arxiv_id,REC-00477
DE-01733,ARX:FORMAL-ARXIV-V12-Q-A3:2602.13516v1,ARX:FORMAL-ARXIV-V12-Q-A1:2602.13516v1,arxiv_id,REC-02851
DE-01734,ARX:FORMAL-ARXIV-V12-Q-A3:2602.12544v1,GS:GS-A2S-03-059,arxiv_id,REC-00658
DE-01735,ARX:FORMAL-ARXIV-V12-Q-A3:2602.12430v4,GS:GS-A1-01-096,arxiv_id,REC-00091
DE-01736,ARX:FORMAL-ARXIV-V12-Q-A3:2602.12276v1,ARX:FORMAL-ARXIV-V12-Q-A1:2602.12276v1,arxiv_id,REC-02853
DE-01737,ARX:FORMAL-ARXIV-V12-Q-A3:2602.11858v2,ARX:FORMAL-ARXIV-V12-Q-A1:2602.11858v2,arxiv_id,REC-02854
DE-01738,ARX:FORMAL-ARXIV-V12-Q-A3:2602.11750v1,GS:GS-A3-02-026,arxiv_id,REC-00908
DE-01739,ARX:FORMAL-ARXIV-V12-Q-A3:2602.11524v1,GS:GS-A3-03-059,arxiv_id,REC-00945
DE-01740,ARX:FORMAL-ARXIV-V12-Q-A3:2602.11514v1,GS:GS-D1-01-090,arxiv_id,REC-02073
DE-01741,ARX:FORMAL-ARXIV-V12-Q-A3:2604.02345v1,ARX:FORMAL-ARXIV-V12-Q-A1:2604.02345v1,arxiv_id,REC-02855
DE-01742,ARX:FORMAL-ARXIV-V12-Q-A3:2602.10814v1,ARX:FORMAL-ARXIV-V12-Q-A1:2602.10814v1,arxiv_id,REC-02856
DE-01743,ARX:FORMAL-ARXIV-V12-Q-A3:2602.10356v2,GS:GS-A1-01-099,arxiv_id,REC-00094
DE-01744,ARX:FORMAL-ARXIV-V12-Q-A3:2602.09012v2,GS:GS-B2-02-085,arxiv_id,REC-01216
DE-01745,ARX:FORMAL-ARXIV-V12-Q-A3:2602.09082v2,ARX:FORMAL-ARXIV-V12-Q-A1:2602.09082v2,arxiv_id,REC-02860
DE-01746,ARX:FORMAL-ARXIV-V12-Q-A3:2602.08995v2,GS:GS-A3-01-093,arxiv_id,REC-00901
DE-01747,ARX:FORMAL-ARXIV-V12-Q-A3:2602.10139v3,GS:GS-B2-02-078,arxiv_id,REC-01212
DE-01748,ARX:FORMAL-ARXIV-V12-Q-A3:2602.07153v2,ARX:FORMAL-ARXIV-V12-Q-A1:2602.07153v2,arxiv_id,REC-02862
DE-01749,ARX:FORMAL-ARXIV-V12-Q-A3:2603.03296v1,ARX:FORMAL-ARXIV-V12-Q-A1:2603.03296v1,arxiv_id,REC-02863
DE-01750,ARX:FORMAL-ARXIV-V12-Q-A3:2604.06182v1,GS:GS-A3-02-042,arxiv_id,REC-00916
DE-01751,ARX:FORMAL-ARXIV-V12-Q-A3:2602.06351v1,ARX:FORMAL-ARXIV-V12-Q-A1:2602.06351v1,arxiv_id,REC-02865
DE-01752,ARX:FORMAL-ARXIV-V12-Q-A3:2602.05832v1,ARX:FORMAL-ARXIV-V12-Q-A1:2602.05832v1,arxiv_id,REC-02866
DE-01753,ARX:FORMAL-ARXIV-V12-Q-A3:2602.05429v1,ARX:FORMAL-ARXIV-V12-Q-A1:2602.05429v1,arxiv_id,REC-02867
DE-01754,ARX:FORMAL-ARXIV-V12-Q-A3:2602.05354v2,ARX:FORMAL-ARXIV-V12-Q-A1:2602.05354v2,arxiv_id,REC-02868
DE-01755,ARX:FORMAL-ARXIV-V12-Q-A3:2602.06075v2,GS:GS-A2W-03-026,arxiv_id,REC-00829
DE-01756,ARX:FORMAL-ARXIV-V12-Q-A3:2602.03255v1,GS:GS-A3-01-068,arxiv_id,REC-00897
DE-01757,ARX:FORMAL-ARXIV-V12-Q-A3:2602.02995v1,GS:GS-A1-01-039,arxiv_id,REC-00038
DE-01758,ARX:FORMAL-ARXIV-V12-Q-A3:2602.02468v1,ARX:FORMAL-ARXIV-V12-Q-A1:2602.02468v1,arxiv_id,REC-02870
DE-01759,ARX:FORMAL-ARXIV-V12-Q-A3:2602.01725v1,ARX:FORMAL-ARXIV-V12-Q-A1:2602.01725v1,arxiv_id,REC-02871
DE-01760,ARX:FORMAL-ARXIV-V12-Q-A3:2602.01576v2,ARX:FORMAL-ARXIV-V12-Q-A1:2602.01576v2,arxiv_id,REC-02872
DE-01761,ARX:FORMAL-ARXIV-V12-Q-A3:2602.00575v2,GS:GS-A1-03-059,arxiv_id,REC-00207
DE-01762,ARX:FORMAL-ARXIV-V12-Q-A3:2602.07008v4,ARX:FORMAL-ARXIV-V12-Q-A1:2602.07008v4,arxiv_id,REC-02874
DE-01763,ARX:FORMAL-ARXIV-V12-Q-A3:2601.22781v1,GS:GS-A1-04-095,arxiv_id,REC-00324
DE-01764,ARX:FORMAL-ARXIV-V12-Q-A3:2602.02548v1,ARX:FORMAL-ARXIV-V12-Q-A1:2602.02548v1,arxiv_id,REC-02876
DE-01765,ARX:FORMAL-ARXIV-V12-Q-A3:2601.22528v1,ARX:FORMAL-ARXIV-V12-Q-A1:2601.22528v1,arxiv_id,REC-02877
DE-01766,ARX:FORMAL-ARXIV-V12-Q-A3:2601.22149v2,GS:GS-A1-06-094,arxiv_id,REC-00492
DE-01767,ARX:FORMAL-ARXIV-V12-Q-A3:2601.21961v2,ARX:FORMAL-ARXIV-V12-Q-A1:2601.21961v2,arxiv_id,REC-02878
DE-01768,ARX:FORMAL-ARXIV-V12-Q-A3:2601.21872v2,ARX:FORMAL-ARXIV-V12-Q-A1:2601.21872v2,arxiv_id,REC-02879
DE-01769,ARX:FORMAL-ARXIV-V12-Q-A3:2601.21352v1,ARX:FORMAL-ARXIV-V12-Q-A1:2601.21352v1,arxiv_id,REC-02880
DE-01770,ARX:FORMAL-ARXIV-V12-Q-A3:2601.21123v2,GS:GS-A1-01-009,arxiv_id,REC-00009
DE-01771,ARX:FORMAL-ARXIV-V12-Q-A3:2601.20650v2,GS:GS-A1-01-097,arxiv_id,REC-00092
DE-01772,ARX:FORMAL-ARXIV-V12-Q-A3:2601.20380v1,GS:GS-A1-02-071,arxiv_id,REC-00141
DE-01773,ARX:FORMAL-ARXIV-V12-Q-A3:2601.20335v2,ARX:FORMAL-ARXIV-V12-Q-A1:2601.20335v2,arxiv_id,REC-02882
DE-01774,ARX:FORMAL-ARXIV-V12-Q-A3:2601.19199v2,ARX:FORMAL-ARXIV-V12-Q-A1:2601.19199v2,arxiv_id,REC-02883
DE-01775,ARX:FORMAL-ARXIV-V12-Q-A3:2601.18842v3,GS:GS-B2-02-090,arxiv_id,REC-01219
DE-01776,ARX:FORMAL-ARXIV-V12-Q-A3:2601.18305v1,ARX:FORMAL-ARXIV-V12-Q-A1:2601.18305v1,arxiv_id,REC-02884
DE-01777,ARX:FORMAL-ARXIV-V12-Q-A3:2601.18113v3,ARX:FORMAL-ARXIV-V12-Q-A1:2601.18113v3,arxiv_id,REC-02886
DE-01778,ARX:FORMAL-ARXIV-V12-Q-A3:2601.17722v1,GS:GS-A3-02-058,arxiv_id,REC-00923
DE-01779,ARX:FORMAL-ARXIV-V12-Q-A3:2601.17418v1,ARX:FORMAL-ARXIV-V12-Q-A1:2601.17418v1,arxiv_id,REC-02887
DE-01780,ARX:FORMAL-ARXIV-V12-Q-A3:2601.15876v2,GS:GS-A1-01-059,arxiv_id,REC-00057
DE-01781,ARX:FORMAL-ARXIV-V12-Q-A3:2601.13060v1,ARX:FORMAL-ARXIV-V12-Q-A1:2601.13060v1,arxiv_id,REC-02889
DE-01782,ARX:FORMAL-ARXIV-V12-Q-A3:2601.12822v1,GS:GS-B2-01-055,arxiv_id,REC-01150
DE-01783,ARX:FORMAL-ARXIV-V12-Q-A3:2601.09636v2,ARX:FORMAL-ARXIV-V12-Q-A1:2601.09636v2,arxiv_id,REC-02891
DE-01784,ARX:FORMAL-ARXIV-V12-Q-A3:2601.09770v1,ARX:FORMAL-ARXIV-V12-Q-A1:2601.09770v1,arxiv_id,REC-02892
DE-01785,ARX:FORMAL-ARXIV-V12-Q-A3:2601.11631v1,ARX:FORMAL-ARXIV-V12-Q-A1:2601.11631v1,arxiv_id,REC-02893
DE-01786,ARX:FORMAL-ARXIV-V12-Q-A3:2601.08605v2,ARX:FORMAL-ARXIV-V12-Q-A1:2601.08605v2,arxiv_id,REC-02894
DE-01787,ARX:FORMAL-ARXIV-V12-Q-A3:2601.07779v1,ARX:FORMAL-ARXIV-V12-Q-A1:2601.07779v1,arxiv_id,REC-02896
DE-01788,ARX:FORMAL-ARXIV-V12-Q-A3:2601.07402v1,GS:GS-A1-04-033,arxiv_id,REC-00266
DE-01789,ARX:FORMAL-ARXIV-V12-Q-A3:2601.07262v3,ARX:FORMAL-ARXIV-V12-Q-A1:2601.07262v3,arxiv_id,REC-02898
DE-01790,ARX:FORMAL-ARXIV-V12-Q-A3:2601.06899v2,ARX:FORMAL-ARXIV-V12-Q-A1:2601.06899v2,arxiv_id,REC-02899
DE-01791,ARX:FORMAL-ARXIV-V12-Q-A3:2601.06328v2,ARX:FORMAL-ARXIV-V12-Q-A1:2601.06328v2,arxiv_id,REC-02900
DE-01792,ARX:FORMAL-ARXIV-V12-Q-A3:2601.05787v2,ARX:FORMAL-ARXIV-V12-Q-A1:2601.05787v2,arxiv_id,REC-02901
DE-01793,ARX:FORMAL-ARXIV-V12-Q-A3:2601.19923v2,ARX:FORMAL-ARXIV-V12-Q-A1:2601.19923v2,arxiv_id,REC-02902
DE-01794,ARX:FORMAL-ARXIV-V12-Q-A3:2601.04500v1,ARX:FORMAL-ARXIV-V12-Q-A1:2601.04500v1,arxiv_id,REC-02903
DE-01795,ARX:FORMAL-ARXIV-V12-Q-A3:2601.04035v1,ARX:FORMAL-ARXIV-V12-Q-A1:2601.04035v1,arxiv_id,REC-02905
DE-01796,ARX:FORMAL-ARXIV-V12-Q-A3:2601.02439v6,GS:GS-A2W-01-085,arxiv_id,REC-00738
DE-01797,ARX:FORMAL-ARXIV-V12-Q-A3:2512.24965v1,ARX:FORMAL-ARXIV-V12-Q-A1:2512.24965v1,arxiv_id,REC-02907
DE-01798,ARX:FORMAL-ARXIV-V12-Q-A3:2512.23128v3,ARX:FORMAL-ARXIV-V12-Q-A1:2512.23128v3,arxiv_id,REC-02908
DE-01799,ARX:FORMAL-ARXIV-V12-Q-A3:2512.22894v2,ARX:FORMAL-ARXIV-V12-Q-A1:2512.22894v2,arxiv_id,REC-02909
DE-01800,ARX:FORMAL-ARXIV-V12-Q-A3:2512.22047v1,GS:GS-A1-03-085,arxiv_id,REC-00229
DE-01801,ARX:FORMAL-ARXIV-V12-Q-A3:2512.22009v1,ARX:FORMAL-ARXIV-V12-Q-A1:2512.22009v1,arxiv_id,REC-02910
DE-01802,ARX:FORMAL-ARXIV-V12-Q-A3:2512.21302v1,ARX:FORMAL-ARXIV-V12-Q-A1:2512.21302v1,arxiv_id,REC-02912
DE-01803,ARX:FORMAL-ARXIV-V12-Q-A3:2512.19396v3,ARX:FORMAL-ARXIV-V12-Q-A1:2512.19396v3,arxiv_id,REC-02913
DE-01804,ARX:FORMAL-ARXIV-V12-Q-A3:2512.17221v3,ARX:FORMAL-ARXIV-V12-Q-A1:2512.17221v3,arxiv_id,REC-02914
DE-01805,ARX:FORMAL-ARXIV-V12-Q-A3:2512.16501v1,ARX:FORMAL-ARXIV-V12-Q-A1:2512.16501v1,arxiv_id,REC-02915
DE-01806,ARX:FORMAL-ARXIV-V12-Q-A3:2512.16295v1,ARX:FORMAL-ARXIV-V12-Q-A1:2512.16295v1,arxiv_id,REC-02916
DE-01807,ARX:FORMAL-ARXIV-V12-Q-A3:2512.15431v2,ARX:FORMAL-ARXIV-V12-Q-A1:2512.15431v2,arxiv_id,REC-02917
DE-01808,ARX:FORMAL-ARXIV-V12-Q-A3:2512.14014v1,ARX:FORMAL-ARXIV-V12-Q-A1:2512.14014v1,arxiv_id,REC-02918
DE-01809,ARX:FORMAL-ARXIV-V12-Q-A3:2512.12634v4,GS:GS-A2W-03-032,arxiv_id,REC-00834
DE-01810,ARX:FORMAL-ARXIV-V12-Q-A3:2512.12594v2,GS:GS-A1-05-008,arxiv_id,REC-00337
DE-01811,ARX:FORMAL-ARXIV-V12-Q-A3:2512.11611v1,GS:GS-A1-03-019,arxiv_id,REC-00175
DE-01812,ARX:FORMAL-ARXIV-V12-Q-A3:2512.10371v2,ARX:FORMAL-ARXIV-V12-Q-A1:2512.10371v2,arxiv_id,REC-02920
DE-01813,ARX:FORMAL-ARXIV-V12-Q-A3:2512.09458v1,ARX:FORMAL-ARXIV-V12-Q-A1:2512.09458v1,arxiv_id,REC-02921
DE-01814,ARX:FORMAL-ARXIV-V12-Q-A3:2512.08529v1,ARX:FORMAL-ARXIV-V12-Q-A1:2512.08529v1,arxiv_id,REC-02922
DE-01815,ARX:FORMAL-ARXIV-V12-Q-A3:2512.08417v3,ARX:FORMAL-ARXIV-V12-Q-A1:2512.08417v3,arxiv_id,REC-02923
DE-01816,ARX:FORMAL-ARXIV-V12-Q-A3:2601.04203v3,ARX:FORMAL-ARXIV-V12-Q-A1:2601.04203v3,arxiv_id,REC-02926
DE-01817,ARX:FORMAL-ARXIV-V12-Q-A3:2512.05941v1,ARX:FORMAL-ARXIV-V12-Q-A1:2512.05941v1,arxiv_id,REC-02927
DE-01818,ARX:FORMAL-ARXIV-V12-Q-A3:2512.02423v1,ARX:FORMAL-ARXIV-V12-Q-A1:2512.02423v1,arxiv_id,REC-02928
DE-01819,ARX:FORMAL-ARXIV-V12-Q-A3:2512.01763v2,ARX:FORMAL-ARXIV-V12-Q-A1:2512.01763v2,arxiv_id,REC-02929
DE-01820,ARX:FORMAL-ARXIV-V12-Q-A3:2512.00846v2,ARX:FORMAL-ARXIV-V12-Q-A1:2512.00846v2,arxiv_id,REC-02930
DE-01821,ARX:FORMAL-ARXIV-V12-Q-A3:2512.00756v2,GS:GS-A3-02-046,arxiv_id,REC-00918
DE-01822,ARX:FORMAL-ARXIV-V12-Q-A3:2512.04105v1,ARX:FORMAL-ARXIV-V12-Q-A1:2512.04105v1,arxiv_id,REC-02932
DE-01823,ARX:FORMAL-ARXIV-V12-Q-A3:2511.22235v2,ARX:FORMAL-ARXIV-V12-Q-A1:2511.22235v2,arxiv_id,REC-02934
DE-01824,ARX:FORMAL-ARXIV-V12-Q-A3:2511.20597v2,GS:GS-A1-05-050,arxiv_id,REC-00375
DE-01825,ARX:FORMAL-ARXIV-V12-Q-A3:2511.20067v1,GS:GS-A1-01-052,arxiv_id,REC-00050
DE-01826,ARX:FORMAL-ARXIV-V12-Q-A3:2511.19957v2,GS:GS-A1-02-074,arxiv_id,REC-00143
DE-01827,ARX:FORMAL-ARXIV-V12-Q-A3:2511.19663v1,GS:GS-A1-01-026,arxiv_id,REC-00025
DE-01828,ARX:FORMAL-ARXIV-V12-Q-A3:2512.10962v3,ARX:FORMAL-ARXIV-V12-Q-A1:2512.10962v3,arxiv_id,REC-02936
DE-01829,ARX:FORMAL-ARXIV-V12-Q-A3:2511.19477v1,GS:GS-A1-05-009,arxiv_id,REC-00338
DE-01830,ARX:FORMAL-ARXIV-V12-Q-A3:2511.17131v1,GS:GS-A1-01-023,arxiv_id,REC-00022
DE-01831,ARX:FORMAL-ARXIV-V12-Q-A3:2511.16590v1,ARX:FORMAL-ARXIV-V12-Q-A1:2511.16590v1,arxiv_id,REC-02937
DE-01832,ARX:FORMAL-ARXIV-V12-Q-A3:2511.15567v1,GS:GS-A1-01-029,arxiv_id,REC-00028
DE-01833,ARX:FORMAL-ARXIV-V12-Q-A3:2511.12997v2,ARX:FORMAL-ARXIV-V12-Q-A1:2511.12997v2,arxiv_id,REC-02938
DE-01834,ARX:FORMAL-ARXIV-V12-Q-A3:2511.10705v1,ARX:FORMAL-ARXIV-V12-Q-A1:2511.10705v1,arxiv_id,REC-02939
DE-01835,ARX:FORMAL-ARXIV-V12-Q-A3:2511.09309v1,ARX:FORMAL-ARXIV-V12-Q-A1:2511.09309v1,arxiv_id,REC-02940
DE-01836,ARX:FORMAL-ARXIV-V12-Q-A3:2511.09157v1,ARX:FORMAL-ARXIV-V12-Q-A1:2511.09157v1,arxiv_id,REC-02941
DE-01837,ARX:FORMAL-ARXIV-V12-Q-A3:2511.09127v1,ARX:FORMAL-ARXIV-V12-Q-A1:2511.09127v1,arxiv_id,REC-02942
DE-01838,ARX:FORMAL-ARXIV-V12-Q-A3:2511.11672v5,GS:GS-A1-01-083,arxiv_id,REC-00079
DE-01839,ARX:FORMAL-ARXIV-V12-Q-A3:2511.07332v2,ARX:FORMAL-ARXIV-V12-Q-A1:2511.07332v2,arxiv_id,REC-02943
DE-01840,ARX:FORMAL-ARXIV-V12-Q-A3:2511.06417v1,GS:GS-A1-03-045,arxiv_id,REC-00197
DE-01841,ARX:FORMAL-ARXIV-V12-Q-A3:2601.06031v1,ARX:FORMAL-ARXIV-V12-Q-A1:2601.06031v1,arxiv_id,REC-02945
DE-01842,ARX:FORMAL-ARXIV-V12-Q-A3:2511.04481v1,ARX:FORMAL-ARXIV-V12-Q-A1:2511.04481v1,arxiv_id,REC-02946
DE-01843,ARX:FORMAL-ARXIV-V12-Q-A3:2511.04307v2,GS:GS-A1-02-043,arxiv_id,REC-00118
DE-01844,ARX:FORMAL-ARXIV-V12-Q-A3:2511.04137v1,GS:GS-A1-01-064,arxiv_id,REC-00062
DE-01845,ARX:FORMAL-ARXIV-V12-Q-A3:2511.03628v1,ARX:FORMAL-ARXIV-V12-Q-A1:2511.03628v1,arxiv_id,REC-02947
DE-01846,ARX:FORMAL-ARXIV-V12-Q-A3:2511.04707v1,ARX:FORMAL-ARXIV-V12-Q-A1:2511.04707v1,arxiv_id,REC-02948
DE-01847,ARX:FORMAL-ARXIV-V12-Q-A3:2510.27266v2,ARX:FORMAL-ARXIV-V12-Q-A1:2510.27266v2,arxiv_id,REC-02950
DE-01848,ARX:FORMAL-ARXIV-V12-Q-A3:2510.27210v1,ARX:FORMAL-ARXIV-V12-Q-A1:2510.27210v1,arxiv_id,REC-02951
DE-01849,ARX:FORMAL-ARXIV-V12-Q-A3:2510.26098v2,ARX:FORMAL-ARXIV-V12-Q-A1:2510.26098v2,arxiv_id,REC-02952
DE-01850,ARX:FORMAL-ARXIV-V12-Q-A3:2510.24699v1,ARX:FORMAL-ARXIV-V12-Q-A1:2510.24699v1,arxiv_id,REC-02953
DE-01851,ARX:FORMAL-ARXIV-V12-Q-A3:2510.24563v2,ARX:FORMAL-ARXIV-V12-Q-A1:2510.24563v2,arxiv_id,REC-02954
DE-01852,ARX:FORMAL-ARXIV-V12-Q-A3:2510.24411v3,ARX:FORMAL-ARXIV-V12-Q-A1:2510.24411v3,arxiv_id,REC-02955
DE-01853,ARX:FORMAL-ARXIV-V12-Q-A3:2510.24168v3,GS:GS-A1-03-009,arxiv_id,REC-00169
DE-01854,ARX:FORMAL-ARXIV-V12-Q-A3:2510.23458v2,ARX:FORMAL-ARXIV-V12-Q-A1:2510.23458v2,arxiv_id,REC-02957
DE-01855,ARX:FORMAL-ARXIV-V12-Q-A3:2510.22732v2,GS:GS-A1-06-009,arxiv_id,REC-00429
DE-01856,ARX:FORMAL-ARXIV-V12-Q-A3:2510.22009v2,ARX:FORMAL-ARXIV-V12-Q-A1:2510.22009v2,arxiv_id,REC-02958
DE-01857,ARX:FORMAL-ARXIV-V12-Q-A3:2510.20286v1,ARX:FORMAL-ARXIV-V12-Q-A1:2510.20286v1,arxiv_id,REC-02959
DE-01858,ARX:FORMAL-ARXIV-V12-Q-A3:2510.19949v2,ARX:FORMAL-ARXIV-V12-Q-A1:2510.19949v2,arxiv_id,REC-02960
DE-01859,ARX:FORMAL-ARXIV-V12-Q-A3:2510.19386v2,GS:GS-A1-04-006,arxiv_id,REC-00244
DE-01860,ARX:FORMAL-ARXIV-V12-Q-A3:2510.19205v1,ARX:FORMAL-ARXIV-V12-Q-A1:2510.19205v1,arxiv_id,REC-02962
DE-01861,ARX:FORMAL-ARXIV-V12-Q-A3:2510.18596v1,GS:GS-A1-02-009,arxiv_id,REC-00099
DE-01862,ARX:FORMAL-ARXIV-V12-Q-A3:2510.18488v1,GS:GS-A3-02-036,arxiv_id,REC-00912
DE-01863,ARX:FORMAL-ARXIV-V12-Q-A3:2510.17790v3,GS:GS-A1-01-034,arxiv_id,REC-00033
DE-01864,ARX:FORMAL-ARXIV-V12-Q-A3:2510.16720v2,ARX:FORMAL-ARXIV-V12-Q-A1:2510.16720v2,arxiv_id,REC-02965
DE-01865,ARX:FORMAL-ARXIV-V12-Q-A3:2510.19838v2,ARX:FORMAL-ARXIV-V12-Q-A1:2510.19838v2,arxiv_id,REC-02966
DE-01866,ARX:FORMAL-ARXIV-V12-Q-A3:2510.16252v2,GS:GS-A1-06-099,arxiv_id,REC-00497
DE-01867,ARX:FORMAL-ARXIV-V12-Q-A3:2510.14545v1,ARX:FORMAL-ARXIV-V12-Q-A1:2510.14545v1,arxiv_id,REC-02968
DE-01868,ARX:FORMAL-ARXIV-V12-Q-A3:2510.14308v2,ARX:FORMAL-ARXIV-V12-Q-A1:2510.14308v2,arxiv_id,REC-02969
DE-01869,ARX:FORMAL-ARXIV-V12-Q-A3:2510.13913v1,ARX:FORMAL-ARXIV-V12-Q-A1:2510.13913v1,arxiv_id,REC-02970
DE-01870,ARX:FORMAL-ARXIV-V12-Q-A3:2510.12200v1,ARX:FORMAL-ARXIV-V12-Q-A1:2510.12200v1,arxiv_id,REC-02971
DE-01871,ARX:FORMAL-ARXIV-V12-Q-A3:2510.11892v2,ARX:FORMAL-ARXIV-V12-Q-A1:2510.11892v2,arxiv_id,REC-02972
DE-01872,ARX:FORMAL-ARXIV-V12-Q-A3:2510.11221v1,ARX:FORMAL-ARXIV-V12-Q-A1:2510.11221v1,arxiv_id,REC-02973
DE-01873,ARX:FORMAL-ARXIV-V12-Q-A3:2510.11035v2,ARX:FORMAL-ARXIV-V12-Q-A1:2510.11035v2,arxiv_id,REC-02974
DE-01874,ARX:FORMAL-ARXIV-V12-Q-A3:2510.10666v2,GS:GS-A1-05-005,arxiv_id,REC-00334
DE-01875,ARX:FORMAL-ARXIV-V12-Q-A3:2510.10073v2,ARX:FORMAL-ARXIV-V12-Q-A1:2510.10073v2,arxiv_id,REC-02976
DE-01876,ARX:FORMAL-ARXIV-V12-Q-A3:2510.09872v2,ARX:FORMAL-ARXIV-V12-Q-A1:2510.09872v2,arxiv_id,REC-02978
DE-01877,ARX:FORMAL-ARXIV-V12-Q-A3:2510.09038v1,GS:GS-A2S-02-079,arxiv_id,REC-00587
DE-01878,ARX:FORMAL-ARXIV-V12-Q-A3:2510.07988v1,ARX:FORMAL-ARXIV-V12-Q-A1:2510.07988v1,arxiv_id,REC-02979
DE-01879,ARX:FORMAL-ARXIV-V12-Q-A3:2510.06607v2,GS:GS-A1-01-013,arxiv_id,REC-00013
DE-01880,ARX:FORMAL-ARXIV-V12-Q-A3:2510.04373v2,ARX:FORMAL-ARXIV-V12-Q-A1:2510.04373v2,arxiv_id,REC-02983
DE-01881,ARX:FORMAL-ARXIV-V12-Q-A3:2510.03612v1,ARX:FORMAL-ARXIV-V12-Q-A1:2510.03612v1,arxiv_id,REC-02984
DE-01882,ARX:FORMAL-ARXIV-V12-Q-A3:2510.03485v2,ARX:FORMAL-ARXIV-V12-Q-A1:2510.03485v2,arxiv_id,REC-02985
DE-01883,ARX:FORMAL-ARXIV-V12-Q-A3:2510.03204v1,ARX:FORMAL-ARXIV-V12-Q-A1:2510.03204v1,arxiv_id,REC-02986
DE-01884,ARX:FORMAL-ARXIV-V12-Q-A3:2510.02608v2,ARX:FORMAL-ARXIV-V12-Q-A1:2510.02608v2,arxiv_id,REC-02987
DE-01885,ARX:FORMAL-ARXIV-V12-Q-A3:2510.02250v2,GS:GS-A1-01-027,arxiv_id,REC-00026
DE-01886,ARX:FORMAL-ARXIV-V12-Q-A3:2510.02418v2,GS:GS-A1-05-006,arxiv_id,REC-00335
DE-01887,ARX:FORMAL-ARXIV-V12-Q-A3:2510.01670v1,ARX:FORMAL-ARXIV-V12-Q-A1:2510.01670v1,arxiv_id,REC-02988
DE-01888,ARX:FORMAL-ARXIV-V12-Q-A3:2510.01524v1,ARX:FORMAL-ARXIV-V12-Q-A1:2510.01524v1,arxiv_id,REC-02989
DE-01889,ARX:FORMAL-ARXIV-V12-Q-A3:2510.01354v1,GS:GS-B2-01-015,arxiv_id,REC-01125
DE-01890,ARX:FORMAL-ARXIV-V12-Q-A3:2510.05137v3,ARX:FORMAL-ARXIV-V12-Q-A1:2510.05137v3,arxiv_id,REC-02990
DE-01891,ARX:FORMAL-ARXIV-V12-Q-A3:2510.00536v1,ARX:FORMAL-ARXIV-V12-Q-A1:2510.00536v1,arxiv_id,REC-02991
DE-01892,ARX:FORMAL-ARXIV-V12-Q-A3:2510.00507v3,ARX:FORMAL-ARXIV-V12-Q-A1:2510.00507v3,arxiv_id,REC-02992
DE-01893,ARX:FORMAL-ARXIV-V12-Q-A3:2510.00413v2,ARX:FORMAL-ARXIV-V12-Q-A1:2510.00413v2,arxiv_id,REC-02993
DE-01894,ARX:FORMAL-ARXIV-V12-Q-A3:2509.26539v1,ARX:FORMAL-ARXIV-V12-Q-A1:2509.26539v1,arxiv_id,REC-02994
DE-01895,ARX:FORMAL-ARXIV-V12-Q-A3:2509.26506v1,ARX:FORMAL-ARXIV-V12-Q-A1:2509.26506v1,arxiv_id,REC-02995
DE-01896,ARX:FORMAL-ARXIV-V12-Q-A3:2510.00078v1,ARX:FORMAL-ARXIV-V12-Q-A1:2510.00078v1,arxiv_id,REC-02996
DE-01897,ARX:FORMAL-ARXIV-V12-Q-A3:2509.25301v1,ARX:FORMAL-ARXIV-V12-Q-A1:2509.25301v1,arxiv_id,REC-02997
DE-01898,ARX:FORMAL-ARXIV-V12-Q-A3:2510.03285v1,GS:GS-A1-06-007,arxiv_id,REC-00427
DE-01899,ARX:FORMAL-ARXIV-V12-Q-A3:2509.23866v1,ARX:FORMAL-ARXIV-V12-Q-A1:2509.23866v1,arxiv_id,REC-03001
DE-01900,ARX:FORMAL-ARXIV-V12-Q-A3:2509.23738v1,ARX:FORMAL-ARXIV-V12-Q-A1:2509.23738v1,arxiv_id,REC-03002
DE-01901,ARX:FORMAL-ARXIV-V12-Q-A3:2509.23263v2,GS:GS-B2-02-076,arxiv_id,REC-01211
DE-01902,ARX:FORMAL-ARXIV-V12-Q-A3:2509.22644v1,ARX:FORMAL-ARXIV-V12-Q-A1:2509.22644v1,arxiv_id,REC-03003
DE-01903,ARX:FORMAL-ARXIV-V12-Q-A3:2509.22256v4,GS:GS-A1-01-028,arxiv_id,REC-00027
DE-01904,ARX:FORMAL-ARXIV-V12-Q-A3:2509.21982v2,ARX:FORMAL-ARXIV-V12-Q-A1:2509.21982v2,arxiv_id,REC-03004
DE-01905,ARX:FORMAL-ARXIV-V12-Q-A3:2509.21799v3,ARX:FORMAL-ARXIV-V12-Q-A1:2509.21799v3,arxiv_id,REC-03006
DE-01906,ARX:FORMAL-ARXIV-V12-Q-A3:2509.21782v2,ARX:FORMAL-ARXIV-V12-Q-A1:2509.21782v2,arxiv_id,REC-03007
DE-01907,ARX:FORMAL-ARXIV-V12-Q-A3:2511.13725v4,ARX:FORMAL-ARXIV-V12-Q-A1:2511.13725v4,arxiv_id,REC-03008
DE-01908,ARX:FORMAL-ARXIV-V12-Q-A3:2509.21072v1,GS:GS-A1-06-069,arxiv_id,REC-00471
DE-01909,ARX:FORMAL-ARXIV-V12-Q-A3:2509.20729v2,GS:GS-A3-02-041,arxiv_id,REC-00915
DE-01910,ARX:FORMAL-ARXIV-V12-Q-A3:2509.17917v1,ARX:FORMAL-ARXIV-V12-Q-A1:2509.17917v1,arxiv_id,REC-03010
DE-01911,ARX:FORMAL-ARXIV-V12-Q-A3:2509.17336v3,ARX:FORMAL-ARXIV-V12-Q-A1:2509.17336v3,arxiv_id,REC-03011
DE-01912,ARX:FORMAL-ARXIV-V12-Q-A3:2509.17328v1,ARX:FORMAL-ARXIV-V12-Q-A1:2509.17328v1,arxiv_id,REC-03012
DE-01913,ARX:FORMAL-ARXIV-V12-Q-A3:2509.15738v1,GS:GS-A1-03-098,arxiv_id,REC-00239
DE-01914,ARX:FORMAL-ARXIV-V12-Q-A3:2509.15566v4,ARX:FORMAL-ARXIV-V12-Q-A1:2509.15566v4,arxiv_id,REC-03013
DE-01915,ARX:FORMAL-ARXIV-V12-Q-A3:2509.15532v1,ARX:FORMAL-ARXIV-V12-Q-A1:2509.15532v1,arxiv_id,REC-03014
DE-01916,ARX:FORMAL-ARXIV-V12-Q-A3:2509.14382v1,ARX:FORMAL-ARXIV-V12-Q-A1:2509.14382v1,arxiv_id,REC-03016
DE-01917,ARX:FORMAL-ARXIV-V12-Q-A3:2509.14172v2,ARX:FORMAL-ARXIV-V12-Q-A1:2509.14172v2,arxiv_id,REC-03017
DE-01918,ARX:FORMAL-ARXIV-V12-Q-A3:2509.13704v1,ARX:FORMAL-ARXIV-V12-Q-A1:2509.13704v1,arxiv_id,REC-03018
DE-01919,ARX:FORMAL-ARXIV-V12-Q-A3:2509.13313v3,ARX:FORMAL-ARXIV-V12-Q-A1:2509.13313v3,arxiv_id,REC-03019
DE-01920,ARX:FORMAL-ARXIV-V12-Q-A3:2509.11548v2,ARX:FORMAL-ARXIV-V12-Q-A1:2509.11548v2,arxiv_id,REC-03022
DE-01921,ARX:FORMAL-ARXIV-V12-Q-A3:2509.11543v2,ARX:FORMAL-ARXIV-V12-Q-A1:2509.11543v2,arxiv_id,REC-03023
DE-01922,ARX:FORMAL-ARXIV-V12-Q-A3:2509.11250v2,GS:GS-B2-02-010,arxiv_id,REC-01191
DE-01923,ARX:FORMAL-ARXIV-V12-Q-A3:2509.10723v1,ARX:FORMAL-ARXIV-V12-Q-A1:2509.10723v1,arxiv_id,REC-03024
DE-01924,ARX:FORMAL-ARXIV-V12-Q-A3:2509.09321v1,ARX:FORMAL-ARXIV-V12-Q-A1:2509.09321v1,arxiv_id,REC-03025
DE-01925,ARX:FORMAL-ARXIV-V12-Q-A3:2509.07764v1,ARX:FORMAL-ARXIV-V12-Q-A1:2509.07764v1,arxiv_id,REC-03027
DE-01926,ARX:FORMAL-ARXIV-V12-Q-A3:2509.07553v3,GS:GS-A1-04-007,arxiv_id,REC-00245
DE-01927,ARX:FORMAL-ARXIV-V12-Q-A3:2509.07098v1,GS:GS-A1-03-039,arxiv_id,REC-00192
DE-01928,ARX:FORMAL-ARXIV-V12-Q-A3:2509.06501v3,ARX:FORMAL-ARXIV-V12-Q-A1:2509.06501v3,arxiv_id,REC-03028
DE-01929,ARX:FORMAL-ARXIV-V12-Q-A3:2509.06477v2,ARX:FORMAL-ARXIV-V12-Q-A1:2509.06477v2,arxiv_id,REC-03029
DE-01930,ARX:FORMAL-ARXIV-V12-Q-A3:2509.04198v1,ARX:FORMAL-ARXIV-V12-Q-A1:2509.04198v1,arxiv_id,REC-03030
DE-01931,ARX:FORMAL-ARXIV-V12-Q-A3:2509.02544v2,GS:GS-A1-03-033,arxiv_id,REC-00187
DE-01932,ARX:FORMAL-ARXIV-V12-Q-A3:2509.01619v1,ARX:FORMAL-ARXIV-V12-Q-A1:2509.01619v1,arxiv_id,REC-03031
DE-01933,ARX:FORMAL-ARXIV-V12-Q-A3:2509.01052v2,ARX:FORMAL-ARXIV-V12-Q-A1:2509.01052v2,arxiv_id,REC-03032
DE-01934,ARX:FORMAL-ARXIV-V12-Q-A3:2510.06223v2,ARX:FORMAL-ARXIV-V12-Q-A1:2510.06223v2,arxiv_id,REC-03033
DE-01935,ARX:FORMAL-ARXIV-V12-Q-A3:2509.00531v1,ARX:FORMAL-ARXIV-V12-Q-A1:2509.00531v1,arxiv_id,REC-03034
DE-01936,ARX:FORMAL-ARXIV-V12-Q-A3:2509.00366v1,ARX:FORMAL-ARXIV-V12-Q-A1:2509.00366v1,arxiv_id,REC-03035
DE-01937,ARX:FORMAL-ARXIV-V12-Q-A3:2508.21767v1,GS:GS-A1-03-007,arxiv_id,REC-00167
DE-01938,ARX:FORMAL-ARXIV-V12-Q-A3:2508.20096v1,GS:GS-A1-01-063,arxiv_id,REC-00061
DE-01939,ARX:FORMAL-ARXIV-V12-Q-A3:2508.20018v1,ARX:FORMAL-ARXIV-V12-Q-A1:2508.20018v1,arxiv_id,REC-03037
DE-01940,ARX:FORMAL-ARXIV-V12-Q-A3:2509.03536v1,ARX:FORMAL-ARXIV-V12-Q-A1:2509.03536v1,arxiv_id,REC-03038
DE-01941,ARX:FORMAL-ARXIV-V12-Q-A3:2508.19493v2,ARX:FORMAL-ARXIV-V12-Q-A1:2508.19493v2,arxiv_id,REC-03039
DE-01942,ARX:FORMAL-ARXIV-V12-Q-A3:2508.19461v1,ARX:FORMAL-ARXIV-V12-Q-A1:2508.19461v1,arxiv_id,REC-03040
DE-01943,ARX:FORMAL-ARXIV-V12-Q-A3:2508.17398v1,ARX:FORMAL-ARXIV-V12-Q-A1:2508.17398v1,arxiv_id,REC-03042
DE-01944,ARX:FORMAL-ARXIV-V12-Q-A3:2508.16987v1,GS:GS-A1-05-027,arxiv_id,REC-00354
DE-01945,ARX:FORMAL-ARXIV-V12-Q-A3:2508.16763v1,ARX:FORMAL-ARXIV-V12-Q-A1:2508.16763v1,arxiv_id,REC-03043
DE-01946,ARX:FORMAL-ARXIV-V12-Q-A3:2508.15144v2,GS:GS-A1-03-003,arxiv_id,REC-00164
DE-01947,ARX:FORMAL-ARXIV-V12-Q-A3:2508.14040v2,ARX:FORMAL-ARXIV-V12-Q-A1:2508.14040v2,arxiv_id,REC-03044
DE-01948,ARX:FORMAL-ARXIV-V12-Q-A3:2508.13634v3,ARX:FORMAL-ARXIV-V12-Q-A1:2508.13634v3,arxiv_id,REC-03045
DE-01949,ARX:FORMAL-ARXIV-V12-Q-A3:2508.15832v2,ARX:FORMAL-ARXIV-V12-Q-A1:2508.15832v2,arxiv_id,REC-03046
DE-01950,ARX:FORMAL-ARXIV-V12-Q-A3:2508.13024v3,ARX:FORMAL-ARXIV-V12-Q-A1:2508.13024v3,arxiv_id,REC-03047
DE-01951,ARX:FORMAL-ARXIV-V12-Q-A3:2508.09123v3,ARX:FORMAL-ARXIV-V12-Q-A1:2508.09123v3,arxiv_id,REC-03048
DE-01952,ARX:FORMAL-ARXIV-V12-Q-A3:2508.09241v1,GS:GS-A2S-02-080,arxiv_id,REC-00588
DE-01953,ARX:FORMAL-ARXIV-V12-Q-A3:2508.05748v3,ARX:FORMAL-ARXIV-V12-Q-A1:2508.05748v3,arxiv_id,REC-03049
DE-01954,ARX:FORMAL-ARXIV-V12-Q-A3:2508.05615v2,ARX:FORMAL-ARXIV-V12-Q-A1:2508.05615v2,arxiv_id,REC-03050
DE-01955,ARX:FORMAL-ARXIV-V12-Q-A3:2508.13167v1,ARX:FORMAL-ARXIV-V12-Q-A1:2508.13167v1,arxiv_id,REC-03051
DE-01956,ARX:FORMAL-ARXIV-V12-Q-A3:2508.04482v1,GS:GS-A1-03-036,arxiv_id,REC-00189
DE-01957,ARX:FORMAL-ARXIV-V12-Q-A3:2508.04412v3,ARX:FORMAL-ARXIV-V12-Q-A1:2508.04412v3,arxiv_id,REC-03052
DE-01958,ARX:FORMAL-ARXIV-V12-Q-A3:2508.04037v2,GS:GS-A1-01-012,arxiv_id,REC-00012
DE-01959,ARX:FORMAL-ARXIV-V12-Q-A3:2508.04026v2,ARX:FORMAL-ARXIV-V12-Q-A1:2508.04026v2,arxiv_id,REC-03054
DE-01960,ARX:FORMAL-ARXIV-V12-Q-A3:2508.04010v1,GS:GS-B1-03-014,arxiv_id,REC-01107
DE-01961,ARX:FORMAL-ARXIV-V12-Q-A3:2508.03923v3,ARX:FORMAL-ARXIV-V12-Q-A1:2508.03923v3,arxiv_id,REC-03056
DE-01962,ARX:FORMAL-ARXIV-V12-Q-A3:2508.01330v4,ARX:FORMAL-ARXIV-V12-Q-A1:2508.01330v4,arxiv_id,REC-03058
DE-01963,ARX:FORMAL-ARXIV-V12-Q-A3:2507.23779v1,GS:GS-A1-04-052,arxiv_id,REC-00283
DE-01964,ARX:FORMAL-ARXIV-V12-Q-A3:2507.23773v3,ARX:FORMAL-ARXIV-V12-Q-A1:2507.23773v3,arxiv_id,REC-03059
DE-01965,ARX:FORMAL-ARXIV-V12-Q-A3:2508.00935v2,GS:GS-A1-02-024,arxiv_id,REC-00106
DE-01966,ARX:FORMAL-ARXIV-V12-Q-A3:2507.22025v4,ARX:FORMAL-ARXIV-V12-Q-A1:2507.22025v4,arxiv_id,REC-03061
DE-01967,ARX:FORMAL-ARXIV-V12-Q-A3:2507.19478v1,GS:GS-A3-02-008,arxiv_id,REC-00904
DE-01968,ARX:FORMAL-ARXIV-V12-Q-A3:2507.19132v1,GS:GS-A1-02-039,arxiv_id,REC-00114
DE-01969,ARX:FORMAL-ARXIV-V12-Q-A3:2507.16853v1,ARX:FORMAL-ARXIV-V12-Q-A1:2507.16853v1,arxiv_id,REC-03062
DE-01970,ARX:FORMAL-ARXIV-V12-Q-A3:2508.03700v5,GS:GS-A1-03-047,arxiv_id,REC-00199
DE-01971,ARX:FORMAL-ARXIV-V12-Q-A3:2507.14293v1,ARX:FORMAL-ARXIV-V12-Q-A1:2507.14293v1,arxiv_id,REC-03063
DE-01972,ARX:FORMAL-ARXIV-V12-Q-A3:2507.12844v2,ARX:FORMAL-ARXIV-V12-Q-A1:2507.12844v2,arxiv_id,REC-03064
DE-01973,ARX:FORMAL-ARXIV-V12-Q-A3:2507.10610v3,ARX:FORMAL-ARXIV-V12-Q-A1:2507.10610v3,arxiv_id,REC-03065
DE-01974,ARX:FORMAL-ARXIV-V12-Q-A3:2507.05791v5,ARX:FORMAL-ARXIV-V12-Q-A1:2507.05791v5,arxiv_id,REC-03066
DE-01975,ARX:FORMAL-ARXIV-V12-Q-A3:2507.05720v1,GS:GS-A1-03-044,arxiv_id,REC-00196
DE-01976,ARX:FORMAL-ARXIV-V12-Q-A3:2507.05673v1,ARX:FORMAL-ARXIV-V12-Q-A1:2507.05673v1,arxiv_id,REC-03067
DE-01977,ARX:FORMAL-ARXIV-V12-Q-A3:2507.04227v2,ARX:FORMAL-ARXIV-V12-Q-A1:2507.04227v2,arxiv_id,REC-03069
DE-01978,ARX:FORMAL-ARXIV-V12-Q-A3:2507.02592v1,GS:GS-A1-06-048,arxiv_id,REC-00456
DE-01979,ARX:FORMAL-ARXIV-V12-Q-A3:2507.01006v6,ARX:FORMAL-ARXIV-V12-Q-A1:2507.01006v6,arxiv_id,REC-03072
DE-01980,ARX:FORMAL-ARXIV-V12-Q-A3:2507.00938v2,ARX:FORMAL-ARXIV-V12-Q-A1:2507.00938v2,arxiv_id,REC-03073
DE-01981,ARX:FORMAL-ARXIV-V12-Q-A3:2506.19998v1,ARX:FORMAL-ARXIV-V12-Q-A1:2506.19998v1,arxiv_id,REC-03075
DE-01982,ARX:FORMAL-ARXIV-V12-Q-A3:2506.17913v2,ARX:FORMAL-ARXIV-V12-Q-A1:2506.17913v2,arxiv_id,REC-03077
DE-01983,ARX:FORMAL-ARXIV-V12-Q-A3:2506.16042v2,ARX:FORMAL-ARXIV-V12-Q-A1:2506.16042v2,arxiv_id,REC-03078
DE-01984,ARX:FORMAL-ARXIV-V12-Q-A3:2506.15677v3,ARX:FORMAL-ARXIV-V12-Q-A1:2506.15677v3,arxiv_id,REC-03079
DE-01985,ARX:FORMAL-ARXIV-V12-Q-A3:2506.17318v1,GS:GS-A1-05-076,arxiv_id,REC-00400
DE-01986,ARX:FORMAL-ARXIV-V12-Q-A3:2506.15425v1,ARX:FORMAL-ARXIV-V12-Q-A1:2506.15425v1,arxiv_id,REC-03082
DE-01987,ARX:FORMAL-ARXIV-V12-Q-A3:2506.14866v2,ARX:FORMAL-ARXIV-V12-Q-A1:2506.14866v2,arxiv_id,REC-03083
DE-01988,ARX:FORMAL-ARXIV-V12-Q-A3:2506.14477v1,ARX:FORMAL-ARXIV-V12-Q-A1:2506.14477v1,arxiv_id,REC-03084
DE-01989,ARX:FORMAL-ARXIV-V12-Q-A3:2506.14205v2,ARX:FORMAL-ARXIV-V12-Q-A1:2506.14205v2,arxiv_id,REC-03085
DE-01990,ARX:FORMAL-ARXIV-V12-Q-A3:2506.14079v4,ARX:FORMAL-ARXIV-V12-Q-A1:2506.14079v4,arxiv_id,REC-03086
DE-01991,ARX:FORMAL-ARXIV-V12-Q-A3:2506.10953v1,GS:GS-A1-06-024,arxiv_id,REC-00441
DE-01992,ARX:FORMAL-ARXIV-V12-Q-A3:2506.10387v1,GS:GS-A2S-02-044,arxiv_id,REC-00558
DE-01993,ARX:FORMAL-ARXIV-V12-Q-A3:2506.09373v3,ARX:FORMAL-ARXIV-V12-Q-A1:2506.09373v3,arxiv_id,REC-03088
DE-01994,ARX:FORMAL-ARXIV-V12-Q-A3:2506.11127v3,ARX:FORMAL-ARXIV-V12-Q-A1:2506.11127v3,arxiv_id,REC-03089
DE-01995,ARX:FORMAL-ARXIV-V12-Q-A3:2506.08136v3,ARX:FORMAL-ARXIV-V12-Q-A1:2506.08136v3,arxiv_id,REC-03090
DE-01996,ARX:FORMAL-ARXIV-V12-Q-A3:2506.08012v1,ARX:FORMAL-ARXIV-V12-Q-A1:2506.08012v1,arxiv_id,REC-03091
DE-01997,ARX:FORMAL-ARXIV-V12-Q-A3:2506.07976v2,ARX:FORMAL-ARXIV-V12-Q-A1:2506.07976v2,arxiv_id,REC-03092
DE-01998,ARX:FORMAL-ARXIV-V12-Q-A3:2506.07672v1,GS:GS-A1-01-051,arxiv_id,REC-00049
DE-01999,ARX:FORMAL-ARXIV-V12-Q-A3:2507.21071v2,GS:GS-A2W-03-005,arxiv_id,REC-00819
DE-02000,ARX:FORMAL-ARXIV-V12-Q-A3:2506.04135v4,ARX:FORMAL-ARXIV-V12-Q-A1:2506.04135v4,arxiv_id,REC-03094
DE-02001,ARX:FORMAL-ARXIV-V12-Q-A3:2506.03533v2,ARX:FORMAL-ARXIV-V12-Q-A1:2506.03533v2,arxiv_id,REC-03095
DE-02002,ARX:FORMAL-ARXIV-V12-Q-A3:2506.03143v1,ARX:FORMAL-ARXIV-V12-Q-A1:2506.03143v1,arxiv_id,REC-03096
DE-02003,ARX:FORMAL-ARXIV-V12-Q-A3:2506.03095v1,GS:GS-A1-01-086,arxiv_id,REC-00082
DE-02004,ARX:FORMAL-ARXIV-V12-Q-A3:2506.02865v2,ARX:FORMAL-ARXIV-V12-Q-A1:2506.02865v2,arxiv_id,REC-03097
DE-02005,ARX:FORMAL-ARXIV-V12-Q-A3:2506.02839v1,GS:GS-A2W-02-036,arxiv_id,REC-00766
DE-02006,ARX:FORMAL-ARXIV-V12-Q-A3:2506.02539v3,GS:GS-A1-02-064,arxiv_id,REC-00134
DE-02007,ARX:FORMAL-ARXIV-V12-Q-A3:2506.02456v2,ARX:FORMAL-ARXIV-V12-Q-A1:2506.02456v2,arxiv_id,REC-03098
DE-02008,ARX:FORMAL-ARXIV-V12-Q-A3:2506.01391v2,ARX:FORMAL-ARXIV-V12-Q-A1:2506.01391v2,arxiv_id,REC-03099
DE-02009,ARX:FORMAL-ARXIV-V12-Q-A3:2506.00618v3,ARX:FORMAL-ARXIV-V12-Q-A1:2506.00618v3,arxiv_id,REC-03100
DE-02010,ARX:FORMAL-ARXIV-V12-Q-A3:2505.24878v1,ARX:FORMAL-ARXIV-V12-Q-A1:2505.24878v1,arxiv_id,REC-03101
DE-02011,ARX:FORMAL-ARXIV-V12-Q-A3:2505.23596v3,ARX:FORMAL-ARXIV-V12-Q-A1:2505.23596v3,arxiv_id,REC-03103
DE-02012,ARX:FORMAL-ARXIV-V12-Q-A3:2505.22942v2,ARX:FORMAL-ARXIV-V12-Q-A1:2505.22942v2,arxiv_id,REC-03104
DE-02013,ARX:FORMAL-ARXIV-V12-Q-A3:2505.22648v3,ARX:FORMAL-ARXIV-V12-Q-A1:2505.22648v3,arxiv_id,REC-03105
DE-02014,ARX:FORMAL-ARXIV-V12-Q-A3:2505.21964v2,GS:GS-A1-01-030,arxiv_id,REC-00029
DE-02015,ARX:FORMAL-ARXIV-V12-Q-A3:2505.21936v5,ARX:FORMAL-ARXIV-V12-Q-A1:2505.21936v5,arxiv_id,REC-03106
DE-02016,ARX:FORMAL-ARXIV-V12-Q-A3:2505.21499v1,ARX:FORMAL-ARXIV-V12-Q-A1:2505.21499v1,arxiv_id,REC-03107
DE-02017,ARX:FORMAL-ARXIV-V12-Q-A3:2505.21496v1,ARX:FORMAL-ARXIV-V12-Q-A1:2505.21496v1,arxiv_id,REC-03108
DE-02018,ARX:FORMAL-ARXIV-V12-Q-A3:2505.20660v1,ARX:FORMAL-ARXIV-V12-Q-A1:2505.20660v1,arxiv_id,REC-03109
DE-02019,ARX:FORMAL-ARXIV-V12-Q-A3:2505.20013v2,ARX:FORMAL-ARXIV-V12-Q-A1:2505.20013v2,arxiv_id,REC-03110
DE-02020,ARX:FORMAL-ARXIV-V12-Q-A3:2505.19897v3,ARX:FORMAL-ARXIV-V12-Q-A1:2505.19897v3,arxiv_id,REC-03111
DE-02021,ARX:FORMAL-ARXIV-V12-Q-A3:2505.18829v2,GS:GS-A1-01-005,arxiv_id,REC-00005
DE-02022,ARX:FORMAL-ARXIV-V12-Q-A3:2505.18121v1,ARX:FORMAL-ARXIV-V12-Q-A1:2505.18121v1,arxiv_id,REC-03113
DE-02023,ARX:FORMAL-ARXIV-V12-Q-A3:2505.17629v2,ARX:FORMAL-ARXIV-V12-Q-A1:2505.17629v2,arxiv_id,REC-03114
DE-02024,ARX:FORMAL-ARXIV-V12-Q-A3:2505.16421v2,ARX:FORMAL-ARXIV-V12-Q-A1:2505.16421v2,arxiv_id,REC-03116
DE-02025,ARX:FORMAL-ARXIV-V12-Q-A3:2505.16282v1,ARX:FORMAL-ARXIV-V12-Q-A1:2505.16282v1,arxiv_id,REC-03117
DE-02026,ARX:FORMAL-ARXIV-V12-Q-A3:2505.15277v2,ARX:FORMAL-ARXIV-V12-Q-A1:2505.15277v2,arxiv_id,REC-03119
DE-02027,ARX:FORMAL-ARXIV-V12-Q-A3:2505.14418v3,ARX:FORMAL-ARXIV-V12-Q-A1:2505.14418v3,arxiv_id,REC-03120
DE-02028,ARX:FORMAL-ARXIV-V12-Q-A3:2505.14141v1,ARX:FORMAL-ARXIV-V12-Q-A1:2505.14141v1,arxiv_id,REC-03122
DE-02029,ARX:FORMAL-ARXIV-V12-Q-A3:2505.13909v2,ARX:FORMAL-ARXIV-V12-Q-A1:2505.13909v2,arxiv_id,REC-03124
DE-02030,ARX:FORMAL-ARXIV-V12-Q-A3:2505.13227v3,ARX:FORMAL-ARXIV-V12-Q-A1:2505.13227v3,arxiv_id,REC-03125
DE-02031,ARX:FORMAL-ARXIV-V12-Q-A3:2505.12493v3,ARX:FORMAL-ARXIV-V12-Q-A1:2505.12493v3,arxiv_id,REC-03127
DE-02032,ARX:FORMAL-ARXIV-V12-Q-A3:2505.12370v2,ARX:FORMAL-ARXIV-V12-Q-A1:2505.12370v2,arxiv_id,REC-03128
DE-02033,ARX:FORMAL-ARXIV-V12-Q-A3:2505.12299v4,ARX:FORMAL-ARXIV-V12-Q-A1:2505.12299v4,arxiv_id,REC-03129
DE-02034,ARX:FORMAL-ARXIV-V12-Q-A3:2505.10924v4,GS:GS-A1-02-028,arxiv_id,REC-00108
DE-02035,ARX:FORMAL-ARXIV-V12-Q-A3:2505.09875v2,GS:GS-A1-03-032,arxiv_id,REC-00186
DE-02036,ARX:FORMAL-ARXIV-V12-Q-A3:2505.07473v1,GS:GS-A1-06-095,arxiv_id,REC-00493
DE-02037,ARX:FORMAL-ARXIV-V12-Q-A3:2506.06287v1,ARX:FORMAL-ARXIV-V12-Q-A1:2506.06287v1,arxiv_id,REC-03131
DE-02038,ARX:FORMAL-ARXIV-V12-Q-A3:2505.00684v2,ARX:FORMAL-ARXIV-V12-Q-A1:2505.00684v2,arxiv_id,REC-03132
DE-02039,ARX:FORMAL-ARXIV-V12-Q-A3:2504.20464v2,GS:GS-A1-03-046,arxiv_id,REC-00198
DE-02040,ARX:FORMAL-ARXIV-V12-Q-A3:2504.19838v3,GS:GS-A2S-02-090,arxiv_id,REC-00598
DE-02041,ARX:FORMAL-ARXIV-V12-Q-A3:2504.18575v3,ARX:FORMAL-ARXIV-V12-Q-A1:2504.18575v3,arxiv_id,REC-03135
DE-02042,ARX:FORMAL-ARXIV-V12-Q-A3:2504.14603v2,GS:GS-A1-02-072,arxiv_id,REC-00142
DE-02043,ARX:FORMAL-ARXIV-V12-Q-A3:2504.14239v1,ARX:FORMAL-ARXIV-V12-Q-A1:2504.14239v1,arxiv_id,REC-03136
DE-02044,ARX:FORMAL-ARXIV-V12-Q-A3:2504.13805v1,ARX:FORMAL-ARXIV-V12-Q-A1:2504.13805v1,arxiv_id,REC-03137
DE-02045,ARX:FORMAL-ARXIV-V12-Q-A3:2504.12682v1,GS:GS-A1-06-014,arxiv_id,REC-00431
DE-02046,ARX:FORMAL-ARXIV-V12-Q-A3:2504.12679v4,ARX:FORMAL-ARXIV-V12-Q-A1:2504.12679v4,arxiv_id,REC-03138
DE-02047,ARX:FORMAL-ARXIV-V12-Q-A3:2504.11788v3,ARX:FORMAL-ARXIV-V12-Q-A1:2504.11788v3,arxiv_id,REC-03139
DE-02048,ARX:FORMAL-ARXIV-V12-Q-A3:2504.11281v1,ARX:FORMAL-ARXIV-V12-Q-A1:2504.11281v1,arxiv_id,REC-03140
DE-02049,ARX:FORMAL-ARXIV-V12-Q-A3:2504.11257v4,ARX:FORMAL-ARXIV-V12-Q-A1:2504.11257v4,arxiv_id,REC-03141
DE-02050,ARX:FORMAL-ARXIV-V12-Q-A3:2504.10458v4,GS:GS-A1-03-053,arxiv_id,REC-00203
DE-02051,ARX:FORMAL-ARXIV-V12-Q-A3:2504.08942v2,GS:GS-A1-06-043,arxiv_id,REC-00454
DE-02052,ARX:FORMAL-ARXIV-V12-Q-A3:2504.07079v1,ARX:FORMAL-ARXIV-V12-Q-A1:2504.07079v1,arxiv_id,REC-03143
DE-02053,ARX:FORMAL-ARXIV-V12-Q-A3:2504.07981v1,ARX:FORMAL-ARXIV-V12-Q-A1:2504.07981v1,arxiv_id,REC-03144
DE-02054,ARX:FORMAL-ARXIV-V12-Q-A3:2504.01495v1,ARX:FORMAL-ARXIV-V12-Q-A1:2504.01495v1,arxiv_id,REC-03145
DE-02055,ARX:FORMAL-ARXIV-V12-Q-A3:2504.01382v4,ARX:FORMAL-ARXIV-V12-Q-A1:2504.01382v4,arxiv_id,REC-03146
DE-02056,ARX:FORMAL-ARXIV-V12-Q-A3:2504.00906v1,ARX:FORMAL-ARXIV-V12-Q-A1:2504.00906v1,arxiv_id,REC-03147
DE-02057,ARX:FORMAL-ARXIV-V12-Q-A3:2503.24180v2,ARX:FORMAL-ARXIV-V12-Q-A1:2503.24180v2,arxiv_id,REC-03148
DE-02058,ARX:FORMAL-ARXIV-V12-Q-A3:2503.23434v2,GS:GS-A1-03-011,arxiv_id,REC-00170
DE-02059,ARX:FORMAL-ARXIV-V12-Q-A3:2504.13865v2,GS:GS-A1-03-067,arxiv_id,REC-00214
DE-02060,ARX:FORMAL-ARXIV-V12-Q-A3:2503.20978v1,ARX:FORMAL-ARXIV-V12-Q-A1:2503.20978v1,arxiv_id,REC-03151
DE-02061,ARX:FORMAL-ARXIV-V12-Q-A3:2503.20279v3,ARX:FORMAL-ARXIV-V12-Q-A1:2503.20279v3,arxiv_id,REC-03152
DE-02062,ARX:FORMAL-ARXIV-V12-Q-A3:2503.18492v2,ARX:FORMAL-ARXIV-V12-Q-A1:2503.18492v2,arxiv_id,REC-03153
DE-02063,ARX:FORMAL-ARXIV-V12-Q-A3:2503.16788v1,ARX:FORMAL-ARXIV-V12-Q-A1:2503.16788v1,arxiv_id,REC-03155
DE-02064,ARX:FORMAL-ARXIV-V12-Q-A3:2503.15937v5,GS:GS-A1-03-088,arxiv_id,REC-00231
DE-02065,ARX:FORMAL-ARXIV-V12-Q-A3:2503.15661v2,GS:GS-A3-02-053,arxiv_id,REC-00921
DE-02066,ARX:FORMAL-ARXIV-V12-Q-A3:2503.11170v1,ARX:FORMAL-ARXIV-V12-Q-A1:2503.11170v1,arxiv_id,REC-03156
DE-02067,ARX:FORMAL-ARXIV-V12-Q-A3:2503.11069v2,GS:GS-A3-02-094,arxiv_id,REC-00935
DE-02068,ARX:FORMAL-ARXIV-V12-Q-A3:2503.09780v3,ARX:FORMAL-ARXIV-V12-Q-A1:2503.09780v3,arxiv_id,REC-03158
DE-02069,ARX:FORMAL-ARXIV-V12-Q-A3:2503.07919v3,GS:GS-A1-02-006,arxiv_id,REC-00096
DE-02070,ARX:FORMAL-ARXIV-V12-Q-A3:2503.04957v1,ARX:FORMAL-ARXIV-V12-Q-A1:2503.04957v1,arxiv_id,REC-03159
DE-02071,ARX:FORMAL-ARXIV-V12-Q-A3:2503.03196v2,ARX:FORMAL-ARXIV-V12-Q-A1:2503.03196v2,arxiv_id,REC-03160
DE-02072,ARX:FORMAL-ARXIV-V12-Q-A3:2503.02268v3,ARX:FORMAL-ARXIV-V12-Q-A1:2503.02268v3,arxiv_id,REC-03163
DE-02073,ARX:FORMAL-ARXIV-V12-Q-A3:2503.16465v3,ARX:FORMAL-ARXIV-V12-Q-A1:2503.16465v3,arxiv_id,REC-03165
DE-02074,ARX:FORMAL-ARXIV-V12-Q-A3:2502.18906v1,ARX:FORMAL-ARXIV-V12-Q-A1:2502.18906v1,arxiv_id,REC-03166
DE-02075,ARX:FORMAL-ARXIV-V12-Q-A3:2502.18525v2,ARX:FORMAL-ARXIV-V12-Q-A1:2502.18525v2,arxiv_id,REC-03168
DE-02076,ARX:FORMAL-ARXIV-V12-Q-A3:2502.14282v2,GS:GS-A1-03-072,arxiv_id,REC-00218
DE-02077,ARX:FORMAL-ARXIV-V12-Q-A3:2502.11357v4,ARX:FORMAL-ARXIV-V12-Q-A1:2502.11357v4,arxiv_id,REC-03170
DE-02078,ARX:FORMAL-ARXIV-V12-Q-A3:2502.08226v2,ARX:FORMAL-ARXIV-V12-Q-A1:2502.08226v2,arxiv_id,REC-03171
DE-02079,ARX:FORMAL-ARXIV-V12-Q-A3:2502.08047v5,GS:GS-A1-03-057,arxiv_id,REC-00205
DE-02080,ARX:FORMAL-ARXIV-V12-Q-A3:2502.07942v2,GS:GS-A2W-01-088,arxiv_id,REC-00741
DE-02081,ARX:FORMAL-ARXIV-V12-Q-A3:2503.04730v1,ARX:FORMAL-ARXIV-V12-Q-A1:2503.04730v1,arxiv_id,REC-03176
DE-02082,ARX:FORMAL-ARXIV-V12-Q-A3:2501.12485v3,ARX:FORMAL-ARXIV-V12-Q-A1:2501.12485v3,arxiv_id,REC-03177
DE-02083,ARX:FORMAL-ARXIV-V12-Q-A3:2501.12326v1,GS:GS-A1-03-095,arxiv_id,REC-00238
DE-02084,ARX:FORMAL-ARXIV-V12-Q-A3:2501.04575v1,ARX:FORMAL-ARXIV-V12-Q-A1:2501.04575v1,arxiv_id,REC-03178
DE-02085,ARX:FORMAL-ARXIV-V12-Q-A3:2501.01149v3,ARX:FORMAL-ARXIV-V12-Q-A1:2501.01149v3,arxiv_id,REC-03179
DE-02086,ARX:FORMAL-ARXIV-V12-Q-A3:2412.19723v3,ARX:FORMAL-ARXIV-V12-Q-A1:2412.19723v3,arxiv_id,REC-03181
DE-02087,ARX:FORMAL-ARXIV-V12-Q-A3:2412.18426v1,GS:GS-A2S-02-006,arxiv_id,REC-00531
DE-02088,ARX:FORMAL-ARXIV-V12-Q-A3:2412.13501v3,ARX:FORMAL-ARXIV-V12-Q-A1:2412.13501v3,arxiv_id,REC-03183
DE-02089,ARX:FORMAL-ARXIV-V12-Q-A3:2412.10342v2,ARX:FORMAL-ARXIV-V12-Q-A1:2412.10342v2,arxiv_id,REC-03184
DE-02090,ARX:FORMAL-ARXIV-V12-Q-A3:2412.09605v2,ARX:FORMAL-ARXIV-V12-Q-A1:2412.09605v2,arxiv_id,REC-03185
DE-02091,ARX:FORMAL-ARXIV-V12-Q-A3:2412.05467v4,GS:GS-A1-06-001,arxiv_id,REC-00423
DE-02092,ARX:FORMAL-ARXIV-V12-Q-A3:2412.04454v2,GS:GS-A1-03-082,arxiv_id,REC-00226
DE-02093,ARX:FORMAL-ARXIV-V12-Q-A3:2412.01268v1,ARX:FORMAL-ARXIV-V12-Q-A1:2412.01268v1,arxiv_id,REC-03187
DE-02094,ARX:FORMAL-ARXIV-V12-Q-A3:2411.18279v12,GS:GS-A1-03-002,arxiv_id,REC-00163
DE-02095,ARX:FORMAL-ARXIV-V12-Q-A3:2411.15004v2,ARX:FORMAL-ARXIV-V12-Q-A1:2411.15004v2,arxiv_id,REC-03188
DE-02096,ARX:FORMAL-ARXIV-V12-Q-A3:2411.13451v1,ARX:FORMAL-ARXIV-V12-Q-A1:2411.13451v1,arxiv_id,REC-03189
DE-02097,ARX:FORMAL-ARXIV-V12-Q-A3:2411.06559v2,GS:GS-A1-06-031,arxiv_id,REC-00446
DE-02098,ARX:FORMAL-ARXIV-V12-Q-A3:2411.04890v2,GS:GS-A1-02-084,arxiv_id,REC-00149
DE-02099,ARX:FORMAL-ARXIV-V12-Q-A3:2411.02337v3,ARX:FORMAL-ARXIV-V12-Q-A1:2411.02337v3,arxiv_id,REC-03191
DE-02100,ARX:FORMAL-ARXIV-V12-Q-A3:2410.24024v2,ARX:FORMAL-ARXIV-V12-Q-A1:2410.24024v2,arxiv_id,REC-03192
DE-02101,ARX:FORMAL-ARXIV-V12-Q-A3:2410.23252v3,ARX:FORMAL-ARXIV-V12-Q-A1:2410.23252v3,arxiv_id,REC-03193
DE-02102,ARX:FORMAL-ARXIV-V12-Q-A3:2410.23218v1,ARX:FORMAL-ARXIV-V12-Q-A1:2410.23218v1,arxiv_id,REC-03194
DE-02103,ARX:FORMAL-ARXIV-V12-Q-A3:2410.22552v1,ARX:FORMAL-ARXIV-V12-Q-A1:2410.22552v1,arxiv_id,REC-03195
DE-02104,ARX:FORMAL-ARXIV-V12-Q-A3:2410.21220v1,ARX:FORMAL-ARXIV-V12-Q-A1:2410.21220v1,arxiv_id,REC-03196
DE-02105,ARX:FORMAL-ARXIV-V12-Q-A3:2410.19100v3,ARX:FORMAL-ARXIV-V12-Q-A1:2410.19100v3,arxiv_id,REC-03198
DE-02106,ARX:FORMAL-ARXIV-V12-Q-A3:2410.19054v1,ARX:FORMAL-ARXIV-V12-Q-A1:2410.19054v1,arxiv_id,REC-03199
DE-02107,ARX:FORMAL-ARXIV-V12-Q-A3:2410.17236v2,ARX:FORMAL-ARXIV-V12-Q-A1:2410.17236v2,arxiv_id,REC-03201
DE-02108,ARX:FORMAL-ARXIV-V12-Q-A3:2410.16464v3,ARX:FORMAL-ARXIV-V12-Q-A1:2410.16464v3,arxiv_id,REC-03202
DE-02109,ARX:FORMAL-ARXIV-V12-Q-A3:2410.15164v3,ARX:FORMAL-ARXIV-V12-Q-A1:2410.15164v3,arxiv_id,REC-03203
DE-02110,ARX:FORMAL-ARXIV-V12-Q-A3:2410.13825v2,ARX:FORMAL-ARXIV-V12-Q-A1:2410.13825v2,arxiv_id,REC-03204
DE-02111,ARX:FORMAL-ARXIV-V12-Q-A3:2410.13232v2,ARX:FORMAL-ARXIV-V12-Q-A1:2410.13232v2,arxiv_id,REC-03207
DE-02112,ARX:FORMAL-ARXIV-V12-Q-A3:2410.08164v1,ARX:FORMAL-ARXIV-V12-Q-A1:2410.08164v1,arxiv_id,REC-03208
DE-02113,ARX:FORMAL-ARXIV-V12-Q-A3:2410.06703v7,ARX:FORMAL-ARXIV-V12-Q-A1:2410.06703v7,arxiv_id,REC-03209
DE-02114,ARX:FORMAL-ARXIV-V12-Q-A3:2410.05243v3,ARX:FORMAL-ARXIV-V12-Q-A1:2410.05243v3,arxiv_id,REC-03210
DE-02115,ARX:FORMAL-ARXIV-V12-Q-A3:2410.02907v2,GS:GS-A1-05-007,arxiv_id,REC-00336
DE-02116,ARX:FORMAL-ARXIV-V12-Q-A3:2410.00689v2,GS:GS-A1-05-080,arxiv_id,REC-00403
DE-02117,ARX:FORMAL-ARXIV-V12-Q-A3:2409.14337v3,ARX:FORMAL-ARXIV-V12-Q-A1:2409.14337v3,arxiv_id,REC-03211
DE-02118,ARX:FORMAL-ARXIV-V12-Q-A3:2409.08264v2,GS:GS-A1-04-003,arxiv_id,REC-00241
DE-02119,ARX:FORMAL-ARXIV-V12-Q-A3:2409.13711v2,ARX:FORMAL-ARXIV-V12-Q-A1:2409.13711v2,arxiv_id,REC-03213
DE-02120,ARX:FORMAL-ARXIV-V12-Q-A3:2409.01927v1,ARX:FORMAL-ARXIV-V12-Q-A1:2409.01927v1,arxiv_id,REC-03214
DE-02121,ARX:FORMAL-ARXIV-V12-Q-A3:2409.04465v1,ARX:FORMAL-ARXIV-V12-Q-A1:2409.04465v1,arxiv_id,REC-03215
DE-02122,ARX:FORMAL-ARXIV-V12-Q-A3:2408.15978v1,ARX:FORMAL-ARXIV-V12-Q-A1:2408.15978v1,arxiv_id,REC-03217
DE-02123,ARX:FORMAL-ARXIV-V12-Q-A3:2408.00203v1,GS:GS-A1-03-089,arxiv_id,REC-00232
DE-02124,ARX:FORMAL-ARXIV-V12-Q-A3:2407.15711v2,ARX:FORMAL-ARXIV-V12-Q-A1:2407.15711v2,arxiv_id,REC-03221
DE-02125,ARX:FORMAL-ARXIV-V12-Q-A3:2407.13032v1,ARX:FORMAL-ARXIV-V12-Q-A1:2407.13032v1,arxiv_id,REC-03222
DE-02126,ARX:FORMAL-ARXIV-V12-Q-A3:2407.09295v3,GS:GS-B2-02-011,arxiv_id,REC-01192
DE-02127,ARX:FORMAL-ARXIV-V12-Q-A3:2407.05291v2,ARX:FORMAL-ARXIV-V12-Q-A1:2407.05291v2,arxiv_id,REC-03223
DE-02128,ARX:FORMAL-ARXIV-V12-Q-A3:2407.01476v4,GS:GS-A2S-03-009,arxiv_id,REC-00611
DE-02129,ARX:FORMAL-ARXIV-V12-Q-A3:2406.12814v3,ARX:FORMAL-ARXIV-V12-Q-A1:2406.12814v3,arxiv_id,REC-03226
DE-02130,ARX:FORMAL-ARXIV-V12-Q-A3:2406.12373v3,ARX:FORMAL-ARXIV-V12-Q-A1:2406.12373v3,arxiv_id,REC-03227
DE-02131,ARX:FORMAL-ARXIV-V12-Q-A3:2406.10819v2,ARX:FORMAL-ARXIV-V12-Q-A1:2406.10819v2,arxiv_id,REC-03229
DE-02132,ARX:FORMAL-ARXIV-V12-Q-A3:2406.09187v3,GS:GS-C3-01-037,arxiv_id,REC-01929
DE-02133,ARX:FORMAL-ARXIV-V12-Q-A3:2406.01623v1,ARX:FORMAL-ARXIV-V12-Q-A1:2406.01623v1,arxiv_id,REC-03231
DE-02134,ARX:FORMAL-ARXIV-V12-Q-A3:2405.20309v2,GS:GS-A1-06-090,arxiv_id,REC-00489
DE-02135,ARX:FORMAL-ARXIV-V12-Q-A3:2405.14573v5,ARX:FORMAL-ARXIV-V12-Q-A1:2405.14573v5,arxiv_id,REC-03232
DE-02136,ARX:FORMAL-ARXIV-V12-Q-A3:2404.09992v2,ARX:FORMAL-ARXIV-V12-Q-A1:2404.09992v2,arxiv_id,REC-03238
DE-02137,ARX:FORMAL-ARXIV-V12-Q-A3:2404.05955v1,ARX:FORMAL-ARXIV-V12-Q-A1:2404.05955v1,arxiv_id,REC-03241
DE-02138,ARX:FORMAL-ARXIV-V12-Q-A3:2404.05902v1,ARX:FORMAL-ARXIV-V12-Q-A1:2404.05902v1,arxiv_id,REC-03242
DE-02139,ARX:FORMAL-ARXIV-V12-Q-A3:2404.03648v2,ARX:FORMAL-ARXIV-V12-Q-A1:2404.03648v2,arxiv_id,REC-03244
DE-02140,ARX:FORMAL-ARXIV-V12-Q-A3:2403.11905v4,ARX:FORMAL-ARXIV-V12-Q-A1:2403.11905v4,arxiv_id,REC-03246
DE-02141,ARX:FORMAL-ARXIV-V12-Q-A3:2403.07718v5,ARX:FORMAL-ARXIV-V12-Q-A1:2403.07718v5,arxiv_id,REC-03248
DE-02142,ARX:FORMAL-ARXIV-V12-Q-A3:2402.17896v1,ARX:FORMAL-ARXIV-V12-Q-A1:2402.17896v1,arxiv_id,REC-03252
DE-02143,ARX:FORMAL-ARXIV-V12-Q-A3:2402.17553v3,ARX:FORMAL-ARXIV-V12-Q-A1:2402.17553v3,arxiv_id,REC-03253
DE-02144,ARX:FORMAL-ARXIV-V12-Q-A3:2402.16965v1,GS:GS-A1-06-017,arxiv_id,REC-00434
DE-02145,ARX:FORMAL-ARXIV-V12-Q-A3:2402.15057v1,ARX:FORMAL-ARXIV-V12-Q-A1:2402.15057v1,arxiv_id,REC-03254
DE-02146,ARX:FORMAL-ARXIV-V12-Q-A3:2402.11941v3,ARX:FORMAL-ARXIV-V12-Q-A1:2402.11941v3,arxiv_id,REC-03255
DE-02147,ARX:FORMAL-ARXIV-V12-Q-A3:2401.13919v4,ARX:FORMAL-ARXIV-V12-Q-A1:2401.13919v4,arxiv_id,REC-03259
DE-02148,ARX:FORMAL-ARXIV-V12-Q-A3:2401.13649v2,ARX:FORMAL-ARXIV-V12-Q-A1:2401.13649v2,arxiv_id,REC-03260
DE-02149,ARX:FORMAL-ARXIV-V12-Q-A3:2401.10935v2,ARX:FORMAL-ARXIV-V12-Q-A1:2401.10935v2,arxiv_id,REC-03262
DE-02150,ARX:FORMAL-ARXIV-V12-Q-A3:2401.01614v2,ARX:FORMAL-ARXIV-V12-Q-A1:2401.01614v2,arxiv_id,REC-03264
DE-02151,ARX:FORMAL-ARXIV-V12-Q-A3:2312.08914v3,ARX:FORMAL-ARXIV-V12-Q-A1:2312.08914v3,arxiv_id,REC-03265
DE-02152,ARX:FORMAL-ARXIV-V12-Q-A3:2309.11436v4,ARX:FORMAL-ARXIV-V12-Q-A1:2309.11436v4,arxiv_id,REC-03270
DE-02153,ARX:FORMAL-ARXIV-V12-Q-A3:2305.11854v4,ARX:FORMAL-ARXIV-V12-Q-A1:2305.11854v4,arxiv_id,REC-03282
DE-02154,ARX:FORMAL-ARXIV-V12-Q-A3:2305.08144v4,GS:GS-A3-02-096,arxiv_id,REC-00937
DE-02155,ARX:FORMAL-ARXIV-V12-Q-B1:2607.28165v2,GS:GS-B1-03-020,arxiv_id,REC-01112
DE-02156,ARX:FORMAL-ARXIV-V12-Q-B1:2607.26115v1,GS:GS-B1-01-054,arxiv_id,REC-00977
DE-02157,ARX:FORMAL-ARXIV-V12-Q-B1:2607.25255v2,ARX:FORMAL-ARXIV-V12-Q-A1:2607.25255v2,arxiv_id,REC-02652
DE-02158,ARX:FORMAL-ARXIV-V12-Q-B1:2607.24625v1,GS:GS-C3-01-062,arxiv_id,REC-01944
DE-02159,ARX:FORMAL-ARXIV-V12-Q-B1:2607.22024v1,GS:GS-C1-01-067,arxiv_id,REC-01611
DE-02160,ARX:FORMAL-ARXIV-V12-Q-B1:2607.19432v1,GS:GS-B4-03-097,arxiv_id,REC-01523
DE-02161,ARX:FORMAL-ARXIV-V12-Q-B1:2607.18485v1,GS:GS-B3-03-034,arxiv_id,REC-01327
DE-02162,ARX:FORMAL-ARXIV-V12-Q-B1:2607.14611v1,GS:GS-C1-03-031,arxiv_id,REC-01680
DE-02163,ARX:FORMAL-ARXIV-V12-Q-B1:2607.13987v1,GS:GS-D2-02-091,arxiv_id,REC-02142
DE-02164,ARX:FORMAL-ARXIV-V12-Q-B1:2607.13718v2,GS:GS-C3-03-079,arxiv_id,REC-02025
DE-02165,ARX:FORMAL-ARXIV-V12-Q-B1:2607.10490v1,GS:GS-B1-02-027,arxiv_id,REC-01032
DE-02166,ARX:FORMAL-ARXIV-V12-Q-B1:2607.08282v1,GS:GS-D2-03-084,arxiv_id,REC-02185
DE-02167,ARX:FORMAL-ARXIV-V12-Q-B1:2607.08147v1,ARX:FORMAL-ARXIV-V12-Q-A1:2607.08147v1,arxiv_id,REC-02666
DE-02168,ARX:FORMAL-ARXIV-V12-Q-B1:2607.05277v1,GS:GS-B1-01-077,arxiv_id,REC-00990
DE-02169,ARX:FORMAL-ARXIV-V12-Q-B1:2607.05120v1,GS:GS-B1-03-006,arxiv_id,REC-01102
DE-02170,ARX:FORMAL-ARXIV-V12-Q-B1:2606.29142v1,GS:GS-C2-02-097,arxiv_id,REC-01868
DE-02171,ARX:FORMAL-ARXIV-V12-Q-B1:2606.26627v1,GS:GS-C1-02-058,arxiv_id,REC-01645
DE-02172,ARX:FORMAL-ARXIV-V12-Q-B1:2606.26479v1,GS:GS-B1-02-032,arxiv_id,REC-01037
DE-02173,ARX:FORMAL-ARXIV-V12-Q-B1:2606.22864v1,GS:GS-B1-01-022,arxiv_id,REC-00963
DE-02174,ARX:FORMAL-ARXIV-V12-Q-B1:2606.21732v1,GS:GS-C3-04-036,arxiv_id,REC-02040
DE-02175,ARX:FORMAL-ARXIV-V12-Q-B1:2606.21071v1,ARX:FORMAL-ARXIV-V12-Q-A2W:2606.21071v1,arxiv_id,REC-03333
DE-02176,ARX:FORMAL-ARXIV-V12-Q-B1:2606.20922v1,GS:GS-B1-01-056,arxiv_id,REC-00979
DE-02177,ARX:FORMAL-ARXIV-V12-Q-B1:2606.18356v1,GS:GS-C3-02-015,arxiv_id,REC-01975
DE-02178,ARX:FORMAL-ARXIV-V12-Q-B1:2606.20717v1,GS:GS-B2-01-006,arxiv_id,REC-01119
DE-02179,ARX:FORMAL-ARXIV-V12-Q-B1:2606.15899v1,GS:GS-C1-02-084,arxiv_id,REC-01654
DE-02180,ARX:FORMAL-ARXIV-V12-Q-B1:2606.15609v1,GS:GS-A1-04-077,arxiv_id,REC-00306
DE-02181,ARX:FORMAL-ARXIV-V12-Q-B1:2606.13385v2,ARX:FORMAL-ARXIV-V12-Q-A1:2606.13385v2,arxiv_id,REC-02696
DE-02182,ARX:FORMAL-ARXIV-V12-Q-B1:2606.10749v1,GS:GS-A1-05-083,arxiv_id,REC-00406
DE-02183,ARX:FORMAL-ARXIV-V12-Q-B1:2606.10525v1,GS:GS-B1-02-039,arxiv_id,REC-01044
DE-02184,ARX:FORMAL-ARXIV-V12-Q-B1:2606.10322v2,GS:GS-D3-02-031,arxiv_id,REC-02222
DE-02185,ARX:FORMAL-ARXIV-V12-Q-B1:2606.04425v2,GS:GS-B1-02-050,arxiv_id,REC-01054
DE-02186,ARX:FORMAL-ARXIV-V12-Q-B1:2606.05233v1,GS:GS-A1-02-040,arxiv_id,REC-00115
DE-02187,ARX:FORMAL-ARXIV-V12-Q-B1:2606.04329v2,GS:GS-C1-01-011,arxiv_id,REC-01563
DE-02188,ARX:FORMAL-ARXIV-V12-Q-B1:2606.20636v1,GS:GS-B2-02-095,arxiv_id,REC-01222
DE-02189,ARX:FORMAL-ARXIV-V12-Q-B1:2605.28116v1,GS:GS-B2-01-029,arxiv_id,REC-01133
DE-02190,ARX:FORMAL-ARXIV-V12-Q-B1:2605.26497v1,GS:GS-C3-01-008,arxiv_id,REC-01914
DE-02191,ARX:FORMAL-ARXIV-V12-Q-B1:2605.26269v1,GS:GS-B1-02-040,arxiv_id,REC-01045
DE-02192,ARX:FORMAL-ARXIV-V12-Q-B1:2605.26159v1,GS:GS-B4-02-082,arxiv_id,REC-01453
DE-02193,ARX:FORMAL-ARXIV-V12-Q-B1:2605.24659v1,GS:GS-B1-02-017,arxiv_id,REC-01022
DE-02194,ARX:FORMAL-ARXIV-V12-Q-B1:2605.17830v1,GS:GS-C1-01-066,arxiv_id,REC-01610
DE-02195,ARX:FORMAL-ARXIV-V12-Q-B1:2605.15338v2,GS:GS-C1-01-010,arxiv_id,REC-01562
DE-02196,ARX:FORMAL-ARXIV-V12-Q-B1:2605.15030v1,GS:GS-B1-01-011,arxiv_id,REC-00959
DE-02197,ARX:FORMAL-ARXIV-V12-Q-B1:2605.14290v1,ARX:FORMAL-ARXIV-V12-Q-A1:2605.14290v1,arxiv_id,REC-02747
DE-02198,ARX:FORMAL-ARXIV-V12-Q-B1:2605.14175v1,GS:GS-D3-02-065,arxiv_id,REC-02241
DE-02199,ARX:FORMAL-ARXIV-V12-Q-B1:2605.13631v2,ARX:FORMAL-ARXIV-V12-Q-A1:2605.13631v2,arxiv_id,REC-02749
DE-02200,ARX:FORMAL-ARXIV-V12-Q-B1:2605.11039v1,GS:GS-B1-01-063,arxiv_id,REC-00983
DE-02201,ARX:FORMAL-ARXIV-V12-Q-B1:2605.09822v1,GS:GS-B3-02-035,arxiv_id,REC-01259
DE-02202,ARX:FORMAL-ARXIV-V12-Q-B1:2605.11032v1,GS:GS-C1-01-052,arxiv_id,REC-01596
DE-02203,ARX:FORMAL-ARXIV-V12-Q-B1:2605.08460v1,GS:GS-C3-04-042,arxiv_id,REC-02042
DE-02204,ARX:FORMAL-ARXIV-V12-Q-B1:2605.08442v5,GS:GS-C1-03-024,arxiv_id,REC-01676
DE-02205,ARX:FORMAL-ARXIV-V12-Q-B1:2605.08310v1,ARX:FORMAL-ARXIV-V12-Q-A1:2605.08310v1,arxiv_id,REC-02757
DE-02206,ARX:FORMAL-ARXIV-V12-Q-B1:2605.06393v1,GS:GS-B1-01-073,arxiv_id,REC-00988
DE-02207,ARX:FORMAL-ARXIV-V12-Q-B1:2605.05509v1,GS:GS-A1-05-028,arxiv_id,REC-00355
DE-02208,ARX:FORMAL-ARXIV-V12-Q-B1:2605.05440v1,GS:GS-C3-04-073,arxiv_id,REC-02051
DE-02209,ARX:FORMAL-ARXIV-V12-Q-B1:2605.03378v2,GS:GS-B1-02-069,arxiv_id,REC-01071
DE-02210,ARX:FORMAL-ARXIV-V12-Q-B1:2605.03213v2,GS:GS-C1-01-087,arxiv_id,REC-01626
DE-02211,ARX:FORMAL-ARXIV-V12-Q-B1:2605.01143v2,GS:GS-B3-03-100,arxiv_id,REC-01363
DE-02212,ARX:FORMAL-ARXIV-V12-Q-B1:2607.16199v1,GS:GS-C2-03-056,arxiv_id,REC-01890
DE-02213,ARX:FORMAL-ARXIV-V12-Q-B1:2604.25562v1,GS:GS-B1-01-023,arxiv_id,REC-00964
DE-02214,ARX:FORMAL-ARXIV-V12-Q-B1:2604.24920v3,GS:GS-C3-04-035,arxiv_id,REC-02039
DE-02215,ARX:FORMAL-ARXIV-V12-Q-B1:2604.23374v1,GS:GS-C1-02-070,arxiv_id,REC-01648
DE-02216,ARX:FORMAL-ARXIV-V12-Q-B1:2604.23338v2,GS:GS-B1-02-097,arxiv_id,REC-01096
DE-02217,ARX:FORMAL-ARXIV-V12-Q-B1:2604.19844v1,GS:GS-B2-01-023,arxiv_id,REC-01129
DE-02218,ARX:FORMAL-ARXIV-V12-Q-B1:2604.18658v1,GS:GS-C1-02-062,arxiv_id,REC-01647
DE-02219,ARX:FORMAL-ARXIV-V12-Q-B1:2604.17562v1,GS:GS-C3-03-092,arxiv_id,REC-02032
DE-02220,ARX:FORMAL-ARXIV-V12-Q-B1:2604.17125v1,GS:GS-B4-04-044,arxiv_id,REC-01532
DE-02221,ARX:FORMAL-ARXIV-V12-Q-B1:2604.12371v2,ARX:FORMAL-ARXIV-V12-Q-A2W:2604.12371v2,arxiv_id,REC-03350
DE-02222,ARX:FORMAL-ARXIV-V12-Q-B1:2604.12284v1,ARX:FORMAL-ARXIV-V12-Q-A1:2604.12284v1,arxiv_id,REC-02791
DE-02223,ARX:FORMAL-ARXIV-V12-Q-B1:2604.11790v2,GS:GS-B1-02-010,arxiv_id,REC-01015
DE-02224,ARX:FORMAL-ARXIV-V12-Q-B1:2604.10577v2,GS:GS-A1-01-068,arxiv_id,REC-00065
DE-02225,ARX:FORMAL-ARXIV-V12-Q-B1:2604.07831v2,GS:GS-A1-03-063,arxiv_id,REC-00210
DE-02226,ARX:FORMAL-ARXIV-V12-Q-B1:2604.07536v1,GS:GS-B4-04-072,arxiv_id,REC-01541
DE-02227,ARX:FORMAL-ARXIV-V12-Q-B1:2604.04426v1,GS:GS-B3-02-080,arxiv_id,REC-01298
DE-02228,ARX:FORMAL-ARXIV-V12-Q-B1:2604.03870v1,GS:GS-B1-02-030,arxiv_id,REC-01035
DE-02229,ARX:FORMAL-ARXIV-V12-Q-B1:2604.01438v2,GS:GS-B1-03-004,arxiv_id,REC-01100
DE-02230,ARX:FORMAL-ARXIV-V12-Q-B1:2604.01194v2,GS:GS-B1-02-064,arxiv_id,REC-01066
DE-02231,ARX:FORMAL-ARXIV-V12-Q-B1:2603.30016v1,GS:GS-B1-02-024,arxiv_id,REC-01029
DE-02232,ARX:FORMAL-ARXIV-V12-Q-B1:2603.27517v3,GS:GS-C2-02-078,arxiv_id,REC-01851
DE-02233,ARX:FORMAL-ARXIV-V12-Q-B1:2603.28807v1,GS:GS-B3-03-079,arxiv_id,REC-01352
DE-02234,ARX:FORMAL-ARXIV-V12-Q-B1:2603.24203v1,GS:GS-B4-01-083,arxiv_id,REC-01433
DE-02235,ARX:FORMAL-ARXIV-V12-Q-B1:2603.23791v1,GS:GS-A1-05-039,arxiv_id,REC-00364
DE-02236,ARX:FORMAL-ARXIV-V12-Q-B1:2603.23007v1,GS:GS-B2-02-015,arxiv_id,REC-01193
DE-02237,ARX:FORMAL-ARXIV-V12-Q-B1:2603.19469v1,GS:GS-B1-02-012,arxiv_id,REC-01017
DE-02238,ARX:FORMAL-ARXIV-V12-Q-B1:2603.17639v1,GS:GS-B3-03-054,arxiv_id,REC-01340
DE-02239,ARX:FORMAL-ARXIV-V12-Q-B1:2603.18063v1,GS:GS-B4-01-028,arxiv_id,REC-01386
DE-02240,ARX:FORMAL-ARXIV-V12-Q-B1:2603.15714v1,GS:GS-B1-01-005,arxiv_id,REC-00957
DE-02241,ARX:FORMAL-ARXIV-V12-Q-B1:2603.12230v2,GS:GS-C2-02-021,arxiv_id,REC-01812
DE-02242,ARX:FORMAL-ARXIV-V12-Q-B1:2603.11862v1,GS:GS-B1-01-046,arxiv_id,REC-00971
DE-02243,ARX:FORMAL-ARXIV-V12-Q-B1:2603.11853v1,GS:GS-B3-03-046,arxiv_id,REC-01334
DE-02244,ARX:FORMAL-ARXIV-V12-Q-B1:2603.11619v1,GS:GS-C1-01-094,arxiv_id,REC-01631
DE-02245,ARX:FORMAL-ARXIV-V12-Q-B1:2603.10749v2,GS:GS-B1-02-013,arxiv_id,REC-01018
DE-02246,ARX:FORMAL-ARXIV-V12-Q-B1:2602.22724v1,GS:GS-B1-02-009,arxiv_id,REC-01014
DE-02247,ARX:FORMAL-ARXIV-V12-Q-B1:2602.22450v1,GS:GS-B1-02-021,arxiv_id,REC-01026
DE-02248,ARX:FORMAL-ARXIV-V12-Q-B1:2602.20867v1,GS:GS-C3-01-050,arxiv_id,REC-01938
DE-02249,ARX:FORMAL-ARXIV-V12-Q-B1:2602.20708v1,GS:GS-B1-02-014,arxiv_id,REC-01019
DE-02250,ARX:FORMAL-ARXIV-V12-Q-B1:2602.20156v3,GS:GS-B1-02-093,arxiv_id,REC-01092
DE-02251,ARX:FORMAL-ARXIV-V12-Q-B1:2602.14211v3,GS:GS-B1-02-089,arxiv_id,REC-01088
DE-02252,ARX:FORMAL-ARXIV-V12-Q-B1:2602.13477v2,GS:GS-B1-01-089,arxiv_id,REC-00998
DE-02253,ARX:FORMAL-ARXIV-V12-Q-B1:2602.10915v3,GS:GS-B2-02-023,arxiv_id,REC-01195
DE-02254,ARX:FORMAL-ARXIV-V12-Q-B1:2602.10498v1,GS:GS-B3-03-056,arxiv_id,REC-01341
DE-02255,ARX:FORMAL-ARXIV-V12-Q-B1:2602.10481v1,GS:GS-C3-04-085,arxiv_id,REC-02059
DE-02256,ARX:FORMAL-ARXIV-V12-Q-B1:2602.10453v1,GS:GS-B1-02-034,arxiv_id,REC-01039
DE-02257,ARX:FORMAL-ARXIV-V12-Q-B1:2602.09433v1,GS:GS-C3-04-097,arxiv_id,REC-02066
DE-02258,ARX:FORMAL-ARXIV-V12-Q-B1:2602.09222v2,GS:GS-B1-02-022,arxiv_id,REC-01027
DE-02259,ARX:FORMAL-ARXIV-V12-Q-B1:2602.08995v2,GS:GS-A3-01-093,arxiv_id,REC-00901
DE-02260,ARX:FORMAL-ARXIV-V12-Q-B1:2602.07398v1,GS:GS-B1-02-015,arxiv_id,REC-01020
DE-02261,ARX:FORMAL-ARXIV-V12-Q-B1:2602.05746v2,GS:GS-B1-02-087,arxiv_id,REC-01086
DE-02262,ARX:FORMAL-ARXIV-V12-Q-B1:2602.04653v4,GS:GS-B1-03-008,arxiv_id,REC-01103
DE-02263,ARX:FORMAL-ARXIV-V12-Q-B1:2602.03792v1,GS:GS-B1-01-006,arxiv_id,REC-00958
DE-02264,ARX:FORMAL-ARXIV-V12-Q-B1:2602.01129v1,GS:GS-B4-01-011,arxiv_id,REC-01370
DE-02265,ARX:FORMAL-ARXIV-V12-Q-B1:2601.17549v1,GS:GS-B1-02-100,arxiv_id,REC-01099
DE-02266,ARX:FORMAL-ARXIV-V12-Q-B1:2601.12822v1,GS:GS-B2-01-055,arxiv_id,REC-01150
DE-02267,ARX:FORMAL-ARXIV-V12-Q-B1:2601.12560v1,GS:GS-A2S-03-005,arxiv_id,REC-00608
DE-02268,ARX:FORMAL-ARXIV-V12-Q-B1:2601.12449v1,GS:GS-B3-02-016,arxiv_id,REC-01244
DE-02269,ARX:FORMAL-ARXIV-V12-Q-B1:2601.09923v3,GS:GS-A1-01-022,arxiv_id,REC-00021
DE-02270,ARX:FORMAL-ARXIV-V12-Q-B1:2601.10758v3,GS:GS-B3-03-058,arxiv_id,REC-01342
DE-02271,ARX:FORMAL-ARXIV-V12-Q-B1:2601.07263v1,ARX:FORMAL-ARXIV-V12-Q-A1:2601.07263v1,arxiv_id,REC-02897
DE-02272,ARX:FORMAL-ARXIV-V12-Q-B1:2601.04795v1,GS:GS-B1-02-031,arxiv_id,REC-01036
DE-02273,ARX:FORMAL-ARXIV-V12-Q-B1:2601.04583v1,GS:GS-D2-02-044,arxiv_id,REC-02114
DE-02274,ARX:FORMAL-ARXIV-V12-Q-B1:2512.23557v1,GS:GS-B2-01-005,arxiv_id,REC-01118
DE-02275,ARX:FORMAL-ARXIV-V12-Q-B1:2512.23128v3,ARX:FORMAL-ARXIV-V12-Q-A1:2512.23128v3,arxiv_id,REC-02908
DE-02276,ARX:FORMAL-ARXIV-V12-Q-B1:2512.16962v1,GS:GS-C1-01-006,arxiv_id,REC-01558
DE-02277,ARX:FORMAL-ARXIV-V12-Q-B1:2512.14448v1,GS:GS-B1-03-009,arxiv_id,REC-01104
DE-02278,ARX:FORMAL-ARXIV-V12-Q-B1:2512.12594v2,GS:GS-A1-05-008,arxiv_id,REC-00337
DE-02279,ARX:FORMAL-ARXIV-V12-Q-B1:2512.08737v1,GS:GS-C2-02-085,arxiv_id,REC-01856
DE-02280,ARX:FORMAL-ARXIV-V12-Q-B1:2512.08417v3,ARX:FORMAL-ARXIV-V12-Q-A1:2512.08417v3,arxiv_id,REC-02923
DE-02281,ARX:FORMAL-ARXIV-V12-Q-B1:2512.08290v2,GS:GS-B3-02-070,arxiv_id,REC-01290
DE-02282,ARX:FORMAL-ARXIV-V12-Q-B1:2512.06914v2,GS:GS-B3-02-051,arxiv_id,REC-01271
DE-02283,ARX:FORMAL-ARXIV-V12-Q-B1:2512.06556v2,GS:GS-B3-02-026,arxiv_id,REC-01251
DE-02284,ARX:FORMAL-ARXIV-V12-Q-B1:2512.04895v1,GS:GS-B2-01-007,arxiv_id,REC-01120
DE-02285,ARX:FORMAL-ARXIV-V12-Q-B1:2512.01295v2,GS:GS-B3-02-084,arxiv_id,REC-01301
DE-02286,ARX:FORMAL-ARXIV-V12-Q-B1:2511.20597v2,GS:GS-A1-05-050,arxiv_id,REC-00375
DE-02287,ARX:FORMAL-ARXIV-V12-Q-B1:2511.19477v1,GS:GS-A1-05-009,arxiv_id,REC-00338
DE-02288,ARX:FORMAL-ARXIV-V12-Q-B1:2511.15203v1,GS:GS-B3-03-059,arxiv_id,REC-01343
DE-02289,ARX:FORMAL-ARXIV-V12-Q-B1:2511.03434v1,GS:GS-C2-02-055,arxiv_id,REC-01836
DE-02290,ARX:FORMAL-ARXIV-V12-Q-B1:2510.23675v3,GS:GS-B1-02-067,arxiv_id,REC-01069
DE-02291,ARX:FORMAL-ARXIV-V12-Q-B1:2510.20333v3,ARX:FORMAL-ARXIV-V12-Q-A2S:2510.20333v3,arxiv_id,REC-03299
DE-02292,ARX:FORMAL-ARXIV-V12-Q-B1:2510.13543v1,GS:GS-B1-02-074,arxiv_id,REC-01076
DE-02293,ARX:FORMAL-ARXIV-V12-Q-B1:2510.07809v4,GS:GS-B2-02-044,arxiv_id,REC-01200
DE-02294,ARX:FORMAL-ARXIV-V12-Q-B1:2510.05244v2,GS:GS-B1-02-033,arxiv_id,REC-01038
DE-02295,ARX:FORMAL-ARXIV-V12-Q-B1:2510.04257v1,GS:GS-A2W-02-072,arxiv_id,REC-00793
DE-02296,ARX:FORMAL-ARXIV-V12-Q-B1:2510.03204v1,ARX:FORMAL-ARXIV-V12-Q-A1:2510.03204v1,arxiv_id,REC-02986
DE-02297,ARX:FORMAL-ARXIV-V12-Q-B1:2510.01354v1,GS:GS-B2-01-015,arxiv_id,REC-01125
DE-02298,ARX:FORMAL-ARXIV-V12-Q-B1:2509.14956v1,GS:GS-C2-01-084,arxiv_id,REC-01786
DE-02299,ARX:FORMAL-ARXIV-V12-Q-B1:2509.11250v2,GS:GS-B2-02-010,arxiv_id,REC-01191
DE-02300,ARX:FORMAL-ARXIV-V12-Q-B1:2509.08646v1,GS:GS-B3-03-049,arxiv_id,REC-01335
DE-02301,ARX:FORMAL-ARXIV-V12-Q-B1:2509.05755v6,GS:GS-B3-03-031,arxiv_id,REC-01326
DE-02302,ARX:FORMAL-ARXIV-V12-Q-B1:2508.19461v1,ARX:FORMAL-ARXIV-V12-Q-A1:2508.19461v1,arxiv_id,REC-03040
DE-02303,ARX:FORMAL-ARXIV-V12-Q-B1:2508.17155v1,GS:GS-C3-03-066,arxiv_id,REC-02022
DE-02304,ARX:FORMAL-ARXIV-V12-Q-B1:2508.16481v3,GS:GS-C2-03-064,arxiv_id,REC-01894
DE-02305,ARX:FORMAL-ARXIV-V12-Q-B1:2508.01249v3,GS:GS-B1-02-048,arxiv_id,REC-01052
DE-02306,ARX:FORMAL-ARXIV-V12-Q-B1:2507.15330v1,GS:GS-C1-03-096,arxiv_id,REC-01717
DE-02307,ARX:FORMAL-ARXIV-V12-Q-B1:2507.14799v1,GS:GS-A1-06-011,arxiv_id,REC-00430
DE-02308,ARX:FORMAL-ARXIV-V12-Q-B1:2507.10610v3,ARX:FORMAL-ARXIV-V12-Q-A1:2507.10610v3,arxiv_id,REC-03065
DE-02309,ARX:FORMAL-ARXIV-V12-Q-B1:2507.06850v6,GS:GS-B1-02-099,arxiv_id,REC-01098
DE-02310,ARX:FORMAL-ARXIV-V12-Q-B1:2507.05445v1,GS:GS-A1-01-041,arxiv_id,REC-00040
DE-02311,ARX:FORMAL-ARXIV-V12-Q-B1:2507.02735v3,GS:GS-B1-02-076,arxiv_id,REC-01077
DE-02312,ARX:FORMAL-ARXIV-V12-Q-B1:2506.17318v1,GS:GS-A1-05-076,arxiv_id,REC-00400
DE-02313,ARX:FORMAL-ARXIV-V12-Q-B1:2506.14866v2,ARX:FORMAL-ARXIV-V12-Q-A1:2506.14866v2,arxiv_id,REC-03083
DE-02314,ARX:FORMAL-ARXIV-V12-Q-B1:2506.08837v3,GS:GS-B1-02-073,arxiv_id,REC-01075
DE-02315,ARX:FORMAL-ARXIV-V12-Q-B1:2506.02456v2,ARX:FORMAL-ARXIV-V12-Q-A1:2506.02456v2,arxiv_id,REC-03098
DE-02316,ARX:FORMAL-ARXIV-V12-Q-B1:2506.01055v1,GS:GS-B1-02-028,arxiv_id,REC-01033
DE-02317,ARX:FORMAL-ARXIV-V12-Q-B1:2505.24201v1,GS:GS-C2-01-080,arxiv_id,REC-01784
DE-02318,ARX:FORMAL-ARXIV-V12-Q-B1:2505.24019v1,GS:GS-B3-03-012,arxiv_id,REC-01318
DE-02319,ARX:FORMAL-ARXIV-V12-Q-B1:2505.21936v5,ARX:FORMAL-ARXIV-V12-Q-A1:2505.21936v5,arxiv_id,REC-03106
DE-02320,ARX:FORMAL-ARXIV-V12-Q-B1:2505.21499v1,ARX:FORMAL-ARXIV-V12-Q-A1:2505.21499v1,arxiv_id,REC-03107
DE-02321,ARX:FORMAL-ARXIV-V12-Q-B1:2505.14289v2,ARX:FORMAL-ARXIV-V12-Q-A1:2505.14289v2,arxiv_id,REC-03121
DE-02322,ARX:FORMAL-ARXIV-V12-Q-B1:2505.13076v1,GS:GS-A1-05-026,arxiv_id,REC-00353
DE-02323,ARX:FORMAL-ARXIV-V12-Q-B1:2505.11717v4,ARX:FORMAL-ARXIV-V12-Q-A1:2505.11717v4,arxiv_id,REC-03130
DE-02324,ARX:FORMAL-ARXIV-V12-Q-B1:2505.04799v5,GS:GS-D2-03-007,arxiv_id,REC-02153
DE-02325,ARX:FORMAL-ARXIV-V12-Q-B1:2505.03574v1,GS:GS-D2-03-085,arxiv_id,REC-02186
DE-02326,ARX:FORMAL-ARXIV-V12-Q-B1:2504.19793v3,GS:GS-B1-02-052,arxiv_id,REC-01056
DE-02327,ARX:FORMAL-ARXIV-V12-Q-B1:2504.18575v3,ARX:FORMAL-ARXIV-V12-Q-A1:2504.18575v3,arxiv_id,REC-03135
DE-02328,ARX:FORMAL-ARXIV-V12-Q-B1:2504.11703v3,GS:GS-B3-02-045,arxiv_id,REC-01267
DE-02329,ARX:FORMAL-ARXIV-V12-Q-B1:2503.18813v2,GS:GS-B1-02-063,arxiv_id,REC-01065
DE-02330,ARX:FORMAL-ARXIV-V12-Q-B1:2503.12188v2,GS:GS-B1-01-048,arxiv_id,REC-00973
DE-02331,ARX:FORMAL-ARXIV-V12-Q-B1:2502.13053v3,ARX:FORMAL-ARXIV-V12-Q-A2S:2502.13053v3,arxiv_id,REC-03308
DE-02332,ARX:FORMAL-ARXIV-V12-Q-B1:2502.05174v4,GS:GS-B1-02-003,arxiv_id,REC-01010
DE-02333,ARX:FORMAL-ARXIV-V12-Q-B1:2410.17520v3,ARX:FORMAL-ARXIV-V12-Q-A2W:2410.17520v3,arxiv_id,REC-03419
DE-02334,ARX:FORMAL-ARXIV-V12-Q-B1:2409.11295v5,ARX:FORMAL-ARXIV-V12-Q-A1:2409.11295v5,arxiv_id,REC-03212
DE-02335,ARX:FORMAL-ARXIV-V12-Q-B2:2607.10269v1,GS:GS-B2-01-022,arxiv_id,REC-01128
DE-02336,ARX:FORMAL-ARXIV-V12-Q-B2:2606.26793v1,ARX:FORMAL-ARXIV-V12-Q-B1:2606.26793v1,arxiv_id,REC-03462
DE-02337,ARX:FORMAL-ARXIV-V12-Q-B2:2606.20717v1,GS:GS-B2-01-006,arxiv_id,REC-01119
DE-02338,ARX:FORMAL-ARXIV-V12-Q-B2:2606.06914v1,GS:GS-B2-03-041,arxiv_id,REC-01226
DE-02339,ARX:FORMAL-ARXIV-V12-Q-B2:2605.09497v1,ARX:FORMAL-ARXIV-V12-Q-A1:2605.09497v1,arxiv_id,REC-02755
DE-02340,ARX:FORMAL-ARXIV-V12-Q-B2:2605.06158v1,GS:GS-C1-03-077,arxiv_id,REC-01703
DE-02341,ARX:FORMAL-ARXIV-V12-Q-B2:2606.13686v1,ARX:FORMAL-ARXIV-V12-Q-A1:2606.13686v1,arxiv_id,REC-02776
DE-02342,ARX:FORMAL-ARXIV-V12-Q-B2:2604.19844v1,GS:GS-B2-01-023,arxiv_id,REC-01129
DE-02343,ARX:FORMAL-ARXIV-V12-Q-B2:2604.09378v1,ARX:FORMAL-ARXIV-V12-Q-B1:2604.09378v1,arxiv_id,REC-03551
DE-02344,ARX:FORMAL-ARXIV-V12-Q-B2:2604.09155v1,GS:GS-B2-01-074,arxiv_id,REC-01163
DE-02345,ARX:FORMAL-ARXIV-V12-Q-B2:2604.06811v2,GS:GS-B2-02-086,arxiv_id,REC-01217
DE-02346,ARX:FORMAL-ARXIV-V12-Q-B2:2603.23007v1,GS:GS-B2-02-015,arxiv_id,REC-01193
DE-02347,ARX:FORMAL-ARXIV-V12-Q-B2:2603.08316v3,GS:GS-B2-02-021,arxiv_id,REC-01194
DE-02348,ARX:FORMAL-ARXIV-V12-Q-B2:2602.04653v4,GS:GS-B1-03-008,arxiv_id,REC-01103
DE-02349,ARX:FORMAL-ARXIV-V12-Q-B2:2601.12822v1,GS:GS-B2-01-055,arxiv_id,REC-01150
DE-02350,ARX:FORMAL-ARXIV-V12-Q-B2:2601.02377v1,ARX:FORMAL-ARXIV-V12-Q-B1:2601.02377v1,arxiv_id,REC-03612
DE-02351,ARX:FORMAL-ARXIV-V12-Q-B2:2512.04895v1,GS:GS-B2-01-007,arxiv_id,REC-01120
DE-02352,ARX:FORMAL-ARXIV-V12-Q-B2:2510.20333v3,ARX:FORMAL-ARXIV-V12-Q-A2S:2510.20333v3,arxiv_id,REC-03299
DE-02353,ARX:FORMAL-ARXIV-V12-Q-B2:2510.07809v4,GS:GS-B2-02-044,arxiv_id,REC-01200
DE-02354,ARX:FORMAL-ARXIV-V12-Q-B2:2510.03612v1,ARX:FORMAL-ARXIV-V12-Q-A1:2510.03612v1,arxiv_id,REC-02984
DE-02355,ARX:FORMAL-ARXIV-V12-Q-B2:2510.03204v1,ARX:FORMAL-ARXIV-V12-Q-A1:2510.03204v1,arxiv_id,REC-02986
DE-02356,ARX:FORMAL-ARXIV-V12-Q-B2:2510.03285v1,GS:GS-A1-06-007,arxiv_id,REC-00427
DE-02357,ARX:FORMAL-ARXIV-V12-Q-B2:2509.10723v1,ARX:FORMAL-ARXIV-V12-Q-A1:2509.10723v1,arxiv_id,REC-03024
DE-02358,ARX:FORMAL-ARXIV-V12-Q-B2:2507.10610v3,ARX:FORMAL-ARXIV-V12-Q-A1:2507.10610v3,arxiv_id,REC-03065
DE-02359,ARX:FORMAL-ARXIV-V12-Q-B2:2507.06899v2,GS:GS-B2-02-005,arxiv_id,REC-01190
DE-02360,ARX:FORMAL-ARXIV-V12-Q-B2:2507.06850v6,GS:GS-B1-02-099,arxiv_id,REC-01098
DE-02361,ARX:FORMAL-ARXIV-V12-Q-B2:2506.08336v2,GS:GS-A1-04-066,arxiv_id,REC-00295
DE-02362,ARX:FORMAL-ARXIV-V12-Q-B2:2506.02456v2,ARX:FORMAL-ARXIV-V12-Q-A1:2506.02456v2,arxiv_id,REC-03098
DE-02363,ARX:FORMAL-ARXIV-V12-Q-B2:2505.14418v3,ARX:FORMAL-ARXIV-V12-Q-A1:2505.14418v3,arxiv_id,REC-03120
DE-02364,ARX:FORMAL-ARXIV-V12-Q-B2:2504.11281v1,ARX:FORMAL-ARXIV-V12-Q-A1:2504.11281v1,arxiv_id,REC-03140
DE-02365,ARX:FORMAL-ARXIV-V12-Q-B2:2503.11519v4,GS:GS-B2-01-013,arxiv_id,REC-01124
DE-02366,ARX:FORMAL-ARXIV-V12-Q-B2:2502.05206v6,ARX:FORMAL-ARXIV-V12-Q-B1:2502.05206v6,arxiv_id,REC-03697
DE-02367,ARX:FORMAL-ARXIV-V12-Q-B2:2411.02391v2,ARX:FORMAL-ARXIV-V12-Q-A1:2411.02391v2,arxiv_id,REC-03190
DE-02368,ARX:FORMAL-ARXIV-V12-Q-B2:2410.02644v4,ARX:FORMAL-ARXIV-V12-Q-B1:2410.02644v4,arxiv_id,REC-03709
DE-02369,ARX:FORMAL-ARXIV-V12-Q-B2:2405.10529v2,GS:GS-B2-01-009,arxiv_id,REC-01121
DE-02370,ARX:FORMAL-ARXIV-V12-Q-B3:2607.25364v2,GS:GS-C3-02-026,arxiv_id,REC-01984
DE-02371,ARX:FORMAL-ARXIV-V12-Q-B3:2607.25255v2,ARX:FORMAL-ARXIV-V12-Q-A1:2607.25255v2,arxiv_id,REC-02652
DE-02372,ARX:FORMAL-ARXIV-V12-Q-B3:2607.24625v1,GS:GS-C3-01-062,arxiv_id,REC-01944
DE-02373,ARX:FORMAL-ARXIV-V12-Q-B3:2607.23444v1,GS:GS-C1-03-029,arxiv_id,REC-01679
DE-02374,ARX:FORMAL-ARXIV-V12-Q-B3:2607.22024v1,GS:GS-C1-01-067,arxiv_id,REC-01611
DE-02375,ARX:FORMAL-ARXIV-V12-Q-B3:2607.19595v1,ARX:FORMAL-ARXIV-V12-Q-B1:2607.19595v1,arxiv_id,REC-03445
DE-02376,ARX:FORMAL-ARXIV-V12-Q-B3:2607.18485v1,GS:GS-B3-03-034,arxiv_id,REC-01327
DE-02377,ARX:FORMAL-ARXIV-V12-Q-B3:2607.19430v2,ARX:FORMAL-ARXIV-V12-Q-B1:2607.19430v2,arxiv_id,REC-03447
DE-02378,ARX:FORMAL-ARXIV-V12-Q-B3:2607.17951v1,GS:GS-A1-01-071,arxiv_id,REC-00068
DE-02379,ARX:FORMAL-ARXIV-V12-Q-B3:2607.13987v1,GS:GS-D2-02-091,arxiv_id,REC-02142
DE-02380,ARX:FORMAL-ARXIV-V12-Q-B3:2607.11126v1,GS:GS-C3-02-020,arxiv_id,REC-01978
DE-02381,ARX:FORMAL-ARXIV-V12-Q-B3:2607.07461v1,GS:GS-B4-03-039,arxiv_id,REC-01489
DE-02382,ARX:FORMAL-ARXIV-V12-Q-B3:2607.02961v1,GS:GS-B2-01-083,arxiv_id,REC-01171
DE-02383,ARX:FORMAL-ARXIV-V12-Q-B3:2606.30755v1,ARX:FORMAL-ARXIV-V12-Q-B1:2606.30755v1,arxiv_id,REC-03460
DE-02384,ARX:FORMAL-ARXIV-V12-Q-B3:2606.29073v1,GS:GS-B4-03-032,arxiv_id,REC-01484
DE-02385,ARX:FORMAL-ARXIV-V12-Q-B3:2606.28061v1,GS:GS-D2-02-078,arxiv_id,REC-02132
DE-02386,ARX:FORMAL-ARXIV-V12-Q-B3:2606.27027v1,GS:GS-B3-02-039,arxiv_id,REC-01262
DE-02387,ARX:FORMAL-ARXIV-V12-Q-B3:2606.26627v1,GS:GS-C1-02-058,arxiv_id,REC-01645
DE-02388,ARX:FORMAL-ARXIV-V12-Q-B3:2606.26479v1,GS:GS-B1-02-032,arxiv_id,REC-01037
DE-02389,ARX:FORMAL-ARXIV-V12-Q-B3:2606.25189v2,GS:GS-D2-03-004,arxiv_id,REC-02150
DE-02390,ARX:FORMAL-ARXIV-V12-Q-B3:2606.24322v1,GS:GS-C1-01-027,arxiv_id,REC-01578
DE-02391,ARX:FORMAL-ARXIV-V12-Q-B3:2606.23449v1,GS:GS-A1-04-008,arxiv_id,REC-00246
DE-02392,ARX:FORMAL-ARXIV-V12-Q-B3:2606.23416v1,ARX:FORMAL-ARXIV-V12-Q-B1:2606.23416v1,arxiv_id,REC-03466
DE-02393,ARX:FORMAL-ARXIV-V12-Q-B3:2606.23277v1,ARX:FORMAL-ARXIV-V12-Q-B1:2606.23277v1,arxiv_id,REC-03467
DE-02394,ARX:FORMAL-ARXIV-V12-Q-B3:2606.21129v1,ARX:FORMAL-ARXIV-V12-Q-B1:2606.21129v1,arxiv_id,REC-03468
DE-02395,ARX:FORMAL-ARXIV-V12-Q-B3:2606.21071v1,ARX:FORMAL-ARXIV-V12-Q-A2W:2606.21071v1,arxiv_id,REC-03333
DE-02396,ARX:FORMAL-ARXIV-V12-Q-B3:2606.20922v1,GS:GS-B1-01-056,arxiv_id,REC-00979
DE-02397,ARX:FORMAL-ARXIV-V12-Q-B3:2606.15899v1,GS:GS-C1-02-084,arxiv_id,REC-01654
DE-02398,ARX:FORMAL-ARXIV-V12-Q-B3:2606.14154v1,ARX:FORMAL-ARXIV-V12-Q-B1:2606.14154v1,arxiv_id,REC-03480
DE-02399,ARX:FORMAL-ARXIV-V12-Q-B3:2606.10749v1,GS:GS-A1-05-083,arxiv_id,REC-00406
DE-02400,ARX:FORMAL-ARXIV-V12-Q-B3:2606.09692v1,GS:GS-C3-04-019,arxiv_id,REC-02036
DE-02401,ARX:FORMAL-ARXIV-V12-Q-B3:2606.07943v2,GS:GS-B3-02-029,arxiv_id,REC-01254
DE-02402,ARX:FORMAL-ARXIV-V12-Q-B3:2606.07131v3,ARX:FORMAL-ARXIV-V12-Q-B1:2606.07131v3,arxiv_id,REC-03488
DE-02403,ARX:FORMAL-ARXIV-V12-Q-B3:2606.07074v1,ARX:FORMAL-ARXIV-V12-Q-A1:2606.07074v1,arxiv_id,REC-02705
DE-02404,ARX:FORMAL-ARXIV-V12-Q-B3:2606.06387v1,GS:GS-B3-03-013,arxiv_id,REC-01319
DE-02405,ARX:FORMAL-ARXIV-V12-Q-B3:2606.04769v1,GS:GS-B4-04-055,arxiv_id,REC-01536
DE-02406,ARX:FORMAL-ARXIV-V12-Q-B3:2606.04141v1,ARX:FORMAL-ARXIV-V12-Q-B1:2606.04141v1,arxiv_id,REC-03491
DE-02407,ARX:FORMAL-ARXIV-V12-Q-B3:2606.03777v1,ARX:FORMAL-ARXIV-V12-Q-B1:2606.03777v1,arxiv_id,REC-03492
DE-02408,ARX:FORMAL-ARXIV-V12-Q-B3:2606.03024v2,GS:GS-C3-03-050,arxiv_id,REC-02019
DE-02409,ARX:FORMAL-ARXIV-V12-Q-B3:2605.31042v1,ARX:FORMAL-ARXIV-V12-Q-B1:2605.31042v1,arxiv_id,REC-03494
DE-02410,ARX:FORMAL-ARXIV-V12-Q-B3:2606.07595v1,GS:GS-B2-01-061,arxiv_id,REC-01155
DE-02411,ARX:FORMAL-ARXIV-V12-Q-B3:2605.30454v1,ARX:FORMAL-ARXIV-V12-Q-B1:2605.30454v1,arxiv_id,REC-03500
DE-02412,ARX:FORMAL-ARXIV-V12-Q-B3:2605.26269v1,GS:GS-B1-02-040,arxiv_id,REC-01045
DE-02413,ARX:FORMAL-ARXIV-V12-Q-B3:2605.25871v1,ARX:FORMAL-ARXIV-V12-Q-B1:2605.25871v1,arxiv_id,REC-03503
DE-02414,ARX:FORMAL-ARXIV-V12-Q-B3:2605.25435v1,GS:GS-B3-03-062,arxiv_id,REC-01344
DE-02415,ARX:FORMAL-ARXIV-V12-Q-B3:2605.17634v1,ARX:FORMAL-ARXIV-V12-Q-B1:2605.17634v1,arxiv_id,REC-03510
DE-02416,ARX:FORMAL-ARXIV-V12-Q-B3:2605.16976v1,GS:GS-C3-01-058,arxiv_id,REC-01941
DE-02417,ARX:FORMAL-ARXIV-V12-Q-B3:2605.14271v2,GS:GS-C3-02-013,arxiv_id,REC-01973
DE-02418,ARX:FORMAL-ARXIV-V12-Q-B3:2605.13213v1,GS:GS-C2-03-055,arxiv_id,REC-01889
DE-02419,ARX:FORMAL-ARXIV-V12-Q-B3:2605.22842v1,GS:GS-C1-01-014,arxiv_id,REC-01566
DE-02420,ARX:FORMAL-ARXIV-V12-Q-B3:2605.11868v1,ARX:FORMAL-ARXIV-V12-Q-B1:2605.11868v1,arxiv_id,REC-03518
DE-02421,ARX:FORMAL-ARXIV-V12-Q-B3:2605.11053v3,GS:GS-B3-02-028,arxiv_id,REC-01253
DE-02422,ARX:FORMAL-ARXIV-V12-Q-B3:2605.11026v1,ARX:FORMAL-ARXIV-V12-Q-B1:2605.11026v1,arxiv_id,REC-03522
DE-02423,ARX:FORMAL-ARXIV-V12-Q-B3:2605.09594v1,GS:GS-C3-04-075,arxiv_id,REC-02053
DE-02424,ARX:FORMAL-ARXIV-V12-Q-B3:2605.07836v1,GS:GS-B4-04-056,arxiv_id,REC-01537
DE-02425,ARX:FORMAL-ARXIV-V12-Q-B3:2605.02812v1,GS:GS-C1-02-076,arxiv_id,REC-01651
DE-02426,ARX:FORMAL-ARXIV-V12-Q-B3:2604.27819v1,GS:GS-B4-04-054,arxiv_id,REC-01535
DE-02427,ARX:FORMAL-ARXIV-V12-Q-B3:2604.23374v1,GS:GS-C1-02-070,arxiv_id,REC-01648
DE-02428,ARX:FORMAL-ARXIV-V12-Q-B3:2604.22888v1,ARX:FORMAL-ARXIV-V12-Q-B1:2604.22888v1,arxiv_id,REC-03538
DE-02429,ARX:FORMAL-ARXIV-V12-Q-B3:2604.22879v1,GS:GS-D2-03-082,arxiv_id,REC-02184
DE-02430,ARX:FORMAL-ARXIV-V12-Q-B3:2604.21477v2,GS:GS-B4-03-025,arxiv_id,REC-01479
DE-02431,ARX:FORMAL-ARXIV-V12-Q-B3:2604.19657v1,ARX:FORMAL-ARXIV-V12-Q-B1:2604.19657v1,arxiv_id,REC-03539
DE-02432,ARX:FORMAL-ARXIV-V12-Q-B3:2604.17091v1,GS:GS-A1-05-072,arxiv_id,REC-00396
DE-02433,ARX:FORMAL-ARXIV-V12-Q-B3:2604.09378v1,ARX:FORMAL-ARXIV-V12-Q-B1:2604.09378v1,arxiv_id,REC-03551
DE-02434,ARX:FORMAL-ARXIV-V12-Q-B3:2604.05969v1,GS:GS-B3-02-064,arxiv_id,REC-01284
DE-02435,ARX:FORMAL-ARXIV-V12-Q-B3:2604.04035v1,GS:GS-B3-02-024,arxiv_id,REC-01250
DE-02436,ARX:FORMAL-ARXIV-V12-Q-B3:2604.03070v2,GS:GS-A2W-03-070,arxiv_id,REC-00866
DE-02437,ARX:FORMAL-ARXIV-V12-Q-B3:2604.01838v1,ARX:FORMAL-ARXIV-V12-Q-A1:2604.01838v1,arxiv_id,REC-02801
DE-02438,ARX:FORMAL-ARXIV-V12-Q-B3:2603.28551v2,GS:GS-A1-01-032,arxiv_id,REC-00031
DE-02439,ARX:FORMAL-ARXIV-V12-Q-B3:2603.27517v3,GS:GS-C2-02-078,arxiv_id,REC-01851
DE-02440,ARX:FORMAL-ARXIV-V12-Q-B3:2603.22489v1,ARX:FORMAL-ARXIV-V12-Q-B1:2603.22489v1,arxiv_id,REC-03559
DE-02441,ARX:FORMAL-ARXIV-V12-Q-B3:2603.19974v1,ARX:FORMAL-ARXIV-V12-Q-B1:2603.19974v1,arxiv_id,REC-03562
DE-02442,ARX:FORMAL-ARXIV-V12-Q-B3:2603.19469v1,GS:GS-B1-02-012,arxiv_id,REC-01017
DE-02443,ARX:FORMAL-ARXIV-V12-Q-B3:2603.17639v1,GS:GS-B3-03-054,arxiv_id,REC-01340
DE-02444,ARX:FORMAL-ARXIV-V12-Q-B3:2603.18063v1,GS:GS-B4-01-028,arxiv_id,REC-01386
DE-02445,ARX:FORMAL-ARXIV-V12-Q-B3:2603.12614v1,GS:GS-B3-02-030,arxiv_id,REC-01255
DE-02446,ARX:FORMAL-ARXIV-V12-Q-B3:2603.07557v1,GS:GS-C3-03-069,arxiv_id,REC-02023
DE-02447,ARX:FORMAL-ARXIV-V12-Q-B3:2603.07191v2,ARX:FORMAL-ARXIV-V12-Q-B1:2603.07191v2,arxiv_id,REC-03571
DE-02448,ARX:FORMAL-ARXIV-V12-Q-B3:2603.04474v2,GS:GS-C2-01-068,arxiv_id,REC-01774
DE-02449,ARX:FORMAL-ARXIV-V12-Q-B3:2602.20867v1,GS:GS-C3-01-050,arxiv_id,REC-01938
DE-02450,ARX:FORMAL-ARXIV-V12-Q-B3:2602.20064v2,ARX:FORMAL-ARXIV-V12-Q-B1:2602.20064v2,arxiv_id,REC-03579
DE-02451,ARX:FORMAL-ARXIV-V12-Q-B3:2602.17245v2,ARX:FORMAL-ARXIV-V12-Q-A1:2602.17245v2,arxiv_id,REC-02842
DE-02452,ARX:FORMAL-ARXIV-V12-Q-B3:2602.16708v3,ARX:FORMAL-ARXIV-V12-Q-B1:2602.16708v3,arxiv_id,REC-03584
DE-02453,ARX:FORMAL-ARXIV-V12-Q-B3:2602.14878v3,GS:GS-B4-01-085,arxiv_id,REC-01435
DE-02454,ARX:FORMAL-ARXIV-V12-Q-B3:2602.14798v1,GS:GS-B4-04-087,arxiv_id,REC-01546
DE-02455,ARX:FORMAL-ARXIV-V12-Q-B3:2603.05520v1,GS:GS-C2-01-065,arxiv_id,REC-01771
DE-02456,ARX:FORMAL-ARXIV-V12-Q-B3:2602.12194v3,GS:GS-B3-02-011,arxiv_id,REC-01242
DE-02457,ARX:FORMAL-ARXIV-V12-Q-B3:2602.11416v1,ARX:FORMAL-ARXIV-V12-Q-B1:2602.11416v1,arxiv_id,REC-03587
DE-02458,ARX:FORMAL-ARXIV-V12-Q-B3:2602.10498v1,GS:GS-B3-03-056,arxiv_id,REC-01341
DE-02459,ARX:FORMAL-ARXIV-V12-Q-B3:2602.06547v4,GS:GS-C1-02-087,arxiv_id,REC-01657
DE-02460,ARX:FORMAL-ARXIV-V12-Q-B3:2602.03580v1,GS:GS-B4-03-073,arxiv_id,REC-01509
DE-02461,ARX:FORMAL-ARXIV-V12-Q-B3:2602.01129v1,GS:GS-B4-01-011,arxiv_id,REC-01370
DE-02462,ARX:FORMAL-ARXIV-V12-Q-B3:2601.17548v1,ARX:FORMAL-ARXIV-V12-Q-B1:2601.17548v1,arxiv_id,REC-03597
DE-02463,ARX:FORMAL-ARXIV-V12-Q-B3:2601.12449v1,GS:GS-B3-02-016,arxiv_id,REC-01244
DE-02464,ARX:FORMAL-ARXIV-V12-Q-B3:2601.11893v1,GS:GS-A1-05-078,arxiv_id,REC-00402
DE-02465,ARX:FORMAL-ARXIV-V12-Q-B3:2601.07395v1,GS:GS-B3-02-004,arxiv_id,REC-01239
DE-02466,ARX:FORMAL-ARXIV-V12-Q-B3:2601.07072v1,ARX:FORMAL-ARXIV-V12-Q-B1:2601.07072v1,arxiv_id,REC-03604
DE-02467,ARX:FORMAL-ARXIV-V12-Q-B3:2601.01241v2,GS:GS-B4-04-090,arxiv_id,REC-01547
DE-02468,ARX:FORMAL-ARXIV-V12-Q-B3:2512.08290v2,GS:GS-B3-02-070,arxiv_id,REC-01290
DE-02469,ARX:FORMAL-ARXIV-V12-Q-B3:2512.06914v2,GS:GS-B3-02-051,arxiv_id,REC-01271
DE-02470,ARX:FORMAL-ARXIV-V12-Q-B3:2512.06556v2,GS:GS-B3-02-026,arxiv_id,REC-01251
DE-02471,ARX:FORMAL-ARXIV-V12-Q-B3:2512.04785v1,ARX:FORMAL-ARXIV-V12-Q-B1:2512.04785v1,arxiv_id,REC-03617
DE-02472,ARX:FORMAL-ARXIV-V12-Q-B3:2512.01763v2,ARX:FORMAL-ARXIV-V12-Q-A1:2512.01763v2,arxiv_id,REC-02929
DE-02473,ARX:FORMAL-ARXIV-V12-Q-B3:2511.20920v1,GS:GS-B4-01-010,arxiv_id,REC-01369
DE-02474,ARX:FORMAL-ARXIV-V12-Q-B3:2511.19483v1,ARX:FORMAL-ARXIV-V12-Q-B1:2511.19483v1,arxiv_id,REC-03621
DE-02475,ARX:FORMAL-ARXIV-V12-Q-B3:2511.03628v1,ARX:FORMAL-ARXIV-V12-Q-A1:2511.03628v1,arxiv_id,REC-02947
DE-02476,ARX:FORMAL-ARXIV-V12-Q-B3:2510.23675v3,GS:GS-B1-02-067,arxiv_id,REC-01069
DE-02477,ARX:FORMAL-ARXIV-V12-Q-B3:2510.15994v2,ARX:FORMAL-ARXIV-V12-Q-B1:2510.15994v2,arxiv_id,REC-03631
DE-02478,ARX:FORMAL-ARXIV-V12-Q-B3:2510.11203v1,GS:GS-B3-02-081,arxiv_id,REC-01299
DE-02479,ARX:FORMAL-ARXIV-V12-Q-B3:2510.11108v2,GS:GS-C3-01-043,arxiv_id,REC-01933
DE-02480,ARX:FORMAL-ARXIV-V12-Q-B3:2509.24408v2,GS:GS-C1-01-086,arxiv_id,REC-01625
DE-02481,ARX:FORMAL-ARXIV-V12-Q-B3:2509.05755v6,GS:GS-B3-03-031,arxiv_id,REC-01326
DE-02482,ARX:FORMAL-ARXIV-V12-Q-B3:2508.20412v3,GS:GS-B3-02-002,arxiv_id,REC-01238
DE-02483,ARX:FORMAL-ARXIV-V12-Q-B3:2508.15310v1,ARX:FORMAL-ARXIV-V12-Q-B1:2508.15310v1,arxiv_id,REC-03654
DE-02484,ARX:FORMAL-ARXIV-V12-Q-B3:2508.02110v2,ARX:FORMAL-ARXIV-V12-Q-B1:2508.02110v2,arxiv_id,REC-03662
DE-02485,ARX:FORMAL-ARXIV-V12-Q-B3:2508.01249v3,GS:GS-B1-02-048,arxiv_id,REC-01052
DE-02486,ARX:FORMAL-ARXIV-V12-Q-B3:2507.19880v1,GS:GS-B4-03-035,arxiv_id,REC-01487
DE-02487,ARX:FORMAL-ARXIV-V12-Q-B3:2506.01055v1,GS:GS-B1-02-028,arxiv_id,REC-01033
DE-02488,ARX:FORMAL-ARXIV-V12-Q-B3:2505.23643v2,ARX:FORMAL-ARXIV-V12-Q-B1:2505.23643v2,arxiv_id,REC-03677
DE-02489,ARX:FORMAL-ARXIV-V12-Q-B3:2506.05364v2,GS:GS-C2-03-063,arxiv_id,REC-01893
DE-02490,ARX:FORMAL-ARXIV-V12-Q-B3:2504.20984v3,ARX:FORMAL-ARXIV-V12-Q-B1:2504.20984v3,arxiv_id,REC-03684
DE-02491,ARX:FORMAL-ARXIV-V12-Q-B3:2504.19793v3,GS:GS-B1-02-052,arxiv_id,REC-01056
DE-02492,ARX:FORMAL-ARXIV-V12-Q-B3:2504.12757v2,GS:GS-B4-03-002,arxiv_id,REC-01463
DE-02493,ARX:FORMAL-ARXIV-V12-Q-B3:2504.03111v3,GS:GS-B3-03-068,arxiv_id,REC-01348
DE-02494,ARX:FORMAL-ARXIV-V12-Q-B3:2503.20028v1,GS:GS-A1-05-054,arxiv_id,REC-00379
DE-02495,ARX:FORMAL-ARXIV-V12-Q-B3:2503.18813v2,GS:GS-B1-02-063,arxiv_id,REC-01065
DE-02496,ARX:FORMAL-ARXIV-V12-Q-B3:2503.01908v3,GS:GS-B1-01-093,arxiv_id,REC-01002
DE-02497,ARX:FORMAL-ARXIV-V12-Q-B3:2502.08966v2,ARX:FORMAL-ARXIV-V12-Q-B1:2502.08966v2,arxiv_id,REC-03696
DE-02498,ARX:FORMAL-ARXIV-V12-Q-B4:2607.25297v1,GS:GS-B3-02-027,arxiv_id,REC-01252
DE-02499,ARX:FORMAL-ARXIV-V12-Q-B4:2607.19432v1,GS:GS-B4-03-097,arxiv_id,REC-01523
DE-02500,ARX:FORMAL-ARXIV-V12-Q-B4:2607.14754v1,GS:GS-B4-03-056,arxiv_id,REC-01500
DE-02501,ARX:FORMAL-ARXIV-V12-Q-B4:2607.14642v1,GS:GS-A2W-01-050,arxiv_id,REC-00719
DE-02502,ARX:FORMAL-ARXIV-V12-Q-B4:2607.11098v3,GS:GS-B3-02-048,arxiv_id,REC-01269
DE-02503,ARX:FORMAL-ARXIV-V12-Q-B4:2607.11086v1,GS:GS-B4-03-007,arxiv_id,REC-01465
DE-02504,ARX:FORMAL-ARXIV-V12-Q-B4:2607.07461v1,GS:GS-B4-03-039,arxiv_id,REC-01489
DE-02505,ARX:FORMAL-ARXIV-V12-Q-B4:2607.05744v1,GS:GS-B4-04-093,arxiv_id,REC-01549
DE-02506,ARX:FORMAL-ARXIV-V12-Q-B4:2606.29073v1,GS:GS-B4-03-032,arxiv_id,REC-01484
DE-02507,ARX:FORMAL-ARXIV-V12-Q-B4:2606.28690v1,GS:GS-C2-02-045,arxiv_id,REC-01828
DE-02508,ARX:FORMAL-ARXIV-V12-Q-B4:2606.27027v1,GS:GS-B3-02-039,arxiv_id,REC-01262
DE-02509,ARX:FORMAL-ARXIV-V12-Q-B4:2606.26649v1,ARX:FORMAL-ARXIV-V12-Q-B3:2606.26649v1,arxiv_id,REC-03849
DE-02510,ARX:FORMAL-ARXIV-V12-Q-B4:2606.21338v1,GS:GS-B4-03-095,arxiv_id,REC-01521
DE-02511,ARX:FORMAL-ARXIV-V12-Q-B4:2606.20922v1,GS:GS-B1-01-056,arxiv_id,REC-00979
DE-02512,ARX:FORMAL-ARXIV-V12-Q-B4:2606.18448v1,GS:GS-A1-01-015,arxiv_id,REC-00015
DE-02513,ARX:FORMAL-ARXIV-V12-Q-B4:2606.16659v1,GS:GS-A1-05-091,arxiv_id,REC-00414
DE-02514,ARX:FORMAL-ARXIV-V12-Q-B4:2606.10322v2,GS:GS-D3-02-031,arxiv_id,REC-02222
DE-02515,ARX:FORMAL-ARXIV-V12-Q-B4:2606.09751v2,GS:GS-C3-02-016,arxiv_id,REC-01976
DE-02516,ARX:FORMAL-ARXIV-V12-Q-B4:2606.09182v1,GS:GS-B4-01-092,arxiv_id,REC-01442
DE-02517,ARX:FORMAL-ARXIV-V12-Q-B4:2606.07992v1,ARX:FORMAL-ARXIV-V12-Q-B1:2606.07992v1,arxiv_id,REC-03487
DE-02518,ARX:FORMAL-ARXIV-V12-Q-B4:2606.05339v1,GS:GS-B4-01-067,arxiv_id,REC-01419
DE-02519,ARX:FORMAL-ARXIV-V12-Q-B4:2606.04769v1,GS:GS-B4-04-055,arxiv_id,REC-01536
DE-02520,ARX:FORMAL-ARXIV-V12-Q-B4:2606.00566v1,ARX:FORMAL-ARXIV-V12-Q-B3:2606.00566v1,arxiv_id,REC-03876
DE-02521,ARX:FORMAL-ARXIV-V12-Q-B4:2606.00288v3,GS:GS-A1-04-037,arxiv_id,REC-00269
DE-02522,ARX:FORMAL-ARXIV-V12-Q-B4:2605.30604v1,GS:GS-C3-01-094,arxiv_id,REC-01957
DE-02523,ARX:FORMAL-ARXIV-V12-Q-B4:2605.28914v1,GS:GS-C3-02-003,arxiv_id,REC-01964
DE-02524,ARX:FORMAL-ARXIV-V12-Q-B4:2605.26159v1,GS:GS-B4-02-082,arxiv_id,REC-01453
DE-02525,ARX:FORMAL-ARXIV-V12-Q-B4:2605.26154v1,GS:GS-C1-01-022,arxiv_id,REC-01573
DE-02526,ARX:FORMAL-ARXIV-V12-Q-B4:2605.24248v2,GS:GS-B4-01-052,arxiv_id,REC-01405
DE-02527,ARX:FORMAL-ARXIV-V12-Q-B4:2605.24069v1,ARX:FORMAL-ARXIV-V12-Q-B3:2605.24069v1,arxiv_id,REC-03885
DE-02528,ARX:FORMAL-ARXIV-V12-Q-B4:2605.22333v1,GS:GS-B4-03-016,arxiv_id,REC-01472
DE-02529,ARX:FORMAL-ARXIV-V12-Q-B4:2605.21392v2,GS:GS-B1-01-075,arxiv_id,REC-00989
DE-02530,ARX:FORMAL-ARXIV-V12-Q-B4:2605.17380v1,ARX:FORMAL-ARXIV-V12-Q-B1:2605.17380v1,arxiv_id,REC-03511
DE-02531,ARX:FORMAL-ARXIV-V12-Q-B4:2605.11053v3,GS:GS-B3-02-028,arxiv_id,REC-01253
DE-02532,ARX:FORMAL-ARXIV-V12-Q-B4:2605.07836v1,GS:GS-B4-04-056,arxiv_id,REC-01537
DE-02533,ARX:FORMAL-ARXIV-V12-Q-B4:2605.05260v1,GS:GS-B4-01-090,arxiv_id,REC-01440
DE-02534,ARX:FORMAL-ARXIV-V12-Q-B4:2605.02811v2,ARX:FORMAL-ARXIV-V12-Q-B1:2605.02811v2,arxiv_id,REC-03529
DE-02535,ARX:FORMAL-ARXIV-V12-Q-B4:2604.21477v2,GS:GS-B4-03-025,arxiv_id,REC-01479
DE-02536,ARX:FORMAL-ARXIV-V12-Q-B4:2604.18874v1,ARX:FORMAL-ARXIV-V12-Q-B1:2604.18874v1,arxiv_id,REC-03540
DE-02537,ARX:FORMAL-ARXIV-V12-Q-B4:2604.17125v1,GS:GS-B4-04-044,arxiv_id,REC-01532
DE-02538,ARX:FORMAL-ARXIV-V12-Q-B4:2604.16870v2,GS:GS-B4-04-025,arxiv_id,REC-01528
DE-02539,ARX:FORMAL-ARXIV-V12-Q-B4:2604.13849v1,GS:GS-B4-01-099,arxiv_id,REC-01449
DE-02540,ARX:FORMAL-ARXIV-V12-Q-B4:2604.10534v1,GS:GS-B4-04-042,arxiv_id,REC-01531
DE-02541,ARX:FORMAL-ARXIV-V12-Q-B4:2604.07551v1,GS:GS-B4-01-033,arxiv_id,REC-01389
DE-02542,ARX:FORMAL-ARXIV-V12-Q-B4:2604.05969v1,GS:GS-B3-02-064,arxiv_id,REC-01284
DE-02543,ARX:FORMAL-ARXIV-V12-Q-B4:2604.05440v1,GS:GS-D2-03-061,arxiv_id,REC-02174
DE-02544,ARX:FORMAL-ARXIV-V12-Q-B4:2604.04426v1,GS:GS-B3-02-080,arxiv_id,REC-01298
DE-02545,ARX:FORMAL-ARXIV-V12-Q-B4:2604.01905v2,GS:GS-B4-04-031,arxiv_id,REC-01529
DE-02546,ARX:FORMAL-ARXIV-V12-Q-B4:2603.24775v1,GS:GS-B4-03-067,arxiv_id,REC-01505
DE-02547,ARX:FORMAL-ARXIV-V12-Q-B4:2603.24203v1,GS:GS-B4-01-083,arxiv_id,REC-01433
DE-02548,ARX:FORMAL-ARXIV-V12-Q-B4:2603.23802v1,GS:GS-B4-03-074,arxiv_id,REC-01510
DE-02549,ARX:FORMAL-ARXIV-V12-Q-B4:2603.23801v1,GS:GS-C2-02-017,arxiv_id,REC-01808
DE-02550,ARX:FORMAL-ARXIV-V12-Q-B4:2603.22853v1,GS:GS-C2-01-048,arxiv_id,REC-01762
DE-02551,ARX:FORMAL-ARXIV-V12-Q-B4:2603.22489v1,ARX:FORMAL-ARXIV-V12-Q-B1:2603.22489v1,arxiv_id,REC-03559
DE-02552,ARX:FORMAL-ARXIV-V12-Q-B4:2603.21642v1,GS:GS-B4-04-052,arxiv_id,REC-01534
DE-02553,ARX:FORMAL-ARXIV-V12-Q-B4:2603.21641v1,GS:GS-B4-03-042,arxiv_id,REC-01490
DE-02554,ARX:FORMAL-ARXIV-V12-Q-B4:2603.18063v1,GS:GS-B4-01-028,arxiv_id,REC-01386
DE-02555,ARX:FORMAL-ARXIV-V12-Q-B4:2603.13417v1,GS:GS-B4-01-056,arxiv_id,REC-01409
DE-02556,ARX:FORMAL-ARXIV-V12-Q-B4:2603.10194v1,GS:GS-B4-03-029,arxiv_id,REC-01482
DE-02557,ARX:FORMAL-ARXIV-V12-Q-B4:2603.10163v1,ARX:FORMAL-ARXIV-V12-Q-B1:2603.10163v1,arxiv_id,REC-03570
DE-02558,ARX:FORMAL-ARXIV-V12-Q-B4:2603.09134v1,GS:GS-C1-03-084,arxiv_id,REC-01708
DE-02559,ARX:FORMAL-ARXIV-V12-Q-B4:2603.05637v2,GS:GS-B4-01-051,arxiv_id,REC-01404
DE-02560,ARX:FORMAL-ARXIV-V12-Q-B4:2602.20720v1,ARX:FORMAL-ARXIV-V12-Q-B1:2602.20720v1,arxiv_id,REC-03578
DE-02561,ARX:FORMAL-ARXIV-V12-Q-B4:2602.19021v2,ARX:FORMAL-ARXIV-V12-Q-B1:2602.19021v2,arxiv_id,REC-03582
DE-02562,ARX:FORMAL-ARXIV-V12-Q-B4:2602.18914v1,ARX:FORMAL-ARXIV-V12-Q-B3:2602.18914v1,arxiv_id,REC-03955
DE-02563,ARX:FORMAL-ARXIV-V12-Q-B4:2602.15945v1,GS:GS-B4-03-088,arxiv_id,REC-01516
DE-02564,ARX:FORMAL-ARXIV-V12-Q-B4:2603.02240v1,GS:GS-C1-01-005,arxiv_id,REC-01557
DE-02565,ARX:FORMAL-ARXIV-V12-Q-B4:2602.14798v1,GS:GS-B4-04-087,arxiv_id,REC-01546
DE-02566,ARX:FORMAL-ARXIV-V12-Q-B4:2602.14281v3,GS:GS-B4-01-024,arxiv_id,REC-01383
DE-02567,ARX:FORMAL-ARXIV-V12-Q-B4:2602.12430v4,GS:GS-A1-01-096,arxiv_id,REC-00091
DE-02568,ARX:FORMAL-ARXIV-V12-Q-B4:2602.11327v2,GS:GS-B4-03-022,arxiv_id,REC-01477
DE-02569,ARX:FORMAL-ARXIV-V12-Q-B4:2602.15055v1,GS:GS-B4-01-080,arxiv_id,REC-01430
DE-02570,ARX:FORMAL-ARXIV-V12-Q-B4:2602.03580v1,GS:GS-B4-03-073,arxiv_id,REC-01509
DE-02571,ARX:FORMAL-ARXIV-V12-Q-B4:2602.01129v1,GS:GS-B4-01-011,arxiv_id,REC-01370
DE-02572,ARX:FORMAL-ARXIV-V12-Q-B4:2601.17549v1,GS:GS-B1-02-100,arxiv_id,REC-01099
DE-02573,ARX:FORMAL-ARXIV-V12-Q-B4:2601.17548v1,ARX:FORMAL-ARXIV-V12-Q-B1:2601.17548v1,arxiv_id,REC-03597
DE-02574,ARX:FORMAL-ARXIV-V12-Q-B4:2601.12560v1,GS:GS-A2S-03-005,arxiv_id,REC-00608
DE-02575,ARX:FORMAL-ARXIV-V12-Q-B4:2601.08012v1,ARX:FORMAL-ARXIV-V12-Q-B3:2601.08012v1,arxiv_id,REC-03972
DE-02576,ARX:FORMAL-ARXIV-V12-Q-B4:2601.07395v1,GS:GS-B3-02-004,arxiv_id,REC-01239
DE-02577,ARX:FORMAL-ARXIV-V12-Q-B4:2601.01241v2,GS:GS-B4-04-090,arxiv_id,REC-01547
DE-02578,ARX:FORMAL-ARXIV-V12-Q-B4:2512.15431v2,ARX:FORMAL-ARXIV-V12-Q-A1:2512.15431v2,arxiv_id,REC-02917
DE-02579,ARX:FORMAL-ARXIV-V12-Q-B4:2512.15144v3,GS:GS-B4-03-094,arxiv_id,REC-01520
DE-02580,ARX:FORMAL-ARXIV-V12-Q-B4:2512.14166v2,GS:GS-B3-02-086,arxiv_id,REC-01303
DE-02581,ARX:FORMAL-ARXIV-V12-Q-B4:2512.14737v1,GS:GS-B4-01-071,arxiv_id,REC-01423
DE-02582,ARX:FORMAL-ARXIV-V12-Q-B4:2512.08290v2,GS:GS-B3-02-070,arxiv_id,REC-01290
DE-02583,ARX:FORMAL-ARXIV-V12-Q-B4:2512.06556v2,GS:GS-B3-02-026,arxiv_id,REC-01251
DE-02584,ARX:FORMAL-ARXIV-V12-Q-B4:2512.03775v1,GS:GS-B4-01-063,arxiv_id,REC-01415
DE-02585,ARX:FORMAL-ARXIV-V12-Q-B4:2512.02321v1,GS:GS-B2-01-078,arxiv_id,REC-01166
DE-02586,ARX:FORMAL-ARXIV-V12-Q-B4:2511.23281v1,ARX:FORMAL-ARXIV-V12-Q-A1:2511.23281v1,arxiv_id,REC-02931
DE-02587,ARX:FORMAL-ARXIV-V12-Q-B4:2511.20920v1,GS:GS-B4-01-010,arxiv_id,REC-01369
DE-02588,ARX:FORMAL-ARXIV-V12-Q-B4:2511.19483v1,ARX:FORMAL-ARXIV-V12-Q-B1:2511.19483v1,arxiv_id,REC-03621
DE-02589,ARX:FORMAL-ARXIV-V12-Q-B4:2511.05867v3,ARX:FORMAL-ARXIV-V12-Q-B1:2511.05867v3,arxiv_id,REC-03624
DE-02590,ARX:FORMAL-ARXIV-V12-Q-B4:2511.03497v1,ARX:FORMAL-ARXIV-V12-Q-B3:2511.03497v1,arxiv_id,REC-03993
DE-02591,ARX:FORMAL-ARXIV-V12-Q-B4:2511.03434v1,GS:GS-C2-02-055,arxiv_id,REC-01836
DE-02592,ARX:FORMAL-ARXIV-V12-Q-B4:2510.26212v1,ARX:FORMAL-ARXIV-V12-Q-B1:2510.26212v1,arxiv_id,REC-03626
DE-02593,ARX:FORMAL-ARXIV-V12-Q-B4:2510.23673v1,GS:GS-B3-02-089,arxiv_id,REC-01306
DE-02594,ARX:FORMAL-ARXIV-V12-Q-B4:2510.14133v2,GS:GS-C2-02-030,arxiv_id,REC-01820
DE-02595,ARX:FORMAL-ARXIV-V12-Q-B4:2510.15994v2,ARX:FORMAL-ARXIV-V12-Q-B1:2510.15994v2,arxiv_id,REC-03631
DE-02596,ARX:FORMAL-ARXIV-V12-Q-B4:2510.03610v1,GS:GS-B4-03-084,arxiv_id,REC-01514
DE-02597,ARX:FORMAL-ARXIV-V12-Q-B4:2509.25292v3,GS:GS-B4-01-012,arxiv_id,REC-01371
DE-02598,ARX:FORMAL-ARXIV-V12-Q-B4:2509.24272v1,GS:GS-B3-02-068,arxiv_id,REC-01288
DE-02599,ARX:FORMAL-ARXIV-V12-Q-B4:2509.22814v1,GS:GS-B4-01-013,arxiv_id,REC-01372
DE-02600,ARX:FORMAL-ARXIV-V12-Q-B4:2509.21011v1,ARX:FORMAL-ARXIV-V12-Q-B3:2509.21011v1,arxiv_id,REC-04012
DE-02601,ARX:FORMAL-ARXIV-V12-Q-B4:2509.01619v1,ARX:FORMAL-ARXIV-V12-Q-A1:2509.01619v1,arxiv_id,REC-03031
DE-02602,ARX:FORMAL-ARXIV-V12-Q-B4:2510.06223v2,ARX:FORMAL-ARXIV-V12-Q-A1:2510.06223v2,arxiv_id,REC-03033
DE-02603,ARX:FORMAL-ARXIV-V12-Q-B4:2508.20453v1,ARX:FORMAL-ARXIV-V12-Q-B3:2508.20453v1,arxiv_id,REC-04022
DE-02604,ARX:FORMAL-ARXIV-V12-Q-B4:2508.20412v3,GS:GS-B3-02-002,arxiv_id,REC-01238
DE-02605,ARX:FORMAL-ARXIV-V12-Q-B4:2508.18489v1,GS:GS-B4-01-078,arxiv_id,REC-01429
DE-02606,ARX:FORMAL-ARXIV-V12-Q-B4:2508.14925v1,ARX:FORMAL-ARXIV-V12-Q-B3:2508.14925v1,arxiv_id,REC-04026
DE-02607,ARX:FORMAL-ARXIV-V12-Q-B4:2508.12538v2,ARX:FORMAL-ARXIV-V12-Q-B3:2508.12538v2,arxiv_id,REC-04029
DE-02608,ARX:FORMAL-ARXIV-V12-Q-B4:2508.13220v3,GS:GS-B4-01-036,arxiv_id,REC-01392
DE-02609,ARX:FORMAL-ARXIV-V12-Q-B4:2508.10991v4,ARX:FORMAL-ARXIV-V12-Q-B1:2508.10991v4,arxiv_id,REC-03658
DE-02610,ARX:FORMAL-ARXIV-V12-Q-B4:2508.06418v1,ARX:FORMAL-ARXIV-V12-Q-B1:2508.06418v1,arxiv_id,REC-03660
DE-02611,ARX:FORMAL-ARXIV-V12-Q-B4:2508.02110v2,ARX:FORMAL-ARXIV-V12-Q-B1:2508.02110v2,arxiv_id,REC-03662
DE-02612,ARX:FORMAL-ARXIV-V12-Q-B4:2507.22358v1,GS:GS-B1-01-090,arxiv_id,REC-00999
DE-02613,ARX:FORMAL-ARXIV-V12-Q-B4:2507.19880v1,GS:GS-B4-03-035,arxiv_id,REC-01487
DE-02614,ARX:FORMAL-ARXIV-V12-Q-B4:2507.08065v1,ARX:FORMAL-ARXIV-V12-Q-B3:2507.08065v1,arxiv_id,REC-04038
DE-02615,ARX:FORMAL-ARXIV-V12-Q-B4:2507.06323v1,ARX:FORMAL-ARXIV-V12-Q-B1:2507.06323v1,arxiv_id,REC-03668
DE-02616,ARX:FORMAL-ARXIV-V12-Q-B4:2506.23260v2,ARX:FORMAL-ARXIV-V12-Q-B1:2506.23260v2,arxiv_id,REC-03670
DE-02617,ARX:FORMAL-ARXIV-V12-Q-B4:2506.13666v1,GS:GS-B3-02-075,arxiv_id,REC-01294
DE-02618,ARX:FORMAL-ARXIV-V12-Q-B4:2506.02040v4,ARX:FORMAL-ARXIV-V12-Q-B3:2506.02040v4,arxiv_id,REC-04046
DE-02619,ARX:FORMAL-ARXIV-V12-Q-B4:2505.24019v1,GS:GS-B3-03-012,arxiv_id,REC-01318
DE-02620,ARX:FORMAL-ARXIV-V12-Q-B4:2505.23634v1,GS:GS-B4-04-065,arxiv_id,REC-01540
DE-02621,ARX:FORMAL-ARXIV-V12-Q-B4:2505.22368v1,GS:GS-C3-01-027,arxiv_id,REC-01922
DE-02622,ARX:FORMAL-ARXIV-V12-Q-B4:2506.05364v2,GS:GS-C2-03-063,arxiv_id,REC-01893
DE-02623,ARX:FORMAL-ARXIV-V12-Q-B4:2505.18135v2,ARX:FORMAL-ARXIV-V12-Q-B3:2505.18135v2,arxiv_id,REC-04050
DE-02624,ARX:FORMAL-ARXIV-V12-Q-B4:2505.03864v1,GS:GS-B4-03-093,arxiv_id,REC-01519
DE-02625,ARX:FORMAL-ARXIV-V12-Q-B4:2505.02279v2,GS:GS-B4-01-031,arxiv_id,REC-01387
DE-02626,ARX:FORMAL-ARXIV-V12-Q-B4:2504.19997v1,GS:GS-B4-03-026,arxiv_id,REC-01480
DE-02627,ARX:FORMAL-ARXIV-V12-Q-B4:2504.16902v2,GS:GS-C2-02-003,arxiv_id,REC-01802
DE-02628,ARX:FORMAL-ARXIV-V12-Q-B4:2504.16736v3,GS:GS-C2-02-006,arxiv_id,REC-01804
DE-02629,ARX:FORMAL-ARXIV-V12-Q-B4:2504.12757v2,GS:GS-B4-03-002,arxiv_id,REC-01463
DE-02630,ARX:FORMAL-ARXIV-V12-Q-B4:2504.08999v3,ARX:FORMAL-ARXIV-V12-Q-A2W:2504.08999v3,arxiv_id,REC-03405
DE-02631,ARX:FORMAL-ARXIV-V12-Q-B4:2504.03767v2,GS:GS-B4-01-026,arxiv_id,REC-01385
DE-02632,ARX:FORMAL-ARXIV-V12-Q-C1:2607.29167v1,GS:GS-C1-03-010,arxiv_id,REC-01667
DE-02633,ARX:FORMAL-ARXIV-V12-Q-C1:2607.27773v2,GS:GS-A2W-02-047,arxiv_id,REC-00773
DE-02634,ARX:FORMAL-ARXIV-V12-Q-C1:2607.27080v1,GS:GS-C1-01-018,arxiv_id,REC-01569
DE-02635,ARX:FORMAL-ARXIV-V12-Q-C1:2607.23929v2,GS:GS-C1-03-049,arxiv_id,REC-01689
DE-02636,ARX:FORMAL-ARXIV-V12-Q-C1:2607.23444v1,GS:GS-C1-03-029,arxiv_id,REC-01679
DE-02637,ARX:FORMAL-ARXIV-V12-Q-C1:2607.15657v1,GS:GS-C1-01-093,arxiv_id,REC-01630
DE-02638,ARX:FORMAL-ARXIV-V12-Q-C1:2607.14651v1,GS:GS-C1-01-009,arxiv_id,REC-01561
DE-02639,ARX:FORMAL-ARXIV-V12-Q-C1:2607.14611v1,GS:GS-C1-03-031,arxiv_id,REC-01680
DE-02640,ARX:FORMAL-ARXIV-V12-Q-C1:2607.09493v1,GS:GS-C1-03-023,arxiv_id,REC-01675
DE-02641,ARX:FORMAL-ARXIV-V12-Q-C1:2607.06595v1,GS:GS-C1-01-008,arxiv_id,REC-01560
DE-02642,ARX:FORMAL-ARXIV-V12-Q-C1:2607.05189v1,GS:GS-C1-01-070,arxiv_id,REC-01613
DE-02643,ARX:FORMAL-ARXIV-V12-Q-C1:2607.05029v1,GS:GS-C1-01-017,arxiv_id,REC-01568
DE-02644,ARX:FORMAL-ARXIV-V12-Q-C1:2607.01919v1,GS:GS-C1-01-054,arxiv_id,REC-01598
DE-02645,ARX:FORMAL-ARXIV-V12-Q-C1:2606.30755v1,ARX:FORMAL-ARXIV-V12-Q-B1:2606.30755v1,arxiv_id,REC-03460
DE-02646,ARX:FORMAL-ARXIV-V12-Q-C1:2606.30566v2,GS:GS-C1-01-024,arxiv_id,REC-01575
DE-02647,ARX:FORMAL-ARXIV-V12-Q-C1:2606.30306v1,GS:GS-C1-03-014,arxiv_id,REC-01668
DE-02648,ARX:FORMAL-ARXIV-V12-Q-C1:2606.28270v1,ARX:FORMAL-ARXIV-V12-Q-B4:2606.28270v1,arxiv_id,REC-04139
DE-02649,ARX:FORMAL-ARXIV-V12-Q-C1:2606.26627v1,GS:GS-C1-02-058,arxiv_id,REC-01645
DE-02650,ARX:FORMAL-ARXIV-V12-Q-C1:2606.25115v1,GS:GS-C1-02-010,arxiv_id,REC-01637
DE-02651,ARX:FORMAL-ARXIV-V12-Q-C1:2606.24535v1,GS:GS-C3-04-031,arxiv_id,REC-02038
DE-02652,ARX:FORMAL-ARXIV-V12-Q-C1:2606.24322v1,GS:GS-C1-01-027,arxiv_id,REC-01578
DE-02653,ARX:FORMAL-ARXIV-V12-Q-C1:2606.18356v1,GS:GS-C3-02-015,arxiv_id,REC-01975
DE-02654,ARX:FORMAL-ARXIV-V12-Q-C1:2606.15609v1,GS:GS-A1-04-077,arxiv_id,REC-00306
DE-02655,ARX:FORMAL-ARXIV-V12-Q-C1:2606.12797v1,GS:GS-C1-02-088,arxiv_id,REC-01658
DE-02656,ARX:FORMAL-ARXIV-V12-Q-C1:2606.12703v1,GS:GS-C1-01-034,arxiv_id,REC-01582
DE-02657,ARX:FORMAL-ARXIV-V12-Q-C1:2606.12290v1,ARX:FORMAL-ARXIV-V12-Q-B3:2606.12290v1,arxiv_id,REC-03865
DE-02658,ARX:FORMAL-ARXIV-V12-Q-C1:2606.11671v1,ARX:FORMAL-ARXIV-V12-Q-B3:2606.11671v1,arxiv_id,REC-03866
DE-02659,ARX:FORMAL-ARXIV-V12-Q-C1:2606.10749v1,GS:GS-A1-05-083,arxiv_id,REC-00406
DE-02660,ARX:FORMAL-ARXIV-V12-Q-C1:2606.10484v1,GS:GS-B3-02-061,arxiv_id,REC-01281
DE-02661,ARX:FORMAL-ARXIV-V12-Q-C1:2606.08162v1,GS:GS-D3-02-024,arxiv_id,REC-02220
DE-02662,ARX:FORMAL-ARXIV-V12-Q-C1:2606.06240v1,GS:GS-C1-03-065,arxiv_id,REC-01697
DE-02663,ARX:FORMAL-ARXIV-V12-Q-C1:2606.04425v2,GS:GS-B1-02-050,arxiv_id,REC-01054
DE-02664,ARX:FORMAL-ARXIV-V12-Q-C1:2606.04329v2,GS:GS-C1-01-011,arxiv_id,REC-01563
DE-02665,ARX:FORMAL-ARXIV-V12-Q-C1:2605.29960v1,GS:GS-C1-01-016,arxiv_id,REC-01567
DE-02666,ARX:FORMAL-ARXIV-V12-Q-C1:2605.25435v1,GS:GS-B3-03-062,arxiv_id,REC-01344
DE-02667,ARX:FORMAL-ARXIV-V12-Q-C1:2605.25002v2,GS:GS-C1-01-096,arxiv_id,REC-01632
DE-02668,ARX:FORMAL-ARXIV-V12-Q-C1:2605.24941v1,ARX:FORMAL-ARXIV-V12-Q-B4:2605.24941v1,arxiv_id,REC-04158
DE-02669,ARX:FORMAL-ARXIV-V12-Q-C1:2605.26154v1,GS:GS-C1-01-022,arxiv_id,REC-01573
DE-02670,ARX:FORMAL-ARXIV-V12-Q-C1:2605.23723v1,GS:GS-C1-01-026,arxiv_id,REC-01577
DE-02671,ARX:FORMAL-ARXIV-V12-Q-C1:2605.22321v2,GS:GS-D2-02-076,arxiv_id,REC-02131
DE-02672,ARX:FORMAL-ARXIV-V12-Q-C1:2605.18930v1,GS:GS-C1-01-082,arxiv_id,REC-01621
DE-02673,ARX:FORMAL-ARXIV-V12-Q-C1:2605.16746v1,GS:GS-C1-01-050,arxiv_id,REC-01594
DE-02674,ARX:FORMAL-ARXIV-V12-Q-C1:2605.15338v2,GS:GS-C1-01-010,arxiv_id,REC-01562
DE-02675,ARX:FORMAL-ARXIV-V12-Q-C1:2605.14421v1,GS:GS-C1-01-058,arxiv_id,REC-01602
DE-02676,ARX:FORMAL-ARXIV-V12-Q-C1:2605.22842v1,GS:GS-C1-01-014,arxiv_id,REC-01566
DE-02677,ARX:FORMAL-ARXIV-V12-Q-C1:2605.11032v1,GS:GS-C1-01-052,arxiv_id,REC-01596
DE-02678,ARX:FORMAL-ARXIV-V12-Q-C1:2605.09033v3,GS:GS-C1-01-038,arxiv_id,REC-01585
DE-02679,ARX:FORMAL-ARXIV-V12-Q-C1:2605.08442v5,GS:GS-C1-03-024,arxiv_id,REC-01676
DE-02680,ARX:FORMAL-ARXIV-V12-Q-C1:2605.06812v1,GS:GS-C1-02-056,arxiv_id,REC-01644
DE-02681,ARX:FORMAL-ARXIV-V12-Q-C1:2605.03228v1,GS:GS-B3-03-065,arxiv_id,REC-01346
DE-02682,ARX:FORMAL-ARXIV-V12-Q-C1:2605.03213v2,GS:GS-C1-01-087,arxiv_id,REC-01626
DE-02683,ARX:FORMAL-ARXIV-V12-Q-C1:2605.01970v3,GS:GS-C1-01-059,arxiv_id,REC-01603
DE-02684,ARX:FORMAL-ARXIV-V12-Q-C1:2605.01567v1,ARX:FORMAL-ARXIV-V12-Q-B4:2605.01567v1,arxiv_id,REC-04173
DE-02685,ARX:FORMAL-ARXIV-V12-Q-C1:2604.27707v2,GS:GS-C1-03-036,arxiv_id,REC-01684
DE-02686,ARX:FORMAL-ARXIV-V12-Q-C1:2604.24020v1,ARX:FORMAL-ARXIV-V12-Q-B1:2604.24020v1,arxiv_id,REC-03536
DE-02687,ARX:FORMAL-ARXIV-V12-Q-C1:2604.23374v1,GS:GS-C1-02-070,arxiv_id,REC-01648
DE-02688,ARX:FORMAL-ARXIV-V12-Q-C1:2604.23338v2,GS:GS-B1-02-097,arxiv_id,REC-01096
DE-02689,ARX:FORMAL-ARXIV-V12-Q-C1:2604.20300v2,GS:GS-C1-03-057,arxiv_id,REC-01692
DE-02690,ARX:FORMAL-ARXIV-V12-Q-C1:2604.16966v1,ARX:FORMAL-ARXIV-V12-Q-B1:2604.16966v1,arxiv_id,REC-03543
DE-02691,ARX:FORMAL-ARXIV-V12-Q-C1:2604.16548v2,GS:GS-C1-01-021,arxiv_id,REC-01572
DE-02692,ARX:FORMAL-ARXIV-V12-Q-C1:2604.15671v2,ARX:FORMAL-ARXIV-V12-Q-B4:2604.15671v2,arxiv_id,REC-04179
DE-02693,ARX:FORMAL-ARXIV-V12-Q-C1:2604.04901v1,GS:GS-A1-04-068,arxiv_id,REC-00297
DE-02694,ARX:FORMAL-ARXIV-V12-Q-C1:2604.04853v1,GS:GS-C1-03-058,arxiv_id,REC-01693
DE-02695,ARX:FORMAL-ARXIV-V12-Q-C1:2604.04759v1,GS:GS-B3-02-040,arxiv_id,REC-01263
DE-02696,ARX:FORMAL-ARXIV-V12-Q-C1:2604.02623v2,GS:GS-C1-01-004,arxiv_id,REC-01556
DE-02697,ARX:FORMAL-ARXIV-V12-Q-C1:2603.29318v1,GS:GS-A2W-03-041,arxiv_id,REC-00843
DE-02698,ARX:FORMAL-ARXIV-V12-Q-C1:2603.26221v1,GS:GS-C1-01-072,arxiv_id,REC-01615
DE-02699,ARX:FORMAL-ARXIV-V12-Q-C1:2603.23064v3,ARX:FORMAL-ARXIV-V12-Q-B1:2603.23064v3,arxiv_id,REC-03557
DE-02700,ARX:FORMAL-ARXIV-V12-Q-C1:2603.17239v1,GS:GS-B3-02-055,arxiv_id,REC-01275
DE-02701,ARX:FORMAL-ARXIV-V12-Q-C1:2603.11768v2,GS:GS-C1-02-029,arxiv_id,REC-01638
DE-02702,ARX:FORMAL-ARXIV-V12-Q-C1:2603.11721v2,ARX:FORMAL-ARXIV-V12-Q-A2S:2603.11721v2,arxiv_id,REC-03293
DE-02703,ARX:FORMAL-ARXIV-V12-Q-C1:2603.09002v2,GS:GS-B1-03-013,arxiv_id,REC-01106
DE-02704,ARX:FORMAL-ARXIV-V12-Q-C1:2603.07670v1,GS:GS-C3-02-024,arxiv_id,REC-01982
DE-02705,ARX:FORMAL-ARXIV-V12-Q-C1:2603.01564v1,GS:GS-C1-01-078,arxiv_id,REC-01618
DE-02706,ARX:FORMAL-ARXIV-V12-Q-C1:2603.00960v1,ARX:FORMAL-ARXIV-V12-Q-A2W:2603.00960v1,arxiv_id,REC-03363
DE-02707,ARX:FORMAL-ARXIV-V12-Q-C1:2602.19555v2,GS:GS-C1-01-091,arxiv_id,REC-01628
DE-02708,ARX:FORMAL-ARXIV-V12-Q-C1:2602.15654v2,GS:GS-C1-02-040,arxiv_id,REC-01640
DE-02709,ARX:FORMAL-ARXIV-V12-Q-C1:2603.02240v1,GS:GS-C1-01-005,arxiv_id,REC-01557
DE-02710,ARX:FORMAL-ARXIV-V12-Q-C1:2602.11510v3,GS:GS-C2-03-030,arxiv_id,REC-01879
DE-02711,ARX:FORMAL-ARXIV-V12-Q-C1:2602.07398v1,GS:GS-B1-02-015,arxiv_id,REC-01020
DE-02712,ARX:FORMAL-ARXIV-V12-Q-C1:2601.09625v2,GS:GS-B2-01-034,arxiv_id,REC-01137
DE-02713,ARX:FORMAL-ARXIV-V12-Q-C1:2601.05504v2,GS:GS-C1-01-002,arxiv_id,REC-01554
DE-02714,ARX:FORMAL-ARXIV-V12-Q-C1:2512.16962v1,GS:GS-C1-01-006,arxiv_id,REC-01558
DE-02715,ARX:FORMAL-ARXIV-V12-Q-C1:2512.09458v1,ARX:FORMAL-ARXIV-V12-Q-A1:2512.09458v1,arxiv_id,REC-02921
DE-02716,ARX:FORMAL-ARXIV-V12-Q-C1:2512.00742v1,ARX:FORMAL-ARXIV-V12-Q-B1:2512.00742v1,arxiv_id,REC-03619
DE-02717,ARX:FORMAL-ARXIV-V12-Q-C1:2510.07988v1,ARX:FORMAL-ARXIV-V12-Q-A1:2510.07988v1,arxiv_id,REC-02979
DE-02718,ARX:FORMAL-ARXIV-V12-Q-C1:2510.07925v1,GS:GS-C1-03-086,arxiv_id,REC-01710
DE-02719,ARX:FORMAL-ARXIV-V12-Q-C1:2510.02373v1,GS:GS-C1-01-040,arxiv_id,REC-01587
DE-02720,ARX:FORMAL-ARXIV-V12-Q-C1:2507.22358v1,GS:GS-B1-01-090,arxiv_id,REC-00999
DE-02721,ARX:FORMAL-ARXIV-V12-Q-C1:2507.05445v1,GS:GS-A1-01-041,arxiv_id,REC-00040
DE-02722,ARX:FORMAL-ARXIV-V12-Q-C1:2507.10562v1,GS:GS-C1-03-007,arxiv_id,REC-01665
DE-02723,ARX:FORMAL-ARXIV-V12-Q-C1:2507.00081v1,GS:GS-C1-03-063,arxiv_id,REC-01695
DE-02724,ARX:FORMAL-ARXIV-V12-Q-C1:2506.18158v1,ARX:FORMAL-ARXIV-V12-Q-A1:2506.18158v1,arxiv_id,REC-03076
DE-02725,ARX:FORMAL-ARXIV-V12-Q-C1:2506.17318v1,GS:GS-A1-05-076,arxiv_id,REC-00400
DE-02726,ARX:FORMAL-ARXIV-V12-Q-C1:2506.12088v2,ARX:FORMAL-ARXIV-V12-Q-A2W:2506.12088v2,arxiv_id,REC-03391
DE-02727,ARX:FORMAL-ARXIV-V12-Q-C1:2506.02539v3,GS:GS-A1-02-064,arxiv_id,REC-00134
DE-02728,ARX:FORMAL-ARXIV-V12-Q-C1:2505.16986v2,ARX:FORMAL-ARXIV-V12-Q-B3:2505.16986v2,arxiv_id,REC-04051
DE-02729,ARX:FORMAL-ARXIV-V12-Q-C1:2505.03673v2,ARX:FORMAL-ARXIV-V12-Q-B3:2505.03673v2,arxiv_id,REC-04055
DE-02730,ARX:FORMAL-ARXIV-V12-Q-C1:2503.11951v3,GS:GS-D3-02-047,arxiv_id,REC-02231
DE-02731,ARX:FORMAL-ARXIV-V12-Q-C1:2503.04392v2,GS:GS-C1-01-043,arxiv_id,REC-01590
DE-02732,ARX:FORMAL-ARXIV-V12-Q-C1:2501.12485v3,ARX:FORMAL-ARXIV-V12-Q-A1:2501.12485v3,arxiv_id,REC-03177
DE-02733,ARX:FORMAL-ARXIV-V12-Q-C1:2410.17236v2,ARX:FORMAL-ARXIV-V12-Q-A1:2410.17236v2,arxiv_id,REC-03201
DE-02734,ARX:FORMAL-ARXIV-V12-Q-C1:2409.10277v2,ARX:FORMAL-ARXIV-V12-Q-B3:2409.10277v2,arxiv_id,REC-04089
DE-02735,ARX:FORMAL-ARXIV-V12-Q-C1:2407.12784v1,ARX:FORMAL-ARXIV-V12-Q-B2:2407.12784v1,arxiv_id,REC-03803
DE-02736,ARX:FORMAL-ARXIV-V12-Q-C1:2312.17259v2,GS:GS-C1-03-028,arxiv_id,REC-01678
DE-02737,ARX:FORMAL-ARXIV-V12-Q-C2:2608.00202v1,ARX:FORMAL-ARXIV-V12-Q-A1:2608.00202v1,arxiv_id,REC-02648
DE-02738,ARX:FORMAL-ARXIV-V12-Q-C2:2607.25255v2,ARX:FORMAL-ARXIV-V12-Q-A1:2607.25255v2,arxiv_id,REC-02652
DE-02739,ARX:FORMAL-ARXIV-V12-Q-C2:2607.18847v1,ARX:FORMAL-ARXIV-V12-Q-B1:2607.18847v1,arxiv_id,REC-03446
DE-02740,ARX:FORMAL-ARXIV-V12-Q-C2:2607.19430v2,ARX:FORMAL-ARXIV-V12-Q-B1:2607.19430v2,arxiv_id,REC-03447
DE-02741,ARX:FORMAL-ARXIV-V12-Q-C2:2607.12406v1,ARX:FORMAL-ARXIV-V12-Q-B1:2607.12406v1,arxiv_id,REC-03453
DE-02742,ARX:FORMAL-ARXIV-V12-Q-C2:2607.06807v1,GS:GS-C1-02-096,arxiv_id,REC-01661
DE-02743,ARX:FORMAL-ARXIV-V12-Q-C2:2607.05318v1,ARX:FORMAL-ARXIV-V12-Q-C1:2607.05318v1,arxiv_id,REC-04314
DE-02744,ARX:FORMAL-ARXIV-V12-Q-C2:2607.00316v1,ARX:FORMAL-ARXIV-V12-Q-B3:2607.00316v1,arxiv_id,REC-03846
DE-02745,ARX:FORMAL-ARXIV-V12-Q-C2:2606.30602v1,GS:GS-C2-03-077,arxiv_id,REC-01900
DE-02746,ARX:FORMAL-ARXIV-V12-Q-C2:2606.30479v1,ARX:FORMAL-ARXIV-V12-Q-C1:2606.30479v1,arxiv_id,REC-04324
DE-02747,ARX:FORMAL-ARXIV-V12-Q-C2:2606.29142v1,GS:GS-C2-02-097,arxiv_id,REC-01868
DE-02748,ARX:FORMAL-ARXIV-V12-Q-C2:2606.28270v1,ARX:FORMAL-ARXIV-V12-Q-B4:2606.28270v1,arxiv_id,REC-04139
DE-02749,ARX:FORMAL-ARXIV-V12-Q-C2:2606.25876v1,ARX:FORMAL-ARXIV-V12-Q-B4:2606.25876v1,arxiv_id,REC-04141
DE-02750,ARX:FORMAL-ARXIV-V12-Q-C2:2606.24535v1,GS:GS-C3-04-031,arxiv_id,REC-02038
DE-02751,ARX:FORMAL-ARXIV-V12-Q-C2:2606.24322v1,GS:GS-C1-01-027,arxiv_id,REC-01578
DE-02752,ARX:FORMAL-ARXIV-V12-Q-C2:2606.24112v2,ARX:FORMAL-ARXIV-V12-Q-C1:2606.24112v2,arxiv_id,REC-04332
DE-02753,ARX:FORMAL-ARXIV-V12-Q-C2:2606.19795v1,ARX:FORMAL-ARXIV-V12-Q-B3:2606.19795v1,arxiv_id,REC-03853
DE-02754,ARX:FORMAL-ARXIV-V12-Q-C2:2606.19464v1,GS:GS-D2-03-006,arxiv_id,REC-02152
DE-02755,ARX:FORMAL-ARXIV-V12-Q-C2:2606.17368v1,ARX:FORMAL-ARXIV-V12-Q-A2S:2606.17368v1,arxiv_id,REC-03288
DE-02756,ARX:FORMAL-ARXIV-V12-Q-C2:2606.15008v1,ARX:FORMAL-ARXIV-V12-Q-B1:2606.15008v1,arxiv_id,REC-03478
DE-02757,ARX:FORMAL-ARXIV-V12-Q-C2:2606.14517v2,ARX:FORMAL-ARXIV-V12-Q-B1:2606.14517v2,arxiv_id,REC-03479
DE-02758,ARX:FORMAL-ARXIV-V12-Q-C2:2606.12709v1,ARX:FORMAL-ARXIV-V12-Q-B1:2606.12709v1,arxiv_id,REC-03483
DE-02759,ARX:FORMAL-ARXIV-V12-Q-C2:2606.11869v1,ARX:FORMAL-ARXIV-V12-Q-B4:2606.11869v1,arxiv_id,REC-04145
DE-02760,ARX:FORMAL-ARXIV-V12-Q-C2:2606.12474v1,GS:GS-B3-03-092,arxiv_id,REC-01358
DE-02761,ARX:FORMAL-ARXIV-V12-Q-C2:2606.08790v1,ARX:FORMAL-ARXIV-V12-Q-B4:2606.08790v1,arxiv_id,REC-04146
DE-02762,ARX:FORMAL-ARXIV-V12-Q-C2:2606.07941v1,ARX:FORMAL-ARXIV-V12-Q-B3:2606.07941v1,arxiv_id,REC-03868
DE-02763,ARX:FORMAL-ARXIV-V12-Q-C2:2606.07790v1,GS:GS-C2-03-099,arxiv_id,REC-01910
DE-02764,ARX:FORMAL-ARXIV-V12-Q-C2:2606.04903v1,GS:GS-C3-01-047,arxiv_id,REC-01936
DE-02765,ARX:FORMAL-ARXIV-V12-Q-C2:2606.03163v3,ARX:FORMAL-ARXIV-V12-Q-B4:2606.03163v3,arxiv_id,REC-04152
DE-02766,ARX:FORMAL-ARXIV-V12-Q-C2:2606.03161v3,ARX:FORMAL-ARXIV-V12-Q-B4:2606.03161v3,arxiv_id,REC-04153
DE-02767,ARX:FORMAL-ARXIV-V12-Q-C2:2606.00962v1,ARX:FORMAL-ARXIV-V12-Q-B4:2606.00962v1,arxiv_id,REC-04157
DE-02768,ARX:FORMAL-ARXIV-V12-Q-C2:2605.30042v1,ARX:FORMAL-ARXIV-V12-Q-B3:2605.30042v1,arxiv_id,REC-03878
DE-02769,ARX:FORMAL-ARXIV-V12-Q-C2:2605.28104v1,GS:GS-C2-03-014,arxiv_id,REC-01874
DE-02770,ARX:FORMAL-ARXIV-V12-Q-C2:2605.27898v2,GS:GS-A2S-03-028,arxiv_id,REC-00630
DE-02771,ARX:FORMAL-ARXIV-V12-Q-C2:2605.21694v1,GS:GS-B3-03-099,arxiv_id,REC-01362
DE-02772,ARX:FORMAL-ARXIV-V12-Q-C2:2605.20704v1,ARX:FORMAL-ARXIV-V12-Q-B1:2605.20704v1,arxiv_id,REC-03505
DE-02773,ARX:FORMAL-ARXIV-V12-Q-C2:2605.19035v2,GS:GS-C2-02-064,arxiv_id,REC-01840
DE-02774,ARX:FORMAL-ARXIV-V12-Q-C2:2605.17348v1,ARX:FORMAL-ARXIV-V12-Q-C1:2605.17348v1,arxiv_id,REC-04398
DE-02775,ARX:FORMAL-ARXIV-V12-Q-C2:2605.13213v1,GS:GS-C2-03-055,arxiv_id,REC-01889
DE-02776,ARX:FORMAL-ARXIV-V12-Q-C2:2605.13172v1,ARX:FORMAL-ARXIV-V12-Q-B3:2605.13172v1,arxiv_id,REC-03899
DE-02777,ARX:FORMAL-ARXIV-V12-Q-C2:2605.11514v1,GS:GS-D2-02-038,arxiv_id,REC-02111
DE-02778,ARX:FORMAL-ARXIV-V12-Q-C2:2605.10481v1,GS:GS-C2-01-036,arxiv_id,REC-01752
DE-02779,ARX:FORMAL-ARXIV-V12-Q-C2:2605.08460v1,GS:GS-C3-04-042,arxiv_id,REC-02042
DE-02780,ARX:FORMAL-ARXIV-V12-Q-C2:2605.16346v1,ARX:FORMAL-ARXIV-V12-Q-B1:2605.16346v1,arxiv_id,REC-03525
DE-02781,ARX:FORMAL-ARXIV-V12-Q-C2:2605.08258v1,GS:GS-C3-02-019,arxiv_id,REC-01977
DE-02782,ARX:FORMAL-ARXIV-V12-Q-C2:2605.08257v1,ARX:FORMAL-ARXIV-V12-Q-B1:2605.08257v1,arxiv_id,REC-03526
DE-02783,ARX:FORMAL-ARXIV-V12-Q-C2:2605.06812v1,GS:GS-C1-02-056,arxiv_id,REC-01644
DE-02784,ARX:FORMAL-ARXIV-V12-Q-C2:2605.05440v1,GS:GS-C3-04-073,arxiv_id,REC-02051
DE-02785,ARX:FORMAL-ARXIV-V12-Q-C2:2605.04019v1,GS:GS-B2-01-081,arxiv_id,REC-01169
DE-02786,ARX:FORMAL-ARXIV-V12-Q-C2:2605.03213v2,GS:GS-C1-01-087,arxiv_id,REC-01626
DE-02787,ARX:FORMAL-ARXIV-V12-Q-C2:2605.02812v1,GS:GS-C1-02-076,arxiv_id,REC-01651
DE-02788,ARX:FORMAL-ARXIV-V12-Q-C2:2605.01133v3,GS:GS-C2-03-069,arxiv_id,REC-01896
DE-02789,ARX:FORMAL-ARXIV-V12-Q-C2:2607.16199v1,GS:GS-C2-03-056,arxiv_id,REC-01890
DE-02790,ARX:FORMAL-ARXIV-V12-Q-C2:2604.23459v1,GS:GS-C1-03-085,arxiv_id,REC-01709
DE-02791,ARX:FORMAL-ARXIV-V12-Q-C2:2604.22748v3,ARX:FORMAL-ARXIV-V12-Q-A1:2604.22748v3,arxiv_id,REC-02777
DE-02792,ARX:FORMAL-ARXIV-V12-Q-C2:2604.22879v1,GS:GS-D2-03-082,arxiv_id,REC-02184
DE-02793,ARX:FORMAL-ARXIV-V12-Q-C2:2604.17139v1,ARX:FORMAL-ARXIV-V12-Q-B1:2604.17139v1,arxiv_id,REC-03542
DE-02794,ARX:FORMAL-ARXIV-V12-Q-C2:2604.15367v2,GS:GS-C1-02-090,arxiv_id,REC-01660
DE-02795,ARX:FORMAL-ARXIV-V12-Q-C2:2604.10577v2,GS:GS-A1-01-068,arxiv_id,REC-00065
DE-02796,ARX:FORMAL-ARXIV-V12-Q-C2:2604.09744v1,ARX:FORMAL-ARXIV-V12-Q-B4:2604.09744v1,arxiv_id,REC-04183
DE-02797,ARX:FORMAL-ARXIV-V12-Q-C2:2604.03870v1,GS:GS-B1-02-030,arxiv_id,REC-01035
DE-02798,ARX:FORMAL-ARXIV-V12-Q-C2:2604.03733v1,GS:GS-C2-02-018,arxiv_id,REC-01809
DE-02799,ARX:FORMAL-ARXIV-V12-Q-C2:2603.28013v3,ARX:FORMAL-ARXIV-V12-Q-B1:2603.28013v3,arxiv_id,REC-03555
DE-02800,ARX:FORMAL-ARXIV-V12-Q-C2:2604.02369v3,GS:GS-C2-02-053,arxiv_id,REC-01834
DE-02801,ARX:FORMAL-ARXIV-V12-Q-C2:2603.28807v1,GS:GS-B3-03-079,arxiv_id,REC-01352
DE-02802,ARX:FORMAL-ARXIV-V12-Q-C2:2603.27127v1,ARX:FORMAL-ARXIV-V12-Q-C1:2603.27127v1,arxiv_id,REC-04473
DE-02803,ARX:FORMAL-ARXIV-V12-Q-C2:2603.24775v1,GS:GS-B4-03-067,arxiv_id,REC-01505
DE-02804,ARX:FORMAL-ARXIV-V12-Q-C2:2603.23801v1,GS:GS-C2-02-017,arxiv_id,REC-01808
DE-02805,ARX:FORMAL-ARXIV-V12-Q-C2:2603.22853v1,GS:GS-C2-01-048,arxiv_id,REC-01762
DE-02806,ARX:FORMAL-ARXIV-V12-Q-C2:2603.21019v1,GS:GS-C2-01-086,arxiv_id,REC-01788
DE-02807,ARX:FORMAL-ARXIV-V12-Q-C2:2603.20933v1,GS:GS-A1-05-049,arxiv_id,REC-00374
DE-02808,ARX:FORMAL-ARXIV-V12-Q-C2:2603.20357v1,GS:GS-C1-01-003,arxiv_id,REC-01555
DE-02809,ARX:FORMAL-ARXIV-V12-Q-C2:2603.19677v1,GS:GS-C2-03-032,arxiv_id,REC-01880
DE-02810,ARX:FORMAL-ARXIV-V12-Q-C2:2603.19423v2,ARX:FORMAL-ARXIV-V12-Q-B1:2603.19423v2,arxiv_id,REC-03563
DE-02811,ARX:FORMAL-ARXIV-V12-Q-C2:2603.15408v1,GS:GS-C2-01-047,arxiv_id,REC-01761
DE-02812,ARX:FORMAL-ARXIV-V12-Q-C2:2603.12230v2,GS:GS-C2-02-021,arxiv_id,REC-01812
DE-02813,ARX:FORMAL-ARXIV-V12-Q-C2:2603.11392v1,ARX:FORMAL-ARXIV-V12-Q-B3:2603.11392v1,arxiv_id,REC-03944
DE-02814,ARX:FORMAL-ARXIV-V12-Q-C2:2603.09134v1,GS:GS-C1-03-084,arxiv_id,REC-01708
DE-02815,ARX:FORMAL-ARXIV-V12-Q-C2:2603.09002v2,GS:GS-B1-03-013,arxiv_id,REC-01106
DE-02816,ARX:FORMAL-ARXIV-V12-Q-C2:2603.07496v2,GS:GS-B3-03-080,arxiv_id,REC-01353
DE-02817,ARX:FORMAL-ARXIV-V12-Q-C2:2603.07191v2,ARX:FORMAL-ARXIV-V12-Q-B1:2603.07191v2,arxiv_id,REC-03571
DE-02818,ARX:FORMAL-ARXIV-V12-Q-C2:2603.04474v2,GS:GS-C2-01-068,arxiv_id,REC-01774
DE-02819,ARX:FORMAL-ARXIV-V12-Q-C2:2603.04469v2,ARX:FORMAL-ARXIV-V12-Q-B3:2603.04469v2,arxiv_id,REC-03948
DE-02820,ARX:FORMAL-ARXIV-V12-Q-C2:2603.00200v1,ARX:FORMAL-ARXIV-V12-Q-B1:2603.00200v1,arxiv_id,REC-03577
DE-02821,ARX:FORMAL-ARXIV-V12-Q-C2:2602.23258v2,ARX:FORMAL-ARXIV-V12-Q-B3:2602.23258v2,arxiv_id,REC-03952
DE-02822,ARX:FORMAL-ARXIV-V12-Q-C2:2602.19021v2,ARX:FORMAL-ARXIV-V12-Q-B1:2602.19021v2,arxiv_id,REC-03582
DE-02823,ARX:FORMAL-ARXIV-V12-Q-C2:2602.16708v3,ARX:FORMAL-ARXIV-V12-Q-B1:2602.16708v3,arxiv_id,REC-03584
DE-02824,ARX:FORMAL-ARXIV-V12-Q-C2:2602.16424v2,GS:GS-C2-02-079,arxiv_id,REC-01852
DE-02825,ARX:FORMAL-ARXIV-V12-Q-C2:2602.13477v2,GS:GS-B1-01-089,arxiv_id,REC-00998
DE-02826,ARX:FORMAL-ARXIV-V12-Q-C2:2603.05520v1,GS:GS-C2-01-065,arxiv_id,REC-01771
DE-02827,ARX:FORMAL-ARXIV-V12-Q-C2:2602.12953v1,ARX:FORMAL-ARXIV-V12-Q-B4:2602.12953v1,arxiv_id,REC-04206
DE-02828,ARX:FORMAL-ARXIV-V12-Q-C2:2602.11510v3,GS:GS-C2-03-030,arxiv_id,REC-01879
DE-02829,ARX:FORMAL-ARXIV-V12-Q-C2:2602.11327v2,GS:GS-B4-03-022,arxiv_id,REC-01477
DE-02830,ARX:FORMAL-ARXIV-V12-Q-C2:2602.15055v1,GS:GS-B4-01-080,arxiv_id,REC-01430
DE-02831,ARX:FORMAL-ARXIV-V12-Q-C2:2602.10465v1,GS:GS-C3-04-060,arxiv_id,REC-02046
DE-02832,ARX:FORMAL-ARXIV-V12-Q-C2:2602.05877v1,GS:GS-C2-03-044,arxiv_id,REC-01884
DE-02833,ARX:FORMAL-ARXIV-V12-Q-C2:2602.04653v4,GS:GS-B1-03-008,arxiv_id,REC-01103
DE-02834,ARX:FORMAL-ARXIV-V12-Q-C2:2602.01304v1,ARX:FORMAL-ARXIV-V12-Q-B4:2602.01304v1,arxiv_id,REC-04209
DE-02835,ARX:FORMAL-ARXIV-V12-Q-C2:2602.00887v2,ARX:FORMAL-ARXIV-V12-Q-B4:2602.00887v2,arxiv_id,REC-04211
DE-02836,ARX:FORMAL-ARXIV-V12-Q-C2:2602.02559v1,ARX:FORMAL-ARXIV-V12-Q-C1:2602.02559v1,arxiv_id,REC-04549
DE-02837,ARX:FORMAL-ARXIV-V12-Q-C2:2601.17817v1,GS:GS-C2-01-026,arxiv_id,REC-01742
DE-02838,ARX:FORMAL-ARXIV-V12-Q-C2:2601.14667v1,GS:GS-C2-01-032,arxiv_id,REC-01748
DE-02839,ARX:FORMAL-ARXIV-V12-Q-C2:2601.11913v2,ARX:FORMAL-ARXIV-V12-Q-B3:2601.11913v2,arxiv_id,REC-03969
DE-02840,ARX:FORMAL-ARXIV-V12-Q-C2:2601.11893v1,GS:GS-A1-05-078,arxiv_id,REC-00402
DE-02841,ARX:FORMAL-ARXIV-V12-Q-C2:2601.10865v1,ARX:FORMAL-ARXIV-V12-Q-B3:2601.10865v1,arxiv_id,REC-03970
DE-02842,ARX:FORMAL-ARXIV-V12-Q-C2:2601.09113v1,ARX:FORMAL-ARXIV-V12-Q-C1:2601.09113v1,arxiv_id,REC-04569
DE-02843,ARX:FORMAL-ARXIV-V12-Q-C2:2601.10738v1,ARX:FORMAL-ARXIV-V12-Q-B3:2601.10738v1,arxiv_id,REC-03973
DE-02844,ARX:FORMAL-ARXIV-V12-Q-C2:2601.04390v3,ARX:FORMAL-ARXIV-V12-Q-B3:2601.04390v3,arxiv_id,REC-03975
DE-02845,ARX:FORMAL-ARXIV-V12-Q-C2:2601.03328v1,GS:GS-D3-03-084,arxiv_id,REC-02309
DE-02846,ARX:FORMAL-ARXIV-V12-Q-C2:2601.02779v1,ARX:FORMAL-ARXIV-V12-Q-B4:2601.02779v1,arxiv_id,REC-04220
DE-02847,ARX:FORMAL-ARXIV-V12-Q-C2:2512.23557v1,GS:GS-B2-01-005,arxiv_id,REC-01118
DE-02848,ARX:FORMAL-ARXIV-V12-Q-C2:2512.21352v1,GS:GS-A1-06-097,arxiv_id,REC-00495
DE-02849,ARX:FORMAL-ARXIV-V12-Q-C2:2512.15790v1,GS:GS-C1-01-089,arxiv_id,REC-01627
DE-02850,ARX:FORMAL-ARXIV-V12-Q-C2:2512.14737v1,GS:GS-B4-01-071,arxiv_id,REC-01423
DE-02851,ARX:FORMAL-ARXIV-V12-Q-C2:2512.08737v1,GS:GS-C2-02-085,arxiv_id,REC-01856
DE-02852,ARX:FORMAL-ARXIV-V12-Q-C2:2512.08104v3,GS:GS-C2-02-062,arxiv_id,REC-01839
DE-02853,ARX:FORMAL-ARXIV-V12-Q-C2:2512.07725v1,GS:GS-A1-05-011,arxiv_id,REC-00339
DE-02854,ARX:FORMAL-ARXIV-V12-Q-C2:2512.05951v2,GS:GS-B1-01-068,arxiv_id,REC-00985
DE-02855,ARX:FORMAL-ARXIV-V12-Q-C2:2512.04785v1,ARX:FORMAL-ARXIV-V12-Q-B1:2512.04785v1,arxiv_id,REC-03617
DE-02856,ARX:FORMAL-ARXIV-V12-Q-C2:2512.04668v4,ARX:FORMAL-ARXIV-V12-Q-C1:2512.04668v4,arxiv_id,REC-04605
DE-02857,ARX:FORMAL-ARXIV-V12-Q-C2:2512.04129v2,GS:GS-C2-03-098,arxiv_id,REC-01909
DE-02858,ARX:FORMAL-ARXIV-V12-Q-C2:2512.02589v2,ARX:FORMAL-ARXIV-V12-Q-B4:2512.02589v2,arxiv_id,REC-04231
DE-02859,ARX:FORMAL-ARXIV-V12-Q-C2:2512.00520v2,GS:GS-C2-02-058,arxiv_id,REC-01837
DE-02860,ARX:FORMAL-ARXIV-V12-Q-C2:2511.03434v1,GS:GS-C2-02-055,arxiv_id,REC-01836
DE-02861,ARX:FORMAL-ARXIV-V12-Q-C2:2510.19386v2,GS:GS-A1-04-006,arxiv_id,REC-00244
DE-02862,ARX:FORMAL-ARXIV-V12-Q-C2:2510.17276v2,ARX:FORMAL-ARXIV-V12-Q-B3:2510.17276v2,arxiv_id,REC-04002
DE-02863,ARX:FORMAL-ARXIV-V12-Q-C2:2510.14319v2,ARX:FORMAL-ARXIV-V12-Q-B3:2510.14319v2,arxiv_id,REC-04003
DE-02864,ARX:FORMAL-ARXIV-V12-Q-C2:2510.14133v2,GS:GS-C2-02-030,arxiv_id,REC-01820
DE-02865,ARX:FORMAL-ARXIV-V12-Q-C2:2510.14008v2,GS:GS-C2-01-078,arxiv_id,REC-01782
DE-02866,ARX:FORMAL-ARXIV-V12-Q-C2:2510.12120v1,ARX:FORMAL-ARXIV-V12-Q-B4:2510.12120v1,arxiv_id,REC-04239
DE-02867,ARX:FORMAL-ARXIV-V12-Q-C2:2510.11246v1,ARX:FORMAL-ARXIV-V12-Q-B2:2510.11246v1,arxiv_id,REC-03756
DE-02868,ARX:FORMAL-ARXIV-V12-Q-C2:2510.10581v2,ARX:FORMAL-ARXIV-V12-Q-B3:2510.10581v2,arxiv_id,REC-04005
DE-02869,ARX:FORMAL-ARXIV-V12-Q-C2:2510.13825v1,GS:GS-C2-02-026,arxiv_id,REC-01817
DE-02870,ARX:FORMAL-ARXIV-V12-Q-C2:2510.01780v1,ARX:FORMAL-ARXIV-V12-Q-B4:2510.01780v1,arxiv_id,REC-04243
DE-02871,ARX:FORMAL-ARXIV-V12-Q-C2:2510.01586v1,ARX:FORMAL-ARXIV-V12-Q-B1:2510.01586v1,arxiv_id,REC-03638
DE-02872,ARX:FORMAL-ARXIV-V12-Q-C2:2510.00685v2,ARX:FORMAL-ARXIV-V12-Q-B3:2510.00685v2,arxiv_id,REC-04007
DE-02873,ARX:FORMAL-ARXIV-V12-Q-C2:2511.02841v2,GS:GS-C2-02-060,arxiv_id,REC-01838
DE-02874,ARX:FORMAL-ARXIV-V12-Q-C2:2509.24408v2,GS:GS-C1-01-086,arxiv_id,REC-01625
DE-02875,ARX:FORMAL-ARXIV-V12-Q-C2:2510.13821v1,GS:GS-C2-03-025,arxiv_id,REC-01877
DE-02876,ARX:FORMAL-ARXIV-V12-Q-C2:2509.18787v1,ARX:FORMAL-ARXIV-V12-Q-B4:2509.18787v1,arxiv_id,REC-04245
DE-02877,ARX:FORMAL-ARXIV-V12-Q-C2:2509.17488v1,ARX:FORMAL-ARXIV-V12-Q-B4:2509.17488v1,arxiv_id,REC-04246
DE-02878,ARX:FORMAL-ARXIV-V12-Q-C2:2509.14956v1,GS:GS-C2-01-084,arxiv_id,REC-01786
DE-02879,ARX:FORMAL-ARXIV-V12-Q-C2:2509.14285v4,ARX:FORMAL-ARXIV-V12-Q-B1:2509.14285v4,arxiv_id,REC-03649
DE-02880,ARX:FORMAL-ARXIV-V12-Q-C2:2509.12462v1,GS:GS-A1-02-083,arxiv_id,REC-00148
DE-02881,ARX:FORMAL-ARXIV-V12-Q-C2:2509.10723v1,ARX:FORMAL-ARXIV-V12-Q-A1:2509.10723v1,arxiv_id,REC-03024
DE-02882,ARX:FORMAL-ARXIV-V12-Q-C2:2509.02317v1,GS:GS-C2-02-052,arxiv_id,REC-01833
DE-02883,ARX:FORMAL-ARXIV-V12-Q-C2:2508.19870v1,GS:GS-C2-03-042,arxiv_id,REC-01882
DE-02884,ARX:FORMAL-ARXIV-V12-Q-C2:2508.16481v3,GS:GS-C2-03-064,arxiv_id,REC-01894
DE-02885,ARX:FORMAL-ARXIV-V12-Q-C2:2508.19267v1,ARX:FORMAL-ARXIV-V12-Q-B3:2508.19267v1,arxiv_id,REC-04024
DE-02886,ARX:FORMAL-ARXIV-V12-Q-C2:2508.11733v3,ARX:FORMAL-ARXIV-V12-Q-B1:2508.11733v3,arxiv_id,REC-03657
DE-02887,ARX:FORMAL-ARXIV-V12-Q-C2:2508.09815v1,GS:GS-C2-02-033,arxiv_id,REC-01821
DE-02888,ARX:FORMAL-ARXIV-V12-Q-C2:2508.08127v2,ARX:FORMAL-ARXIV-V12-Q-B1:2508.08127v2,arxiv_id,REC-03659
DE-02889,ARX:FORMAL-ARXIV-V12-Q-C2:2508.07667v3,ARX:FORMAL-ARXIV-V12-Q-B3:2508.07667v3,arxiv_id,REC-04031
DE-02890,ARX:FORMAL-ARXIV-V12-Q-C2:2508.04010v1,GS:GS-B1-03-014,arxiv_id,REC-01107
DE-02891,ARX:FORMAL-ARXIV-V12-Q-C2:2508.03923v3,ARX:FORMAL-ARXIV-V12-Q-A1:2508.03923v3,arxiv_id,REC-03056
DE-02892,ARX:FORMAL-ARXIV-V12-Q-C2:2508.02866v3,ARX:FORMAL-ARXIV-V12-Q-B4:2508.02866v3,arxiv_id,REC-04255
DE-02893,ARX:FORMAL-ARXIV-V12-Q-C2:2508.01332v3,GS:GS-C2-02-005,arxiv_id,REC-01803
DE-02894,ARX:FORMAL-ARXIV-V12-Q-C2:2508.02736v2,ARX:FORMAL-ARXIV-V12-Q-B1:2508.02736v2,arxiv_id,REC-03663
DE-02895,ARX:FORMAL-ARXIV-V12-Q-C2:2507.22358v1,GS:GS-B1-01-090,arxiv_id,REC-00999
DE-02896,ARX:FORMAL-ARXIV-V12-Q-C2:2507.21146v1,GS:GS-C2-02-025,arxiv_id,REC-01816
DE-02897,ARX:FORMAL-ARXIV-V12-Q-C2:2507.17852v1,ARX:FORMAL-ARXIV-V12-Q-B4:2507.17852v1,arxiv_id,REC-04257
DE-02898,ARX:FORMAL-ARXIV-V12-Q-C2:2507.07901v3,GS:GS-C2-02-073,arxiv_id,REC-01848
DE-02899,ARX:FORMAL-ARXIV-V12-Q-C2:2507.06850v6,GS:GS-B1-02-099,arxiv_id,REC-01098
DE-02900,ARX:FORMAL-ARXIV-V12-Q-C2:2507.04724v2,GS:GS-C2-01-024,arxiv_id,REC-01741
DE-02901,ARX:FORMAL-ARXIV-V12-Q-C2:2507.10562v1,GS:GS-C1-03-007,arxiv_id,REC-01665
DE-02902,ARX:FORMAL-ARXIV-V12-Q-C2:2506.23260v2,ARX:FORMAL-ARXIV-V12-Q-B1:2506.23260v2,arxiv_id,REC-03670
DE-02903,ARX:FORMAL-ARXIV-V12-Q-C2:2506.19676v4,GS:GS-B1-02-090,arxiv_id,REC-01089
DE-02904,ARX:FORMAL-ARXIV-V12-Q-C2:2506.04572v1,GS:GS-C2-03-073,arxiv_id,REC-01899
DE-02905,ARX:FORMAL-ARXIV-V12-Q-C2:2506.02859v1,ARX:FORMAL-ARXIV-V12-Q-B1:2506.02859v1,arxiv_id,REC-03676
DE-02906,ARX:FORMAL-ARXIV-V12-Q-C2:2506.02546v2,GS:GS-C2-03-053,arxiv_id,REC-01888
DE-02907,ARX:FORMAL-ARXIV-V12-Q-C2:2506.01245v3,GS:GS-B3-02-092,arxiv_id,REC-01309
DE-02908,ARX:FORMAL-ARXIV-V12-Q-C2:2506.00509v1,ARX:FORMAL-ARXIV-V12-Q-B3:2506.00509v1,arxiv_id,REC-04045
DE-02909,ARX:FORMAL-ARXIV-V12-Q-C2:2505.24201v1,GS:GS-C2-01-080,arxiv_id,REC-01784
DE-02910,ARX:FORMAL-ARXIV-V12-Q-C2:2505.22368v1,GS:GS-C3-01-027,arxiv_id,REC-01922
DE-02911,ARX:FORMAL-ARXIV-V12-Q-C2:2505.20824v1,GS:GS-C2-01-034,arxiv_id,REC-01750
DE-02912,ARX:FORMAL-ARXIV-V12-Q-C2:2505.23805v1,ARX:FORMAL-ARXIV-V12-Q-B4:2505.23805v1,arxiv_id,REC-04269
DE-02913,ARX:FORMAL-ARXIV-V12-Q-C2:2506.05364v2,GS:GS-C2-03-063,arxiv_id,REC-01893
DE-02914,ARX:FORMAL-ARXIV-V12-Q-C2:2505.18572v1,ARX:FORMAL-ARXIV-V12-Q-B3:2505.18572v1,arxiv_id,REC-04049
DE-02915,ARX:FORMAL-ARXIV-V12-Q-C2:2505.12842v4,ARX:FORMAL-ARXIV-V12-Q-A1:2505.12842v4,arxiv_id,REC-03126
DE-02916,ARX:FORMAL-ARXIV-V12-Q-C2:2505.12490v3,ARX:FORMAL-ARXIV-V12-Q-B1:2505.12490v3,arxiv_id,REC-03680
DE-02917,ARX:FORMAL-ARXIV-V12-Q-C2:2505.12442v3,GS:GS-C2-03-070,arxiv_id,REC-01897
DE-02918,ARX:FORMAL-ARXIV-V12-Q-C2:2505.13523v1,ARX:FORMAL-ARXIV-V12-Q-B4:2505.13523v1,arxiv_id,REC-04273
DE-02919,ARX:FORMAL-ARXIV-V12-Q-C2:2505.11642v2,ARX:FORMAL-ARXIV-V12-Q-B2:2505.11642v2,arxiv_id,REC-03782
DE-02920,ARX:FORMAL-ARXIV-V12-Q-C2:2505.09875v2,GS:GS-A1-03-032,arxiv_id,REC-00186
DE-02921,ARX:FORMAL-ARXIV-V12-Q-C2:2505.04799v5,GS:GS-D2-03-007,arxiv_id,REC-02153
DE-02922,ARX:FORMAL-ARXIV-V12-Q-C2:2505.03864v1,GS:GS-B4-03-093,arxiv_id,REC-01519
DE-02923,ARX:FORMAL-ARXIV-V12-Q-C2:2505.02279v2,GS:GS-B4-01-031,arxiv_id,REC-01387
DE-02924,ARX:FORMAL-ARXIV-V12-Q-C2:2504.19951v1,ARX:FORMAL-ARXIV-V12-Q-B4:2504.19951v1,arxiv_id,REC-04276
DE-02925,ARX:FORMAL-ARXIV-V12-Q-C2:2504.19838v3,GS:GS-A2S-02-090,arxiv_id,REC-00598
DE-02926,ARX:FORMAL-ARXIV-V12-Q-C2:2504.19678v2,ARX:FORMAL-ARXIV-V12-Q-B4:2504.19678v2,arxiv_id,REC-04277
DE-02927,ARX:FORMAL-ARXIV-V12-Q-C2:2504.21034v2,GS:GS-C2-02-027,arxiv_id,REC-01818
DE-02928,ARX:FORMAL-ARXIV-V12-Q-C2:2504.16902v2,GS:GS-C2-02-003,arxiv_id,REC-01802
DE-02929,ARX:FORMAL-ARXIV-V12-Q-C2:2504.16736v3,GS:GS-C2-02-006,arxiv_id,REC-01804
DE-02930,ARX:FORMAL-ARXIV-V12-Q-C2:2504.00218v2,GS:GS-C2-03-019,arxiv_id,REC-01875
DE-02931,ARX:FORMAL-ARXIV-V12-Q-C2:2503.12188v2,GS:GS-B1-01-048,arxiv_id,REC-00973
DE-02932,ARX:FORMAL-ARXIV-V12-Q-C2:2503.11517v1,ARX:FORMAL-ARXIV-V12-Q-B1:2503.11517v1,arxiv_id,REC-03691
DE-02933,ARX:FORMAL-ARXIV-V12-Q-C2:2503.04392v2,GS:GS-C1-01-043,arxiv_id,REC-01590
DE-02934,ARX:FORMAL-ARXIV-V12-Q-C2:2502.19145v2,ARX:FORMAL-ARXIV-V12-Q-C1:2502.19145v2,arxiv_id,REC-04776
DE-02935,ARX:FORMAL-ARXIV-V12-Q-C2:2502.14321v3,GS:GS-C2-01-012,arxiv_id,REC-01730
DE-02936,ARX:FORMAL-ARXIV-V12-Q-C2:2502.11127v1,ARX:FORMAL-ARXIV-V12-Q-B1:2502.11127v1,arxiv_id,REC-03695
DE-02937,ARX:FORMAL-ARXIV-V12-Q-C2:2502.18471v2,ARX:FORMAL-ARXIV-V12-Q-B3:2502.18471v2,arxiv_id,REC-04071
DE-02938,ARX:FORMAL-ARXIV-V12-Q-C2:2501.01593v2,ARX:FORMAL-ARXIV-V12-Q-B2:2501.01593v2,arxiv_id,REC-03793
DE-02939,ARX:FORMAL-ARXIV-V12-Q-C2:2411.05185v3,ARX:FORMAL-ARXIV-V12-Q-B3:2411.05185v3,arxiv_id,REC-04079
DE-02940,ARX:FORMAL-ARXIV-V12-Q-C2:2410.22662v2,ARX:FORMAL-ARXIV-V12-Q-A2S:2410.22662v2,arxiv_id,REC-03314
DE-02941,ARX:FORMAL-ARXIV-V12-Q-C2:2410.16155v2,ARX:FORMAL-ARXIV-V12-Q-C1:2410.16155v2,arxiv_id,REC-04811
DE-02942,ARX:FORMAL-ARXIV-V12-Q-C2:2410.15686v1,GS:GS-C2-01-096,arxiv_id,REC-01796
DE-02943,ARX:FORMAL-ARXIV-V12-Q-C2:2410.07283v1,ARX:FORMAL-ARXIV-V12-Q-B1:2410.07283v1,arxiv_id,REC-03708
DE-02944,ARX:FORMAL-ARXIV-V12-Q-C2:2408.14972v1,GS:GS-C2-01-056,arxiv_id,REC-01765
DE-02945,ARX:FORMAL-ARXIV-V12-Q-C2:2403.04783v2,GS:GS-C2-01-067,arxiv_id,REC-01773
DE-02946,ARX:FORMAL-ARXIV-V12-Q-C2:2402.16965v1,GS:GS-A1-06-017,arxiv_id,REC-00434
DE-02947,ARX:FORMAL-ARXIV-V12-Q-C2:2402.06596v1,ARX:FORMAL-ARXIV-V12-Q-A2S:2402.06596v1,arxiv_id,REC-03321
DE-02948,ARX:FORMAL-ARXIV-V12-Q-C2:2306.03314v1,GS:GS-C2-01-060,arxiv_id,REC-01767
DE-02949,ARX:FORMAL-ARXIV-V12-Q-C2:2306.02781v4,ARX:FORMAL-ARXIV-V12-Q-B4:2306.02781v4,arxiv_id,REC-04283
DE-02950,ARX:FORMAL-ARXIV-V12-Q-C3:2608.00202v1,ARX:FORMAL-ARXIV-V12-Q-A1:2608.00202v1,arxiv_id,REC-02648
DE-02951,ARX:FORMAL-ARXIV-V12-Q-C3:2607.29190v1,GS:GS-C3-04-098,arxiv_id,REC-02067
DE-02952,ARX:FORMAL-ARXIV-V12-Q-C3:2607.29167v1,GS:GS-C1-03-010,arxiv_id,REC-01667
DE-02953,ARX:FORMAL-ARXIV-V12-Q-C3:2607.28836v1,ARX:FORMAL-ARXIV-V12-Q-B4:2607.28836v1,arxiv_id,REC-04120
DE-02954,ARX:FORMAL-ARXIV-V12-Q-C3:2607.28399v1,ARX:FORMAL-ARXIV-V12-Q-A1:2607.28399v1,arxiv_id,REC-02651
DE-02955,ARX:FORMAL-ARXIV-V12-Q-C3:2607.28027v1,ARX:FORMAL-ARXIV-V12-Q-C2:2607.28027v1,arxiv_id,REC-04937
DE-02956,ARX:FORMAL-ARXIV-V12-Q-C3:2607.27267v1,ARX:FORMAL-ARXIV-V12-Q-B3:2607.27267v1,arxiv_id,REC-03824
DE-02957,ARX:FORMAL-ARXIV-V12-Q-C3:2607.25364v2,GS:GS-C3-02-026,arxiv_id,REC-01984
DE-02958,ARX:FORMAL-ARXIV-V12-Q-C3:2607.25140v1,ARX:FORMAL-ARXIV-V12-Q-C2:2607.25140v1,arxiv_id,REC-04944
DE-02959,ARX:FORMAL-ARXIV-V12-Q-C3:2607.24625v1,GS:GS-C3-01-062,arxiv_id,REC-01944
DE-02960,ARX:FORMAL-ARXIV-V12-Q-C3:2607.24006v1,ARX:FORMAL-ARXIV-V12-Q-B1:2607.24006v1,arxiv_id,REC-03440
DE-02961,ARX:FORMAL-ARXIV-V12-Q-C3:2607.23929v2,GS:GS-C1-03-049,arxiv_id,REC-01689
DE-02962,ARX:FORMAL-ARXIV-V12-Q-C3:2607.23586v1,ARX:FORMAL-ARXIV-V12-Q-B1:2607.23586v1,arxiv_id,REC-03441
DE-02963,ARX:FORMAL-ARXIV-V12-Q-C3:2607.22024v1,GS:GS-C1-01-067,arxiv_id,REC-01611
DE-02964,ARX:FORMAL-ARXIV-V12-Q-C3:2607.21835v1,GS:GS-B3-03-017,arxiv_id,REC-01321
DE-02965,ARX:FORMAL-ARXIV-V12-Q-C3:2607.21268v1,ARX:FORMAL-ARXIV-V12-Q-C2:2607.21268v1,arxiv_id,REC-04951
DE-02966,ARX:FORMAL-ARXIV-V12-Q-C3:2607.18847v1,ARX:FORMAL-ARXIV-V12-Q-B1:2607.18847v1,arxiv_id,REC-03446
DE-02967,ARX:FORMAL-ARXIV-V12-Q-C3:2607.18485v1,GS:GS-B3-03-034,arxiv_id,REC-01327
DE-02968,ARX:FORMAL-ARXIV-V12-Q-C3:2607.17986v1,GS:GS-A1-04-015,arxiv_id,REC-00251
DE-02969,ARX:FORMAL-ARXIV-V12-Q-C3:2607.17951v1,GS:GS-A1-01-071,arxiv_id,REC-00068
DE-02970,ARX:FORMAL-ARXIV-V12-Q-C3:2607.16617v2,ARX:FORMAL-ARXIV-V12-Q-B4:2607.16617v2,arxiv_id,REC-04126
DE-02971,ARX:FORMAL-ARXIV-V12-Q-C3:2607.15593v1,GS:GS-C3-01-044,arxiv_id,REC-01934
DE-02972,ARX:FORMAL-ARXIV-V12-Q-C3:2607.15434v5,ARX:FORMAL-ARXIV-V12-Q-C2:2607.15434v5,arxiv_id,REC-04958
DE-02973,ARX:FORMAL-ARXIV-V12-Q-C3:2607.14919v1,ARX:FORMAL-ARXIV-V12-Q-B4:2607.14919v1,arxiv_id,REC-04127
DE-02974,ARX:FORMAL-ARXIV-V12-Q-C3:2607.14798v1,ARX:FORMAL-ARXIV-V12-Q-B4:2607.14798v1,arxiv_id,REC-04128
DE-02975,ARX:FORMAL-ARXIV-V12-Q-C3:2607.14570v1,ARX:FORMAL-ARXIV-V12-Q-B3:2607.14570v1,arxiv_id,REC-03834
DE-02976,ARX:FORMAL-ARXIV-V12-Q-C3:2607.13998v1,ARX:FORMAL-ARXIV-V12-Q-C2:2607.13998v1,arxiv_id,REC-04959
DE-02977,ARX:FORMAL-ARXIV-V12-Q-C3:2607.13718v2,GS:GS-C3-03-079,arxiv_id,REC-02025
DE-02978,ARX:FORMAL-ARXIV-V12-Q-C3:2607.12564v1,ARX:FORMAL-ARXIV-V12-Q-C2:2607.12564v1,arxiv_id,REC-04961
DE-02979,ARX:FORMAL-ARXIV-V12-Q-C3:2607.12220v1,ARX:FORMAL-ARXIV-V12-Q-B4:2607.12220v1,arxiv_id,REC-04130
DE-02980,ARX:FORMAL-ARXIV-V12-Q-C3:2607.10490v1,GS:GS-B1-02-027,arxiv_id,REC-01032
DE-02981,ARX:FORMAL-ARXIV-V12-Q-C3:2607.10487v1,GS:GS-C3-01-010,arxiv_id,REC-01915
DE-02982,ARX:FORMAL-ARXIV-V12-Q-C3:2607.09493v1,GS:GS-C1-03-023,arxiv_id,REC-01675
DE-02983,ARX:FORMAL-ARXIV-V12-Q-C3:2608.12365v1,ARX:FORMAL-ARXIV-V12-Q-C1:2608.12365v1,arxiv_id,REC-04309
DE-02984,ARX:FORMAL-ARXIV-V12-Q-C3:2607.08147v1,ARX:FORMAL-ARXIV-V12-Q-A1:2607.08147v1,arxiv_id,REC-02666
DE-02985,ARX:FORMAL-ARXIV-V12-Q-C3:2607.07405v2,GS:GS-D2-03-032,arxiv_id,REC-02163
DE-02986,ARX:FORMAL-ARXIV-V12-Q-C3:2607.05743v1,ARX:FORMAL-ARXIV-V12-Q-B4:2607.05743v1,arxiv_id,REC-04132
DE-02987,ARX:FORMAL-ARXIV-V12-Q-C3:2607.05318v1,ARX:FORMAL-ARXIV-V12-Q-C1:2607.05318v1,arxiv_id,REC-04314
DE-02988,ARX:FORMAL-ARXIV-V12-Q-C3:2607.04329v1,GS:GS-D3-03-021,arxiv_id,REC-02269
DE-02989,ARX:FORMAL-ARXIV-V12-Q-C3:2607.03516v1,ARX:FORMAL-ARXIV-V12-Q-C1:2607.03516v1,arxiv_id,REC-04318
DE-02990,ARX:FORMAL-ARXIV-V12-Q-C3:2607.09744v1,ARX:FORMAL-ARXIV-V12-Q-C2:2607.09744v1,arxiv_id,REC-04977
DE-02991,ARX:FORMAL-ARXIV-V12-Q-C3:2607.01919v1,GS:GS-C1-01-054,arxiv_id,REC-01598
DE-02992,ARX:FORMAL-ARXIV-V12-Q-C3:2607.01588v1,ARX:FORMAL-ARXIV-V12-Q-C2:2607.01588v1,arxiv_id,REC-04981
DE-02993,ARX:FORMAL-ARXIV-V12-Q-C3:2607.00333v2,ARX:FORMAL-ARXIV-V12-Q-A2W:2607.00333v2,arxiv_id,REC-03332
DE-02994,ARX:FORMAL-ARXIV-V12-Q-C3:2606.31410v2,ARX:FORMAL-ARXIV-V12-Q-A1:2606.31410v2,arxiv_id,REC-02676
DE-02995,ARX:FORMAL-ARXIV-V12-Q-C3:2606.30306v1,GS:GS-C1-03-014,arxiv_id,REC-01668
DE-02996,ARX:FORMAL-ARXIV-V12-Q-C3:2606.29142v1,GS:GS-C2-02-097,arxiv_id,REC-01868
DE-02997,ARX:FORMAL-ARXIV-V12-Q-C3:2606.29073v1,GS:GS-B4-03-032,arxiv_id,REC-01484
DE-02998,ARX:FORMAL-ARXIV-V12-Q-C3:2606.28679v1,GS:GS-C3-01-006,arxiv_id,REC-01912
DE-02999,ARX:FORMAL-ARXIV-V12-Q-C3:2606.28061v1,GS:GS-D2-02-078,arxiv_id,REC-02132
DE-03000,ARX:FORMAL-ARXIV-V12-Q-C3:2606.27231v1,ARX:FORMAL-ARXIV-V12-Q-B4:2606.27231v1,arxiv_id,REC-04140
DE-03001,ARX:FORMAL-ARXIV-V12-Q-C3:2606.26627v1,GS:GS-C1-02-058,arxiv_id,REC-01645
DE-03002,ARX:FORMAL-ARXIV-V12-Q-C3:2606.26524v1,GS:GS-D2-03-048,arxiv_id,REC-02169
DE-03003,ARX:FORMAL-ARXIV-V12-Q-C3:2606.26479v1,GS:GS-B1-02-032,arxiv_id,REC-01037
DE-03004,ARX:FORMAL-ARXIV-V12-Q-C3:2606.26211v1,ARX:FORMAL-ARXIV-V12-Q-C2:2606.26211v1,arxiv_id,REC-04995
DE-03005,ARX:FORMAL-ARXIV-V12-Q-C3:2606.25876v1,ARX:FORMAL-ARXIV-V12-Q-B4:2606.25876v1,arxiv_id,REC-04141
DE-03006,ARX:FORMAL-ARXIV-V12-Q-C3:2606.25836v2,ARX:FORMAL-ARXIV-V12-Q-B1:2606.25836v2,arxiv_id,REC-03465
DE-03007,ARX:FORMAL-ARXIV-V12-Q-C3:2606.25332v1,ARX:FORMAL-ARXIV-V12-Q-C1:2606.25332v1,arxiv_id,REC-04330
DE-03008,ARX:FORMAL-ARXIV-V12-Q-C3:2606.24322v1,GS:GS-C1-01-027,arxiv_id,REC-01578
DE-03009,ARX:FORMAL-ARXIV-V12-Q-C3:2606.23416v1,ARX:FORMAL-ARXIV-V12-Q-B1:2606.23416v1,arxiv_id,REC-03466
DE-03010,ARX:FORMAL-ARXIV-V12-Q-C3:2606.23764v1,ARX:FORMAL-ARXIV-V12-Q-C2:2606.23764v1,arxiv_id,REC-04998
DE-03011,ARX:FORMAL-ARXIV-V12-Q-C3:2606.22916v3,GS:GS-B3-02-063,arxiv_id,REC-01283
DE-03012,ARX:FORMAL-ARXIV-V12-Q-C3:2606.22737v2,GS:GS-C3-02-030,arxiv_id,REC-01987
DE-03013,ARX:FORMAL-ARXIV-V12-Q-C3:2606.21877v1,ARX:FORMAL-ARXIV-V12-Q-C2:2606.21877v1,arxiv_id,REC-05001
DE-03014,ARX:FORMAL-ARXIV-V12-Q-C3:2606.21732v1,GS:GS-C3-04-036,arxiv_id,REC-02040
DE-03015,ARX:FORMAL-ARXIV-V12-Q-C3:2606.21129v1,ARX:FORMAL-ARXIV-V12-Q-B1:2606.21129v1,arxiv_id,REC-03468
DE-03016,ARX:FORMAL-ARXIV-V12-Q-C3:2606.21071v1,ARX:FORMAL-ARXIV-V12-Q-A2W:2606.21071v1,arxiv_id,REC-03333
DE-03017,ARX:FORMAL-ARXIV-V12-Q-C3:2606.20023v2,GS:GS-C3-03-009,arxiv_id,REC-02010
DE-03018,ARX:FORMAL-ARXIV-V12-Q-C3:2606.19795v1,ARX:FORMAL-ARXIV-V12-Q-B3:2606.19795v1,arxiv_id,REC-03853
DE-03019,ARX:FORMAL-ARXIV-V12-Q-C3:2606.19464v1,GS:GS-D2-03-006,arxiv_id,REC-02152
DE-03020,ARX:FORMAL-ARXIV-V12-Q-C3:2606.18829v1,ARX:FORMAL-ARXIV-V12-Q-C1:2606.18829v1,arxiv_id,REC-04345
DE-03021,ARX:FORMAL-ARXIV-V12-Q-C3:2606.18550v1,ARX:FORMAL-ARXIV-V12-Q-B1:2606.18550v1,arxiv_id,REC-03473
DE-03022,ARX:FORMAL-ARXIV-V12-Q-C3:2606.18448v1,GS:GS-A1-01-015,arxiv_id,REC-00015
DE-03023,ARX:FORMAL-ARXIV-V12-Q-C3:2606.20717v1,GS:GS-B2-01-006,arxiv_id,REC-01119
DE-03024,ARX:FORMAL-ARXIV-V12-Q-C3:2606.17467v2,ARX:FORMAL-ARXIV-V12-Q-B1:2606.17467v2,arxiv_id,REC-03474
DE-03025,ARX:FORMAL-ARXIV-V12-Q-C3:2606.17368v1,ARX:FORMAL-ARXIV-V12-Q-A2S:2606.17368v1,arxiv_id,REC-03288
DE-03026,ARX:FORMAL-ARXIV-V12-Q-C3:2606.17321v1,ARX:FORMAL-ARXIV-V12-Q-A1:2606.17321v1,arxiv_id,REC-02692
DE-03027,ARX:FORMAL-ARXIV-V12-Q-C3:2606.17002v1,ARX:FORMAL-ARXIV-V12-Q-B3:2606.17002v1,arxiv_id,REC-03856
DE-03028,ARX:FORMAL-ARXIV-V12-Q-C3:2606.15860v1,ARX:FORMAL-ARXIV-V12-Q-A2W:2606.15860v1,arxiv_id,REC-03334
DE-03029,ARX:FORMAL-ARXIV-V12-Q-C3:2606.15609v1,GS:GS-A1-04-077,arxiv_id,REC-00306
DE-03030,ARX:FORMAL-ARXIV-V12-Q-C3:2606.15242v1,ARX:FORMAL-ARXIV-V12-Q-B3:2606.15242v1,arxiv_id,REC-03861
DE-03031,ARX:FORMAL-ARXIV-V12-Q-C3:2606.15008v1,ARX:FORMAL-ARXIV-V12-Q-B1:2606.15008v1,arxiv_id,REC-03478
DE-03032,ARX:FORMAL-ARXIV-V12-Q-C3:2606.13884v1,GS:GS-C3-03-008,arxiv_id,REC-02009
DE-03033,ARX:FORMAL-ARXIV-V12-Q-C3:2606.12834v1,ARX:FORMAL-ARXIV-V12-Q-C2:2606.12834v1,arxiv_id,REC-05011
DE-03034,ARX:FORMAL-ARXIV-V12-Q-C3:2606.12341v1,ARX:FORMAL-ARXIV-V12-Q-B3:2606.12341v1,arxiv_id,REC-03864
DE-03035,ARX:FORMAL-ARXIV-V12-Q-C3:2606.10749v1,GS:GS-A1-05-083,arxiv_id,REC-00406
DE-03036,ARX:FORMAL-ARXIV-V12-Q-C3:2606.09692v1,GS:GS-C3-04-019,arxiv_id,REC-02036
DE-03037,ARX:FORMAL-ARXIV-V12-Q-C3:2606.09549v1,GS:GS-C3-02-011,arxiv_id,REC-01971
DE-03038,ARX:FORMAL-ARXIV-V12-Q-C3:2606.09315v1,ARX:FORMAL-ARXIV-V12-Q-B1:2606.09315v1,arxiv_id,REC-03485
DE-03039,ARX:FORMAL-ARXIV-V12-Q-C3:2606.09122v1,ARX:FORMAL-ARXIV-V12-Q-C2:2606.09122v1,arxiv_id,REC-05014
DE-03040,ARX:FORMAL-ARXIV-V12-Q-C3:2606.08878v2,ARX:FORMAL-ARXIV-V12-Q-C2:2606.08878v2,arxiv_id,REC-05015
DE-03041,ARX:FORMAL-ARXIV-V12-Q-C3:2606.09935v1,ARX:FORMAL-ARXIV-V12-Q-B1:2606.09935v1,arxiv_id,REC-03486
DE-03042,ARX:FORMAL-ARXIV-V12-Q-C3:2606.08790v1,ARX:FORMAL-ARXIV-V12-Q-B4:2606.08790v1,arxiv_id,REC-04146
DE-03043,ARX:FORMAL-ARXIV-V12-Q-C3:2606.08200v1,ARX:FORMAL-ARXIV-V12-Q-C2:2606.08200v1,arxiv_id,REC-05017
DE-03044,ARX:FORMAL-ARXIV-V12-Q-C3:2606.07992v1,ARX:FORMAL-ARXIV-V12-Q-B1:2606.07992v1,arxiv_id,REC-03487
DE-03045,ARX:FORMAL-ARXIV-V12-Q-C3:2606.07131v3,ARX:FORMAL-ARXIV-V12-Q-B1:2606.07131v3,arxiv_id,REC-03488
DE-03046,ARX:FORMAL-ARXIV-V12-Q-C3:2606.06460v4,GS:GS-C3-01-024,arxiv_id,REC-01920
DE-03047,ARX:FORMAL-ARXIV-V12-Q-C3:2606.06136v1,ARX:FORMAL-ARXIV-V12-Q-C2:2606.06136v1,arxiv_id,REC-05025
DE-03048,ARX:FORMAL-ARXIV-V12-Q-C3:2606.06545v1,ARX:FORMAL-ARXIV-V12-Q-B4:2606.06545v1,arxiv_id,REC-04150
DE-03049,ARX:FORMAL-ARXIV-V12-Q-C3:2606.05449v1,ARX:FORMAL-ARXIV-V12-Q-B1:2606.05449v1,arxiv_id,REC-03490
DE-03050,ARX:FORMAL-ARXIV-V12-Q-C3:2606.04903v1,GS:GS-C3-01-047,arxiv_id,REC-01936
DE-03051,ARX:FORMAL-ARXIV-V12-Q-C3:2606.04628v1,ARX:FORMAL-ARXIV-V12-Q-C1:2606.04628v1,arxiv_id,REC-04370
DE-03052,ARX:FORMAL-ARXIV-V12-Q-C3:2606.04425v2,GS:GS-B1-02-050,arxiv_id,REC-01054
DE-03053,ARX:FORMAL-ARXIV-V12-Q-C3:2606.03951v1,ARX:FORMAL-ARXIV-V12-Q-A1:2606.03951v1,arxiv_id,REC-02714
DE-03054,ARX:FORMAL-ARXIV-V12-Q-C3:2606.03895v2,GS:GS-A1-04-040,arxiv_id,REC-00272
DE-03055,ARX:FORMAL-ARXIV-V12-Q-C3:2606.03518v1,ARX:FORMAL-ARXIV-V12-Q-C2:2606.03518v1,arxiv_id,REC-05032
DE-03056,ARX:FORMAL-ARXIV-V12-Q-C3:2606.03163v3,ARX:FORMAL-ARXIV-V12-Q-B4:2606.03163v3,arxiv_id,REC-04152
DE-03057,ARX:FORMAL-ARXIV-V12-Q-C3:2606.03161v3,ARX:FORMAL-ARXIV-V12-Q-B4:2606.03161v3,arxiv_id,REC-04153
DE-03058,ARX:FORMAL-ARXIV-V12-Q-C3:2606.03024v2,GS:GS-C3-03-050,arxiv_id,REC-02019
DE-03059,ARX:FORMAL-ARXIV-V12-Q-C3:2606.02240v3,ARX:FORMAL-ARXIV-V12-Q-B1:2606.02240v3,arxiv_id,REC-03493
DE-03060,ARX:FORMAL-ARXIV-V12-Q-C3:2606.01637v2,ARX:FORMAL-ARXIV-V12-Q-C2:2606.01637v2,arxiv_id,REC-05038
DE-03061,ARX:FORMAL-ARXIV-V12-Q-C3:2606.01490v1,ARX:FORMAL-ARXIV-V12-Q-C2:2606.01490v1,arxiv_id,REC-05039
DE-03062,ARX:FORMAL-ARXIV-V12-Q-C3:2606.00925v1,ARX:FORMAL-ARXIV-V12-Q-B3:2606.00925v1,arxiv_id,REC-03875
DE-03063,ARX:FORMAL-ARXIV-V12-Q-C3:2606.00914v1,GS:GS-C3-03-084,arxiv_id,REC-02030
DE-03064,ARX:FORMAL-ARXIV-V12-Q-C3:2606.00288v3,GS:GS-A1-04-037,arxiv_id,REC-00269
DE-03065,ARX:FORMAL-ARXIV-V12-Q-C3:2605.29341v2,GS:GS-A2S-02-060,arxiv_id,REC-00569
DE-03066,ARX:FORMAL-ARXIV-V12-Q-C3:2605.28914v1,GS:GS-C3-02-003,arxiv_id,REC-01964
DE-03067,ARX:FORMAL-ARXIV-V12-Q-C3:2605.28071v1,ARX:FORMAL-ARXIV-V12-Q-B3:2605.28071v1,arxiv_id,REC-03881
DE-03068,ARX:FORMAL-ARXIV-V12-Q-C3:2605.27488v2,ARX:FORMAL-ARXIV-V12-Q-C2:2605.27488v2,arxiv_id,REC-05055
DE-03069,ARX:FORMAL-ARXIV-V12-Q-C3:2605.26542v4,GS:GS-C3-02-005,arxiv_id,REC-01966
DE-03070,ARX:FORMAL-ARXIV-V12-Q-C3:2605.26497v1,GS:GS-C3-01-008,arxiv_id,REC-01914
DE-03071,ARX:FORMAL-ARXIV-V12-Q-C3:2605.26269v1,GS:GS-B1-02-040,arxiv_id,REC-01045
DE-03072,ARX:FORMAL-ARXIV-V12-Q-C3:2605.25869v1,ARX:FORMAL-ARXIV-V12-Q-C1:2605.25869v1,arxiv_id,REC-04389
DE-03073,ARX:FORMAL-ARXIV-V12-Q-C3:2605.24490v1,ARX:FORMAL-ARXIV-V12-Q-C2:2605.24490v1,arxiv_id,REC-05066
DE-03074,ARX:FORMAL-ARXIV-V12-Q-C3:2606.00088v1,ARX:FORMAL-ARXIV-V12-Q-B3:2606.00088v1,arxiv_id,REC-03884
DE-03075,ARX:FORMAL-ARXIV-V12-Q-C3:2605.22634v2,ARX:FORMAL-ARXIV-V12-Q-B4:2605.22634v2,arxiv_id,REC-04159
DE-03076,ARX:FORMAL-ARXIV-V12-Q-C3:2605.22333v1,GS:GS-B4-03-016,arxiv_id,REC-01472
DE-03077,ARX:FORMAL-ARXIV-V12-Q-C3:2605.22001v1,ARX:FORMAL-ARXIV-V12-Q-C2:2605.22001v1,arxiv_id,REC-05068
DE-03078,ARX:FORMAL-ARXIV-V12-Q-C3:2605.21744v1,ARX:FORMAL-ARXIV-V12-Q-C2:2605.21744v1,arxiv_id,REC-05070
DE-03079,ARX:FORMAL-ARXIV-V12-Q-C3:2605.20704v1,ARX:FORMAL-ARXIV-V12-Q-B1:2605.20704v1,arxiv_id,REC-03505
DE-03080,ARX:FORMAL-ARXIV-V12-Q-C3:2605.19722v1,ARX:FORMAL-ARXIV-V12-Q-B4:2605.19722v1,arxiv_id,REC-04162
DE-03081,ARX:FORMAL-ARXIV-V12-Q-C3:2605.19192v2,GS:GS-B2-01-094,arxiv_id,REC-01180
DE-03082,ARX:FORMAL-ARXIV-V12-Q-C3:2605.18583v1,ARX:FORMAL-ARXIV-V12-Q-B1:2605.18583v1,arxiv_id,REC-03506
DE-03083,ARX:FORMAL-ARXIV-V12-Q-C3:2605.17986v3,ARX:FORMAL-ARXIV-V12-Q-B1:2605.17986v3,arxiv_id,REC-03508
DE-03084,ARX:FORMAL-ARXIV-V12-Q-C3:2605.16679v2,ARX:FORMAL-ARXIV-V12-Q-B4:2605.16679v2,arxiv_id,REC-04163
DE-03085,ARX:FORMAL-ARXIV-V12-Q-C3:2605.14859v2,GS:GS-B1-01-069,arxiv_id,REC-00986
DE-03086,ARX:FORMAL-ARXIV-V12-Q-C3:2605.14271v2,GS:GS-C3-02-013,arxiv_id,REC-01973
DE-03087,ARX:FORMAL-ARXIV-V12-Q-C3:2605.15228v1,ARX:FORMAL-ARXIV-V12-Q-C2:2605.15228v1,arxiv_id,REC-05085
DE-03088,ARX:FORMAL-ARXIV-V12-Q-C3:2605.13940v1,ARX:FORMAL-ARXIV-V12-Q-B3:2605.13940v1,arxiv_id,REC-03897
DE-03089,ARX:FORMAL-ARXIV-V12-Q-C3:2605.13706v1,GS:GS-A1-05-099,arxiv_id,REC-00421
DE-03090,ARX:FORMAL-ARXIV-V12-Q-C3:2605.13471v1,ARX:FORMAL-ARXIV-V12-Q-B1:2605.13471v1,arxiv_id,REC-03514
DE-03091,ARX:FORMAL-ARXIV-V12-Q-C3:2605.13172v1,ARX:FORMAL-ARXIV-V12-Q-B3:2605.13172v1,arxiv_id,REC-03899
DE-03092,ARX:FORMAL-ARXIV-V12-Q-C3:2605.12863v1,ARX:FORMAL-ARXIV-V12-Q-B3:2605.12863v1,arxiv_id,REC-03900
DE-03093,ARX:FORMAL-ARXIV-V12-Q-C3:2605.12729v2,GS:GS-C3-04-063,arxiv_id,REC-02047
DE-03094,ARX:FORMAL-ARXIV-V12-Q-C3:2605.22842v1,GS:GS-C1-01-014,arxiv_id,REC-01566
DE-03095,ARX:FORMAL-ARXIV-V12-Q-C3:2605.10481v1,GS:GS-C2-01-036,arxiv_id,REC-01752
DE-03096,ARX:FORMAL-ARXIV-V12-Q-C3:2605.11039v1,GS:GS-B1-01-063,arxiv_id,REC-00983
DE-03097,ARX:FORMAL-ARXIV-V12-Q-C3:2605.09822v1,GS:GS-B3-02-035,arxiv_id,REC-01259
DE-03098,ARX:FORMAL-ARXIV-V12-Q-C3:2605.11032v1,GS:GS-C1-01-052,arxiv_id,REC-01596
DE-03099,ARX:FORMAL-ARXIV-V12-Q-C3:2605.09721v1,GS:GS-C3-03-036,arxiv_id,REC-02014
DE-03100,ARX:FORMAL-ARXIV-V12-Q-C3:2605.11003v1,ARX:FORMAL-ARXIV-V12-Q-C1:2605.11003v1,arxiv_id,REC-04408
DE-03101,ARX:FORMAL-ARXIV-V12-Q-C3:2605.08828v2,ARX:FORMAL-ARXIV-V12-Q-B1:2605.08828v2,arxiv_id,REC-03523
DE-03102,ARX:FORMAL-ARXIV-V12-Q-C3:2605.08460v1,GS:GS-C3-04-042,arxiv_id,REC-02042
DE-03103,ARX:FORMAL-ARXIV-V12-Q-C3:2605.08442v5,GS:GS-C1-03-024,arxiv_id,REC-01676
DE-03104,ARX:FORMAL-ARXIV-V12-Q-C3:2605.07110v1,GS:GS-A1-01-074,arxiv_id,REC-00071
DE-03105,ARX:FORMAL-ARXIV-V12-Q-C3:2605.08258v1,GS:GS-C3-02-019,arxiv_id,REC-01977
DE-03106,ARX:FORMAL-ARXIV-V12-Q-C3:2605.06933v2,ARX:FORMAL-ARXIV-V12-Q-C2:2605.06933v2,arxiv_id,REC-05107
DE-03107,ARX:FORMAL-ARXIV-V12-Q-C3:2605.06455v1,GS:GS-A1-05-051,arxiv_id,REC-00376
DE-03108,ARX:FORMAL-ARXIV-V12-Q-C3:2605.06393v1,GS:GS-B1-01-073,arxiv_id,REC-00988
DE-03109,ARX:FORMAL-ARXIV-V12-Q-C3:2605.06158v1,GS:GS-C1-03-077,arxiv_id,REC-01703
DE-03110,ARX:FORMAL-ARXIV-V12-Q-C3:2605.06731v1,ARX:FORMAL-ARXIV-V12-Q-C1:2605.06731v1,arxiv_id,REC-04411
DE-03111,ARX:FORMAL-ARXIV-V12-Q-C3:2605.05868v1,GS:GS-C3-03-007,arxiv_id,REC-02008
DE-03112,ARX:FORMAL-ARXIV-V12-Q-C3:2605.05509v1,GS:GS-A1-05-028,arxiv_id,REC-00355
DE-03113,ARX:FORMAL-ARXIV-V12-Q-C3:2605.05440v1,GS:GS-C3-04-073,arxiv_id,REC-02051
DE-03114,ARX:FORMAL-ARXIV-V12-Q-C3:2605.05269v1,ARX:FORMAL-ARXIV-V12-Q-C2:2605.05269v1,arxiv_id,REC-05111
DE-03115,ARX:FORMAL-ARXIV-V12-Q-C3:2605.04264v1,ARX:FORMAL-ARXIV-V12-Q-C1:2605.04264v1,arxiv_id,REC-04415
DE-03116,ARX:FORMAL-ARXIV-V12-Q-C3:2605.03378v2,GS:GS-B1-02-069,arxiv_id,REC-01071
DE-03117,ARX:FORMAL-ARXIV-V12-Q-C3:2605.05247v1,ARX:FORMAL-ARXIV-V12-Q-B4:2605.05247v1,arxiv_id,REC-04171
DE-03118,ARX:FORMAL-ARXIV-V12-Q-C3:2605.01562v2,ARX:FORMAL-ARXIV-V12-Q-C2:2605.01562v2,arxiv_id,REC-05118
DE-03119,ARX:FORMAL-ARXIV-V12-Q-C3:2604.27819v1,GS:GS-B4-04-054,arxiv_id,REC-01535
DE-03120,ARX:FORMAL-ARXIV-V12-Q-C3:2604.27358v1,ARX:FORMAL-ARXIV-V12-Q-C2:2604.27358v1,arxiv_id,REC-05122
DE-03121,ARX:FORMAL-ARXIV-V12-Q-C3:2604.27271v3,ARX:FORMAL-ARXIV-V12-Q-C2:2604.27271v3,arxiv_id,REC-05123
DE-03122,ARX:FORMAL-ARXIV-V12-Q-C3:2604.25555v1,ARX:FORMAL-ARXIV-V12-Q-B4:2604.25555v1,arxiv_id,REC-04174
DE-03123,ARX:FORMAL-ARXIV-V12-Q-C3:2604.24955v1,GS:GS-D3-03-064,arxiv_id,REC-02298
DE-03124,ARX:FORMAL-ARXIV-V12-Q-C3:2604.24920v3,GS:GS-C3-04-035,arxiv_id,REC-02039
DE-03125,ARX:FORMAL-ARXIV-V12-Q-C3:2607.05397v1,ARX:FORMAL-ARXIV-V12-Q-C1:2607.05397v1,arxiv_id,REC-04432
DE-03126,ARX:FORMAL-ARXIV-V12-Q-C3:2604.23459v1,GS:GS-C1-03-085,arxiv_id,REC-01709
DE-03127,ARX:FORMAL-ARXIV-V12-Q-C3:2604.23338v2,GS:GS-B1-02-097,arxiv_id,REC-01096
DE-03128,ARX:FORMAL-ARXIV-V12-Q-C3:2604.23299v1,ARX:FORMAL-ARXIV-V12-Q-C2:2604.23299v1,arxiv_id,REC-05129
DE-03129,ARX:FORMAL-ARXIV-V12-Q-C3:2604.23248v1,ARX:FORMAL-ARXIV-V12-Q-C2:2604.23248v1,arxiv_id,REC-05130
DE-03130,ARX:FORMAL-ARXIV-V12-Q-C3:2604.23141v1,ARX:FORMAL-ARXIV-V12-Q-B3:2604.23141v1,arxiv_id,REC-03914
DE-03131,ARX:FORMAL-ARXIV-V12-Q-C3:2604.21598v2,ARX:FORMAL-ARXIV-V12-Q-C2:2604.21598v2,arxiv_id,REC-05134
DE-03132,ARX:FORMAL-ARXIV-V12-Q-C3:2604.21477v2,GS:GS-B4-03-025,arxiv_id,REC-01479
DE-03133,ARX:FORMAL-ARXIV-V12-Q-C3:2604.20136v1,ARX:FORMAL-ARXIV-V12-Q-C2:2604.20136v1,arxiv_id,REC-05136
DE-03134,ARX:FORMAL-ARXIV-V12-Q-C3:2604.20133v3,GS:GS-A2S-03-034,arxiv_id,REC-00636
DE-03135,ARX:FORMAL-ARXIV-V12-Q-C3:2604.19657v1,ARX:FORMAL-ARXIV-V12-Q-B1:2604.19657v1,arxiv_id,REC-03539
DE-03136,ARX:FORMAL-ARXIV-V12-Q-C3:2604.19211v1,ARX:FORMAL-ARXIV-V12-Q-C2:2604.19211v1,arxiv_id,REC-05138
DE-03137,ARX:FORMAL-ARXIV-V12-Q-C3:2604.18005v2,ARX:FORMAL-ARXIV-V12-Q-C2:2604.18005v2,arxiv_id,REC-05141
DE-03138,ARX:FORMAL-ARXIV-V12-Q-C3:2604.19818v1,GS:GS-D2-03-089,arxiv_id,REC-02188
DE-03139,ARX:FORMAL-ARXIV-V12-Q-C3:2605.16300v1,ARX:FORMAL-ARXIV-V12-Q-C2:2605.16300v1,arxiv_id,REC-05144
DE-03140,ARX:FORMAL-ARXIV-V12-Q-C3:2605.13860v1,ARX:FORMAL-ARXIV-V12-Q-C2:2605.13860v1,arxiv_id,REC-05146
DE-03141,ARX:FORMAL-ARXIV-V12-Q-C3:2604.15367v2,GS:GS-C1-02-090,arxiv_id,REC-01660
DE-03142,ARX:FORMAL-ARXIV-V12-Q-C3:2604.13346v1,GS:GS-A2S-03-010,arxiv_id,REC-00612
DE-03143,ARX:FORMAL-ARXIV-V12-Q-C3:2604.11259v1,ARX:FORMAL-ARXIV-V12-Q-A1:2604.11259v1,arxiv_id,REC-02792
DE-03144,ARX:FORMAL-ARXIV-V12-Q-C3:2604.10658v1,ARX:FORMAL-ARXIV-V12-Q-C2:2604.10658v1,arxiv_id,REC-05150
DE-03145,ARX:FORMAL-ARXIV-V12-Q-C3:2604.11840v3,ARX:FORMAL-ARXIV-V12-Q-C2:2604.11840v3,arxiv_id,REC-05151
DE-03146,ARX:FORMAL-ARXIV-V12-Q-C3:2604.11839v2,ARX:FORMAL-ARXIV-V12-Q-B3:2604.11839v2,arxiv_id,REC-03924
DE-03147,ARX:FORMAL-ARXIV-V12-Q-C3:2604.09937v1,GS:GS-A1-01-024,arxiv_id,REC-00023
DE-03148,ARX:FORMAL-ARXIV-V12-Q-C3:2604.07833v4,GS:GS-D2-02-034,arxiv_id,REC-02107
DE-03149,ARX:FORMAL-ARXIV-V12-Q-C3:2604.05969v1,GS:GS-B3-02-064,arxiv_id,REC-01284
DE-03150,ARX:FORMAL-ARXIV-V12-Q-C3:2604.05793v1,GS:GS-C3-02-051,arxiv_id,REC-02002
DE-03151,ARX:FORMAL-ARXIV-V12-Q-C3:2604.04660v1,ARX:FORMAL-ARXIV-V12-Q-C1:2604.04660v1,arxiv_id,REC-04462
DE-03152,ARX:FORMAL-ARXIV-V12-Q-C3:2604.04522v1,ARX:FORMAL-ARXIV-V12-Q-C2:2604.04522v1,arxiv_id,REC-05170
DE-03153,ARX:FORMAL-ARXIV-V12-Q-C3:2604.04265v1,ARX:FORMAL-ARXIV-V12-Q-C2:2604.04265v1,arxiv_id,REC-05172
DE-03154,ARX:FORMAL-ARXIV-V12-Q-C3:2604.04262v1,ARX:FORMAL-ARXIV-V12-Q-C2:2604.04262v1,arxiv_id,REC-05173
DE-03155,ARX:FORMAL-ARXIV-V12-Q-C3:2604.04059v1,ARX:FORMAL-ARXIV-V12-Q-C2:2604.04059v1,arxiv_id,REC-05175
DE-03156,ARX:FORMAL-ARXIV-V12-Q-C3:2604.03733v1,GS:GS-C2-02-018,arxiv_id,REC-01809
DE-03157,ARX:FORMAL-ARXIV-V12-Q-C3:2604.02767v1,GS:GS-C2-02-070,arxiv_id,REC-01845
DE-03158,ARX:FORMAL-ARXIV-V12-Q-C3:2604.02623v2,GS:GS-C1-01-004,arxiv_id,REC-01556
DE-03159,ARX:FORMAL-ARXIV-V12-Q-C3:2604.01532v2,ARX:FORMAL-ARXIV-V12-Q-B4:2604.01532v2,arxiv_id,REC-04185
DE-03160,ARX:FORMAL-ARXIV-V12-Q-C3:2603.29632v2,ARX:FORMAL-ARXIV-V12-Q-C2:2603.29632v2,arxiv_id,REC-05181
DE-03161,ARX:FORMAL-ARXIV-V12-Q-C3:2603.28551v2,GS:GS-A1-01-032,arxiv_id,REC-00031
DE-03162,ARX:FORMAL-ARXIV-V12-Q-C3:2603.28166v2,ARX:FORMAL-ARXIV-V12-Q-B1:2603.28166v2,arxiv_id,REC-03554
DE-03163,ARX:FORMAL-ARXIV-V12-Q-C3:2603.28807v1,GS:GS-B3-03-079,arxiv_id,REC-01352
DE-03164,ARX:FORMAL-ARXIV-V12-Q-C3:2603.26221v1,GS:GS-C1-01-072,arxiv_id,REC-01615
DE-03165,ARX:FORMAL-ARXIV-V12-Q-C3:2603.25930v2,ARX:FORMAL-ARXIV-V12-Q-B4:2603.25930v2,arxiv_id,REC-04187
DE-03166,ARX:FORMAL-ARXIV-V12-Q-C3:2603.25097v1,ARX:FORMAL-ARXIV-V12-Q-C1:2603.25097v1,arxiv_id,REC-04476
DE-03167,ARX:FORMAL-ARXIV-V12-Q-C3:2603.24775v1,GS:GS-B4-03-067,arxiv_id,REC-01505
DE-03168,ARX:FORMAL-ARXIV-V12-Q-C3:2603.22928v2,ARX:FORMAL-ARXIV-V12-Q-B1:2603.22928v2,arxiv_id,REC-03558
DE-03169,ARX:FORMAL-ARXIV-V12-Q-C3:2603.22489v1,ARX:FORMAL-ARXIV-V12-Q-B1:2603.22489v1,arxiv_id,REC-03559
DE-03170,ARX:FORMAL-ARXIV-V12-Q-C3:2603.20933v1,GS:GS-A1-05-049,arxiv_id,REC-00374
DE-03171,ARX:FORMAL-ARXIV-V12-Q-C3:2603.20625v1,GS:GS-D3-02-003,arxiv_id,REC-02209
DE-03172,ARX:FORMAL-ARXIV-V12-Q-C3:2603.19469v1,GS:GS-B1-02-012,arxiv_id,REC-01017
DE-03173,ARX:FORMAL-ARXIV-V12-Q-C3:2604.08567v2,GS:GS-D2-03-092,arxiv_id,REC-02191
DE-03174,ARX:FORMAL-ARXIV-V12-Q-C3:2603.17339v1,ARX:FORMAL-ARXIV-V12-Q-B4:2603.17339v1,arxiv_id,REC-04195
DE-03175,ARX:FORMAL-ARXIV-V12-Q-C3:2603.17170v1,GS:GS-C3-02-002,arxiv_id,REC-01963
DE-03176,ARX:FORMAL-ARXIV-V12-Q-C3:2603.17003v2,ARX:FORMAL-ARXIV-V12-Q-C2:2603.17003v2,arxiv_id,REC-05200
DE-03177,ARX:FORMAL-ARXIV-V12-Q-C3:2603.16128v2,ARX:FORMAL-ARXIV-V12-Q-C2:2603.16128v2,arxiv_id,REC-05201
DE-03178,ARX:FORMAL-ARXIV-V12-Q-C3:2603.16011v3,GS:GS-A2W-03-080,arxiv_id,REC-00874
DE-03179,ARX:FORMAL-ARXIV-V12-Q-C3:2605.13850v2,ARX:FORMAL-ARXIV-V12-Q-B3:2605.13850v2,arxiv_id,REC-03941
DE-03180,ARX:FORMAL-ARXIV-V12-Q-C3:2603.14707v1,GS:GS-A1-02-037,arxiv_id,REC-00112
DE-03181,ARX:FORMAL-ARXIV-V12-Q-C3:2603.18043v1,ARX:FORMAL-ARXIV-V12-Q-C2:2603.18043v1,arxiv_id,REC-05205
DE-03182,ARX:FORMAL-ARXIV-V12-Q-C3:2604.16339v1,ARX:FORMAL-ARXIV-V12-Q-C2:2604.16339v1,arxiv_id,REC-05207
DE-03183,ARX:FORMAL-ARXIV-V12-Q-C3:2603.12823v1,GS:GS-A1-02-061,arxiv_id,REC-00132
DE-03184,ARX:FORMAL-ARXIV-V12-Q-C3:2603.12644v1,ARX:FORMAL-ARXIV-V12-Q-B1:2603.12644v1,arxiv_id,REC-03567
DE-03185,ARX:FORMAL-ARXIV-V12-Q-C3:2603.12230v2,GS:GS-C2-02-021,arxiv_id,REC-01812
DE-03186,ARX:FORMAL-ARXIV-V12-Q-C3:2603.11768v2,GS:GS-C1-02-029,arxiv_id,REC-01638
DE-03187,ARX:FORMAL-ARXIV-V12-Q-C3:2603.10161v3,ARX:FORMAL-ARXIV-V12-Q-B4:2603.10161v3,arxiv_id,REC-04196
DE-03188,ARX:FORMAL-ARXIV-V12-Q-C3:2603.09619v2,ARX:FORMAL-ARXIV-V12-Q-C2:2603.09619v2,arxiv_id,REC-05212
DE-03189,ARX:FORMAL-ARXIV-V12-Q-C3:2603.09134v1,GS:GS-C1-03-084,arxiv_id,REC-01708
DE-03190,ARX:FORMAL-ARXIV-V12-Q-C3:2603.09002v2,GS:GS-B1-03-013,arxiv_id,REC-01106
DE-03191,ARX:FORMAL-ARXIV-V12-Q-C3:2603.10062v2,ARX:FORMAL-ARXIV-V12-Q-C1:2603.10062v2,arxiv_id,REC-04502
DE-03192,ARX:FORMAL-ARXIV-V12-Q-C3:2603.07473v2,ARX:FORMAL-ARXIV-V12-Q-B4:2603.07473v2,arxiv_id,REC-04198
DE-03193,ARX:FORMAL-ARXIV-V12-Q-C3:2603.07191v2,ARX:FORMAL-ARXIV-V12-Q-B1:2603.07191v2,arxiv_id,REC-03571
DE-03194,ARX:FORMAL-ARXIV-V12-Q-C3:2603.05673v1,ARX:FORMAL-ARXIV-V12-Q-C2:2603.05673v1,arxiv_id,REC-05220
DE-03195,ARX:FORMAL-ARXIV-V12-Q-C3:2603.01564v1,GS:GS-C1-01-078,arxiv_id,REC-01618
DE-03196,ARX:FORMAL-ARXIV-V12-Q-C3:2603.00195v2,ARX:FORMAL-ARXIV-V12-Q-B3:2603.00195v2,arxiv_id,REC-03951
DE-03197,ARX:FORMAL-ARXIV-V12-Q-C3:2602.22953v2,ARX:FORMAL-ARXIV-V12-Q-B4:2602.22953v2,arxiv_id,REC-04202
DE-03198,ARX:FORMAL-ARXIV-V12-Q-C3:2602.22847v2,ARX:FORMAL-ARXIV-V12-Q-C2:2602.22847v2,arxiv_id,REC-05233
DE-03199,ARX:FORMAL-ARXIV-V12-Q-C3:2602.20156v3,GS:GS-B1-02-093,arxiv_id,REC-01092
DE-03200,ARX:FORMAL-ARXIV-V12-Q-C3:2602.20021v1,ARX:FORMAL-ARXIV-V12-Q-C1:2602.20021v1,arxiv_id,REC-04514
DE-03201,ARX:FORMAL-ARXIV-V12-Q-C3:2602.19840v1,ARX:FORMAL-ARXIV-V12-Q-C2:2602.19840v1,arxiv_id,REC-05239
DE-03202,ARX:FORMAL-ARXIV-V12-Q-C3:2602.17902v2,ARX:FORMAL-ARXIV-V12-Q-C1:2602.17902v2,arxiv_id,REC-04516
DE-03203,ARX:FORMAL-ARXIV-V12-Q-C3:2602.16708v3,ARX:FORMAL-ARXIV-V12-Q-B1:2602.16708v3,arxiv_id,REC-03584
DE-03204,ARX:FORMAL-ARXIV-V12-Q-C3:2602.13477v2,GS:GS-B1-01-089,arxiv_id,REC-00998
DE-03205,ARX:FORMAL-ARXIV-V12-Q-C3:2602.12953v1,ARX:FORMAL-ARXIV-V12-Q-B4:2602.12953v1,arxiv_id,REC-04206
DE-03206,ARX:FORMAL-ARXIV-V12-Q-C3:2602.12430v4,GS:GS-A1-01-096,arxiv_id,REC-00091
DE-03207,ARX:FORMAL-ARXIV-V12-Q-C3:2602.11749v2,GS:GS-D3-01-051,arxiv_id,REC-02196
DE-03208,ARX:FORMAL-ARXIV-V12-Q-C3:2602.10915v3,GS:GS-B2-02-023,arxiv_id,REC-01195
DE-03209,ARX:FORMAL-ARXIV-V12-Q-C3:2602.10453v1,GS:GS-B1-02-034,arxiv_id,REC-01039
DE-03210,ARX:FORMAL-ARXIV-V12-Q-C3:2602.09947v1,ARX:FORMAL-ARXIV-V12-Q-B3:2602.09947v1,arxiv_id,REC-03958
DE-03211,ARX:FORMAL-ARXIV-V12-Q-C3:2602.09433v1,GS:GS-C3-04-097,arxiv_id,REC-02066
DE-03212,ARX:FORMAL-ARXIV-V12-Q-C3:2602.09412v1,ARX:FORMAL-ARXIV-V12-Q-C2:2602.09412v1,arxiv_id,REC-05247
DE-03213,ARX:FORMAL-ARXIV-V12-Q-C3:2602.09185v1,ARX:FORMAL-ARXIV-V12-Q-C2:2602.09185v1,arxiv_id,REC-05248
DE-03214,ARX:FORMAL-ARXIV-V12-Q-C3:2602.10139v3,GS:GS-B2-02-078,arxiv_id,REC-01212
DE-03215,ARX:FORMAL-ARXIV-V12-Q-C3:2602.07652v1,ARX:FORMAL-ARXIV-V12-Q-C1:2602.07652v1,arxiv_id,REC-04530
DE-03216,ARX:FORMAL-ARXIV-V12-Q-C3:2602.05216v2,ARX:FORMAL-ARXIV-V12-Q-B4:2602.05216v2,arxiv_id,REC-04207
DE-03217,ARX:FORMAL-ARXIV-V12-Q-C3:2602.02613v4,ARX:FORMAL-ARXIV-V12-Q-C2:2602.02613v4,arxiv_id,REC-05258
DE-03218,ARX:FORMAL-ARXIV-V12-Q-C3:2601.23132v2,ARX:FORMAL-ARXIV-V12-Q-B4:2601.23132v2,arxiv_id,REC-04212
DE-03219,ARX:FORMAL-ARXIV-V12-Q-C3:2601.22633v1,ARX:FORMAL-ARXIV-V12-Q-B4:2601.22633v1,arxiv_id,REC-04213
DE-03220,ARX:FORMAL-ARXIV-V12-Q-C3:2601.20184v1,ARX:FORMAL-ARXIV-V12-Q-B4:2601.20184v1,arxiv_id,REC-04214
DE-03221,ARX:FORMAL-ARXIV-V12-Q-C3:2602.17675v1,ARX:FORMAL-ARXIV-V12-Q-C2:2602.17675v1,arxiv_id,REC-05265
DE-03222,ARX:FORMAL-ARXIV-V12-Q-C3:2601.17549v1,GS:GS-B1-02-100,arxiv_id,REC-01099
DE-03223,ARX:FORMAL-ARXIV-V12-Q-C3:2601.14567v2,ARX:FORMAL-ARXIV-V12-Q-C2:2601.14567v2,arxiv_id,REC-05267
DE-03224,ARX:FORMAL-ARXIV-V12-Q-C3:2601.12449v1,GS:GS-B3-02-016,arxiv_id,REC-01244
DE-03225,ARX:FORMAL-ARXIV-V12-Q-C3:2601.12349v3,GS:GS-B2-02-027,arxiv_id,REC-01197
DE-03226,ARX:FORMAL-ARXIV-V12-Q-C3:2601.11893v1,GS:GS-A1-05-078,arxiv_id,REC-00402
DE-03227,ARX:FORMAL-ARXIV-V12-Q-C3:2601.10440v1,GS:GS-D2-03-005,arxiv_id,REC-02151
DE-03228,ARX:FORMAL-ARXIV-V12-Q-C3:2601.10338v1,ARX:FORMAL-ARXIV-V12-Q-B1:2601.10338v1,arxiv_id,REC-03601
DE-03229,ARX:FORMAL-ARXIV-V12-Q-C3:2601.07611v2,ARX:FORMAL-ARXIV-V12-Q-C2:2601.07611v2,arxiv_id,REC-05272
DE-03230,ARX:FORMAL-ARXIV-V12-Q-C3:2601.06692v3,ARX:FORMAL-ARXIV-V12-Q-C2:2601.06692v3,arxiv_id,REC-05278
DE-03231,ARX:FORMAL-ARXIV-V12-Q-C3:2601.10738v1,ARX:FORMAL-ARXIV-V12-Q-B3:2601.10738v1,arxiv_id,REC-03973
DE-03232,ARX:FORMAL-ARXIV-V12-Q-C3:2601.04790v1,ARX:FORMAL-ARXIV-V12-Q-C2:2601.04790v1,arxiv_id,REC-05281
DE-03233,ARX:FORMAL-ARXIV-V12-Q-C3:2601.04583v1,GS:GS-D2-02-044,arxiv_id,REC-02114
DE-03234,ARX:FORMAL-ARXIV-V12-Q-C3:2601.04390v3,ARX:FORMAL-ARXIV-V12-Q-B3:2601.04390v3,arxiv_id,REC-03975
DE-03235,ARX:FORMAL-ARXIV-V12-Q-C3:2601.01241v2,GS:GS-B4-04-090,arxiv_id,REC-01547
DE-03236,ARX:FORMAL-ARXIV-V12-Q-C3:2601.11578v2,ARX:FORMAL-ARXIV-V12-Q-C2:2601.11578v2,arxiv_id,REC-05285
DE-03237,ARX:FORMAL-ARXIV-V12-Q-C3:2601.00867v1,ARX:FORMAL-ARXIV-V12-Q-B1:2601.00867v1,arxiv_id,REC-03608
DE-03238,ARX:FORMAL-ARXIV-V12-Q-C3:2512.23480v1,ARX:FORMAL-ARXIV-V12-Q-B4:2512.23480v1,arxiv_id,REC-04224
DE-03239,ARX:FORMAL-ARXIV-V12-Q-C3:2512.20985v1,ARX:FORMAL-ARXIV-V12-Q-C2:2512.20985v1,arxiv_id,REC-05290
DE-03240,ARX:FORMAL-ARXIV-V12-Q-C3:2601.00809v2,ARX:FORMAL-ARXIV-V12-Q-B4:2601.00809v2,arxiv_id,REC-04225
DE-03241,ARX:FORMAL-ARXIV-V12-Q-C3:2512.14429v1,ARX:FORMAL-ARXIV-V12-Q-B4:2512.14429v1,arxiv_id,REC-04227
DE-03242,ARX:FORMAL-ARXIV-V12-Q-C3:2512.14166v2,GS:GS-B3-02-086,arxiv_id,REC-01303
DE-03243,ARX:FORMAL-ARXIV-V12-Q-C3:2512.12594v2,GS:GS-A1-05-008,arxiv_id,REC-00337
DE-03244,ARX:FORMAL-ARXIV-V12-Q-C3:2512.11147v1,GS:GS-B1-01-095,arxiv_id,REC-01003
DE-03245,ARX:FORMAL-ARXIV-V12-Q-C3:2512.09879v1,ARX:FORMAL-ARXIV-V12-Q-C2:2512.09879v1,arxiv_id,REC-05301
DE-03246,ARX:FORMAL-ARXIV-V12-Q-C3:2512.09831v2,ARX:FORMAL-ARXIV-V12-Q-C2:2512.09831v2,arxiv_id,REC-05302
DE-03247,ARX:FORMAL-ARXIV-V12-Q-C3:2512.09458v1,ARX:FORMAL-ARXIV-V12-Q-A1:2512.09458v1,arxiv_id,REC-02921
DE-03248,ARX:FORMAL-ARXIV-V12-Q-C3:2512.08104v3,GS:GS-C2-02-062,arxiv_id,REC-01839
DE-03249,ARX:FORMAL-ARXIV-V12-Q-C3:2601.02371v2,ARX:FORMAL-ARXIV-V12-Q-A1:2601.02371v2,arxiv_id,REC-02924
DE-03250,ARX:FORMAL-ARXIV-V12-Q-C3:2512.06914v2,GS:GS-B3-02-051,arxiv_id,REC-01271
DE-03251,ARX:FORMAL-ARXIV-V12-Q-C3:2512.05374v1,ARX:FORMAL-ARXIV-V12-Q-B3:2512.05374v1,arxiv_id,REC-03988
DE-03252,ARX:FORMAL-ARXIV-V12-Q-C3:2512.04668v4,ARX:FORMAL-ARXIV-V12-Q-C1:2512.04668v4,arxiv_id,REC-04605
DE-03253,ARX:FORMAL-ARXIV-V12-Q-C3:2512.03694v1,ARX:FORMAL-ARXIV-V12-Q-C2:2512.03694v1,arxiv_id,REC-05310
DE-03254,ARX:FORMAL-ARXIV-V12-Q-C3:2512.02321v1,GS:GS-B2-01-078,arxiv_id,REC-01166
DE-03255,ARX:FORMAL-ARXIV-V12-Q-C3:2512.00602v1,ARX:FORMAL-ARXIV-V12-Q-C2:2512.00602v1,arxiv_id,REC-05318
DE-03256,ARX:FORMAL-ARXIV-V12-Q-C3:2511.22409v2,ARX:FORMAL-ARXIV-V12-Q-C2:2511.22409v2,arxiv_id,REC-05321
DE-03257,ARX:FORMAL-ARXIV-V12-Q-C3:2511.20920v1,GS:GS-B4-01-010,arxiv_id,REC-01369
DE-03258,ARX:FORMAL-ARXIV-V12-Q-C3:2511.17854v1,ARX:FORMAL-ARXIV-V12-Q-C2:2511.17854v1,arxiv_id,REC-05332
DE-03259,ARX:FORMAL-ARXIV-V12-Q-C3:2511.16590v1,ARX:FORMAL-ARXIV-V12-Q-A1:2511.16590v1,arxiv_id,REC-02937
DE-03260,ARX:FORMAL-ARXIV-V12-Q-C3:2511.15292v1,ARX:FORMAL-ARXIV-V12-Q-C2:2511.15292v1,arxiv_id,REC-05337
DE-03261,ARX:FORMAL-ARXIV-V12-Q-C3:2511.09309v1,ARX:FORMAL-ARXIV-V12-Q-A1:2511.09309v1,arxiv_id,REC-02940
DE-03262,ARX:FORMAL-ARXIV-V12-Q-C3:2511.08317v2,ARX:FORMAL-ARXIV-V12-Q-C2:2511.08317v2,arxiv_id,REC-05345
DE-03263,ARX:FORMAL-ARXIV-V12-Q-C3:2511.07690v1,ARX:FORMAL-ARXIV-V12-Q-C2:2511.07690v1,arxiv_id,REC-05346
DE-03264,ARX:FORMAL-ARXIV-V12-Q-C3:2511.07267v2,ARX:FORMAL-ARXIV-V12-Q-C2:2511.07267v2,arxiv_id,REC-05348
DE-03265,ARX:FORMAL-ARXIV-V12-Q-C3:2511.06262v1,GS:GS-D3-03-012,arxiv_id,REC-02264
DE-03266,ARX:FORMAL-ARXIV-V12-Q-C3:2511.03841v1,ARX:FORMAL-ARXIV-V12-Q-C2:2511.03841v1,arxiv_id,REC-05354
DE-03267,ARX:FORMAL-ARXIV-V12-Q-C3:2511.03497v1,ARX:FORMAL-ARXIV-V12-Q-B3:2511.03497v1,arxiv_id,REC-03993
DE-03268,ARX:FORMAL-ARXIV-V12-Q-C3:2510.26212v1,ARX:FORMAL-ARXIV-V12-Q-B1:2510.26212v1,arxiv_id,REC-03626
DE-03269,ARX:FORMAL-ARXIV-V12-Q-C3:2510.25819v1,GS:GS-C2-02-041,arxiv_id,REC-01824
DE-03270,ARX:FORMAL-ARXIV-V12-Q-C3:2510.21236v3,ARX:FORMAL-ARXIV-V12-Q-B4:2510.21236v3,arxiv_id,REC-04236
DE-03271,ARX:FORMAL-ARXIV-V12-Q-C3:2510.19600v2,ARX:FORMAL-ARXIV-V12-Q-C2:2510.19600v2,arxiv_id,REC-05363
DE-03272,ARX:FORMAL-ARXIV-V12-Q-C3:2510.19462v2,ARX:FORMAL-ARXIV-V12-Q-B4:2510.19462v2,arxiv_id,REC-04237
DE-03273,ARX:FORMAL-ARXIV-V12-Q-C3:2510.18563v1,ARX:FORMAL-ARXIV-V12-Q-C2:2510.18563v1,arxiv_id,REC-05366
DE-03274,ARX:FORMAL-ARXIV-V12-Q-C3:2510.17276v2,ARX:FORMAL-ARXIV-V12-Q-B3:2510.17276v2,arxiv_id,REC-04002
DE-03275,ARX:FORMAL-ARXIV-V12-Q-C3:2510.11108v2,GS:GS-C3-01-043,arxiv_id,REC-01933
DE-03276,ARX:FORMAL-ARXIV-V12-Q-C3:2510.10185v3,ARX:FORMAL-ARXIV-V12-Q-C2:2510.10185v3,arxiv_id,REC-05380
DE-03277,ARX:FORMAL-ARXIV-V12-Q-C3:2510.01724v2,ARX:FORMAL-ARXIV-V12-Q-C2:2510.01724v2,arxiv_id,REC-05404
DE-03278,ARX:FORMAL-ARXIV-V12-Q-C3:2510.01179v1,ARX:FORMAL-ARXIV-V12-Q-B4:2510.01179v1,arxiv_id,REC-04244
DE-03279,ARX:FORMAL-ARXIV-V12-Q-C3:2509.23994v2,ARX:FORMAL-ARXIV-V12-Q-B1:2509.23994v2,arxiv_id,REC-03642
DE-03280,ARX:FORMAL-ARXIV-V12-Q-C3:2509.22256v4,GS:GS-A1-01-028,arxiv_id,REC-00027
DE-03281,ARX:FORMAL-ARXIV-V12-Q-C3:2509.20502v2,ARX:FORMAL-ARXIV-V12-Q-C2:2509.20502v2,arxiv_id,REC-05415
DE-03282,ARX:FORMAL-ARXIV-V12-Q-C3:2509.18557v1,ARX:FORMAL-ARXIV-V12-Q-B1:2509.18557v1,arxiv_id,REC-03647
DE-03283,ARX:FORMAL-ARXIV-V12-Q-C3:2509.14956v1,GS:GS-C2-01-084,arxiv_id,REC-01786
DE-03284,ARX:FORMAL-ARXIV-V12-Q-C3:2509.13597v1,ARX:FORMAL-ARXIV-V12-Q-B1:2509.13597v1,arxiv_id,REC-03648
DE-03285,ARX:FORMAL-ARXIV-V12-Q-C3:2509.13471v2,ARX:FORMAL-ARXIV-V12-Q-C2:2509.13471v2,arxiv_id,REC-05424
DE-03286,ARX:FORMAL-ARXIV-V12-Q-C3:2509.11431v1,ARX:FORMAL-ARXIV-V12-Q-B1:2509.11431v1,arxiv_id,REC-03650
DE-03287,ARX:FORMAL-ARXIV-V12-Q-C3:2509.08646v1,GS:GS-B3-03-049,arxiv_id,REC-01335
DE-03288,ARX:FORMAL-ARXIV-V12-Q-C3:2508.20816v1,ARX:FORMAL-ARXIV-V12-Q-C2:2508.20816v1,arxiv_id,REC-05438
DE-03289,ARX:FORMAL-ARXIV-V12-Q-C3:2508.19870v1,GS:GS-C2-03-042,arxiv_id,REC-01882
DE-03290,ARX:FORMAL-ARXIV-V12-Q-C3:2508.19500v1,ARX:FORMAL-ARXIV-V12-Q-B4:2508.19500v1,arxiv_id,REC-04252
DE-03291,ARX:FORMAL-ARXIV-V12-Q-C3:2508.17597v1,ARX:FORMAL-ARXIV-V12-Q-C2:2508.17597v1,arxiv_id,REC-05441
DE-03292,ARX:FORMAL-ARXIV-V12-Q-C3:2508.10043v1,GS:GS-C1-01-069,arxiv_id,REC-01612
DE-03293,ARX:FORMAL-ARXIV-V12-Q-C3:2508.01332v3,GS:GS-C2-02-005,arxiv_id,REC-01803
DE-03294,ARX:FORMAL-ARXIV-V12-Q-C3:2507.14293v1,ARX:FORMAL-ARXIV-V12-Q-A1:2507.14293v1,arxiv_id,REC-03063
DE-03295,ARX:FORMAL-ARXIV-V12-Q-C3:2507.10562v1,GS:GS-C1-03-007,arxiv_id,REC-01665
DE-03296,ARX:FORMAL-ARXIV-V12-Q-C3:2506.22815v2,ARX:FORMAL-ARXIV-V12-Q-C2:2506.22815v2,arxiv_id,REC-05484
DE-03297,ARX:FORMAL-ARXIV-V12-Q-C3:2506.14074v1,ARX:FORMAL-ARXIV-V12-Q-C2:2506.14074v1,arxiv_id,REC-05492
DE-03298,ARX:FORMAL-ARXIV-V12-Q-C3:2506.09331v2,ARX:FORMAL-ARXIV-V12-Q-C2:2506.09331v2,arxiv_id,REC-05498
DE-03299,ARX:FORMAL-ARXIV-V12-Q-C3:2506.17266v1,ARX:FORMAL-ARXIV-V12-Q-C2:2506.17266v1,arxiv_id,REC-05499
DE-03300,ARX:FORMAL-ARXIV-V12-Q-C3:2506.08119v2,GS:GS-D3-03-079,arxiv_id,REC-02308
DE-03301,ARX:FORMAL-ARXIV-V12-Q-C3:2506.07217v2,ARX:FORMAL-ARXIV-V12-Q-A1:2506.07217v2,arxiv_id,REC-03093
DE-03302,ARX:FORMAL-ARXIV-V12-Q-C3:2506.01055v1,GS:GS-B1-02-028,arxiv_id,REC-01033
DE-03303,ARX:FORMAL-ARXIV-V12-Q-C3:2505.24019v1,GS:GS-B3-03-012,arxiv_id,REC-01318
DE-03304,ARX:FORMAL-ARXIV-V12-Q-C3:2506.00073v4,ARX:FORMAL-ARXIV-V12-Q-C2:2506.00073v4,arxiv_id,REC-05511
DE-03305,ARX:FORMAL-ARXIV-V12-Q-C3:2505.21497v2,ARX:FORMAL-ARXIV-V12-Q-C2:2505.21497v2,arxiv_id,REC-05517
DE-03306,ARX:FORMAL-ARXIV-V12-Q-C3:2505.19532v2,ARX:FORMAL-ARXIV-V12-Q-B2:2505.19532v2,arxiv_id,REC-03778
DE-03307,ARX:FORMAL-ARXIV-V12-Q-C3:2505.19301v2,ARX:FORMAL-ARXIV-V12-Q-C2:2505.19301v2,arxiv_id,REC-05522
DE-03308,ARX:FORMAL-ARXIV-V12-Q-C3:2505.18279v1,ARX:FORMAL-ARXIV-V12-Q-C1:2505.18279v1,arxiv_id,REC-04731
DE-03309,ARX:FORMAL-ARXIV-V12-Q-C3:2505.16975v3,ARX:FORMAL-ARXIV-V12-Q-C2:2505.16975v3,arxiv_id,REC-05529
DE-03310,ARX:FORMAL-ARXIV-V12-Q-C3:2505.01651v4,ARX:FORMAL-ARXIV-V12-Q-C2:2505.01651v4,arxiv_id,REC-05543
DE-03311,ARX:FORMAL-ARXIV-V12-Q-C3:2504.21034v2,GS:GS-C2-02-027,arxiv_id,REC-01818
DE-03312,ARX:FORMAL-ARXIV-V12-Q-C3:2504.17192v5,ARX:FORMAL-ARXIV-V12-Q-C2:2504.17192v5,arxiv_id,REC-05546
DE-03313,ARX:FORMAL-ARXIV-V12-Q-C3:2504.11703v3,GS:GS-B3-02-045,arxiv_id,REC-01267
DE-03314,ARX:FORMAL-ARXIV-V12-Q-C3:2504.03767v2,GS:GS-B4-01-026,arxiv_id,REC-01385
DE-03315,ARX:FORMAL-ARXIV-V12-Q-C3:2503.23434v2,GS:GS-A1-03-011,arxiv_id,REC-00170
DE-03316,ARX:FORMAL-ARXIV-V12-Q-C3:2503.15661v2,GS:GS-A3-02-053,arxiv_id,REC-00921
DE-03317,ARX:FORMAL-ARXIV-V12-Q-C3:2503.09621v1,ARX:FORMAL-ARXIV-V12-Q-C2:2503.09621v1,arxiv_id,REC-05573
DE-03318,ARX:FORMAL-ARXIV-V12-Q-C3:2503.04392v2,GS:GS-C1-01-043,arxiv_id,REC-01590
DE-03319,ARX:FORMAL-ARXIV-V12-Q-C3:2502.04747v1,GS:GS-A1-02-089,arxiv_id,REC-00153
DE-03320,ARX:FORMAL-ARXIV-V12-Q-C3:2411.15356v2,ARX:FORMAL-ARXIV-V12-Q-C2:2411.15356v2,arxiv_id,REC-05622
DE-03321,ARX:FORMAL-ARXIV-V12-Q-C3:2411.11195v6,ARX:FORMAL-ARXIV-V12-Q-B3:2411.11195v6,arxiv_id,REC-04078
DE-03322,ARX:FORMAL-ARXIV-V12-Q-C3:2410.23396v1,ARX:FORMAL-ARXIV-V12-Q-C2:2410.23396v1,arxiv_id,REC-05630
DE-03323,ARX:FORMAL-ARXIV-V12-Q-C3:2410.06703v7,ARX:FORMAL-ARXIV-V12-Q-A1:2410.06703v7,arxiv_id,REC-03209
DE-03324,ARX:FORMAL-ARXIV-V12-Q-C3:2410.03055v3,ARX:FORMAL-ARXIV-V12-Q-B3:2410.03055v3,arxiv_id,REC-04085
DE-03325,ARX:FORMAL-ARXIV-V12-Q-C3:2409.04465v1,ARX:FORMAL-ARXIV-V12-Q-A1:2409.04465v1,arxiv_id,REC-03215
DE-03326,ARX:FORMAL-ARXIV-V12-Q-C3:2408.08054v2,ARX:FORMAL-ARXIV-V12-Q-C2:2408.08054v2,arxiv_id,REC-05653
DE-03327,ARX:FORMAL-ARXIV-V12-Q-C3:2406.09187v3,GS:GS-C3-01-037,arxiv_id,REC-01929
DE-03328,ARX:FORMAL-ARXIV-V12-Q-C3:2406.03007v1,ARX:FORMAL-ARXIV-V12-Q-B2:2406.03007v1,arxiv_id,REC-03805
DE-03329,ARX:FORMAL-ARXIV-V12-Q-C3:2404.17977v2,ARX:FORMAL-ARXIV-V12-Q-C2:2404.17977v2,arxiv_id,REC-05677
DE-03330,ARX:FORMAL-ARXIV-V12-Q-C3:2403.16971v5,GS:GS-A2W-03-046,arxiv_id,REC-00847
DE-03331,ARX:FORMAL-ARXIV-V12-Q-C3:2312.16273v1,ARX:FORMAL-ARXIV-V12-Q-C2:2312.16273v1,arxiv_id,REC-05694
DE-03332,ARX:FORMAL-ARXIV-V12-Q-C3:2307.09485v1,ARX:FORMAL-ARXIV-V12-Q-C2:2307.09485v1,arxiv_id,REC-05724
DE-03333,ARX:FORMAL-ARXIV-V12-Q-C3:2306.02781v4,ARX:FORMAL-ARXIV-V12-Q-B4:2306.02781v4,arxiv_id,REC-04283
DE-03334,ARX:FORMAL-ARXIV-V12-Q-C3:2302.12244v4,ARX:FORMAL-ARXIV-V12-Q-C2:2302.12244v4,arxiv_id,REC-05744
DE-03335,ARX:FORMAL-ARXIV-V12-Q-C3:2301.05327v1,ARX:FORMAL-ARXIV-V12-Q-C2:2301.05327v1,arxiv_id,REC-05749
DE-03336,ARX:FORMAL-ARXIV-V12-Q-D1:2607.29190v1,GS:GS-C3-04-098,arxiv_id,REC-02067
DE-03337,ARX:FORMAL-ARXIV-V12-Q-D1:2607.29167v1,GS:GS-C1-03-010,arxiv_id,REC-01667
DE-03338,ARX:FORMAL-ARXIV-V12-Q-D1:2608.00104v1,ARX:FORMAL-ARXIV-V12-Q-C2:2608.00104v1,arxiv_id,REC-04933
DE-03339,ARX:FORMAL-ARXIV-V12-Q-D1:2607.28609v2,GS:GS-A1-02-086,arxiv_id,REC-00151
DE-03340,ARX:FORMAL-ARXIV-V12-Q-D1:2607.28367v1,GS:GS-A1-01-045,arxiv_id,REC-00044
DE-03341,ARX:FORMAL-ARXIV-V12-Q-D1:2607.28317v1,GS:GS-D3-03-067,arxiv_id,REC-02300
DE-03342,ARX:FORMAL-ARXIV-V12-Q-D1:2607.28227v1,GS:GS-A1-03-078,arxiv_id,REC-00223
DE-03343,ARX:FORMAL-ARXIV-V12-Q-D1:2607.28074v1,GS:GS-A1-01-100,arxiv_id,REC-00095
DE-03344,ARX:FORMAL-ARXIV-V12-Q-D1:2607.27834v1,GS:GS-C3-02-049,arxiv_id,REC-02001
DE-03345,ARX:FORMAL-ARXIV-V12-Q-D1:2607.27677v1,ARX:FORMAL-ARXIV-V12-Q-C3:2607.27677v1,arxiv_id,REC-05755
DE-03346,ARX:FORMAL-ARXIV-V12-Q-D1:2607.27191v2,ARX:FORMAL-ARXIV-V12-Q-C3:2607.27191v2,arxiv_id,REC-05760
DE-03347,ARX:FORMAL-ARXIV-V12-Q-D1:2607.26791v1,ARX:FORMAL-ARXIV-V12-Q-A2S:2607.26791v1,arxiv_id,REC-03286
DE-03348,ARX:FORMAL-ARXIV-V12-Q-D1:2607.27267v1,ARX:FORMAL-ARXIV-V12-Q-B3:2607.27267v1,arxiv_id,REC-03824
DE-03349,ARX:FORMAL-ARXIV-V12-Q-D1:2607.26512v1,ARX:FORMAL-ARXIV-V12-Q-C3:2607.26512v1,arxiv_id,REC-05762
DE-03350,ARX:FORMAL-ARXIV-V12-Q-D1:2607.26041v2,GS:GS-B2-03-077,arxiv_id,REC-01228
DE-03351,ARX:FORMAL-ARXIV-V12-Q-D1:2607.25904v2,GS:GS-A3-02-031,arxiv_id,REC-00910
DE-03352,ARX:FORMAL-ARXIV-V12-Q-D1:2607.25637v2,ARX:FORMAL-ARXIV-V12-Q-C3:2607.25637v2,arxiv_id,REC-05766
DE-03353,ARX:FORMAL-ARXIV-V12-Q-D1:2607.25620v1,ARX:FORMAL-ARXIV-V12-Q-C3:2607.25620v1,arxiv_id,REC-05767
DE-03354,ARX:FORMAL-ARXIV-V12-Q-D1:2607.25364v2,GS:GS-C3-02-026,arxiv_id,REC-01984
DE-03355,ARX:FORMAL-ARXIV-V12-Q-D1:2607.25297v1,GS:GS-B3-02-027,arxiv_id,REC-01252
DE-03356,ARX:FORMAL-ARXIV-V12-Q-D1:2607.25045v1,ARX:FORMAL-ARXIV-V12-Q-C3:2607.25045v1,arxiv_id,REC-05768
DE-03357,ARX:FORMAL-ARXIV-V12-Q-D1:2607.23999v3,ARX:FORMAL-ARXIV-V12-Q-C3:2607.23999v3,arxiv_id,REC-05772
DE-03358,ARX:FORMAL-ARXIV-V12-Q-D1:2607.23929v2,GS:GS-C1-03-049,arxiv_id,REC-01689
DE-03359,ARX:FORMAL-ARXIV-V12-Q-D1:2607.23438v1,ARX:FORMAL-ARXIV-V12-Q-C3:2607.23438v1,arxiv_id,REC-05778
DE-03360,ARX:FORMAL-ARXIV-V12-Q-D1:2607.23207v1,ARX:FORMAL-ARXIV-V12-Q-C3:2607.23207v1,arxiv_id,REC-05779
DE-03361,ARX:FORMAL-ARXIV-V12-Q-D1:2607.23124v1,ARX:FORMAL-ARXIV-V12-Q-B3:2607.23124v1,arxiv_id,REC-03829
DE-03362,ARX:FORMAL-ARXIV-V12-Q-D1:2607.21962v1,ARX:FORMAL-ARXIV-V12-Q-C1:2607.21962v1,arxiv_id,REC-04293
DE-03363,ARX:FORMAL-ARXIV-V12-Q-D1:2607.21835v1,GS:GS-B3-03-017,arxiv_id,REC-01321
DE-03364,ARX:FORMAL-ARXIV-V12-Q-D1:2607.21557v3,GS:GS-D1-02-099,arxiv_id,REC-02083
DE-03365,ARX:FORMAL-ARXIV-V12-Q-D1:2607.21503v1,ARX:FORMAL-ARXIV-V12-Q-C1:2607.21503v1,arxiv_id,REC-04294
DE-03366,ARX:FORMAL-ARXIV-V12-Q-D1:2607.21325v2,ARX:FORMAL-ARXIV-V12-Q-C3:2607.21325v2,arxiv_id,REC-05787
DE-03367,ARX:FORMAL-ARXIV-V12-Q-D1:2607.20827v1,ARX:FORMAL-ARXIV-V12-Q-C3:2607.20827v1,arxiv_id,REC-05791
DE-03368,ARX:FORMAL-ARXIV-V12-Q-D1:2607.19837v1,ARX:FORMAL-ARXIV-V12-Q-B1:2607.19837v1,arxiv_id,REC-03444
DE-03369,ARX:FORMAL-ARXIV-V12-Q-D1:2607.19595v1,ARX:FORMAL-ARXIV-V12-Q-B1:2607.19595v1,arxiv_id,REC-03445
DE-03370,ARX:FORMAL-ARXIV-V12-Q-D1:2607.18826v1,GS:GS-C1-02-085,arxiv_id,REC-01655
DE-03371,ARX:FORMAL-ARXIV-V12-Q-D1:2607.21635v1,ARX:FORMAL-ARXIV-V12-Q-C1:2607.21635v1,arxiv_id,REC-04298
DE-03372,ARX:FORMAL-ARXIV-V12-Q-D1:2607.18548v1,GS:GS-D2-02-054,arxiv_id,REC-02119
DE-03373,ARX:FORMAL-ARXIV-V12-Q-D1:2607.18063v1,ARX:FORMAL-ARXIV-V12-Q-B1:2607.18063v1,arxiv_id,REC-03448
DE-03374,ARX:FORMAL-ARXIV-V12-Q-D1:2607.17951v1,GS:GS-A1-01-071,arxiv_id,REC-00068
DE-03375,ARX:FORMAL-ARXIV-V12-Q-D1:2607.17527v1,GS:GS-A1-01-067,arxiv_id,REC-00064
DE-03376,ARX:FORMAL-ARXIV-V12-Q-D1:2607.17136v1,ARX:FORMAL-ARXIV-V12-Q-A1:2607.17136v1,arxiv_id,REC-02656
DE-03377,ARX:FORMAL-ARXIV-V12-Q-D1:2607.14798v1,ARX:FORMAL-ARXIV-V12-Q-B4:2607.14798v1,arxiv_id,REC-04128
DE-03378,ARX:FORMAL-ARXIV-V12-Q-D1:2607.14754v1,GS:GS-B4-03-056,arxiv_id,REC-01500
DE-03379,ARX:FORMAL-ARXIV-V12-Q-D1:2607.14570v1,ARX:FORMAL-ARXIV-V12-Q-B3:2607.14570v1,arxiv_id,REC-03834
DE-03380,ARX:FORMAL-ARXIV-V12-Q-D1:2607.14444v1,ARX:FORMAL-ARXIV-V12-Q-C3:2607.14444v1,arxiv_id,REC-05817
DE-03381,ARX:FORMAL-ARXIV-V12-Q-D1:2607.14443v1,GS:GS-A1-02-017,arxiv_id,REC-00103
DE-03382,ARX:FORMAL-ARXIV-V12-Q-D1:2607.13465v1,GS:GS-A2S-01-013,arxiv_id,REC-00509
DE-03383,ARX:FORMAL-ARXIV-V12-Q-D1:2607.13369v1,ARX:FORMAL-ARXIV-V12-Q-C3:2607.13369v1,arxiv_id,REC-05820
DE-03384,ARX:FORMAL-ARXIV-V12-Q-D1:2607.12640v1,ARX:FORMAL-ARXIV-V12-Q-A1:2607.12640v1,arxiv_id,REC-02662
DE-03385,ARX:FORMAL-ARXIV-V12-Q-D1:2607.12340v1,ARX:FORMAL-ARXIV-V12-Q-B3:2607.12340v1,arxiv_id,REC-03837
DE-03386,ARX:FORMAL-ARXIV-V12-Q-D1:2607.12254v2,ARX:FORMAL-ARXIV-V12-Q-C3:2607.12254v2,arxiv_id,REC-05824
DE-03387,ARX:FORMAL-ARXIV-V12-Q-D1:2607.12058v1,ARX:FORMAL-ARXIV-V12-Q-C3:2607.12058v1,arxiv_id,REC-05827
DE-03388,ARX:FORMAL-ARXIV-V12-Q-D1:2607.12056v1,ARX:FORMAL-ARXIV-V12-Q-A1:2607.12056v1,arxiv_id,REC-02663
DE-03389,ARX:FORMAL-ARXIV-V12-Q-D1:2607.11698v1,ARX:FORMAL-ARXIV-V12-Q-C2:2607.11698v1,arxiv_id,REC-04965
DE-03390,ARX:FORMAL-ARXIV-V12-Q-D1:2607.11185v1,ARX:FORMAL-ARXIV-V12-Q-A1:2607.11185v1,arxiv_id,REC-02664
DE-03391,ARX:FORMAL-ARXIV-V12-Q-D1:2607.13081v1,ARX:FORMAL-ARXIV-V12-Q-B1:2607.13081v1,arxiv_id,REC-03454
DE-03392,ARX:FORMAL-ARXIV-V12-Q-D1:2607.11126v1,GS:GS-C3-02-020,arxiv_id,REC-01978
DE-03393,ARX:FORMAL-ARXIV-V12-Q-D1:2607.11098v3,GS:GS-B3-02-048,arxiv_id,REC-01269
DE-03394,ARX:FORMAL-ARXIV-V12-Q-D1:2607.10878v1,ARX:FORMAL-ARXIV-V12-Q-C3:2607.10878v1,arxiv_id,REC-05831
DE-03395,ARX:FORMAL-ARXIV-V12-Q-D1:2607.09900v1,ARX:FORMAL-ARXIV-V12-Q-C3:2607.09900v1,arxiv_id,REC-05835
DE-03396,ARX:FORMAL-ARXIV-V12-Q-D1:2608.12365v1,ARX:FORMAL-ARXIV-V12-Q-C1:2608.12365v1,arxiv_id,REC-04309
DE-03397,ARX:FORMAL-ARXIV-V12-Q-D1:2607.08906v1,ARX:FORMAL-ARXIV-V12-Q-C3:2607.08906v1,arxiv_id,REC-05837
DE-03398,ARX:FORMAL-ARXIV-V12-Q-D1:2607.08395v1,ARX:FORMAL-ARXIV-V12-Q-C1:2607.08395v1,arxiv_id,REC-04310
DE-03399,ARX:FORMAL-ARXIV-V12-Q-D1:2607.08028v1,ARX:FORMAL-ARXIV-V12-Q-C3:2607.08028v1,arxiv_id,REC-05840
DE-03400,ARX:FORMAL-ARXIV-V12-Q-D1:2607.07820v2,ARX:FORMAL-ARXIV-V12-Q-A1:2607.07820v2,arxiv_id,REC-02667
DE-03401,ARX:FORMAL-ARXIV-V12-Q-D1:2607.07405v2,GS:GS-D2-03-032,arxiv_id,REC-02163
DE-03402,ARX:FORMAL-ARXIV-V12-Q-D1:2607.09773v1,GS:GS-D3-01-059,arxiv_id,REC-02198
DE-03403,ARX:FORMAL-ARXIV-V12-Q-D1:2607.05775v1,GS:GS-D3-02-080,arxiv_id,REC-02250
DE-03404,ARX:FORMAL-ARXIV-V12-Q-D1:2607.05743v1,ARX:FORMAL-ARXIV-V12-Q-B4:2607.05743v1,arxiv_id,REC-04132
DE-03405,ARX:FORMAL-ARXIV-V12-Q-D1:2607.05518v1,ARX:FORMAL-ARXIV-V12-Q-C3:2607.05518v1,arxiv_id,REC-05847
DE-03406,ARX:FORMAL-ARXIV-V12-Q-D1:2607.04613v1,ARX:FORMAL-ARXIV-V12-Q-C3:2607.04613v1,arxiv_id,REC-05853
DE-03407,ARX:FORMAL-ARXIV-V12-Q-D1:2607.05456v1,ARX:FORMAL-ARXIV-V12-Q-A2S:2607.05456v1,arxiv_id,REC-03287
DE-03408,ARX:FORMAL-ARXIV-V12-Q-D1:2607.04334v2,GS:GS-B2-01-100,arxiv_id,REC-01186
DE-03409,ARX:FORMAL-ARXIV-V12-Q-D1:2607.09756v1,GS:GS-B3-03-076,arxiv_id,REC-01351
DE-03410,ARX:FORMAL-ARXIV-V12-Q-D1:2608.12358v1,ARX:FORMAL-ARXIV-V12-Q-C3:2608.12358v1,arxiv_id,REC-05855
DE-03411,ARX:FORMAL-ARXIV-V12-Q-D1:2607.03516v1,ARX:FORMAL-ARXIV-V12-Q-C1:2607.03516v1,arxiv_id,REC-04318
DE-03412,ARX:FORMAL-ARXIV-V12-Q-D1:2607.03510v1,ARX:FORMAL-ARXIV-V12-Q-C3:2607.03510v1,arxiv_id,REC-05858
DE-03413,ARX:FORMAL-ARXIV-V12-Q-D1:2607.09744v1,ARX:FORMAL-ARXIV-V12-Q-C2:2607.09744v1,arxiv_id,REC-04977
DE-03414,ARX:FORMAL-ARXIV-V12-Q-D1:2607.03100v1,ARX:FORMAL-ARXIV-V12-Q-A1:2607.03100v1,arxiv_id,REC-02670
DE-03415,ARX:FORMAL-ARXIV-V12-Q-D1:2607.03048v1,GS:GS-A2S-03-023,arxiv_id,REC-00625
DE-03416,ARX:FORMAL-ARXIV-V12-Q-D1:2607.02376v1,ARX:FORMAL-ARXIV-V12-Q-C3:2607.02376v1,arxiv_id,REC-05861
DE-03417,ARX:FORMAL-ARXIV-V12-Q-D1:2607.02116v2,ARX:FORMAL-ARXIV-V12-Q-B4:2607.02116v2,arxiv_id,REC-04134
DE-03418,ARX:FORMAL-ARXIV-V12-Q-D1:2607.01641v1,GS:GS-C3-01-084,arxiv_id,REC-01953
DE-03419,ARX:FORMAL-ARXIV-V12-Q-D1:2607.01213v1,GS:GS-D3-02-071,arxiv_id,REC-02244
DE-03420,ARX:FORMAL-ARXIV-V12-Q-D1:2607.01136v1,ARX:FORMAL-ARXIV-V12-Q-B3:2607.01136v1,arxiv_id,REC-03845
DE-03421,ARX:FORMAL-ARXIV-V12-Q-D1:2607.00941v1,ARX:FORMAL-ARXIV-V12-Q-C3:2607.00941v1,arxiv_id,REC-05865
DE-03422,ARX:FORMAL-ARXIV-V12-Q-D1:2607.00751v1,ARX:FORMAL-ARXIV-V12-Q-C3:2607.00751v1,arxiv_id,REC-05868
DE-03423,ARX:FORMAL-ARXIV-V12-Q-D1:2607.00502v1,ARX:FORMAL-ARXIV-V12-Q-A1:2607.00502v1,arxiv_id,REC-02671
DE-03424,ARX:FORMAL-ARXIV-V12-Q-D1:2607.00245v1,GS:GS-C2-02-072,arxiv_id,REC-01847
DE-03425,ARX:FORMAL-ARXIV-V12-Q-D1:2606.31935v1,ARX:FORMAL-ARXIV-V12-Q-C3:2606.31935v1,arxiv_id,REC-05872
DE-03426,ARX:FORMAL-ARXIV-V12-Q-D1:2606.31831v1,ARX:FORMAL-ARXIV-V12-Q-A1:2606.31831v1,arxiv_id,REC-02674
DE-03427,ARX:FORMAL-ARXIV-V12-Q-D1:2606.31639v1,ARX:FORMAL-ARXIV-V12-Q-C3:2606.31639v1,arxiv_id,REC-05873
DE-03428,ARX:FORMAL-ARXIV-V12-Q-D1:2606.31339v1,ARX:FORMAL-ARXIV-V12-Q-C3:2606.31339v1,arxiv_id,REC-05875
DE-03429,ARX:FORMAL-ARXIV-V12-Q-D1:2606.31270v1,GS:GS-A1-01-095,arxiv_id,REC-00090
DE-03430,ARX:FORMAL-ARXIV-V12-Q-D1:2606.31227v1,ARX:FORMAL-ARXIV-V12-Q-B4:2606.31227v1,arxiv_id,REC-04136
DE-03431,ARX:FORMAL-ARXIV-V12-Q-D1:2606.30970v2,ARX:FORMAL-ARXIV-V12-Q-C3:2606.30970v2,arxiv_id,REC-05879
DE-03432,ARX:FORMAL-ARXIV-V12-Q-D1:2606.29788v1,ARX:FORMAL-ARXIV-V12-Q-C1:2606.29788v1,arxiv_id,REC-04325
DE-03433,ARX:FORMAL-ARXIV-V12-Q-D1:2608.05179v1,ARX:FORMAL-ARXIV-V12-Q-C3:2608.05179v1,arxiv_id,REC-05882
DE-03434,ARX:FORMAL-ARXIV-V12-Q-D1:2606.29537v2,GS:GS-A1-01-062,arxiv_id,REC-00060
DE-03435,ARX:FORMAL-ARXIV-V12-Q-D1:2606.29225v1,GS:GS-D2-03-010,arxiv_id,REC-02154
DE-03436,ARX:FORMAL-ARXIV-V12-Q-D1:2606.29194v1,ARX:FORMAL-ARXIV-V12-Q-B3:2606.29194v1,arxiv_id,REC-03848
DE-03437,ARX:FORMAL-ARXIV-V12-Q-D1:2606.29142v1,GS:GS-C2-02-097,arxiv_id,REC-01868
DE-03438,ARX:FORMAL-ARXIV-V12-Q-D1:2606.28958v1,ARX:FORMAL-ARXIV-V12-Q-C2:2606.28958v1,arxiv_id,REC-04986
DE-03439,ARX:FORMAL-ARXIV-V12-Q-D1:2606.28679v1,GS:GS-C3-01-006,arxiv_id,REC-01912
DE-03440,ARX:FORMAL-ARXIV-V12-Q-D1:2606.28061v1,GS:GS-D2-02-078,arxiv_id,REC-02132
DE-03441,ARX:FORMAL-ARXIV-V12-Q-D1:2606.27595v1,ARX:FORMAL-ARXIV-V12-Q-A1:2606.27595v1,arxiv_id,REC-02680
DE-03442,ARX:FORMAL-ARXIV-V12-Q-D1:2606.26614v2,GS:GS-A2W-02-062,arxiv_id,REC-00785
DE-03443,ARX:FORMAL-ARXIV-V12-Q-D1:2606.26057v1,ARX:FORMAL-ARXIV-V12-Q-C3:2606.26057v1,arxiv_id,REC-05897
DE-03444,ARX:FORMAL-ARXIV-V12-Q-D1:2606.25876v1,ARX:FORMAL-ARXIV-V12-Q-B4:2606.25876v1,arxiv_id,REC-04141
DE-03445,ARX:FORMAL-ARXIV-V12-Q-D1:2606.25189v2,GS:GS-D2-03-004,arxiv_id,REC-02150
DE-03446,ARX:FORMAL-ARXIV-V12-Q-D1:2606.25115v1,GS:GS-C1-02-010,arxiv_id,REC-01637
DE-03447,ARX:FORMAL-ARXIV-V12-Q-D1:2606.24525v1,ARX:FORMAL-ARXIV-V12-Q-A1:2606.24525v1,arxiv_id,REC-02683
DE-03448,ARX:FORMAL-ARXIV-V12-Q-D1:2606.24245v3,ARX:FORMAL-ARXIV-V12-Q-C3:2606.24245v3,arxiv_id,REC-05904
DE-03449,ARX:FORMAL-ARXIV-V12-Q-D1:2606.24551v1,GS:GS-A1-03-035,arxiv_id,REC-00188
DE-03450,ARX:FORMAL-ARXIV-V12-Q-D1:2606.23416v1,ARX:FORMAL-ARXIV-V12-Q-B1:2606.23416v1,arxiv_id,REC-03466
DE-03451,ARX:FORMAL-ARXIV-V12-Q-D1:2606.23094v1,ARX:FORMAL-ARXIV-V12-Q-C3:2606.23094v1,arxiv_id,REC-05908
DE-03452,ARX:FORMAL-ARXIV-V12-Q-D1:2606.22997v1,ARX:FORMAL-ARXIV-V12-Q-C3:2606.22997v1,arxiv_id,REC-05909
DE-03453,ARX:FORMAL-ARXIV-V12-Q-D1:2606.22948v1,ARX:FORMAL-ARXIV-V12-Q-A1:2606.22948v1,arxiv_id,REC-02684
DE-03454,ARX:FORMAL-ARXIV-V12-Q-D1:2606.22030v2,ARX:FORMAL-ARXIV-V12-Q-C1:2606.22030v2,arxiv_id,REC-04337
DE-03455,ARX:FORMAL-ARXIV-V12-Q-D1:2606.21877v1,ARX:FORMAL-ARXIV-V12-Q-C2:2606.21877v1,arxiv_id,REC-05001
DE-03456,ARX:FORMAL-ARXIV-V12-Q-D1:2606.21129v1,ARX:FORMAL-ARXIV-V12-Q-B1:2606.21129v1,arxiv_id,REC-03468
DE-03457,ARX:FORMAL-ARXIV-V12-Q-D1:2606.21071v1,ARX:FORMAL-ARXIV-V12-Q-A2W:2606.21071v1,arxiv_id,REC-03333
DE-03458,ARX:FORMAL-ARXIV-V12-Q-D1:2606.20785v2,GS:GS-A1-01-056,arxiv_id,REC-00054
DE-03459,ARX:FORMAL-ARXIV-V12-Q-D1:2606.20520v2,ARX:FORMAL-ARXIV-V12-Q-C3:2606.20520v2,arxiv_id,REC-05917
DE-03460,ARX:FORMAL-ARXIV-V12-Q-D1:2606.20470v2,ARX:FORMAL-ARXIV-V12-Q-B1:2606.20470v2,arxiv_id,REC-03469
DE-03461,ARX:FORMAL-ARXIV-V12-Q-D1:2606.20746v1,ARX:FORMAL-ARXIV-V12-Q-B1:2606.20746v1,arxiv_id,REC-03470
DE-03462,ARX:FORMAL-ARXIV-V12-Q-D1:2606.18890v1,ARX:FORMAL-ARXIV-V12-Q-A1:2606.18890v1,arxiv_id,REC-02688
DE-03463,ARX:FORMAL-ARXIV-V12-Q-D1:2606.18671v1,ARX:FORMAL-ARXIV-V12-Q-A1:2606.18671v1,arxiv_id,REC-02689
DE-03464,ARX:FORMAL-ARXIV-V12-Q-D1:2606.18550v1,ARX:FORMAL-ARXIV-V12-Q-B1:2606.18550v1,arxiv_id,REC-03473
DE-03465,ARX:FORMAL-ARXIV-V12-Q-D1:2606.20724v2,ARX:FORMAL-ARXIV-V12-Q-A1:2606.20724v2,arxiv_id,REC-02690
DE-03466,ARX:FORMAL-ARXIV-V12-Q-D1:2606.18448v1,GS:GS-A1-01-015,arxiv_id,REC-00015
DE-03467,ARX:FORMAL-ARXIV-V12-Q-D1:2606.18356v1,GS:GS-C3-02-015,arxiv_id,REC-01975
DE-03468,ARX:FORMAL-ARXIV-V12-Q-D1:2606.18142v4,ARX:FORMAL-ARXIV-V12-Q-C3:2606.18142v4,arxiv_id,REC-05924
DE-03469,ARX:FORMAL-ARXIV-V12-Q-D1:2608.00009v1,ARX:FORMAL-ARXIV-V12-Q-C1:2608.00009v1,arxiv_id,REC-04346
DE-03470,ARX:FORMAL-ARXIV-V12-Q-D1:2606.17573v1,ARX:FORMAL-ARXIV-V12-Q-C3:2606.17573v1,arxiv_id,REC-05926
DE-03471,ARX:FORMAL-ARXIV-V12-Q-D1:2606.17467v2,ARX:FORMAL-ARXIV-V12-Q-B1:2606.17467v2,arxiv_id,REC-03474
DE-03472,ARX:FORMAL-ARXIV-V12-Q-D1:2606.17368v1,ARX:FORMAL-ARXIV-V12-Q-A2S:2606.17368v1,arxiv_id,REC-03288
DE-03473,ARX:FORMAL-ARXIV-V12-Q-D1:2606.17321v1,ARX:FORMAL-ARXIV-V12-Q-A1:2606.17321v1,arxiv_id,REC-02692
DE-03474,ARX:FORMAL-ARXIV-V12-Q-D1:2606.16774v1,GS:GS-A2S-03-076,arxiv_id,REC-00674
DE-03475,ARX:FORMAL-ARXIV-V12-Q-D1:2606.16465v2,ARX:FORMAL-ARXIV-V12-Q-C3:2606.16465v2,arxiv_id,REC-05931
DE-03476,ARX:FORMAL-ARXIV-V12-Q-D1:2606.16326v2,ARX:FORMAL-ARXIV-V12-Q-C3:2606.16326v2,arxiv_id,REC-05932
DE-03477,ARX:FORMAL-ARXIV-V12-Q-D1:2606.15242v1,ARX:FORMAL-ARXIV-V12-Q-B3:2606.15242v1,arxiv_id,REC-03861
DE-03478,ARX:FORMAL-ARXIV-V12-Q-D1:2606.13884v1,GS:GS-C3-03-008,arxiv_id,REC-02009
DE-03479,ARX:FORMAL-ARXIV-V12-Q-D1:2606.13663v1,ARX:FORMAL-ARXIV-V12-Q-B3:2606.13663v1,arxiv_id,REC-03863
DE-03480,ARX:FORMAL-ARXIV-V12-Q-D1:2606.13385v2,ARX:FORMAL-ARXIV-V12-Q-A1:2606.13385v2,arxiv_id,REC-02696
DE-03481,ARX:FORMAL-ARXIV-V12-Q-D1:2606.12797v1,GS:GS-C1-02-088,arxiv_id,REC-01658
DE-03482,ARX:FORMAL-ARXIV-V12-Q-D1:2606.12737v1,ARX:FORMAL-ARXIV-V12-Q-B1:2606.12737v1,arxiv_id,REC-03482
DE-03483,ARX:FORMAL-ARXIV-V12-Q-D1:2606.12703v1,GS:GS-C1-01-034,arxiv_id,REC-01582
DE-03484,ARX:FORMAL-ARXIV-V12-Q-D1:2606.12341v1,ARX:FORMAL-ARXIV-V12-Q-B3:2606.12341v1,arxiv_id,REC-03864
DE-03485,ARX:FORMAL-ARXIV-V12-Q-D1:2606.12320v1,ARX:FORMAL-ARXIV-V12-Q-C3:2606.12320v1,arxiv_id,REC-05951
DE-03486,ARX:FORMAL-ARXIV-V12-Q-D1:2606.11909v1,ARX:FORMAL-ARXIV-V12-Q-C2:2606.11909v1,arxiv_id,REC-05012
DE-03487,ARX:FORMAL-ARXIV-V12-Q-D1:2606.11897v1,ARX:FORMAL-ARXIV-V12-Q-C3:2606.11897v1,arxiv_id,REC-05953
DE-03488,ARX:FORMAL-ARXIV-V12-Q-D1:2606.11869v1,ARX:FORMAL-ARXIV-V12-Q-B4:2606.11869v1,arxiv_id,REC-04145
DE-03489,ARX:FORMAL-ARXIV-V12-Q-D1:2606.12485v1,ARX:FORMAL-ARXIV-V12-Q-A1:2606.12485v1,arxiv_id,REC-02700
DE-03490,ARX:FORMAL-ARXIV-V12-Q-D1:2606.11671v1,ARX:FORMAL-ARXIV-V12-Q-B3:2606.11671v1,arxiv_id,REC-03866
DE-03491,ARX:FORMAL-ARXIV-V12-Q-D1:2606.11176v1,ARX:FORMAL-ARXIV-V12-Q-A1:2606.11176v1,arxiv_id,REC-02701
DE-03492,ARX:FORMAL-ARXIV-V12-Q-D1:2606.11078v1,GS:GS-D1-02-062,arxiv_id,REC-02078
DE-03493,ARX:FORMAL-ARXIV-V12-Q-D1:2606.10749v1,GS:GS-A1-05-083,arxiv_id,REC-00406
DE-03494,ARX:FORMAL-ARXIV-V12-Q-D1:2606.10525v1,GS:GS-B1-02-039,arxiv_id,REC-01044
DE-03495,ARX:FORMAL-ARXIV-V12-Q-D1:2606.10484v1,GS:GS-B3-02-061,arxiv_id,REC-01281
DE-03496,ARX:FORMAL-ARXIV-V12-Q-D1:2606.09692v1,GS:GS-C3-04-019,arxiv_id,REC-02036
DE-03497,ARX:FORMAL-ARXIV-V12-Q-D1:2606.09549v1,GS:GS-C3-02-011,arxiv_id,REC-01971
DE-03498,ARX:FORMAL-ARXIV-V12-Q-D1:2606.09447v1,ARX:FORMAL-ARXIV-V12-Q-A1:2606.09447v1,arxiv_id,REC-02704
DE-03499,ARX:FORMAL-ARXIV-V12-Q-D1:2606.09426v3,GS:GS-A1-01-066,arxiv_id,REC-00063
DE-03500,ARX:FORMAL-ARXIV-V12-Q-D1:2606.09315v1,ARX:FORMAL-ARXIV-V12-Q-B1:2606.09315v1,arxiv_id,REC-03485
DE-03501,ARX:FORMAL-ARXIV-V12-Q-D1:2606.09084v1,ARX:FORMAL-ARXIV-V12-Q-C1:2606.09084v1,arxiv_id,REC-04360
DE-03502,ARX:FORMAL-ARXIV-V12-Q-D1:2606.09071v1,GS:GS-D3-02-092,arxiv_id,REC-02255
DE-03503,ARX:FORMAL-ARXIV-V12-Q-D1:2606.08531v2,ARX:FORMAL-ARXIV-V12-Q-C3:2606.08531v2,arxiv_id,REC-05965
DE-03504,ARX:FORMAL-ARXIV-V12-Q-D1:2606.08093v1,ARX:FORMAL-ARXIV-V12-Q-C3:2606.08093v1,arxiv_id,REC-05968
DE-03505,ARX:FORMAL-ARXIV-V12-Q-D1:2606.07943v2,GS:GS-B3-02-029,arxiv_id,REC-01254
DE-03506,ARX:FORMAL-ARXIV-V12-Q-D1:2606.07846v1,GS:GS-D3-02-063,arxiv_id,REC-02239
DE-03507,ARX:FORMAL-ARXIV-V12-Q-D1:2606.09900v1,ARX:FORMAL-ARXIV-V12-Q-C1:2606.09900v1,arxiv_id,REC-04362
DE-03508,ARX:FORMAL-ARXIV-V12-Q-D1:2606.07119v1,ARX:FORMAL-ARXIV-V12-Q-C3:2606.07119v1,arxiv_id,REC-05970
DE-03509,ARX:FORMAL-ARXIV-V12-Q-D1:2606.07027v2,ARX:FORMAL-ARXIV-V12-Q-A1:2606.07027v2,arxiv_id,REC-02706
DE-03510,ARX:FORMAL-ARXIV-V12-Q-D1:2606.06711v1,ARX:FORMAL-ARXIV-V12-Q-C3:2606.06711v1,arxiv_id,REC-05973
DE-03511,ARX:FORMAL-ARXIV-V12-Q-D1:2606.06387v1,GS:GS-B3-03-013,arxiv_id,REC-01319
DE-03512,ARX:FORMAL-ARXIV-V12-Q-D1:2606.06240v1,GS:GS-C1-03-065,arxiv_id,REC-01697
DE-03513,ARX:FORMAL-ARXIV-V12-Q-D1:2606.06560v1,ARX:FORMAL-ARXIV-V12-Q-A1:2606.06560v1,arxiv_id,REC-02709
DE-03514,ARX:FORMAL-ARXIV-V12-Q-D1:2606.06136v1,ARX:FORMAL-ARXIV-V12-Q-C2:2606.06136v1,arxiv_id,REC-05025
DE-03515,ARX:FORMAL-ARXIV-V12-Q-D1:2606.05679v1,ARX:FORMAL-ARXIV-V12-Q-B3:2606.05679v1,arxiv_id,REC-03871
DE-03516,ARX:FORMAL-ARXIV-V12-Q-D1:2606.05608v2,ARX:FORMAL-ARXIV-V12-Q-C3:2606.05608v2,arxiv_id,REC-05975
DE-03517,ARX:FORMAL-ARXIV-V12-Q-D1:2606.05405v2,GS:GS-A3-01-069,arxiv_id,REC-00898
DE-03518,ARX:FORMAL-ARXIV-V12-Q-D1:2606.05256v1,ARX:FORMAL-ARXIV-V12-Q-C3:2606.05256v1,arxiv_id,REC-05977
DE-03519,ARX:FORMAL-ARXIV-V12-Q-D1:2606.04990v4,GS:GS-D2-02-039,arxiv_id,REC-02112
DE-03520,ARX:FORMAL-ARXIV-V12-Q-D1:2606.04903v1,GS:GS-C3-01-047,arxiv_id,REC-01936
DE-03521,ARX:FORMAL-ARXIV-V12-Q-D1:2606.04602v3,ARX:FORMAL-ARXIV-V12-Q-C3:2606.04602v3,arxiv_id,REC-05979
DE-03522,ARX:FORMAL-ARXIV-V12-Q-D1:2606.05233v1,GS:GS-A1-02-040,arxiv_id,REC-00115
DE-03523,ARX:FORMAL-ARXIV-V12-Q-D1:2606.03895v2,GS:GS-A1-04-040,arxiv_id,REC-00272
DE-03524,ARX:FORMAL-ARXIV-V12-Q-D1:2606.04037v2,ARX:FORMAL-ARXIV-V12-Q-C3:2606.04037v2,arxiv_id,REC-05990
DE-03525,ARX:FORMAL-ARXIV-V12-Q-D1:2606.03024v2,GS:GS-C3-03-050,arxiv_id,REC-02019
DE-03526,ARX:FORMAL-ARXIV-V12-Q-D1:2606.02965v2,ARX:FORMAL-ARXIV-V12-Q-C3:2606.02965v2,arxiv_id,REC-05992
DE-03527,ARX:FORMAL-ARXIV-V12-Q-D1:2606.02497v1,ARX:FORMAL-ARXIV-V12-Q-C1:2606.02497v1,arxiv_id,REC-04374
DE-03528,ARX:FORMAL-ARXIV-V12-Q-D1:2606.02372v1,ARX:FORMAL-ARXIV-V12-Q-A2W:2606.02372v1,arxiv_id,REC-03339
DE-03529,ARX:FORMAL-ARXIV-V12-Q-D1:2606.02302v1,GS:GS-B3-02-069,arxiv_id,REC-01289
DE-03530,ARX:FORMAL-ARXIV-V12-Q-D1:2606.01991v1,ARX:FORMAL-ARXIV-V12-Q-B4:2606.01991v1,arxiv_id,REC-04156
DE-03531,ARX:FORMAL-ARXIV-V12-Q-D1:2606.01722v1,ARX:FORMAL-ARXIV-V12-Q-C1:2606.01722v1,arxiv_id,REC-04376
DE-03532,ARX:FORMAL-ARXIV-V12-Q-D1:2606.01663v1,ARX:FORMAL-ARXIV-V12-Q-C2:2606.01663v1,arxiv_id,REC-05037
DE-03533,ARX:FORMAL-ARXIV-V12-Q-D1:2606.01508v1,ARX:FORMAL-ARXIV-V12-Q-C3:2606.01508v1,arxiv_id,REC-06000
DE-03534,ARX:FORMAL-ARXIV-V12-Q-D1:2606.01166v2,GS:GS-A1-01-072,arxiv_id,REC-00069
DE-03535,ARX:FORMAL-ARXIV-V12-Q-D1:2606.01139v3,ARX:FORMAL-ARXIV-V12-Q-C3:2606.01139v3,arxiv_id,REC-06002
DE-03536,ARX:FORMAL-ARXIV-V12-Q-D1:2606.00962v1,ARX:FORMAL-ARXIV-V12-Q-B4:2606.00962v1,arxiv_id,REC-04157
DE-03537,ARX:FORMAL-ARXIV-V12-Q-D1:2606.00914v1,GS:GS-C3-03-084,arxiv_id,REC-02030
DE-03538,ARX:FORMAL-ARXIV-V12-Q-D1:2607.24759v1,ARX:FORMAL-ARXIV-V12-Q-C3:2607.24759v1,arxiv_id,REC-06010
DE-03539,ARX:FORMAL-ARXIV-V12-Q-D1:2605.30771v1,ARX:FORMAL-ARXIV-V12-Q-C1:2605.30771v1,arxiv_id,REC-04384
DE-03540,ARX:FORMAL-ARXIV-V12-Q-D1:2605.30604v1,GS:GS-C3-01-094,arxiv_id,REC-01957
DE-03541,ARX:FORMAL-ARXIV-V12-Q-D1:2605.30534v1,ARX:FORMAL-ARXIV-V12-Q-B1:2605.30534v1,arxiv_id,REC-03499
DE-03542,ARX:FORMAL-ARXIV-V12-Q-D1:2605.29955v1,ARX:FORMAL-ARXIV-V12-Q-B3:2605.29955v1,arxiv_id,REC-03879
DE-03543,ARX:FORMAL-ARXIV-V12-Q-D1:2605.29324v1,ARX:FORMAL-ARXIV-V12-Q-A1:2605.29324v1,arxiv_id,REC-02726
DE-03544,ARX:FORMAL-ARXIV-V12-Q-D1:2605.28258v1,GS:GS-A1-03-031,arxiv_id,REC-00185
DE-03545,ARX:FORMAL-ARXIV-V12-Q-D1:2605.28201v1,GS:GS-B3-02-067,arxiv_id,REC-01287
DE-03546,ARX:FORMAL-ARXIV-V12-Q-D1:2605.28114v2,ARX:FORMAL-ARXIV-V12-Q-C2:2605.28114v2,arxiv_id,REC-05050
DE-03547,ARX:FORMAL-ARXIV-V12-Q-D1:2605.27922v1,ARX:FORMAL-ARXIV-V12-Q-C3:2605.27922v1,arxiv_id,REC-06019
DE-03548,ARX:FORMAL-ARXIV-V12-Q-D1:2605.27766v1,ARX:FORMAL-ARXIV-V12-Q-C2:2605.27766v1,arxiv_id,REC-05051
DE-03549,ARX:FORMAL-ARXIV-V12-Q-D1:2605.27761v1,GS:GS-A3-02-037,arxiv_id,REC-00913
DE-03550,ARX:FORMAL-ARXIV-V12-Q-D1:2605.26508v1,ARX:FORMAL-ARXIV-V12-Q-C3:2605.26508v1,arxiv_id,REC-06028
DE-03551,ARX:FORMAL-ARXIV-V12-Q-D1:2605.26497v1,GS:GS-C3-01-008,arxiv_id,REC-01914
DE-03552,ARX:FORMAL-ARXIV-V12-Q-D1:2605.26298v1,ARX:FORMAL-ARXIV-V12-Q-C3:2605.26298v1,arxiv_id,REC-06029
DE-03553,ARX:FORMAL-ARXIV-V12-Q-D1:2605.26269v1,GS:GS-B1-02-040,arxiv_id,REC-01045
DE-03554,ARX:FORMAL-ARXIV-V12-Q-D1:2605.26114v2,GS:GS-A3-02-098,arxiv_id,REC-00938
DE-03555,ARX:FORMAL-ARXIV-V12-Q-D1:2605.26079v2,ARX:FORMAL-ARXIV-V12-Q-C3:2605.26079v2,arxiv_id,REC-06031
DE-03556,ARX:FORMAL-ARXIV-V12-Q-D1:2605.25869v1,ARX:FORMAL-ARXIV-V12-Q-C1:2605.25869v1,arxiv_id,REC-04389
DE-03557,ARX:FORMAL-ARXIV-V12-Q-D1:2605.25815v4,ARX:FORMAL-ARXIV-V12-Q-C2:2605.25815v4,arxiv_id,REC-05060
DE-03558,ARX:FORMAL-ARXIV-V12-Q-D1:2605.25632v1,ARX:FORMAL-ARXIV-V12-Q-C3:2605.25632v1,arxiv_id,REC-06032
DE-03559,ARX:FORMAL-ARXIV-V12-Q-D1:2605.25624v2,GS:GS-A1-01-092,arxiv_id,REC-00087
DE-03560,ARX:FORMAL-ARXIV-V12-Q-D1:2605.26186v2,GS:GS-D3-02-039,arxiv_id,REC-02227
DE-03561,ARX:FORMAL-ARXIV-V12-Q-D1:2605.25489v1,ARX:FORMAL-ARXIV-V12-Q-B3:2605.25489v1,arxiv_id,REC-03883
DE-03562,ARX:FORMAL-ARXIV-V12-Q-D1:2605.25376v2,ARX:FORMAL-ARXIV-V12-Q-C3:2605.25376v2,arxiv_id,REC-06035
DE-03563,ARX:FORMAL-ARXIV-V12-Q-D1:2605.25233v1,ARX:FORMAL-ARXIV-V12-Q-C2:2605.25233v1,arxiv_id,REC-05064
DE-03564,ARX:FORMAL-ARXIV-V12-Q-D1:2605.25160v2,GS:GS-A3-02-075,arxiv_id,REC-00930
DE-03565,ARX:FORMAL-ARXIV-V12-Q-D1:2605.24941v1,ARX:FORMAL-ARXIV-V12-Q-B4:2605.24941v1,arxiv_id,REC-04158
DE-03566,ARX:FORMAL-ARXIV-V12-Q-D1:2605.26154v1,GS:GS-C1-01-022,arxiv_id,REC-01573
DE-03567,ARX:FORMAL-ARXIV-V12-Q-D1:2605.24785v2,ARX:FORMAL-ARXIV-V12-Q-A1:2605.24785v2,arxiv_id,REC-02733
DE-03568,ARX:FORMAL-ARXIV-V12-Q-D1:2605.24462v1,ARX:FORMAL-ARXIV-V12-Q-C3:2605.24462v1,arxiv_id,REC-06039
DE-03569,ARX:FORMAL-ARXIV-V12-Q-D1:2606.00088v1,ARX:FORMAL-ARXIV-V12-Q-B3:2606.00088v1,arxiv_id,REC-03884
DE-03570,ARX:FORMAL-ARXIV-V12-Q-D1:2605.24248v2,GS:GS-B4-01-052,arxiv_id,REC-01405
DE-03571,ARX:FORMAL-ARXIV-V12-Q-D1:2605.23723v1,GS:GS-C1-01-026,arxiv_id,REC-01577
DE-03572,ARX:FORMAL-ARXIV-V12-Q-D1:2605.24069v1,ARX:FORMAL-ARXIV-V12-Q-B3:2605.24069v1,arxiv_id,REC-03885
DE-03573,ARX:FORMAL-ARXIV-V12-Q-D1:2605.21404v1,GS:GS-A2W-01-100,arxiv_id,REC-00752
DE-03574,ARX:FORMAL-ARXIV-V12-Q-D1:2605.21392v2,GS:GS-B1-01-075,arxiv_id,REC-00989
DE-03575,ARX:FORMAL-ARXIV-V12-Q-D1:2605.20833v1,GS:GS-A2W-01-026,arxiv_id,REC-00710
DE-03576,ARX:FORMAL-ARXIV-V12-Q-D1:2605.20734v1,ARX:FORMAL-ARXIV-V12-Q-C3:2605.20734v1,arxiv_id,REC-06054
DE-03577,ARX:FORMAL-ARXIV-V12-Q-D1:2605.20704v1,ARX:FORMAL-ARXIV-V12-Q-B1:2605.20704v1,arxiv_id,REC-03505
DE-03578,ARX:FORMAL-ARXIV-V12-Q-D1:2605.20530v2,GS:GS-B1-01-091,arxiv_id,REC-01000
DE-03579,ARX:FORMAL-ARXIV-V12-Q-D1:2605.20456v1,ARX:FORMAL-ARXIV-V12-Q-C3:2605.20456v1,arxiv_id,REC-06055
DE-03580,ARX:FORMAL-ARXIV-V12-Q-D1:2607.28636v1,ARX:FORMAL-ARXIV-V12-Q-C3:2607.28636v1,arxiv_id,REC-06057
DE-03581,ARX:FORMAL-ARXIV-V12-Q-D1:2605.19769v1,GS:GS-A1-01-036,arxiv_id,REC-00035
DE-03582,ARX:FORMAL-ARXIV-V12-Q-D1:2605.19362v2,GS:GS-C3-01-081,arxiv_id,REC-01952
DE-03583,ARX:FORMAL-ARXIV-V12-Q-D1:2605.18747v1,GS:GS-A1-04-047,arxiv_id,REC-00278
DE-03584,ARX:FORMAL-ARXIV-V12-Q-D1:2605.18930v1,GS:GS-C1-01-082,arxiv_id,REC-01621
DE-03585,ARX:FORMAL-ARXIV-V12-Q-D1:2605.17830v1,GS:GS-C1-01-066,arxiv_id,REC-01610
DE-03586,ARX:FORMAL-ARXIV-V12-Q-D1:2605.17453v1,ARX:FORMAL-ARXIV-V12-Q-B3:2605.17453v1,arxiv_id,REC-03890
DE-03587,ARX:FORMAL-ARXIV-V12-Q-D1:2605.17380v1,ARX:FORMAL-ARXIV-V12-Q-B1:2605.17380v1,arxiv_id,REC-03511
DE-03588,ARX:FORMAL-ARXIV-V12-Q-D1:2605.17324v1,ARX:FORMAL-ARXIV-V12-Q-B1:2605.17324v1,arxiv_id,REC-03512
DE-03589,ARX:FORMAL-ARXIV-V12-Q-D1:2605.17281v1,GS:GS-D3-02-067,arxiv_id,REC-02242
DE-03590,ARX:FORMAL-ARXIV-V12-Q-D1:2605.16565v2,GS:GS-A1-05-033,arxiv_id,REC-00360
DE-03591,ARX:FORMAL-ARXIV-V12-Q-D1:2607.18257v1,ARX:FORMAL-ARXIV-V12-Q-C3:2607.18257v1,arxiv_id,REC-06072
DE-03592,ARX:FORMAL-ARXIV-V12-Q-D1:2605.15040v3,GS:GS-D1-02-097,arxiv_id,REC-02082
DE-03593,ARX:FORMAL-ARXIV-V12-Q-D1:2605.18859v2,GS:GS-D3-02-072,arxiv_id,REC-02245
DE-03594,ARX:FORMAL-ARXIV-V12-Q-D1:2605.14460v1,GS:GS-B3-03-025,arxiv_id,REC-01324
DE-03595,ARX:FORMAL-ARXIV-V12-Q-D1:2605.14421v1,GS:GS-C1-01-058,arxiv_id,REC-01602
DE-03596,ARX:FORMAL-ARXIV-V12-Q-D1:2605.14290v1,ARX:FORMAL-ARXIV-V12-Q-A1:2605.14290v1,arxiv_id,REC-02747
DE-03597,ARX:FORMAL-ARXIV-V12-Q-D1:2605.14271v2,GS:GS-C3-02-013,arxiv_id,REC-01973
DE-03598,ARX:FORMAL-ARXIV-V12-Q-D1:2605.15228v1,ARX:FORMAL-ARXIV-V12-Q-C2:2605.15228v1,arxiv_id,REC-05085
DE-03599,ARX:FORMAL-ARXIV-V12-Q-D1:2605.13940v1,ARX:FORMAL-ARXIV-V12-Q-B3:2605.13940v1,arxiv_id,REC-03897
DE-03600,ARX:FORMAL-ARXIV-V12-Q-D1:2605.15226v1,GS:GS-A2S-03-050,arxiv_id,REC-00651
DE-03601,ARX:FORMAL-ARXIV-V12-Q-D1:2605.13471v1,ARX:FORMAL-ARXIV-V12-Q-B1:2605.13471v1,arxiv_id,REC-03514
DE-03602,ARX:FORMAL-ARXIV-V12-Q-D1:2605.22842v1,GS:GS-C1-01-014,arxiv_id,REC-01566
DE-03603,ARX:FORMAL-ARXIV-V12-Q-D1:2605.12673v1,GS:GS-A2W-03-020,arxiv_id,REC-00824
DE-03604,ARX:FORMAL-ARXIV-V12-Q-D1:2605.12364v1,ARX:FORMAL-ARXIV-V12-Q-C3:2605.12364v1,arxiv_id,REC-06080
DE-03605,ARX:FORMAL-ARXIV-V12-Q-D1:2605.12105v1,ARX:FORMAL-ARXIV-V12-Q-C3:2605.12105v1,arxiv_id,REC-06081
DE-03606,ARX:FORMAL-ARXIV-V12-Q-D1:2605.12078v1,ARX:FORMAL-ARXIV-V12-Q-C3:2605.12078v1,arxiv_id,REC-06082
DE-03607,ARX:FORMAL-ARXIV-V12-Q-D1:2605.11891v1,GS:GS-B1-03-015,arxiv_id,REC-01108
DE-03608,ARX:FORMAL-ARXIV-V12-Q-D1:2605.11868v1,ARX:FORMAL-ARXIV-V12-Q-B1:2605.11868v1,arxiv_id,REC-03518
DE-03609,ARX:FORMAL-ARXIV-V12-Q-D1:2605.11789v1,ARX:FORMAL-ARXIV-V12-Q-C2:2605.11789v1,arxiv_id,REC-05092
DE-03610,ARX:FORMAL-ARXIV-V12-Q-D1:2605.11770v1,ARX:FORMAL-ARXIV-V12-Q-B3:2605.11770v1,arxiv_id,REC-03901
DE-03611,ARX:FORMAL-ARXIV-V12-Q-D1:2605.11633v1,ARX:FORMAL-ARXIV-V12-Q-C3:2605.11633v1,arxiv_id,REC-06086
DE-03612,ARX:FORMAL-ARXIV-V12-Q-D1:2605.11487v1,ARX:FORMAL-ARXIV-V12-Q-C3:2605.11487v1,arxiv_id,REC-06088
DE-03613,ARX:FORMAL-ARXIV-V12-Q-D1:2605.10888v2,ARX:FORMAL-ARXIV-V12-Q-C3:2605.10888v2,arxiv_id,REC-06090
DE-03614,ARX:FORMAL-ARXIV-V12-Q-D1:2605.10779v1,GS:GS-D3-02-046,arxiv_id,REC-02230
DE-03615,ARX:FORMAL-ARXIV-V12-Q-D1:2605.10579v2,ARX:FORMAL-ARXIV-V12-Q-C3:2605.10579v2,arxiv_id,REC-06093
DE-03616,ARX:FORMAL-ARXIV-V12-Q-D1:2605.10555v1,ARX:FORMAL-ARXIV-V12-Q-C3:2605.10555v1,arxiv_id,REC-06094
DE-03617,ARX:FORMAL-ARXIV-V12-Q-D1:2605.11047v2,ARX:FORMAL-ARXIV-V12-Q-B1:2605.11047v2,arxiv_id,REC-03521
DE-03618,ARX:FORMAL-ARXIV-V12-Q-D1:2605.10347v2,ARX:FORMAL-ARXIV-V12-Q-A1:2605.10347v2,arxiv_id,REC-02754
DE-03619,ARX:FORMAL-ARXIV-V12-Q-D1:2605.11039v1,GS:GS-B1-01-063,arxiv_id,REC-00983
DE-03620,ARX:FORMAL-ARXIV-V12-Q-D1:2605.09817v2,ARX:FORMAL-ARXIV-V12-Q-B4:2605.09817v2,arxiv_id,REC-04168
DE-03621,ARX:FORMAL-ARXIV-V12-Q-D1:2605.11032v1,GS:GS-C1-01-052,arxiv_id,REC-01596
DE-03622,ARX:FORMAL-ARXIV-V12-Q-D1:2605.09721v1,GS:GS-C3-03-036,arxiv_id,REC-02014
DE-03623,ARX:FORMAL-ARXIV-V12-Q-D1:2605.09341v2,ARX:FORMAL-ARXIV-V12-Q-C2:2605.09341v2,arxiv_id,REC-05099
DE-03624,ARX:FORMAL-ARXIV-V12-Q-D1:2605.08922v1,ARX:FORMAL-ARXIV-V12-Q-C3:2605.08922v1,arxiv_id,REC-06101
DE-03625,ARX:FORMAL-ARXIV-V12-Q-D1:2605.08876v3,GS:GS-A1-04-074,arxiv_id,REC-00303
DE-03626,ARX:FORMAL-ARXIV-V12-Q-D1:2605.08828v2,ARX:FORMAL-ARXIV-V12-Q-B1:2605.08828v2,arxiv_id,REC-03523
DE-03627,ARX:FORMAL-ARXIV-V12-Q-D1:2605.08763v1,ARX:FORMAL-ARXIV-V12-Q-C2:2605.08763v1,arxiv_id,REC-05103
DE-03628,ARX:FORMAL-ARXIV-V12-Q-D1:2605.07728v1,ARX:FORMAL-ARXIV-V12-Q-C3:2605.07728v1,arxiv_id,REC-06106
DE-03629,ARX:FORMAL-ARXIV-V12-Q-D1:2607.00011v2,ARX:FORMAL-ARXIV-V12-Q-B3:2607.00011v2,arxiv_id,REC-03904
DE-03630,ARX:FORMAL-ARXIV-V12-Q-D1:2605.07247v1,GS:GS-A2W-01-073,arxiv_id,REC-00729
DE-03631,ARX:FORMAL-ARXIV-V12-Q-D1:2605.08261v1,GS:GS-D1-01-077,arxiv_id,REC-02069
DE-03632,ARX:FORMAL-ARXIV-V12-Q-D1:2605.08257v1,ARX:FORMAL-ARXIV-V12-Q-B1:2605.08257v1,arxiv_id,REC-03526
DE-03633,ARX:FORMAL-ARXIV-V12-Q-D1:2605.06933v2,ARX:FORMAL-ARXIV-V12-Q-C2:2605.06933v2,arxiv_id,REC-05107
DE-03634,ARX:FORMAL-ARXIV-V12-Q-D1:2605.06812v1,GS:GS-C1-02-056,arxiv_id,REC-01644
DE-03635,ARX:FORMAL-ARXIV-V12-Q-D1:2605.06490v1,ARX:FORMAL-ARXIV-V12-Q-C3:2605.06490v1,arxiv_id,REC-06112
DE-03636,ARX:FORMAL-ARXIV-V12-Q-D1:2605.06455v1,GS:GS-A1-05-051,arxiv_id,REC-00376
DE-03637,ARX:FORMAL-ARXIV-V12-Q-D1:2605.06393v1,GS:GS-B1-01-073,arxiv_id,REC-00988
DE-03638,ARX:FORMAL-ARXIV-V12-Q-D1:2605.06738v2,ARX:FORMAL-ARXIV-V12-Q-C3:2605.06738v2,arxiv_id,REC-06115
DE-03639,ARX:FORMAL-ARXIV-V12-Q-D1:2605.06205v1,ARX:FORMAL-ARXIV-V12-Q-B3:2605.06205v1,arxiv_id,REC-03905
DE-03640,ARX:FORMAL-ARXIV-V12-Q-D1:2605.06731v1,ARX:FORMAL-ARXIV-V12-Q-C1:2605.06731v1,arxiv_id,REC-04411
DE-03641,ARX:FORMAL-ARXIV-V12-Q-D1:2605.05000v2,ARX:FORMAL-ARXIV-V12-Q-B4:2605.05000v2,arxiv_id,REC-04169
DE-03642,ARX:FORMAL-ARXIV-V12-Q-D1:2605.04785v1,ARX:FORMAL-ARXIV-V12-Q-B4:2605.04785v1,arxiv_id,REC-04170
DE-03643,ARX:FORMAL-ARXIV-V12-Q-D1:2605.05262v1,ARX:FORMAL-ARXIV-V12-Q-A1:2605.05262v1,arxiv_id,REC-02762
DE-03644,ARX:FORMAL-ARXIV-V12-Q-D1:2605.03378v2,GS:GS-B1-02-069,arxiv_id,REC-01071
DE-03645,ARX:FORMAL-ARXIV-V12-Q-D1:2605.05247v1,ARX:FORMAL-ARXIV-V12-Q-B4:2605.05247v1,arxiv_id,REC-04171
DE-03646,ARX:FORMAL-ARXIV-V12-Q-D1:2605.03213v2,GS:GS-C1-01-087,arxiv_id,REC-01626
DE-03647,ARX:FORMAL-ARXIV-V12-Q-D1:2605.02812v1,GS:GS-C1-02-076,arxiv_id,REC-01651
DE-03648,ARX:FORMAL-ARXIV-V12-Q-D1:2605.02187v2,ARX:FORMAL-ARXIV-V12-Q-C3:2605.02187v2,arxiv_id,REC-06127
DE-03649,ARX:FORMAL-ARXIV-V12-Q-D1:2605.01970v3,GS:GS-C1-01-059,arxiv_id,REC-01603
DE-03650,ARX:FORMAL-ARXIV-V12-Q-D1:2605.01386v2,ARX:FORMAL-ARXIV-V12-Q-C1:2605.01386v2,arxiv_id,REC-04421
DE-03651,ARX:FORMAL-ARXIV-V12-Q-D1:2607.00007v2,GS:GS-A1-05-055,arxiv_id,REC-00380
DE-03652,ARX:FORMAL-ARXIV-V12-Q-D1:2605.01147v1,ARX:FORMAL-ARXIV-V12-Q-B3:2605.01147v1,arxiv_id,REC-03910
DE-03653,ARX:FORMAL-ARXIV-V12-Q-D1:2605.01091v1,ARX:FORMAL-ARXIV-V12-Q-C3:2605.01091v1,arxiv_id,REC-06130
DE-03654,ARX:FORMAL-ARXIV-V12-Q-D1:2604.28157v1,ARX:FORMAL-ARXIV-V12-Q-B1:2604.28157v1,arxiv_id,REC-03532
DE-03655,ARX:FORMAL-ARXIV-V12-Q-D1:2604.28138v1,GS:GS-D3-02-033,arxiv_id,REC-02223
DE-03656,ARX:FORMAL-ARXIV-V12-Q-D1:2605.00073v1,ARX:FORMAL-ARXIV-V12-Q-C3:2605.00073v1,arxiv_id,REC-06135
DE-03657,ARX:FORMAL-ARXIV-V12-Q-D1:2605.00055v1,ARX:FORMAL-ARXIV-V12-Q-C3:2605.00055v1,arxiv_id,REC-06137
DE-03658,ARX:FORMAL-ARXIV-V12-Q-D1:2604.27132v1,ARX:FORMAL-ARXIV-V12-Q-C2:2604.27132v1,arxiv_id,REC-05124
DE-03659,ARX:FORMAL-ARXIV-V12-Q-D1:2604.26653v1,ARX:FORMAL-ARXIV-V12-Q-A1:2604.26653v1,arxiv_id,REC-02773
DE-03660,ARX:FORMAL-ARXIV-V12-Q-D1:2604.26997v1,ARX:FORMAL-ARXIV-V12-Q-C2:2604.26997v1,arxiv_id,REC-05125
DE-03661,ARX:FORMAL-ARXIV-V12-Q-D1:2604.26197v3,ARX:FORMAL-ARXIV-V12-Q-C1:2604.26197v3,arxiv_id,REC-04427
DE-03662,ARX:FORMAL-ARXIV-V12-Q-D1:2604.25684v1,ARX:FORMAL-ARXIV-V12-Q-C3:2604.25684v1,arxiv_id,REC-06142
DE-03663,ARX:FORMAL-ARXIV-V12-Q-D1:2604.25555v1,ARX:FORMAL-ARXIV-V12-Q-B4:2604.25555v1,arxiv_id,REC-04174
DE-03664,ARX:FORMAL-ARXIV-V12-Q-D1:2604.25189v1,GS:GS-C2-02-098,arxiv_id,REC-01869
DE-03665,ARX:FORMAL-ARXIV-V12-Q-D1:2604.25102v1,ARX:FORMAL-ARXIV-V12-Q-B1:2604.25102v1,arxiv_id,REC-03534
DE-03666,ARX:FORMAL-ARXIV-V12-Q-D1:2604.25000v2,ARX:FORMAL-ARXIV-V12-Q-C3:2604.25000v2,arxiv_id,REC-06144
DE-03667,ARX:FORMAL-ARXIV-V12-Q-D1:2604.24955v1,GS:GS-D3-03-064,arxiv_id,REC-02298
DE-03668,ARX:FORMAL-ARXIV-V12-Q-D1:2604.24700v1,ARX:FORMAL-ARXIV-V12-Q-C3:2604.24700v1,arxiv_id,REC-06146
DE-03669,ARX:FORMAL-ARXIV-V12-Q-D1:2604.24118v1,ARX:FORMAL-ARXIV-V12-Q-B1:2604.24118v1,arxiv_id,REC-03535
DE-03670,ARX:FORMAL-ARXIV-V12-Q-D1:2604.23772v3,GS:GS-A1-06-068,arxiv_id,REC-00470
DE-03671,ARX:FORMAL-ARXIV-V12-Q-D1:2606.20570v1,ARX:FORMAL-ARXIV-V12-Q-C1:2606.20570v1,arxiv_id,REC-04433
DE-03672,ARX:FORMAL-ARXIV-V12-Q-D1:2604.23425v1,ARX:FORMAL-ARXIV-V12-Q-C3:2604.23425v1,arxiv_id,REC-06149
DE-03673,ARX:FORMAL-ARXIV-V12-Q-D1:2604.23374v1,GS:GS-C1-02-070,arxiv_id,REC-01648
DE-03674,ARX:FORMAL-ARXIV-V12-Q-D1:2604.23280v1,ARX:FORMAL-ARXIV-V12-Q-C1:2604.23280v1,arxiv_id,REC-04434
DE-03675,ARX:FORMAL-ARXIV-V12-Q-D1:2604.23210v1,ARX:FORMAL-ARXIV-V12-Q-C3:2604.23210v1,arxiv_id,REC-06150
DE-03676,ARX:FORMAL-ARXIV-V12-Q-D1:2604.22888v1,ARX:FORMAL-ARXIV-V12-Q-B1:2604.22888v1,arxiv_id,REC-03538
DE-03677,ARX:FORMAL-ARXIV-V12-Q-D1:2604.21816v1,GS:GS-B4-04-076,arxiv_id,REC-01543
DE-03678,ARX:FORMAL-ARXIV-V12-Q-D1:2604.21477v2,GS:GS-B4-03-025,arxiv_id,REC-01479
DE-03679,ARX:FORMAL-ARXIV-V12-Q-D1:2604.21375v2,ARX:FORMAL-ARXIV-V12-Q-A1:2604.21375v2,arxiv_id,REC-02779
DE-03680,ARX:FORMAL-ARXIV-V12-Q-D1:2604.19633v1,ARX:FORMAL-ARXIV-V12-Q-C3:2604.19633v1,arxiv_id,REC-06160
DE-03681,ARX:FORMAL-ARXIV-V12-Q-D1:2604.19211v1,ARX:FORMAL-ARXIV-V12-Q-C2:2604.19211v1,arxiv_id,REC-05138
DE-03682,ARX:FORMAL-ARXIV-V12-Q-D1:2604.18860v1,GS:GS-B1-01-037,arxiv_id,REC-00968
DE-03683,ARX:FORMAL-ARXIV-V12-Q-D1:2604.18658v1,GS:GS-C1-02-062,arxiv_id,REC-01647
DE-03684,ARX:FORMAL-ARXIV-V12-Q-D1:2604.19818v1,GS:GS-D2-03-089,arxiv_id,REC-02188
DE-03685,ARX:FORMAL-ARXIV-V12-Q-D1:2604.17091v1,GS:GS-A1-05-072,arxiv_id,REC-00396
DE-03686,ARX:FORMAL-ARXIV-V12-Q-D1:2604.16966v1,ARX:FORMAL-ARXIV-V12-Q-B1:2604.16966v1,arxiv_id,REC-03543
DE-03687,ARX:FORMAL-ARXIV-V12-Q-D1:2604.16870v2,GS:GS-B4-04-025,arxiv_id,REC-01528
DE-03688,ARX:FORMAL-ARXIV-V12-Q-D1:2604.16762v1,ARX:FORMAL-ARXIV-V12-Q-B1:2604.16762v1,arxiv_id,REC-03544
DE-03689,ARX:FORMAL-ARXIV-V12-Q-D1:2604.16753v1,ARX:FORMAL-ARXIV-V12-Q-C2:2604.16753v1,arxiv_id,REC-05143
DE-03690,ARX:FORMAL-ARXIV-V12-Q-D1:2604.16548v2,GS:GS-C1-01-021,arxiv_id,REC-01572
DE-03691,ARX:FORMAL-ARXIV-V12-Q-D1:2604.15559v1,ARX:FORMAL-ARXIV-V12-Q-C3:2604.15559v1,arxiv_id,REC-06166
DE-03692,ARX:FORMAL-ARXIV-V12-Q-D1:2604.13996v1,ARX:FORMAL-ARXIV-V12-Q-C3:2604.13996v1,arxiv_id,REC-06172
DE-03693,ARX:FORMAL-ARXIV-V12-Q-D1:2604.13536v2,ARX:FORMAL-ARXIV-V12-Q-C3:2604.13536v2,arxiv_id,REC-06174
DE-03694,ARX:FORMAL-ARXIV-V12-Q-D1:2604.11790v2,GS:GS-B1-02-010,arxiv_id,REC-01015
DE-03695,ARX:FORMAL-ARXIV-V12-Q-D1:2604.11623v3,ARX:FORMAL-ARXIV-V12-Q-C3:2604.11623v3,arxiv_id,REC-06177
DE-03696,ARX:FORMAL-ARXIV-V12-Q-D1:2604.11378v1,GS:GS-D3-02-035,arxiv_id,REC-02224
DE-03697,ARX:FORMAL-ARXIV-V12-Q-D1:2604.11839v2,ARX:FORMAL-ARXIV-V12-Q-B3:2604.11839v2,arxiv_id,REC-03924
DE-03698,ARX:FORMAL-ARXIV-V12-Q-D1:2604.10577v2,GS:GS-A1-01-068,arxiv_id,REC-00065
DE-03699,ARX:FORMAL-ARXIV-V12-Q-D1:2604.10286v1,ARX:FORMAL-ARXIV-V12-Q-B1:2604.10286v1,arxiv_id,REC-03549
DE-03700,ARX:FORMAL-ARXIV-V12-Q-D1:2604.10134v1,ARX:FORMAL-ARXIV-V12-Q-B1:2604.10134v1,arxiv_id,REC-03550
DE-03701,ARX:FORMAL-ARXIV-V12-Q-D1:2605.16282v1,GS:GS-A2W-03-077,arxiv_id,REC-00871
DE-03702,ARX:FORMAL-ARXIV-V12-Q-D1:2604.09937v1,GS:GS-A1-01-024,arxiv_id,REC-00023
DE-03703,ARX:FORMAL-ARXIV-V12-Q-D1:2604.09836v2,ARX:FORMAL-ARXIV-V12-Q-C3:2604.09836v2,arxiv_id,REC-06184
DE-03704,ARX:FORMAL-ARXIV-V12-Q-D1:2604.09443v3,ARX:FORMAL-ARXIV-V12-Q-C3:2604.09443v3,arxiv_id,REC-06185
DE-03705,ARX:FORMAL-ARXIV-V12-Q-D1:2604.08523v2,GS:GS-A1-05-090,arxiv_id,REC-00413
DE-03706,ARX:FORMAL-ARXIV-V12-Q-D1:2604.07927v3,ARX:FORMAL-ARXIV-V12-Q-A1:2604.07927v3,arxiv_id,REC-02794
DE-03707,ARX:FORMAL-ARXIV-V12-Q-D1:2604.07831v2,GS:GS-A1-03-063,arxiv_id,REC-00210
DE-03708,ARX:FORMAL-ARXIV-V12-Q-D1:2604.08608v2,ARX:FORMAL-ARXIV-V12-Q-B3:2604.08608v2,arxiv_id,REC-03926
DE-03709,ARX:FORMAL-ARXIV-V12-Q-D1:2604.07429v1,GS:GS-A2S-02-026,arxiv_id,REC-00543
DE-03710,ARX:FORMAL-ARXIV-V12-Q-D1:2604.06126v1,ARX:FORMAL-ARXIV-V12-Q-A1:2604.06126v1,arxiv_id,REC-02798
DE-03711,ARX:FORMAL-ARXIV-V12-Q-D1:2604.06284v1,ARX:FORMAL-ARXIV-V12-Q-C3:2604.06284v1,arxiv_id,REC-06194
DE-03712,ARX:FORMAL-ARXIV-V12-Q-D1:2604.05477v1,ARX:FORMAL-ARXIV-V12-Q-A1:2604.05477v1,arxiv_id,REC-02799
DE-03713,ARX:FORMAL-ARXIV-V12-Q-D1:2604.05203v1,ARX:FORMAL-ARXIV-V12-Q-C3:2604.05203v1,arxiv_id,REC-06196
DE-03714,ARX:FORMAL-ARXIV-V12-Q-D1:2604.04820v1,ARX:FORMAL-ARXIV-V12-Q-C2:2604.04820v1,arxiv_id,REC-05168
DE-03715,ARX:FORMAL-ARXIV-V12-Q-D1:2604.04759v1,GS:GS-B3-02-040,arxiv_id,REC-01263
DE-03716,ARX:FORMAL-ARXIV-V12-Q-D1:2604.04660v1,ARX:FORMAL-ARXIV-V12-Q-C1:2604.04660v1,arxiv_id,REC-04462
DE-03717,ARX:FORMAL-ARXIV-V12-Q-D1:2604.04522v1,ARX:FORMAL-ARXIV-V12-Q-C2:2604.04522v1,arxiv_id,REC-05170
DE-03718,ARX:FORMAL-ARXIV-V12-Q-D1:2604.04426v1,GS:GS-B3-02-080,arxiv_id,REC-01298
DE-03719,ARX:FORMAL-ARXIV-V12-Q-D1:2604.04265v1,ARX:FORMAL-ARXIV-V12-Q-C2:2604.04265v1,arxiv_id,REC-05172
DE-03720,ARX:FORMAL-ARXIV-V12-Q-D1:2604.04035v1,GS:GS-B3-02-024,arxiv_id,REC-01250
DE-03721,ARX:FORMAL-ARXIV-V12-Q-D1:2604.06240v1,GS:GS-A1-01-017,arxiv_id,REC-00017
DE-03722,ARX:FORMAL-ARXIV-V12-Q-D1:2604.03870v1,GS:GS-B1-02-030,arxiv_id,REC-01035
DE-03723,ARX:FORMAL-ARXIV-V12-Q-D1:2604.03465v2,GS:GS-A1-05-059,arxiv_id,REC-00384
DE-03724,ARX:FORMAL-ARXIV-V12-Q-D1:2604.02947v1,GS:GS-A1-01-043,arxiv_id,REC-00042
DE-03725,ARX:FORMAL-ARXIV-V12-Q-D1:2604.02767v1,GS:GS-C2-02-070,arxiv_id,REC-01845
DE-03726,ARX:FORMAL-ARXIV-V12-Q-D1:2604.01687v3,ARX:FORMAL-ARXIV-V12-Q-C3:2604.01687v3,arxiv_id,REC-06210
DE-03727,ARX:FORMAL-ARXIV-V12-Q-D1:2604.01438v2,GS:GS-B1-03-004,arxiv_id,REC-01100
DE-03728,ARX:FORMAL-ARXIV-V12-Q-D1:2603.29020v1,ARX:FORMAL-ARXIV-V12-Q-A1:2603.29020v1,arxiv_id,REC-02806
DE-03729,ARX:FORMAL-ARXIV-V12-Q-D1:2603.28551v2,GS:GS-A1-01-032,arxiv_id,REC-00031
DE-03730,ARX:FORMAL-ARXIV-V12-Q-D1:2603.28166v2,ARX:FORMAL-ARXIV-V12-Q-B1:2603.28166v2,arxiv_id,REC-03554
DE-03731,ARX:FORMAL-ARXIV-V12-Q-D1:2603.28013v3,ARX:FORMAL-ARXIV-V12-Q-B1:2603.28013v3,arxiv_id,REC-03555
DE-03732,ARX:FORMAL-ARXIV-V12-Q-D1:2604.16394v1,ARX:FORMAL-ARXIV-V12-Q-C3:2604.16394v1,arxiv_id,REC-06223
DE-03733,ARX:FORMAL-ARXIV-V12-Q-D1:2603.26648v3,GS:GS-A2S-02-075,arxiv_id,REC-00584
DE-03734,ARX:FORMAL-ARXIV-V12-Q-D1:2603.25226v1,GS:GS-A1-01-093,arxiv_id,REC-00088
DE-03735,ARX:FORMAL-ARXIV-V12-Q-D1:2603.25097v1,ARX:FORMAL-ARXIV-V12-Q-C1:2603.25097v1,arxiv_id,REC-04476
DE-03736,ARX:FORMAL-ARXIV-V12-Q-D1:2603.24775v1,GS:GS-B4-03-067,arxiv_id,REC-01505
DE-03737,ARX:FORMAL-ARXIV-V12-Q-D1:2603.24747v3,ARX:FORMAL-ARXIV-V12-Q-B4:2603.24747v3,arxiv_id,REC-04190
DE-03738,ARX:FORMAL-ARXIV-V12-Q-D1:2603.24564v1,ARX:FORMAL-ARXIV-V12-Q-C1:2603.24564v1,arxiv_id,REC-04477
DE-03739,ARX:FORMAL-ARXIV-V12-Q-D1:2603.24533v1,ARX:FORMAL-ARXIV-V12-Q-A1:2603.24533v1,arxiv_id,REC-02813
DE-03740,ARX:FORMAL-ARXIV-V12-Q-D1:2603.24216v1,ARX:FORMAL-ARXIV-V12-Q-C3:2603.24216v1,arxiv_id,REC-06232
DE-03741,ARX:FORMAL-ARXIV-V12-Q-D1:2603.23801v1,GS:GS-C2-02-017,arxiv_id,REC-01808
DE-03742,ARX:FORMAL-ARXIV-V12-Q-D1:2603.23791v1,GS:GS-A1-05-039,arxiv_id,REC-00364
DE-03743,ARX:FORMAL-ARXIV-V12-Q-D1:2603.23064v3,ARX:FORMAL-ARXIV-V12-Q-B1:2603.23064v3,arxiv_id,REC-03557
DE-03744,ARX:FORMAL-ARXIV-V12-Q-D1:2603.22928v2,ARX:FORMAL-ARXIV-V12-Q-B1:2603.22928v2,arxiv_id,REC-03558
DE-03745,ARX:FORMAL-ARXIV-V12-Q-D1:2603.22862v2,GS:GS-A2S-01-005,arxiv_id,REC-00502
DE-03746,ARX:FORMAL-ARXIV-V12-Q-D1:2603.22853v1,GS:GS-C2-01-048,arxiv_id,REC-01762
DE-03747,ARX:FORMAL-ARXIV-V12-Q-D1:2603.22386v1,ARX:FORMAL-ARXIV-V12-Q-B3:2603.22386v1,arxiv_id,REC-03938
DE-03748,ARX:FORMAL-ARXIV-V12-Q-D1:2603.21692v2,ARX:FORMAL-ARXIV-V12-Q-C3:2603.21692v2,arxiv_id,REC-06236
DE-03749,ARX:FORMAL-ARXIV-V12-Q-D1:2604.14160v1,ARX:FORMAL-ARXIV-V12-Q-C3:2604.14160v1,arxiv_id,REC-06237
DE-03750,ARX:FORMAL-ARXIV-V12-Q-D1:2603.21019v1,GS:GS-C2-01-086,arxiv_id,REC-01788
DE-03751,ARX:FORMAL-ARXIV-V12-Q-D1:2603.20953v1,ARX:FORMAL-ARXIV-V12-Q-C3:2603.20953v1,arxiv_id,REC-06239
DE-03752,ARX:FORMAL-ARXIV-V12-Q-D1:2603.22341v1,ARX:FORMAL-ARXIV-V12-Q-B4:2603.22341v1,arxiv_id,REC-04193
DE-03753,ARX:FORMAL-ARXIV-V12-Q-D1:2603.20625v1,GS:GS-D3-02-003,arxiv_id,REC-02209
DE-03754,ARX:FORMAL-ARXIV-V12-Q-D1:2603.19974v1,ARX:FORMAL-ARXIV-V12-Q-B1:2603.19974v1,arxiv_id,REC-03562
DE-03755,ARX:FORMAL-ARXIV-V12-Q-D1:2603.19191v1,ARX:FORMAL-ARXIV-V12-Q-A1:2603.19191v1,arxiv_id,REC-02817
DE-03756,ARX:FORMAL-ARXIV-V12-Q-D1:2603.19011v1,ARX:FORMAL-ARXIV-V12-Q-B4:2603.19011v1,arxiv_id,REC-04194
DE-03757,ARX:FORMAL-ARXIV-V12-Q-D1:2603.18894v1,ARX:FORMAL-ARXIV-V12-Q-C3:2603.18894v1,arxiv_id,REC-06246
DE-03758,ARX:FORMAL-ARXIV-V12-Q-D1:2603.18762v1,ARX:FORMAL-ARXIV-V12-Q-A1:2603.18762v1,arxiv_id,REC-02818
DE-03759,ARX:FORMAL-ARXIV-V12-Q-D1:2603.18429v1,ARX:FORMAL-ARXIV-V12-Q-A1:2603.18429v1,arxiv_id,REC-02819
DE-03760,ARX:FORMAL-ARXIV-V12-Q-D1:2603.18245v1,GS:GS-D1-03-002,arxiv_id,REC-02084
DE-03761,ARX:FORMAL-ARXIV-V12-Q-D1:2603.18235v1,ARX:FORMAL-ARXIV-V12-Q-C2:2603.18235v1,arxiv_id,REC-05197
DE-03762,ARX:FORMAL-ARXIV-V12-Q-D1:2603.18096v1,ARX:FORMAL-ARXIV-V12-Q-C2:2603.18096v1,arxiv_id,REC-05198
DE-03763,ARX:FORMAL-ARXIV-V12-Q-D1:2603.17419v1,ARX:FORMAL-ARXIV-V12-Q-B1:2603.17419v1,arxiv_id,REC-03564
DE-03764,ARX:FORMAL-ARXIV-V12-Q-D1:2603.17170v1,GS:GS-C3-02-002,arxiv_id,REC-01963
DE-03765,ARX:FORMAL-ARXIV-V12-Q-D1:2603.16843v1,GS:GS-A2W-02-089,arxiv_id,REC-00807
DE-03766,ARX:FORMAL-ARXIV-V12-Q-D1:2603.16734v1,ARX:FORMAL-ARXIV-V12-Q-C1:2603.16734v1,arxiv_id,REC-04486
DE-03767,ARX:FORMAL-ARXIV-V12-Q-D1:2603.15714v1,GS:GS-B1-01-005,arxiv_id,REC-00957
DE-03768,ARX:FORMAL-ARXIV-V12-Q-D1:2603.15039v1,GS:GS-A3-02-028,arxiv_id,REC-00909
DE-03769,ARX:FORMAL-ARXIV-V12-Q-D1:2603.14588v1,ARX:FORMAL-ARXIV-V12-Q-C1:2603.14588v1,arxiv_id,REC-04494
DE-03770,ARX:FORMAL-ARXIV-V12-Q-D1:2603.14312v1,ARX:FORMAL-ARXIV-V12-Q-C1:2603.14312v1,arxiv_id,REC-04495
DE-03771,ARX:FORMAL-ARXIV-V12-Q-D1:2603.14011v1,ARX:FORMAL-ARXIV-V12-Q-C3:2603.14011v1,arxiv_id,REC-06260
DE-03772,ARX:FORMAL-ARXIV-V12-Q-D1:2603.13791v1,GS:GS-D3-03-041,arxiv_id,REC-02283
DE-03773,ARX:FORMAL-ARXIV-V12-Q-D1:2604.16339v1,ARX:FORMAL-ARXIV-V12-Q-C2:2604.16339v1,arxiv_id,REC-05207
DE-03774,ARX:FORMAL-ARXIV-V12-Q-D1:2603.13026v2,ARX:FORMAL-ARXIV-V12-Q-B1:2603.13026v2,arxiv_id,REC-03566
DE-03775,ARX:FORMAL-ARXIV-V12-Q-D1:2603.12614v1,GS:GS-B3-02-030,arxiv_id,REC-01255
DE-03776,ARX:FORMAL-ARXIV-V12-Q-D1:2603.12230v2,GS:GS-C2-02-021,arxiv_id,REC-01812
DE-03777,ARX:FORMAL-ARXIV-V12-Q-D1:2603.11853v1,GS:GS-B3-03-046,arxiv_id,REC-01334
DE-03778,ARX:FORMAL-ARXIV-V12-Q-D1:2603.11721v2,ARX:FORMAL-ARXIV-V12-Q-A2S:2603.11721v2,arxiv_id,REC-03293
DE-03779,ARX:FORMAL-ARXIV-V12-Q-D1:2603.10749v2,GS:GS-B1-02-013,arxiv_id,REC-01018
DE-03780,ARX:FORMAL-ARXIV-V12-Q-D1:2603.10577v2,GS:GS-A1-01-079,arxiv_id,REC-00076
DE-03781,ARX:FORMAL-ARXIV-V12-Q-D1:2603.10505v1,ARX:FORMAL-ARXIV-V12-Q-A1:2603.10505v1,arxiv_id,REC-02824
DE-03782,ARX:FORMAL-ARXIV-V12-Q-D1:2603.13384v3,ARX:FORMAL-ARXIV-V12-Q-B3:2603.13384v3,arxiv_id,REC-03945
DE-03783,ARX:FORMAL-ARXIV-V12-Q-D1:2603.10163v1,ARX:FORMAL-ARXIV-V12-Q-B1:2603.10163v1,arxiv_id,REC-03570
DE-03784,ARX:FORMAL-ARXIV-V12-Q-D1:2603.09619v2,ARX:FORMAL-ARXIV-V12-Q-C2:2603.09619v2,arxiv_id,REC-05212
DE-03785,ARX:FORMAL-ARXIV-V12-Q-D1:2603.09134v1,GS:GS-C1-03-084,arxiv_id,REC-01708
DE-03786,ARX:FORMAL-ARXIV-V12-Q-D1:2603.08852v1,ARX:FORMAL-ARXIV-V12-Q-C2:2603.08852v1,arxiv_id,REC-05214
DE-03787,ARX:FORMAL-ARXIV-V12-Q-D1:2603.08533v2,GS:GS-A1-03-069,arxiv_id,REC-00216
DE-03788,ARX:FORMAL-ARXIV-V12-Q-D1:2603.07978v1,GS:GS-A1-01-021,arxiv_id,REC-00020
DE-03789,ARX:FORMAL-ARXIV-V12-Q-D1:2603.07557v1,GS:GS-C3-03-069,arxiv_id,REC-02023
DE-03790,ARX:FORMAL-ARXIV-V12-Q-D1:2603.07191v2,ARX:FORMAL-ARXIV-V12-Q-B1:2603.07191v2,arxiv_id,REC-03571
DE-03791,ARX:FORMAL-ARXIV-V12-Q-D1:2603.06394v1,ARX:FORMAL-ARXIV-V12-Q-C3:2603.06394v1,arxiv_id,REC-06280
DE-03792,ARX:FORMAL-ARXIV-V12-Q-D1:2603.02345v1,ARX:FORMAL-ARXIV-V12-Q-C2:2603.02345v1,arxiv_id,REC-05222
DE-03793,ARX:FORMAL-ARXIV-V12-Q-D1:2603.01564v1,GS:GS-C1-01-078,arxiv_id,REC-01618
DE-03794,ARX:FORMAL-ARXIV-V12-Q-D1:2603.01104v1,ARX:FORMAL-ARXIV-V12-Q-A1:2603.01104v1,arxiv_id,REC-02835
DE-03795,ARX:FORMAL-ARXIV-V12-Q-D1:2603.00991v2,ARX:FORMAL-ARXIV-V12-Q-B1:2603.00991v2,arxiv_id,REC-03574
DE-03796,ARX:FORMAL-ARXIV-V12-Q-D1:2603.00472v1,ARX:FORMAL-ARXIV-V12-Q-B1:2603.00472v1,arxiv_id,REC-03576
DE-03797,ARX:FORMAL-ARXIV-V12-Q-D1:2603.15639v2,ARX:FORMAL-ARXIV-V12-Q-C3:2603.15639v2,arxiv_id,REC-06292
DE-03798,ARX:FORMAL-ARXIV-V12-Q-D1:2602.23720v1,ARX:FORMAL-ARXIV-V12-Q-B4:2602.23720v1,arxiv_id,REC-04200
DE-03799,ARX:FORMAL-ARXIV-V12-Q-D1:2603.00195v2,ARX:FORMAL-ARXIV-V12-Q-B3:2603.00195v2,arxiv_id,REC-03951
DE-03800,ARX:FORMAL-ARXIV-V12-Q-D1:2603.00188v1,ARX:FORMAL-ARXIV-V12-Q-A1:2603.00188v1,arxiv_id,REC-02838
DE-03801,ARX:FORMAL-ARXIV-V12-Q-D1:2602.22525v2,ARX:FORMAL-ARXIV-V12-Q-A2W:2602.22525v2,arxiv_id,REC-03364
DE-03802,ARX:FORMAL-ARXIV-V12-Q-D1:2602.22450v1,GS:GS-B1-02-021,arxiv_id,REC-01026
DE-03803,ARX:FORMAL-ARXIV-V12-Q-D1:2602.22190v2,GS:GS-A3-02-069,arxiv_id,REC-00927
DE-03804,ARX:FORMAL-ARXIV-V12-Q-D1:2602.21127v1,GS:GS-C3-03-047,arxiv_id,REC-02017
DE-03805,ARX:FORMAL-ARXIV-V12-Q-D1:2602.20867v1,GS:GS-C3-01-050,arxiv_id,REC-01938
DE-03806,ARX:FORMAL-ARXIV-V12-Q-D1:2602.20720v1,ARX:FORMAL-ARXIV-V12-Q-B1:2602.20720v1,arxiv_id,REC-03578
DE-03807,ARX:FORMAL-ARXIV-V12-Q-D1:2602.20064v2,ARX:FORMAL-ARXIV-V12-Q-B1:2602.20064v2,arxiv_id,REC-03579
DE-03808,ARX:FORMAL-ARXIV-V12-Q-D1:2602.19303v1,ARX:FORMAL-ARXIV-V12-Q-C3:2602.19303v1,arxiv_id,REC-06299
DE-03809,ARX:FORMAL-ARXIV-V12-Q-D1:2602.20196v1,ARX:FORMAL-ARXIV-V12-Q-C3:2602.20196v1,arxiv_id,REC-06301
DE-03810,ARX:FORMAL-ARXIV-V12-Q-D1:2602.19021v2,ARX:FORMAL-ARXIV-V12-Q-B1:2602.19021v2,arxiv_id,REC-03582
DE-03811,ARX:FORMAL-ARXIV-V12-Q-D1:2602.18891v1,ARX:FORMAL-ARXIV-V12-Q-C3:2602.18891v1,arxiv_id,REC-06302
DE-03812,ARX:FORMAL-ARXIV-V12-Q-D1:2602.18764v2,GS:GS-B4-01-094,arxiv_id,REC-01444
DE-03813,ARX:FORMAL-ARXIV-V12-Q-D1:2602.17245v2,ARX:FORMAL-ARXIV-V12-Q-A1:2602.17245v2,arxiv_id,REC-02842
DE-03814,ARX:FORMAL-ARXIV-V12-Q-D1:2602.15654v2,GS:GS-C1-02-040,arxiv_id,REC-01640
DE-03815,ARX:FORMAL-ARXIV-V12-Q-D1:2603.02240v1,GS:GS-C1-01-005,arxiv_id,REC-01557
DE-03816,ARX:FORMAL-ARXIV-V12-Q-D1:2602.15384v1,ARX:FORMAL-ARXIV-V12-Q-A1:2602.15384v1,arxiv_id,REC-02845
DE-03817,ARX:FORMAL-ARXIV-V12-Q-D1:2602.15325v1,ARX:FORMAL-ARXIV-V12-Q-B4:2602.15325v1,arxiv_id,REC-04204
DE-03818,ARX:FORMAL-ARXIV-V12-Q-D1:2602.15198v2,ARX:FORMAL-ARXIV-V12-Q-C2:2602.15198v2,arxiv_id,REC-05243
DE-03819,ARX:FORMAL-ARXIV-V12-Q-D1:2602.14606v1,ARX:FORMAL-ARXIV-V12-Q-C3:2602.14606v1,arxiv_id,REC-06308
DE-03820,ARX:FORMAL-ARXIV-V12-Q-D1:2602.14296v1,ARX:FORMAL-ARXIV-V12-Q-A1:2602.14296v1,arxiv_id,REC-02847
DE-03821,ARX:FORMAL-ARXIV-V12-Q-D1:2602.14093v1,ARX:FORMAL-ARXIV-V12-Q-A1:2602.14093v1,arxiv_id,REC-02849
DE-03822,ARX:FORMAL-ARXIV-V12-Q-D1:2602.13477v2,GS:GS-B1-01-089,arxiv_id,REC-00998
DE-03823,ARX:FORMAL-ARXIV-V12-Q-D1:2602.12430v4,GS:GS-A1-01-096,arxiv_id,REC-00091
DE-03824,ARX:FORMAL-ARXIV-V12-Q-D1:2602.12194v3,GS:GS-B3-02-011,arxiv_id,REC-01242
DE-03825,ARX:FORMAL-ARXIV-V12-Q-D1:2602.12144v1,ARX:FORMAL-ARXIV-V12-Q-C3:2602.12144v1,arxiv_id,REC-06311
DE-03826,ARX:FORMAL-ARXIV-V12-Q-D1:2602.11750v1,GS:GS-A3-02-026,arxiv_id,REC-00908
DE-03827,ARX:FORMAL-ARXIV-V12-Q-D1:2602.11524v1,GS:GS-A3-03-059,arxiv_id,REC-00945
DE-03828,ARX:FORMAL-ARXIV-V12-Q-D1:2604.02345v1,ARX:FORMAL-ARXIV-V12-Q-A1:2604.02345v1,arxiv_id,REC-02855
DE-03829,ARX:FORMAL-ARXIV-V12-Q-D1:2602.10915v3,GS:GS-B2-02-023,arxiv_id,REC-01195
DE-03830,ARX:FORMAL-ARXIV-V12-Q-D1:2602.10479v1,GS:GS-C3-02-004,arxiv_id,REC-01965
DE-03831,ARX:FORMAL-ARXIV-V12-Q-D1:2602.09947v1,ARX:FORMAL-ARXIV-V12-Q-B3:2602.09947v1,arxiv_id,REC-03958
DE-03832,ARX:FORMAL-ARXIV-V12-Q-D1:2602.09662v1,ARX:FORMAL-ARXIV-V12-Q-A1:2602.09662v1,arxiv_id,REC-02858
DE-03833,ARX:FORMAL-ARXIV-V12-Q-D1:2602.09222v2,GS:GS-B1-02-022,arxiv_id,REC-01027
DE-03834,ARX:FORMAL-ARXIV-V12-Q-D1:2602.08412v2,GS:GS-C1-02-097,arxiv_id,REC-01662
DE-03835,ARX:FORMAL-ARXIV-V12-Q-D1:2602.08235v2,GS:GS-B1-01-034,arxiv_id,REC-00967
DE-03836,ARX:FORMAL-ARXIV-V12-Q-D1:2602.07918v1,ARX:FORMAL-ARXIV-V12-Q-B1:2602.07918v1,arxiv_id,REC-03588
DE-03837,ARX:FORMAL-ARXIV-V12-Q-D1:2602.07398v1,GS:GS-B1-02-015,arxiv_id,REC-01020
DE-03838,ARX:FORMAL-ARXIV-V12-Q-D1:2602.07153v2,ARX:FORMAL-ARXIV-V12-Q-A1:2602.07153v2,arxiv_id,REC-02862
DE-03839,ARX:FORMAL-ARXIV-V12-Q-D1:2602.06820v1,ARX:FORMAL-ARXIV-V12-Q-B3:2602.06820v1,arxiv_id,REC-03962
DE-03840,ARX:FORMAL-ARXIV-V12-Q-D1:2602.06391v1,ARX:FORMAL-ARXIV-V12-Q-A1:2602.06391v1,arxiv_id,REC-02864
DE-03841,ARX:FORMAL-ARXIV-V12-Q-D1:2602.03580v1,GS:GS-B4-03-073,arxiv_id,REC-01509
DE-03842,ARX:FORMAL-ARXIV-V12-Q-D1:2602.03117v3,ARX:FORMAL-ARXIV-V12-Q-B1:2602.03117v3,arxiv_id,REC-03592
DE-03843,ARX:FORMAL-ARXIV-V12-Q-D1:2602.02395v1,ARX:FORMAL-ARXIV-V12-Q-C2:2602.02395v1,arxiv_id,REC-05257
DE-03844,ARX:FORMAL-ARXIV-V12-Q-D1:2602.02164v2,ARX:FORMAL-ARXIV-V12-Q-C1:2602.02164v2,arxiv_id,REC-04542
DE-03845,ARX:FORMAL-ARXIV-V12-Q-D1:2602.01725v1,ARX:FORMAL-ARXIV-V12-Q-A1:2602.01725v1,arxiv_id,REC-02871
DE-03846,ARX:FORMAL-ARXIV-V12-Q-D1:2602.01129v1,GS:GS-B4-01-011,arxiv_id,REC-01370
DE-03847,ARX:FORMAL-ARXIV-V12-Q-D1:2602.00933v3,ARX:FORMAL-ARXIV-V12-Q-B4:2602.00933v3,arxiv_id,REC-04210
DE-03848,ARX:FORMAL-ARXIV-V12-Q-D1:2602.00575v2,GS:GS-A1-03-059,arxiv_id,REC-00207
DE-03849,ARX:FORMAL-ARXIV-V12-Q-D1:2603.05517v1,GS:GS-D1-03-003,arxiv_id,REC-02085
DE-03850,ARX:FORMAL-ARXIV-V12-Q-D1:2602.00213v1,ARX:FORMAL-ARXIV-V12-Q-C3:2602.00213v1,arxiv_id,REC-06338
DE-03851,ARX:FORMAL-ARXIV-V12-Q-D1:2601.20184v1,ARX:FORMAL-ARXIV-V12-Q-B4:2601.20184v1,arxiv_id,REC-04214
DE-03852,ARX:FORMAL-ARXIV-V12-Q-D1:2601.19636v1,ARX:FORMAL-ARXIV-V12-Q-C3:2601.19636v1,arxiv_id,REC-06342
DE-03853,ARX:FORMAL-ARXIV-V12-Q-D1:2602.15859v1,ARX:FORMAL-ARXIV-V12-Q-B1:2602.15859v1,arxiv_id,REC-03596
DE-03854,ARX:FORMAL-ARXIV-V12-Q-D1:2601.17744v1,ARX:FORMAL-ARXIV-V12-Q-C3:2601.17744v1,arxiv_id,REC-06347
DE-03855,ARX:FORMAL-ARXIV-V12-Q-D1:2601.17722v1,GS:GS-A3-02-058,arxiv_id,REC-00923
DE-03856,ARX:FORMAL-ARXIV-V12-Q-D1:2601.17549v1,GS:GS-B1-02-100,arxiv_id,REC-01099
DE-03857,ARX:FORMAL-ARXIV-V12-Q-D1:2602.13218v2,ARX:FORMAL-ARXIV-V12-Q-C3:2602.13218v2,arxiv_id,REC-06351
DE-03858,ARX:FORMAL-ARXIV-V12-Q-D1:2601.15876v2,GS:GS-A1-01-059,arxiv_id,REC-00057
DE-03859,ARX:FORMAL-ARXIV-V12-Q-D1:2601.15630v2,ARX:FORMAL-ARXIV-V12-Q-C3:2601.15630v2,arxiv_id,REC-06352
DE-03860,ARX:FORMAL-ARXIV-V12-Q-D1:2601.14982v1,ARX:FORMAL-ARXIV-V12-Q-C3:2601.14982v1,arxiv_id,REC-06356
DE-03861,ARX:FORMAL-ARXIV-V12-Q-D1:2601.13186v1,ARX:FORMAL-ARXIV-V12-Q-B1:2601.13186v1,arxiv_id,REC-03600
DE-03862,ARX:FORMAL-ARXIV-V12-Q-D1:2601.12449v1,GS:GS-B3-02-016,arxiv_id,REC-01244
DE-03863,ARX:FORMAL-ARXIV-V12-Q-D1:2601.15322v2,GS:GS-D3-03-071,arxiv_id,REC-02303
DE-03864,ARX:FORMAL-ARXIV-V12-Q-D1:2601.08406v1,ARX:FORMAL-ARXIV-V12-Q-A1:2601.08406v1,arxiv_id,REC-02895
DE-03865,ARX:FORMAL-ARXIV-V12-Q-D1:2601.08012v1,ARX:FORMAL-ARXIV-V12-Q-B3:2601.08012v1,arxiv_id,REC-03972
DE-03866,ARX:FORMAL-ARXIV-V12-Q-D1:2601.07402v1,GS:GS-A1-04-033,arxiv_id,REC-00266
DE-03867,ARX:FORMAL-ARXIV-V12-Q-D1:2601.07262v3,ARX:FORMAL-ARXIV-V12-Q-A1:2601.07262v3,arxiv_id,REC-02898
DE-03868,ARX:FORMAL-ARXIV-V12-Q-D1:2601.07880v1,GS:GS-C3-02-028,arxiv_id,REC-01985
DE-03869,ARX:FORMAL-ARXIV-V12-Q-D1:2601.06328v2,ARX:FORMAL-ARXIV-V12-Q-A1:2601.06328v2,arxiv_id,REC-02900
DE-03870,ARX:FORMAL-ARXIV-V12-Q-D1:2601.05787v2,ARX:FORMAL-ARXIV-V12-Q-A1:2601.05787v2,arxiv_id,REC-02901
DE-03871,ARX:FORMAL-ARXIV-V12-Q-D1:2601.05755v2,ARX:FORMAL-ARXIV-V12-Q-B1:2601.05755v2,arxiv_id,REC-03605
DE-03872,ARX:FORMAL-ARXIV-V12-Q-D1:2601.04795v1,GS:GS-B1-02-031,arxiv_id,REC-01036
DE-03873,ARX:FORMAL-ARXIV-V12-Q-D1:2601.04583v1,GS:GS-D2-02-044,arxiv_id,REC-02114
DE-03874,ARX:FORMAL-ARXIV-V12-Q-D1:2601.04126v3,ARX:FORMAL-ARXIV-V12-Q-A1:2601.04126v3,arxiv_id,REC-02904
DE-03875,ARX:FORMAL-ARXIV-V12-Q-D1:2601.04035v1,ARX:FORMAL-ARXIV-V12-Q-A1:2601.04035v1,arxiv_id,REC-02905
DE-03876,ARX:FORMAL-ARXIV-V12-Q-D1:2601.03624v3,GS:GS-C3-02-022,arxiv_id,REC-01980
DE-03877,ARX:FORMAL-ARXIV-V12-Q-D1:2601.02749v1,ARX:FORMAL-ARXIV-V12-Q-C1:2601.02749v1,arxiv_id,REC-04579
DE-03878,ARX:FORMAL-ARXIV-V12-Q-D1:2601.01366v1,ARX:FORMAL-ARXIV-V12-Q-A2W:2601.01366v1,arxiv_id,REC-03368
DE-03879,ARX:FORMAL-ARXIV-V12-Q-D1:2601.01241v2,GS:GS-B4-04-090,arxiv_id,REC-01547
DE-03880,ARX:FORMAL-ARXIV-V12-Q-D1:2601.00516v1,ARX:FORMAL-ARXIV-V12-Q-C2:2601.00516v1,arxiv_id,REC-05284
DE-03881,ARX:FORMAL-ARXIV-V12-Q-D1:2512.24415v1,ARX:FORMAL-ARXIV-V12-Q-B1:2512.24415v1,arxiv_id,REC-03607
DE-03882,ARX:FORMAL-ARXIV-V12-Q-D1:2512.24189v1,ARX:FORMAL-ARXIV-V12-Q-C3:2512.24189v1,arxiv_id,REC-06383
DE-03883,ARX:FORMAL-ARXIV-V12-Q-D1:2512.23557v1,GS:GS-B2-01-005,arxiv_id,REC-01118
DE-03884,ARX:FORMAL-ARXIV-V12-Q-D1:2512.23480v1,ARX:FORMAL-ARXIV-V12-Q-B4:2512.23480v1,arxiv_id,REC-04224
DE-03885,ARX:FORMAL-ARXIV-V12-Q-D1:2512.23044v2,GS:GS-A1-05-030,arxiv_id,REC-00357
DE-03886,ARX:FORMAL-ARXIV-V12-Q-D1:2512.20985v1,ARX:FORMAL-ARXIV-V12-Q-C2:2512.20985v1,arxiv_id,REC-05290
DE-03887,ARX:FORMAL-ARXIV-V12-Q-D1:2602.23368v1,GS:GS-D2-01-075,arxiv_id,REC-02097
DE-03888,ARX:FORMAL-ARXIV-V12-Q-D1:2512.16301v3,ARX:FORMAL-ARXIV-V12-Q-C1:2512.16301v3,arxiv_id,REC-04593
DE-03889,ARX:FORMAL-ARXIV-V12-Q-D1:2512.15144v3,GS:GS-B4-03-094,arxiv_id,REC-01520
DE-03890,ARX:FORMAL-ARXIV-V12-Q-D1:2512.14846v1,ARX:FORMAL-ARXIV-V12-Q-C2:2512.14846v1,arxiv_id,REC-05296
DE-03891,ARX:FORMAL-ARXIV-V12-Q-D1:2512.13564v2,ARX:FORMAL-ARXIV-V12-Q-C1:2512.13564v2,arxiv_id,REC-04596
DE-03892,ARX:FORMAL-ARXIV-V12-Q-D1:2512.12921v1,ARX:FORMAL-ARXIV-V12-Q-B1:2512.12921v1,arxiv_id,REC-03614
DE-03893,ARX:FORMAL-ARXIV-V12-Q-D1:2512.12692v1,GS:GS-A1-06-062,arxiv_id,REC-00467
DE-03894,ARX:FORMAL-ARXIV-V12-Q-D1:2512.12594v2,GS:GS-A1-05-008,arxiv_id,REC-00337
DE-03895,ARX:FORMAL-ARXIV-V12-Q-D1:2512.11506v2,ARX:FORMAL-ARXIV-V12-Q-A1:2512.11506v2,arxiv_id,REC-02919
DE-03896,ARX:FORMAL-ARXIV-V12-Q-D1:2512.09458v1,ARX:FORMAL-ARXIV-V12-Q-A1:2512.09458v1,arxiv_id,REC-02921
DE-03897,ARX:FORMAL-ARXIV-V12-Q-D1:2512.08737v1,GS:GS-C2-02-085,arxiv_id,REC-01856
DE-03898,ARX:FORMAL-ARXIV-V12-Q-D1:2512.08417v3,ARX:FORMAL-ARXIV-V12-Q-A1:2512.08417v3,arxiv_id,REC-02923
DE-03899,ARX:FORMAL-ARXIV-V12-Q-D1:2512.08290v2,GS:GS-B3-02-070,arxiv_id,REC-01290
DE-03900,ARX:FORMAL-ARXIV-V12-Q-D1:2512.06716v3,ARX:FORMAL-ARXIV-V12-Q-B1:2512.06716v3,arxiv_id,REC-03616
DE-03901,ARX:FORMAL-ARXIV-V12-Q-D1:2512.05951v2,GS:GS-B1-01-068,arxiv_id,REC-00985
DE-03902,ARX:FORMAL-ARXIV-V12-Q-D1:2512.05365v1,ARX:FORMAL-ARXIV-V12-Q-B4:2512.05365v1,arxiv_id,REC-04229
DE-03903,ARX:FORMAL-ARXIV-V12-Q-D1:2512.03180v1,ARX:FORMAL-ARXIV-V12-Q-C3:2512.03180v1,arxiv_id,REC-06404
DE-03904,ARX:FORMAL-ARXIV-V12-Q-D1:2512.02410v1,ARX:FORMAL-ARXIV-V12-Q-C2:2512.02410v1,arxiv_id,REC-05314
DE-03905,ARX:FORMAL-ARXIV-V12-Q-D1:2511.21990v1,GS:GS-B3-03-088,arxiv_id,REC-01357
DE-03906,ARX:FORMAL-ARXIV-V12-Q-D1:2511.19663v1,GS:GS-A1-01-026,arxiv_id,REC-00025
DE-03907,ARX:FORMAL-ARXIV-V12-Q-D1:2511.16108v1,GS:GS-D1-01-089,arxiv_id,REC-02072
DE-03908,ARX:FORMAL-ARXIV-V12-Q-D1:2511.16709v1,ARX:FORMAL-ARXIV-V12-Q-B2:2511.16709v1,arxiv_id,REC-03748
DE-03909,ARX:FORMAL-ARXIV-V12-Q-D1:2511.15998v2,ARX:FORMAL-ARXIV-V12-Q-B4:2511.15998v2,arxiv_id,REC-04232
DE-03910,ARX:FORMAL-ARXIV-V12-Q-D1:2511.15567v1,GS:GS-A1-01-029,arxiv_id,REC-00028
DE-03911,ARX:FORMAL-ARXIV-V12-Q-D1:2511.15097v2,ARX:FORMAL-ARXIV-V12-Q-C3:2511.15097v2,arxiv_id,REC-06422
DE-03912,ARX:FORMAL-ARXIV-V12-Q-D1:2511.14584v4,GS:GS-D3-02-029,arxiv_id,REC-02221
DE-03913,ARX:FORMAL-ARXIV-V12-Q-D1:2511.14043v3,ARX:FORMAL-ARXIV-V12-Q-C1:2511.14043v3,arxiv_id,REC-04625
DE-03914,ARX:FORMAL-ARXIV-V12-Q-D1:2511.11287v1,GS:GS-A1-05-025,arxiv_id,REC-00352
DE-03915,ARX:FORMAL-ARXIV-V12-Q-D1:2511.07332v2,ARX:FORMAL-ARXIV-V12-Q-A1:2511.07332v2,arxiv_id,REC-02943
DE-03916,ARX:FORMAL-ARXIV-V12-Q-D1:2511.06262v1,GS:GS-D3-03-012,arxiv_id,REC-02264
DE-03917,ARX:FORMAL-ARXIV-V12-Q-D1:2511.15712v1,ARX:FORMAL-ARXIV-V12-Q-C3:2511.15712v1,arxiv_id,REC-06429
DE-03918,ARX:FORMAL-ARXIV-V12-Q-D1:2511.11619v1,ARX:FORMAL-ARXIV-V12-Q-B4:2511.11619v1,arxiv_id,REC-04234
DE-03919,ARX:FORMAL-ARXIV-V12-Q-D1:2511.03434v1,GS:GS-C2-02-055,arxiv_id,REC-01836
DE-03920,ARX:FORMAL-ARXIV-V12-Q-D1:2511.04707v1,ARX:FORMAL-ARXIV-V12-Q-A1:2511.04707v1,arxiv_id,REC-02948
DE-03921,ARX:FORMAL-ARXIV-V12-Q-D1:2511.00810v4,ARX:FORMAL-ARXIV-V12-Q-A1:2511.00810v4,arxiv_id,REC-02949
DE-03922,ARX:FORMAL-ARXIV-V12-Q-D1:2510.26212v1,ARX:FORMAL-ARXIV-V12-Q-B1:2510.26212v1,arxiv_id,REC-03626
DE-03923,ARX:FORMAL-ARXIV-V12-Q-D1:2510.24563v2,ARX:FORMAL-ARXIV-V12-Q-A1:2510.24563v2,arxiv_id,REC-02954
DE-03924,ARX:FORMAL-ARXIV-V12-Q-D1:2510.24411v3,ARX:FORMAL-ARXIV-V12-Q-A1:2510.24411v3,arxiv_id,REC-02955
DE-03925,ARX:FORMAL-ARXIV-V12-Q-D1:2510.24168v3,GS:GS-A1-03-009,arxiv_id,REC-00169
DE-03926,ARX:FORMAL-ARXIV-V12-Q-D1:2510.21117v2,ARX:FORMAL-ARXIV-V12-Q-B3:2510.21117v2,arxiv_id,REC-04000
DE-03927,ARX:FORMAL-ARXIV-V12-Q-D1:2510.19488v1,ARX:FORMAL-ARXIV-V12-Q-A1:2510.19488v1,arxiv_id,REC-02961
DE-03928,ARX:FORMAL-ARXIV-V12-Q-D1:2510.18699v1,ARX:FORMAL-ARXIV-V12-Q-C2:2510.18699v1,arxiv_id,REC-05365
DE-03929,ARX:FORMAL-ARXIV-V12-Q-D1:2510.18596v1,GS:GS-A1-02-009,arxiv_id,REC-00099
DE-03930,ARX:FORMAL-ARXIV-V12-Q-D1:2510.18314v2,ARX:FORMAL-ARXIV-V12-Q-A1:2510.18314v2,arxiv_id,REC-02963
DE-03931,ARX:FORMAL-ARXIV-V12-Q-D1:2510.18104v1,ARX:FORMAL-ARXIV-V12-Q-C3:2510.18104v1,arxiv_id,REC-06438
DE-03932,ARX:FORMAL-ARXIV-V12-Q-D1:2510.17790v3,GS:GS-A1-01-034,arxiv_id,REC-00033
DE-03933,ARX:FORMAL-ARXIV-V12-Q-D1:2510.16381v1,ARX:FORMAL-ARXIV-V12-Q-B1:2510.16381v1,arxiv_id,REC-03630
DE-03934,ARX:FORMAL-ARXIV-V12-Q-D1:2510.15994v2,ARX:FORMAL-ARXIV-V12-Q-B1:2510.15994v2,arxiv_id,REC-03631
DE-03935,ARX:FORMAL-ARXIV-V12-Q-D1:2510.11414v1,ARX:FORMAL-ARXIV-V12-Q-C3:2510.11414v1,arxiv_id,REC-06443
DE-03936,ARX:FORMAL-ARXIV-V12-Q-D1:2510.10185v3,ARX:FORMAL-ARXIV-V12-Q-C2:2510.10185v3,arxiv_id,REC-05380
DE-03937,ARX:FORMAL-ARXIV-V12-Q-D1:2510.10073v2,ARX:FORMAL-ARXIV-V12-Q-A1:2510.10073v2,arxiv_id,REC-02976
DE-03938,ARX:FORMAL-ARXIV-V12-Q-D1:2510.09872v2,ARX:FORMAL-ARXIV-V12-Q-A1:2510.09872v2,arxiv_id,REC-02978
DE-03939,ARX:FORMAL-ARXIV-V12-Q-D1:2510.09038v1,GS:GS-A2S-02-079,arxiv_id,REC-00587
DE-03940,ARX:FORMAL-ARXIV-V12-Q-D1:2510.08640v3,ARX:FORMAL-ARXIV-V12-Q-A2W:2510.08640v3,arxiv_id,REC-03377
DE-03941,ARX:FORMAL-ARXIV-V12-Q-D1:2510.05244v2,GS:GS-B1-02-033,arxiv_id,REC-01038
DE-03942,ARX:FORMAL-ARXIV-V12-Q-D1:2510.04885v1,ARX:FORMAL-ARXIV-V12-Q-B1:2510.04885v1,arxiv_id,REC-03637
DE-03943,ARX:FORMAL-ARXIV-V12-Q-D1:2510.04373v2,ARX:FORMAL-ARXIV-V12-Q-A1:2510.04373v2,arxiv_id,REC-02983
DE-03944,ARX:FORMAL-ARXIV-V12-Q-D1:2510.04173v4,ARX:FORMAL-ARXIV-V12-Q-B3:2510.04173v4,arxiv_id,REC-04006
DE-03945,ARX:FORMAL-ARXIV-V12-Q-D1:2510.05156v1,GS:GS-C1-02-086,arxiv_id,REC-01656
DE-03946,ARX:FORMAL-ARXIV-V12-Q-D1:2511.02841v2,GS:GS-C2-02-060,arxiv_id,REC-01838
DE-03947,ARX:FORMAL-ARXIV-V12-Q-D1:2510.05137v3,ARX:FORMAL-ARXIV-V12-Q-A1:2510.05137v3,arxiv_id,REC-02990
DE-03948,ARX:FORMAL-ARXIV-V12-Q-D1:2510.00311v1,ARX:FORMAL-ARXIV-V12-Q-C2:2510.00311v1,arxiv_id,REC-05406
DE-03949,ARX:FORMAL-ARXIV-V12-Q-D1:2509.25974v1,ARX:FORMAL-ARXIV-V12-Q-C3:2509.25974v1,arxiv_id,REC-06457
DE-03950,ARX:FORMAL-ARXIV-V12-Q-D1:2509.25624v3,GS:GS-B3-03-022,arxiv_id,REC-01322
DE-03951,ARX:FORMAL-ARXIV-V12-Q-D1:2509.25047v1,ARX:FORMAL-ARXIV-V12-Q-A1:2509.25047v1,arxiv_id,REC-02998
DE-03952,ARX:FORMAL-ARXIV-V12-Q-D1:2510.02373v1,GS:GS-C1-01-040,arxiv_id,REC-01587
DE-03953,ARX:FORMAL-ARXIV-V12-Q-D1:2509.23994v2,ARX:FORMAL-ARXIV-V12-Q-B1:2509.23994v2,arxiv_id,REC-03642
DE-03954,ARX:FORMAL-ARXIV-V12-Q-D1:2509.23738v1,ARX:FORMAL-ARXIV-V12-Q-A1:2509.23738v1,arxiv_id,REC-03002
DE-03955,ARX:FORMAL-ARXIV-V12-Q-D1:2509.22040v2,ARX:FORMAL-ARXIV-V12-Q-B1:2509.22040v2,arxiv_id,REC-03645
DE-03956,ARX:FORMAL-ARXIV-V12-Q-D1:2509.21823v2,ARX:FORMAL-ARXIV-V12-Q-A1:2509.21823v2,arxiv_id,REC-03005
DE-03957,ARX:FORMAL-ARXIV-V12-Q-D1:2510.02325v1,ARX:FORMAL-ARXIV-V12-Q-C3:2510.02325v1,arxiv_id,REC-06465
DE-03958,ARX:FORMAL-ARXIV-V12-Q-D1:2510.05107v5,ARX:FORMAL-ARXIV-V12-Q-C3:2510.05107v5,arxiv_id,REC-06467
DE-03959,ARX:FORMAL-ARXIV-V12-Q-D1:2509.18787v1,ARX:FORMAL-ARXIV-V12-Q-B4:2509.18787v1,arxiv_id,REC-04245
DE-03960,ARX:FORMAL-ARXIV-V12-Q-D1:2509.17917v1,ARX:FORMAL-ARXIV-V12-Q-A1:2509.17917v1,arxiv_id,REC-03010
DE-03961,ARX:FORMAL-ARXIV-V12-Q-D1:2509.14956v1,GS:GS-C2-01-084,arxiv_id,REC-01786
DE-03962,ARX:FORMAL-ARXIV-V12-Q-D1:2509.13597v1,ARX:FORMAL-ARXIV-V12-Q-B1:2509.13597v1,arxiv_id,REC-03648
DE-03963,ARX:FORMAL-ARXIV-V12-Q-D1:2510.06224v1,ARX:FORMAL-ARXIV-V12-Q-C2:2510.06224v1,arxiv_id,REC-05429
DE-03964,ARX:FORMAL-ARXIV-V12-Q-D1:2509.07764v1,ARX:FORMAL-ARXIV-V12-Q-A1:2509.07764v1,arxiv_id,REC-03027
DE-03965,ARX:FORMAL-ARXIV-V12-Q-D1:2509.07098v1,GS:GS-A1-03-039,arxiv_id,REC-00192
DE-03966,ARX:FORMAL-ARXIV-V12-Q-D1:2509.01245v4,GS:GS-A2S-03-072,arxiv_id,REC-00670
DE-03967,ARX:FORMAL-ARXIV-V12-Q-D1:2508.20412v3,GS:GS-B3-02-002,arxiv_id,REC-01238
DE-03968,ARX:FORMAL-ARXIV-V12-Q-D1:2508.19870v1,GS:GS-C2-03-042,arxiv_id,REC-01882
DE-03969,ARX:FORMAL-ARXIV-V12-Q-D1:2509.00085v1,ARX:FORMAL-ARXIV-V12-Q-C3:2509.00085v1,arxiv_id,REC-06481
DE-03970,ARX:FORMAL-ARXIV-V12-Q-D1:2508.19461v1,ARX:FORMAL-ARXIV-V12-Q-A1:2508.19461v1,arxiv_id,REC-03040
DE-03971,ARX:FORMAL-ARXIV-V12-Q-D1:2508.19267v1,ARX:FORMAL-ARXIV-V12-Q-B3:2508.19267v1,arxiv_id,REC-04024
DE-03972,ARX:FORMAL-ARXIV-V12-Q-D1:2508.14925v1,ARX:FORMAL-ARXIV-V12-Q-B3:2508.14925v1,arxiv_id,REC-04026
DE-03973,ARX:FORMAL-ARXIV-V12-Q-D1:2508.13220v3,GS:GS-B4-01-036,arxiv_id,REC-01392
DE-03974,ARX:FORMAL-ARXIV-V12-Q-D1:2508.09123v3,ARX:FORMAL-ARXIV-V12-Q-A1:2508.09123v3,arxiv_id,REC-03048
DE-03975,ARX:FORMAL-ARXIV-V12-Q-D1:2508.10043v1,GS:GS-C1-01-069,arxiv_id,REC-01612
DE-03976,ARX:FORMAL-ARXIV-V12-Q-D1:2508.05731v2,ARX:FORMAL-ARXIV-V12-Q-A2S:2508.05731v2,arxiv_id,REC-03303
DE-03977,ARX:FORMAL-ARXIV-V12-Q-D1:2508.05152v1,ARX:FORMAL-ARXIV-V12-Q-B3:2508.05152v1,arxiv_id,REC-04033
DE-03978,ARX:FORMAL-ARXIV-V12-Q-D1:2508.13167v1,ARX:FORMAL-ARXIV-V12-Q-A1:2508.13167v1,arxiv_id,REC-03051
DE-03979,ARX:FORMAL-ARXIV-V12-Q-D1:2508.05687v1,GS:GS-C2-01-039,arxiv_id,REC-01755
DE-03980,ARX:FORMAL-ARXIV-V12-Q-D1:2508.04037v2,GS:GS-A1-01-012,arxiv_id,REC-00012
DE-03981,ARX:FORMAL-ARXIV-V12-Q-D1:2508.04026v2,ARX:FORMAL-ARXIV-V12-Q-A1:2508.04026v2,arxiv_id,REC-03054
DE-03982,ARX:FORMAL-ARXIV-V12-Q-D1:2508.03101v1,ARX:FORMAL-ARXIV-V12-Q-C2:2508.03101v1,arxiv_id,REC-05456
DE-03983,ARX:FORMAL-ARXIV-V12-Q-D1:2508.03095v3,ARX:FORMAL-ARXIV-V12-Q-C2:2508.03095v3,arxiv_id,REC-05457
DE-03984,ARX:FORMAL-ARXIV-V12-Q-D1:2508.02866v3,ARX:FORMAL-ARXIV-V12-Q-B4:2508.02866v3,arxiv_id,REC-04255
DE-03985,ARX:FORMAL-ARXIV-V12-Q-D1:2508.01332v3,GS:GS-C2-02-005,arxiv_id,REC-01803
DE-03986,ARX:FORMAL-ARXIV-V12-Q-D1:2508.01330v4,ARX:FORMAL-ARXIV-V12-Q-A1:2508.01330v4,arxiv_id,REC-03058
DE-03987,ARX:FORMAL-ARXIV-V12-Q-D1:2507.23773v3,ARX:FORMAL-ARXIV-V12-Q-A1:2507.23773v3,arxiv_id,REC-03059
DE-03988,ARX:FORMAL-ARXIV-V12-Q-D1:2508.00935v2,GS:GS-A1-02-024,arxiv_id,REC-00106
DE-03989,ARX:FORMAL-ARXIV-V12-Q-D1:2507.21017v1,GS:GS-A2W-03-081,arxiv_id,REC-00875
DE-03990,ARX:FORMAL-ARXIV-V12-Q-D1:2507.20526v1,ARX:FORMAL-ARXIV-V12-Q-B1:2507.20526v1,arxiv_id,REC-03664
DE-03991,ARX:FORMAL-ARXIV-V12-Q-D1:2507.19550v1,ARX:FORMAL-ARXIV-V12-Q-C2:2507.19550v1,arxiv_id,REC-05470
DE-03992,ARX:FORMAL-ARXIV-V12-Q-D1:2507.21146v1,GS:GS-C2-02-025,arxiv_id,REC-01816
DE-03993,ARX:FORMAL-ARXIV-V12-Q-D1:2507.10621v1,GS:GS-C2-01-074,arxiv_id,REC-01780
DE-03994,ARX:FORMAL-ARXIV-V12-Q-D1:2507.07901v3,GS:GS-C2-02-073,arxiv_id,REC-01848
DE-03995,ARX:FORMAL-ARXIV-V12-Q-D1:2507.05445v1,GS:GS-A1-01-041,arxiv_id,REC-00040
DE-03996,ARX:FORMAL-ARXIV-V12-Q-D1:2507.10562v1,GS:GS-C1-03-007,arxiv_id,REC-01665
DE-03997,ARX:FORMAL-ARXIV-V12-Q-D1:2507.00347v1,ARX:FORMAL-ARXIV-V12-Q-B4:2507.00347v1,arxiv_id,REC-04261
DE-03998,ARX:FORMAL-ARXIV-V12-Q-D1:2506.23844v1,ARX:FORMAL-ARXIV-V12-Q-C1:2506.23844v1,arxiv_id,REC-04712
DE-03999,ARX:FORMAL-ARXIV-V12-Q-D1:2507.00096v1,ARX:FORMAL-ARXIV-V12-Q-C2:2507.00096v1,arxiv_id,REC-05481
DE-04000,ARX:FORMAL-ARXIV-V12-Q-D1:2506.23260v2,ARX:FORMAL-ARXIV-V12-Q-B1:2506.23260v2,arxiv_id,REC-03670
DE-04001,ARX:FORMAL-ARXIV-V12-Q-D1:2506.15253v1,ARX:FORMAL-ARXIV-V12-Q-B4:2506.15253v1,arxiv_id,REC-04264
DE-04002,ARX:FORMAL-ARXIV-V12-Q-D1:2506.14866v2,ARX:FORMAL-ARXIV-V12-Q-A1:2506.14866v2,arxiv_id,REC-03083
DE-04003,ARX:FORMAL-ARXIV-V12-Q-D1:2506.13666v1,GS:GS-B3-02-075,arxiv_id,REC-01294
DE-04004,ARX:FORMAL-ARXIV-V12-Q-D1:2506.13794v1,ARX:FORMAL-ARXIV-V12-Q-C3:2506.13794v1,arxiv_id,REC-06506
DE-04005,ARX:FORMAL-ARXIV-V12-Q-D1:2506.17266v1,ARX:FORMAL-ARXIV-V12-Q-C2:2506.17266v1,arxiv_id,REC-05499
DE-04006,ARX:FORMAL-ARXIV-V12-Q-D1:2506.07672v1,GS:GS-A1-01-051,arxiv_id,REC-00049
DE-04007,ARX:FORMAL-ARXIV-V12-Q-D1:2506.07564v3,ARX:FORMAL-ARXIV-V12-Q-B3:2506.07564v3,arxiv_id,REC-04043
DE-04008,ARX:FORMAL-ARXIV-V12-Q-D1:2506.04135v4,ARX:FORMAL-ARXIV-V12-Q-A1:2506.04135v4,arxiv_id,REC-03094
DE-04009,ARX:FORMAL-ARXIV-V12-Q-D1:2506.03143v1,ARX:FORMAL-ARXIV-V12-Q-A1:2506.03143v1,arxiv_id,REC-03096
DE-04010,ARX:FORMAL-ARXIV-V12-Q-D1:2506.02539v3,GS:GS-A1-02-064,arxiv_id,REC-00134
DE-04011,ARX:FORMAL-ARXIV-V12-Q-D1:2506.04253v1,ARX:FORMAL-ARXIV-V12-Q-C2:2506.04253v1,arxiv_id,REC-05507
DE-04012,ARX:FORMAL-ARXIV-V12-Q-D1:2506.02040v4,ARX:FORMAL-ARXIV-V12-Q-B3:2506.02040v4,arxiv_id,REC-04046
DE-04013,ARX:FORMAL-ARXIV-V12-Q-D1:2505.23559v1,ARX:FORMAL-ARXIV-V12-Q-C2:2505.23559v1,arxiv_id,REC-05512
DE-04014,ARX:FORMAL-ARXIV-V12-Q-D1:2505.22852v1,ARX:FORMAL-ARXIV-V12-Q-B1:2505.22852v1,arxiv_id,REC-03678
DE-04015,ARX:FORMAL-ARXIV-V12-Q-D1:2505.23847v5,ARX:FORMAL-ARXIV-V12-Q-C2:2505.23847v5,arxiv_id,REC-05516
DE-04016,ARX:FORMAL-ARXIV-V12-Q-D1:2505.21936v5,ARX:FORMAL-ARXIV-V12-Q-A1:2505.21936v5,arxiv_id,REC-03106
DE-04017,ARX:FORMAL-ARXIV-V12-Q-D1:2505.20660v1,ARX:FORMAL-ARXIV-V12-Q-A1:2505.20660v1,arxiv_id,REC-03109
DE-04018,ARX:FORMAL-ARXIV-V12-Q-D1:2505.19301v2,ARX:FORMAL-ARXIV-V12-Q-C2:2505.19301v2,arxiv_id,REC-05522
DE-04019,ARX:FORMAL-ARXIV-V12-Q-D1:2505.18279v1,ARX:FORMAL-ARXIV-V12-Q-C1:2505.18279v1,arxiv_id,REC-04731
DE-04020,ARX:FORMAL-ARXIV-V12-Q-D1:2505.16975v3,ARX:FORMAL-ARXIV-V12-Q-C2:2505.16975v3,arxiv_id,REC-05529
DE-04021,ARX:FORMAL-ARXIV-V12-Q-D1:2505.15277v2,ARX:FORMAL-ARXIV-V12-Q-A1:2505.15277v2,arxiv_id,REC-03119
DE-04022,ARX:FORMAL-ARXIV-V12-Q-D1:2505.14418v3,ARX:FORMAL-ARXIV-V12-Q-A1:2505.14418v3,arxiv_id,REC-03120
DE-04023,ARX:FORMAL-ARXIV-V12-Q-D1:2505.14289v2,ARX:FORMAL-ARXIV-V12-Q-A1:2505.14289v2,arxiv_id,REC-03121
DE-04024,ARX:FORMAL-ARXIV-V12-Q-D1:2505.13227v3,ARX:FORMAL-ARXIV-V12-Q-A1:2505.13227v3,arxiv_id,REC-03125
DE-04025,ARX:FORMAL-ARXIV-V12-Q-D1:2505.13076v1,GS:GS-A1-05-026,arxiv_id,REC-00353
DE-04026,ARX:FORMAL-ARXIV-V12-Q-D1:2505.12842v4,ARX:FORMAL-ARXIV-V12-Q-A1:2505.12842v4,arxiv_id,REC-03126
DE-04027,ARX:FORMAL-ARXIV-V12-Q-D1:2505.10609v1,ARX:FORMAL-ARXIV-V12-Q-C2:2505.10609v1,arxiv_id,REC-05537
DE-04028,ARX:FORMAL-ARXIV-V12-Q-D1:2505.07473v1,GS:GS-A1-06-095,arxiv_id,REC-00493
DE-04029,ARX:FORMAL-ARXIV-V12-Q-D1:2505.05849v4,ARX:FORMAL-ARXIV-V12-Q-B1:2505.05849v4,arxiv_id,REC-03681
DE-04030,ARX:FORMAL-ARXIV-V12-Q-D1:2504.17669v2,ARX:FORMAL-ARXIV-V12-Q-C3:2504.17669v2,arxiv_id,REC-06526
DE-04031,ARX:FORMAL-ARXIV-V12-Q-D1:2505.00018v2,ARX:FORMAL-ARXIV-V12-Q-B4:2505.00018v2,arxiv_id,REC-04278
DE-04032,ARX:FORMAL-ARXIV-V12-Q-D1:2504.14064v3,GS:GS-A2S-01-027,arxiv_id,REC-00518
DE-04033,ARX:FORMAL-ARXIV-V12-Q-D1:2504.16108v1,ARX:FORMAL-ARXIV-V12-Q-C2:2504.16108v1,arxiv_id,REC-05549
DE-04034,ARX:FORMAL-ARXIV-V12-Q-D1:2504.11703v3,GS:GS-B3-02-045,arxiv_id,REC-01267
DE-04035,ARX:FORMAL-ARXIV-V12-Q-D1:2504.08942v2,GS:GS-A1-06-043,arxiv_id,REC-00454
DE-04036,ARX:FORMAL-ARXIV-V12-Q-D1:2504.05259v1,GS:GS-D3-03-034,arxiv_id,REC-02278
DE-04037,ARX:FORMAL-ARXIV-V12-Q-D1:2504.01911v2,ARX:FORMAL-ARXIV-V12-Q-C2:2504.01911v2,arxiv_id,REC-05557
DE-04038,ARX:FORMAL-ARXIV-V12-Q-D1:2504.01495v1,ARX:FORMAL-ARXIV-V12-Q-A1:2504.01495v1,arxiv_id,REC-03145
DE-04039,ARX:FORMAL-ARXIV-V12-Q-D1:2503.22738v2,ARX:FORMAL-ARXIV-V12-Q-A2W:2503.22738v2,arxiv_id,REC-03406
DE-04040,ARX:FORMAL-ARXIV-V12-Q-D1:2503.18492v2,ARX:FORMAL-ARXIV-V12-Q-A1:2503.18492v2,arxiv_id,REC-03153
DE-04041,ARX:FORMAL-ARXIV-V12-Q-D1:2503.15937v5,GS:GS-A1-03-088,arxiv_id,REC-00231
DE-04042,ARX:FORMAL-ARXIV-V12-Q-D1:2503.12532v2,GS:GS-A1-01-011,arxiv_id,REC-00011
DE-04043,ARX:FORMAL-ARXIV-V12-Q-D1:2503.02784v3,ARX:FORMAL-ARXIV-V12-Q-C3:2503.02784v3,arxiv_id,REC-06538
DE-04044,ARX:FORMAL-ARXIV-V12-Q-D1:2503.01908v3,GS:GS-B1-01-093,arxiv_id,REC-01002
DE-04045,ARX:FORMAL-ARXIV-V12-Q-D1:2502.15850v2,GS:GS-A2S-03-018,arxiv_id,REC-00620
DE-04046,ARX:FORMAL-ARXIV-V12-Q-D1:2502.09809v1,GS:GS-B3-03-064,arxiv_id,REC-01345
DE-04047,ARX:FORMAL-ARXIV-V12-Q-D1:2502.05174v4,GS:GS-B1-02-003,arxiv_id,REC-01010
DE-04048,ARX:FORMAL-ARXIV-V12-Q-D1:2501.18160v3,ARX:FORMAL-ARXIV-V12-Q-B3:2501.18160v3,arxiv_id,REC-04072
DE-04049,ARX:FORMAL-ARXIV-V12-Q-D1:2501.09674v1,ARX:FORMAL-ARXIV-V12-Q-C3:2501.09674v1,arxiv_id,REC-06558
DE-04050,ARX:FORMAL-ARXIV-V12-Q-D1:2501.06243v1,GS:GS-C2-02-047,arxiv_id,REC-01830
DE-04051,ARX:FORMAL-ARXIV-V12-Q-D1:2501.01149v3,ARX:FORMAL-ARXIV-V12-Q-A1:2501.01149v3,arxiv_id,REC-03179
DE-04052,ARX:FORMAL-ARXIV-V12-Q-D1:2412.16682v1,ARX:FORMAL-ARXIV-V12-Q-B1:2412.16682v1,arxiv_id,REC-03698
DE-04053,ARX:FORMAL-ARXIV-V12-Q-D1:2412.09605v2,ARX:FORMAL-ARXIV-V12-Q-A1:2412.09605v2,arxiv_id,REC-03185
DE-04054,ARX:FORMAL-ARXIV-V12-Q-D1:2412.04937v2,ARX:FORMAL-ARXIV-V12-Q-C2:2412.04937v2,arxiv_id,REC-05614
DE-04055,ARX:FORMAL-ARXIV-V12-Q-D1:2410.17520v3,ARX:FORMAL-ARXIV-V12-Q-A2W:2410.17520v3,arxiv_id,REC-03419
DE-04056,ARX:FORMAL-ARXIV-V12-Q-D1:2410.17401v4,ARX:FORMAL-ARXIV-V12-Q-A1:2410.17401v4,arxiv_id,REC-03200
DE-04057,ARX:FORMAL-ARXIV-V12-Q-D1:2410.13886v2,GS:GS-A1-05-003,arxiv_id,REC-00332
DE-04058,ARX:FORMAL-ARXIV-V12-Q-D1:2407.12784v1,ARX:FORMAL-ARXIV-V12-Q-B2:2407.12784v1,arxiv_id,REC-03803
DE-04059,ARX:FORMAL-ARXIV-V12-Q-D1:2406.12814v3,ARX:FORMAL-ARXIV-V12-Q-A1:2406.12814v3,arxiv_id,REC-03226
DE-04060,ARX:FORMAL-ARXIV-V12-Q-D1:2406.07217v2,ARX:FORMAL-ARXIV-V12-Q-C3:2406.07217v2,arxiv_id,REC-06606
DE-04061,ARX:FORMAL-ARXIV-V12-Q-D1:2404.17605v1,ARX:FORMAL-ARXIV-V12-Q-B3:2404.17605v1,arxiv_id,REC-04097
DE-04062,ARX:FORMAL-ARXIV-V12-Q-D1:2403.08978v2,ARX:FORMAL-ARXIV-V12-Q-A2W:2403.08978v2,arxiv_id,REC-03430
DE-04063,ARX:FORMAL-ARXIV-V12-Q-D1:2402.08567v2,GS:GS-B2-01-068,arxiv_id,REC-01160
DE-04064,ARX:FORMAL-ARXIV-V12-Q-D1:2311.10538v3,GS:GS-A2S-03-033,arxiv_id,REC-00635
DE-04065,ARX:FORMAL-ARXIV-V12-Q-D2:2608.00202v1,ARX:FORMAL-ARXIV-V12-Q-A1:2608.00202v1,arxiv_id,REC-02648
DE-04066,ARX:FORMAL-ARXIV-V12-Q-D2:2607.29405v1,ARX:FORMAL-ARXIV-V12-Q-D1:2607.29405v1,arxiv_id,REC-06710
DE-04067,ARX:FORMAL-ARXIV-V12-Q-D2:2607.29254v1,ARX:FORMAL-ARXIV-V12-Q-B1:2607.29254v1,arxiv_id,REC-03439
DE-04068,ARX:FORMAL-ARXIV-V12-Q-D2:2607.29199v1,GS:GS-B2-02-073,arxiv_id,REC-01210
DE-04069,ARX:FORMAL-ARXIV-V12-Q-D2:2607.28573v1,GS:GS-D1-01-097,arxiv_id,REC-02074
DE-04070,ARX:FORMAL-ARXIV-V12-Q-D2:2607.28330v1,ARX:FORMAL-ARXIV-V12-Q-D1:2607.28330v1,arxiv_id,REC-06717
DE-04071,ARX:FORMAL-ARXIV-V12-Q-D2:2607.28227v1,GS:GS-A1-03-078,arxiv_id,REC-00223
DE-04072,ARX:FORMAL-ARXIV-V12-Q-D2:2607.28165v2,GS:GS-B1-03-020,arxiv_id,REC-01112
DE-04073,ARX:FORMAL-ARXIV-V12-Q-D2:2607.28103v1,ARX:FORMAL-ARXIV-V12-Q-D1:2607.28103v1,arxiv_id,REC-06719
DE-04074,ARX:FORMAL-ARXIV-V12-Q-D2:2607.28033v1,ARX:FORMAL-ARXIV-V12-Q-C3:2607.28033v1,arxiv_id,REC-05754
DE-04075,ARX:FORMAL-ARXIV-V12-Q-D2:2607.27288v1,ARX:FORMAL-ARXIV-V12-Q-D1:2607.27288v1,arxiv_id,REC-06729
DE-04076,ARX:FORMAL-ARXIV-V12-Q-D2:2607.26977v2,ARX:FORMAL-ARXIV-V12-Q-D1:2607.26977v2,arxiv_id,REC-06730
DE-04077,ARX:FORMAL-ARXIV-V12-Q-D2:2607.26791v1,ARX:FORMAL-ARXIV-V12-Q-A2S:2607.26791v1,arxiv_id,REC-03286
DE-04078,ARX:FORMAL-ARXIV-V12-Q-D2:2607.26643v1,ARX:FORMAL-ARXIV-V12-Q-D1:2607.26643v1,arxiv_id,REC-06731
DE-04079,ARX:FORMAL-ARXIV-V12-Q-D2:2607.26637v1,ARX:FORMAL-ARXIV-V12-Q-C1:2607.26637v1,arxiv_id,REC-04288
DE-04080,ARX:FORMAL-ARXIV-V12-Q-D2:2608.07538v1,ARX:FORMAL-ARXIV-V12-Q-D1:2608.07538v1,arxiv_id,REC-06734
DE-04081,ARX:FORMAL-ARXIV-V12-Q-D2:2607.26385v1,ARX:FORMAL-ARXIV-V12-Q-D1:2607.26385v1,arxiv_id,REC-06736
DE-04082,ARX:FORMAL-ARXIV-V12-Q-D2:2607.26314v1,ARX:FORMAL-ARXIV-V12-Q-D1:2607.26314v1,arxiv_id,REC-06738
DE-04083,ARX:FORMAL-ARXIV-V12-Q-D2:2607.26313v1,ARX:FORMAL-ARXIV-V12-Q-D1:2607.26313v1,arxiv_id,REC-06739
DE-04084,ARX:FORMAL-ARXIV-V12-Q-D2:2607.25886v1,ARX:FORMAL-ARXIV-V12-Q-D1:2607.25886v1,arxiv_id,REC-06741
DE-04085,ARX:FORMAL-ARXIV-V12-Q-D2:2607.25379v2,ARX:FORMAL-ARXIV-V12-Q-D1:2607.25379v2,arxiv_id,REC-06745
DE-04086,ARX:FORMAL-ARXIV-V12-Q-D2:2607.25297v1,GS:GS-B3-02-027,arxiv_id,REC-01252
DE-04087,ARX:FORMAL-ARXIV-V12-Q-D2:2607.25255v2,ARX:FORMAL-ARXIV-V12-Q-A1:2607.25255v2,arxiv_id,REC-02652
DE-04088,ARX:FORMAL-ARXIV-V12-Q-D2:2607.25045v1,ARX:FORMAL-ARXIV-V12-Q-C3:2607.25045v1,arxiv_id,REC-05768
DE-04089,ARX:FORMAL-ARXIV-V12-Q-D2:2607.24339v1,ARX:FORMAL-ARXIV-V12-Q-D1:2607.24339v1,arxiv_id,REC-06749
DE-04090,ARX:FORMAL-ARXIV-V12-Q-D2:2607.24006v1,ARX:FORMAL-ARXIV-V12-Q-B1:2607.24006v1,arxiv_id,REC-03440
DE-04091,ARX:FORMAL-ARXIV-V12-Q-D2:2607.23999v3,ARX:FORMAL-ARXIV-V12-Q-C3:2607.23999v3,arxiv_id,REC-05772
DE-04092,ARX:FORMAL-ARXIV-V12-Q-D2:2607.23614v2,ARX:FORMAL-ARXIV-V12-Q-D1:2607.23614v2,arxiv_id,REC-06752
DE-04093,ARX:FORMAL-ARXIV-V12-Q-D2:2607.23444v1,GS:GS-C1-03-029,arxiv_id,REC-01679
DE-04094,ARX:FORMAL-ARXIV-V12-Q-D2:2607.23147v1,ARX:FORMAL-ARXIV-V12-Q-D1:2607.23147v1,arxiv_id,REC-06754
DE-04095,ARX:FORMAL-ARXIV-V12-Q-D2:2607.22445v1,ARX:FORMAL-ARXIV-V12-Q-C3:2607.22445v1,arxiv_id,REC-05782
DE-04096,ARX:FORMAL-ARXIV-V12-Q-D2:2607.22798v1,GS:GS-A1-01-089,arxiv_id,REC-00085
DE-04097,ARX:FORMAL-ARXIV-V12-Q-D2:2607.21835v1,GS:GS-B3-03-017,arxiv_id,REC-01321
DE-04098,ARX:FORMAL-ARXIV-V12-Q-D2:2607.21824v1,ARX:FORMAL-ARXIV-V12-Q-B1:2607.21824v1,arxiv_id,REC-03443
DE-04099,ARX:FORMAL-ARXIV-V12-Q-D2:2607.21763v1,ARX:FORMAL-ARXIV-V12-Q-D1:2607.21763v1,arxiv_id,REC-06761
DE-04100,ARX:FORMAL-ARXIV-V12-Q-D2:2607.19595v1,ARX:FORMAL-ARXIV-V12-Q-B1:2607.19595v1,arxiv_id,REC-03445
DE-04101,ARX:FORMAL-ARXIV-V12-Q-D2:2607.21642v2,ARX:FORMAL-ARXIV-V12-Q-D1:2607.21642v2,arxiv_id,REC-06770
DE-04102,ARX:FORMAL-ARXIV-V12-Q-D2:2607.19545v1,ARX:FORMAL-ARXIV-V12-Q-C3:2607.19545v1,arxiv_id,REC-05795
DE-04103,ARX:FORMAL-ARXIV-V12-Q-D2:2607.19262v1,ARX:FORMAL-ARXIV-V12-Q-D1:2607.19262v1,arxiv_id,REC-06772
DE-04104,ARX:FORMAL-ARXIV-V12-Q-D2:2607.19449v1,ARX:FORMAL-ARXIV-V12-Q-D1:2607.19449v1,arxiv_id,REC-06774
DE-04105,ARX:FORMAL-ARXIV-V12-Q-D2:2607.18826v1,GS:GS-C1-02-085,arxiv_id,REC-01655
DE-04106,ARX:FORMAL-ARXIV-V12-Q-D2:2607.18665v1,ARX:FORMAL-ARXIV-V12-Q-D1:2607.18665v1,arxiv_id,REC-06777
DE-04107,ARX:FORMAL-ARXIV-V12-Q-D2:2607.18659v1,GS:GS-A1-06-092,arxiv_id,REC-00490
DE-04108,ARX:FORMAL-ARXIV-V12-Q-D2:2607.19433v1,GS:GS-C1-03-009,arxiv_id,REC-01666
DE-04109,ARX:FORMAL-ARXIV-V12-Q-D2:2607.19432v1,GS:GS-B4-03-097,arxiv_id,REC-01523
DE-04110,ARX:FORMAL-ARXIV-V12-Q-D2:2607.18039v1,ARX:FORMAL-ARXIV-V12-Q-D1:2607.18039v1,arxiv_id,REC-06778
DE-04111,ARX:FORMAL-ARXIV-V12-Q-D2:2607.17986v1,GS:GS-A1-04-015,arxiv_id,REC-00251
DE-04112,ARX:FORMAL-ARXIV-V12-Q-D2:2607.17883v1,ARX:FORMAL-ARXIV-V12-Q-D1:2607.17883v1,arxiv_id,REC-06780
DE-04113,ARX:FORMAL-ARXIV-V12-Q-D2:2607.17136v1,ARX:FORMAL-ARXIV-V12-Q-A1:2607.17136v1,arxiv_id,REC-02656
DE-04114,ARX:FORMAL-ARXIV-V12-Q-D2:2607.17038v1,GS:GS-A2W-02-051,arxiv_id,REC-00775
DE-04115,ARX:FORMAL-ARXIV-V12-Q-D2:2607.16851v1,ARX:FORMAL-ARXIV-V12-Q-C3:2607.16851v1,arxiv_id,REC-05805
DE-04116,ARX:FORMAL-ARXIV-V12-Q-D2:2607.18316v1,ARX:FORMAL-ARXIV-V12-Q-D1:2607.18316v1,arxiv_id,REC-06786
DE-04117,ARX:FORMAL-ARXIV-V12-Q-D2:2607.15550v1,GS:GS-B2-02-066,arxiv_id,REC-01206
DE-04118,ARX:FORMAL-ARXIV-V12-Q-D2:2607.14798v1,ARX:FORMAL-ARXIV-V12-Q-B4:2607.14798v1,arxiv_id,REC-04128
DE-04119,ARX:FORMAL-ARXIV-V12-Q-D2:2607.14754v1,GS:GS-B4-03-056,arxiv_id,REC-01500
DE-04120,ARX:FORMAL-ARXIV-V12-Q-D2:2607.14651v1,GS:GS-C1-01-009,arxiv_id,REC-01561
DE-04121,ARX:FORMAL-ARXIV-V12-Q-D2:2607.14570v1,ARX:FORMAL-ARXIV-V12-Q-B3:2607.14570v1,arxiv_id,REC-03834
DE-04122,ARX:FORMAL-ARXIV-V12-Q-D2:2607.14548v1,ARX:FORMAL-ARXIV-V12-Q-A1:2607.14548v1,arxiv_id,REC-02661
DE-04123,ARX:FORMAL-ARXIV-V12-Q-D2:2607.14340v1,ARX:FORMAL-ARXIV-V12-Q-D1:2607.14340v1,arxiv_id,REC-06794
DE-04124,ARX:FORMAL-ARXIV-V12-Q-D2:2607.14275v1,ARX:FORMAL-ARXIV-V12-Q-D1:2607.14275v1,arxiv_id,REC-06796
DE-04125,ARX:FORMAL-ARXIV-V12-Q-D2:2607.13987v1,GS:GS-D2-02-091,arxiv_id,REC-02142
DE-04126,ARX:FORMAL-ARXIV-V12-Q-D2:2607.13716v1,ARX:FORMAL-ARXIV-V12-Q-D1:2607.13716v1,arxiv_id,REC-06798
DE-04127,ARX:FORMAL-ARXIV-V12-Q-D2:2607.14171v1,ARX:FORMAL-ARXIV-V12-Q-D1:2607.14171v1,arxiv_id,REC-06799
DE-04128,ARX:FORMAL-ARXIV-V12-Q-D2:2607.13411v1,ARX:FORMAL-ARXIV-V12-Q-D1:2607.13411v1,arxiv_id,REC-06802
DE-04129,ARX:FORMAL-ARXIV-V12-Q-D2:2607.12624v1,ARX:FORMAL-ARXIV-V12-Q-B1:2607.12624v1,arxiv_id,REC-03452
DE-04130,ARX:FORMAL-ARXIV-V12-Q-D2:2607.12406v1,ARX:FORMAL-ARXIV-V12-Q-B1:2607.12406v1,arxiv_id,REC-03453
DE-04131,ARX:FORMAL-ARXIV-V12-Q-D2:2607.12340v1,ARX:FORMAL-ARXIV-V12-Q-B3:2607.12340v1,arxiv_id,REC-03837
DE-04132,ARX:FORMAL-ARXIV-V12-Q-D2:2607.26075v1,ARX:FORMAL-ARXIV-V12-Q-C3:2607.26075v1,arxiv_id,REC-05825
DE-04133,ARX:FORMAL-ARXIV-V12-Q-D2:2607.12058v1,ARX:FORMAL-ARXIV-V12-Q-C3:2607.12058v1,arxiv_id,REC-05827
DE-04134,ARX:FORMAL-ARXIV-V12-Q-D2:2607.11698v1,ARX:FORMAL-ARXIV-V12-Q-C2:2607.11698v1,arxiv_id,REC-04965
DE-04135,ARX:FORMAL-ARXIV-V12-Q-D2:2607.13087v1,ARX:FORMAL-ARXIV-V12-Q-C3:2607.13087v1,arxiv_id,REC-05829
DE-04136,ARX:FORMAL-ARXIV-V12-Q-D2:2607.11390v1,ARX:FORMAL-ARXIV-V12-Q-D1:2607.11390v1,arxiv_id,REC-06812
DE-04137,ARX:FORMAL-ARXIV-V12-Q-D2:2607.11288v1,GS:GS-A1-04-019,arxiv_id,REC-00254
DE-04138,ARX:FORMAL-ARXIV-V12-Q-D2:2607.11276v1,ARX:FORMAL-ARXIV-V12-Q-D1:2607.11276v1,arxiv_id,REC-06814
DE-04139,ARX:FORMAL-ARXIV-V12-Q-D2:2607.13081v1,ARX:FORMAL-ARXIV-V12-Q-B1:2607.13081v1,arxiv_id,REC-03454
DE-04140,ARX:FORMAL-ARXIV-V12-Q-D2:2607.11149v3,ARX:FORMAL-ARXIV-V12-Q-D1:2607.11149v3,arxiv_id,REC-06816
DE-04141,ARX:FORMAL-ARXIV-V12-Q-D2:2607.11098v3,GS:GS-B3-02-048,arxiv_id,REC-01269
DE-04142,ARX:FORMAL-ARXIV-V12-Q-D2:2607.10814v1,ARX:FORMAL-ARXIV-V12-Q-D1:2607.10814v1,arxiv_id,REC-06818
DE-04143,ARX:FORMAL-ARXIV-V12-Q-D2:2607.10534v1,ARX:FORMAL-ARXIV-V12-Q-D1:2607.10534v1,arxiv_id,REC-06820
DE-04144,ARX:FORMAL-ARXIV-V12-Q-D2:2607.10487v1,GS:GS-C3-01-010,arxiv_id,REC-01915
DE-04145,ARX:FORMAL-ARXIV-V12-Q-D2:2607.10265v2,ARX:FORMAL-ARXIV-V12-Q-D1:2607.10265v2,arxiv_id,REC-06824
DE-04146,ARX:FORMAL-ARXIV-V12-Q-D2:2607.08681v1,ARX:FORMAL-ARXIV-V12-Q-D1:2607.08681v1,arxiv_id,REC-06832
DE-04147,ARX:FORMAL-ARXIV-V12-Q-D2:2607.08400v1,ARX:FORMAL-ARXIV-V12-Q-D1:2607.08400v1,arxiv_id,REC-06834
DE-04148,ARX:FORMAL-ARXIV-V12-Q-D2:2607.08395v1,ARX:FORMAL-ARXIV-V12-Q-C1:2607.08395v1,arxiv_id,REC-04310
DE-04149,ARX:FORMAL-ARXIV-V12-Q-D2:2607.08147v1,ARX:FORMAL-ARXIV-V12-Q-A1:2607.08147v1,arxiv_id,REC-02666
DE-04150,ARX:FORMAL-ARXIV-V12-Q-D2:2607.08028v1,ARX:FORMAL-ARXIV-V12-Q-C3:2607.08028v1,arxiv_id,REC-05840
DE-04151,ARX:FORMAL-ARXIV-V12-Q-D2:2607.07689v1,GS:GS-D2-02-060,arxiv_id,REC-02122
DE-04152,ARX:FORMAL-ARXIV-V12-Q-D2:2607.07474v1,ARX:FORMAL-ARXIV-V12-Q-D1:2607.07474v1,arxiv_id,REC-06841
DE-04153,ARX:FORMAL-ARXIV-V12-Q-D2:2607.07461v1,GS:GS-B4-03-039,arxiv_id,REC-01489
DE-04154,ARX:FORMAL-ARXIV-V12-Q-D2:2607.09773v1,GS:GS-D3-01-059,arxiv_id,REC-02198
DE-04155,ARX:FORMAL-ARXIV-V12-Q-D2:2607.09770v1,ARX:FORMAL-ARXIV-V12-Q-D1:2607.09770v1,arxiv_id,REC-06845
DE-04156,ARX:FORMAL-ARXIV-V12-Q-D2:2607.05773v1,ARX:FORMAL-ARXIV-V12-Q-D1:2607.05773v1,arxiv_id,REC-06847
DE-04157,ARX:FORMAL-ARXIV-V12-Q-D2:2607.05743v1,ARX:FORMAL-ARXIV-V12-Q-B4:2607.05743v1,arxiv_id,REC-04132
DE-04158,ARX:FORMAL-ARXIV-V12-Q-D2:2607.06595v1,GS:GS-C1-01-008,arxiv_id,REC-01560
DE-04159,ARX:FORMAL-ARXIV-V12-Q-D2:2607.05277v1,GS:GS-B1-01-077,arxiv_id,REC-00990
DE-04160,ARX:FORMAL-ARXIV-V12-Q-D2:2607.05120v1,GS:GS-B1-03-006,arxiv_id,REC-01102
DE-04161,ARX:FORMAL-ARXIV-V12-Q-D2:2607.05029v1,GS:GS-C1-01-017,arxiv_id,REC-01568
DE-04162,ARX:FORMAL-ARXIV-V12-Q-D2:2607.04697v2,ARX:FORMAL-ARXIV-V12-Q-C3:2607.04697v2,arxiv_id,REC-05850
DE-04163,ARX:FORMAL-ARXIV-V12-Q-D2:2607.04613v1,ARX:FORMAL-ARXIV-V12-Q-C3:2607.04613v1,arxiv_id,REC-05853
DE-04164,ARX:FORMAL-ARXIV-V12-Q-D2:2607.04558v1,ARX:FORMAL-ARXIV-V12-Q-D1:2607.04558v1,arxiv_id,REC-06853
DE-04165,ARX:FORMAL-ARXIV-V12-Q-D2:2607.04542v1,ARX:FORMAL-ARXIV-V12-Q-D1:2607.04542v1,arxiv_id,REC-06854
DE-04166,ARX:FORMAL-ARXIV-V12-Q-D2:2607.04334v2,GS:GS-B2-01-100,arxiv_id,REC-01186
DE-04167,ARX:FORMAL-ARXIV-V12-Q-D2:2607.03821v1,ARX:FORMAL-ARXIV-V12-Q-B1:2607.03821v1,arxiv_id,REC-03458
DE-04168,ARX:FORMAL-ARXIV-V12-Q-D2:2607.20510v1,ARX:FORMAL-ARXIV-V12-Q-D1:2607.20510v1,arxiv_id,REC-06859
DE-04169,ARX:FORMAL-ARXIV-V12-Q-D2:2607.03516v1,ARX:FORMAL-ARXIV-V12-Q-C1:2607.03516v1,arxiv_id,REC-04318
DE-04170,ARX:FORMAL-ARXIV-V12-Q-D2:2607.03510v1,ARX:FORMAL-ARXIV-V12-Q-C3:2607.03510v1,arxiv_id,REC-05858
DE-04171,ARX:FORMAL-ARXIV-V12-Q-D2:2607.03423v1,ARX:FORMAL-ARXIV-V12-Q-B3:2607.03423v1,arxiv_id,REC-03842
DE-04172,ARX:FORMAL-ARXIV-V12-Q-D2:2607.09744v1,ARX:FORMAL-ARXIV-V12-Q-C2:2607.09744v1,arxiv_id,REC-04977
DE-04173,ARX:FORMAL-ARXIV-V12-Q-D2:2607.03269v1,ARX:FORMAL-ARXIV-V12-Q-C2:2607.03269v1,arxiv_id,REC-04978
DE-04174,ARX:FORMAL-ARXIV-V12-Q-D2:2607.03220v1,ARX:FORMAL-ARXIV-V12-Q-D1:2607.03220v1,arxiv_id,REC-06862
DE-04175,ARX:FORMAL-ARXIV-V12-Q-D2:2607.01793v2,ARX:FORMAL-ARXIV-V12-Q-D1:2607.01793v2,arxiv_id,REC-06868
DE-04176,ARX:FORMAL-ARXIV-V12-Q-D2:2607.01641v1,GS:GS-C3-01-084,arxiv_id,REC-01953
DE-04177,ARX:FORMAL-ARXIV-V12-Q-D2:2607.01640v1,ARX:FORMAL-ARXIV-V12-Q-B3:2607.01640v1,arxiv_id,REC-03844
DE-04178,ARX:FORMAL-ARXIV-V12-Q-D2:2607.01421v1,ARX:FORMAL-ARXIV-V12-Q-D1:2607.01421v1,arxiv_id,REC-06874
DE-04179,ARX:FORMAL-ARXIV-V12-Q-D2:2607.00334v1,ARX:FORMAL-ARXIV-V12-Q-C3:2607.00334v1,arxiv_id,REC-05870
DE-04180,ARX:FORMAL-ARXIV-V12-Q-D2:2606.31935v1,ARX:FORMAL-ARXIV-V12-Q-C3:2606.31935v1,arxiv_id,REC-05872
DE-04181,ARX:FORMAL-ARXIV-V12-Q-D2:2606.31639v1,ARX:FORMAL-ARXIV-V12-Q-C3:2606.31639v1,arxiv_id,REC-05873
DE-04182,ARX:FORMAL-ARXIV-V12-Q-D2:2606.31410v2,ARX:FORMAL-ARXIV-V12-Q-A1:2606.31410v2,arxiv_id,REC-02676
DE-04183,ARX:FORMAL-ARXIV-V12-Q-D2:2606.31227v1,ARX:FORMAL-ARXIV-V12-Q-B4:2606.31227v1,arxiv_id,REC-04136
DE-04184,ARX:FORMAL-ARXIV-V12-Q-D2:2606.30755v1,ARX:FORMAL-ARXIV-V12-Q-B1:2606.30755v1,arxiv_id,REC-03460
DE-04185,ARX:FORMAL-ARXIV-V12-Q-D2:2606.30566v2,GS:GS-C1-01-024,arxiv_id,REC-01575
DE-04186,ARX:FORMAL-ARXIV-V12-Q-D2:2606.30119v1,GS:GS-A1-06-021,arxiv_id,REC-00438
DE-04187,ARX:FORMAL-ARXIV-V12-Q-D2:2606.29719v1,ARX:FORMAL-ARXIV-V12-Q-D1:2606.29719v1,arxiv_id,REC-06893
DE-04188,ARX:FORMAL-ARXIV-V12-Q-D2:2606.29279v1,ARX:FORMAL-ARXIV-V12-Q-D1:2606.29279v1,arxiv_id,REC-06895
DE-04189,ARX:FORMAL-ARXIV-V12-Q-D2:2606.29225v1,GS:GS-D2-03-010,arxiv_id,REC-02154
DE-04190,ARX:FORMAL-ARXIV-V12-Q-D2:2606.29142v1,GS:GS-C2-02-097,arxiv_id,REC-01868
DE-04191,ARX:FORMAL-ARXIV-V12-Q-D2:2606.28270v1,ARX:FORMAL-ARXIV-V12-Q-B4:2606.28270v1,arxiv_id,REC-04139
DE-04192,ARX:FORMAL-ARXIV-V12-Q-D2:2606.27944v1,GS:GS-B2-02-080,arxiv_id,REC-01213
DE-04193,ARX:FORMAL-ARXIV-V12-Q-D2:2606.27472v1,ARX:FORMAL-ARXIV-V12-Q-D1:2606.27472v1,arxiv_id,REC-06900
DE-04194,ARX:FORMAL-ARXIV-V12-Q-D2:2606.26614v2,GS:GS-A2W-02-062,arxiv_id,REC-00785
DE-04195,ARX:FORMAL-ARXIV-V12-Q-D2:2606.26524v1,GS:GS-D2-03-048,arxiv_id,REC-02169
DE-04196,ARX:FORMAL-ARXIV-V12-Q-D2:2606.26479v1,GS:GS-B1-02-032,arxiv_id,REC-01037
DE-04197,ARX:FORMAL-ARXIV-V12-Q-D2:2606.26350v1,ARX:FORMAL-ARXIV-V12-Q-D1:2606.26350v1,arxiv_id,REC-06905
DE-04198,ARX:FORMAL-ARXIV-V12-Q-D2:2606.26057v1,ARX:FORMAL-ARXIV-V12-Q-C3:2606.26057v1,arxiv_id,REC-05897
DE-04199,ARX:FORMAL-ARXIV-V12-Q-D2:2606.25189v2,GS:GS-D2-03-004,arxiv_id,REC-02150
DE-04200,ARX:FORMAL-ARXIV-V12-Q-D2:2608.04018v1,ARX:FORMAL-ARXIV-V12-Q-D1:2608.04018v1,arxiv_id,REC-06912
DE-04201,ARX:FORMAL-ARXIV-V12-Q-D2:2606.24322v1,GS:GS-C1-01-027,arxiv_id,REC-01578
DE-04202,ARX:FORMAL-ARXIV-V12-Q-D2:2606.23927v1,ARX:FORMAL-ARXIV-V12-Q-D1:2606.23927v1,arxiv_id,REC-06916
DE-04203,ARX:FORMAL-ARXIV-V12-Q-D2:2606.23416v1,ARX:FORMAL-ARXIV-V12-Q-B1:2606.23416v1,arxiv_id,REC-03466
DE-04204,ARX:FORMAL-ARXIV-V12-Q-D2:2606.23195v2,ARX:FORMAL-ARXIV-V12-Q-C3:2606.23195v2,arxiv_id,REC-05906
DE-04205,ARX:FORMAL-ARXIV-V12-Q-D2:2606.23075v1,GS:GS-B3-02-022,arxiv_id,REC-01249
DE-04206,ARX:FORMAL-ARXIV-V12-Q-D2:2606.22864v1,GS:GS-B1-01-022,arxiv_id,REC-00963
DE-04207,ARX:FORMAL-ARXIV-V12-Q-D2:2606.22673v1,GS:GS-B1-01-096,arxiv_id,REC-01004
DE-04208,ARX:FORMAL-ARXIV-V12-Q-D2:2606.22613v1,ARX:FORMAL-ARXIV-V12-Q-D1:2606.22613v1,arxiv_id,REC-06923
DE-04209,ARX:FORMAL-ARXIV-V12-Q-D2:2606.22528v2,GS:GS-D2-03-078,arxiv_id,REC-02181
DE-04210,ARX:FORMAL-ARXIV-V12-Q-D2:2606.22388v1,GS:GS-B3-02-057,arxiv_id,REC-01277
DE-04211,ARX:FORMAL-ARXIV-V12-Q-D2:2606.22030v2,ARX:FORMAL-ARXIV-V12-Q-C1:2606.22030v2,arxiv_id,REC-04337
DE-04212,ARX:FORMAL-ARXIV-V12-Q-D2:2606.21856v1,ARX:FORMAL-ARXIV-V12-Q-C3:2606.21856v1,arxiv_id,REC-05913
DE-04213,ARX:FORMAL-ARXIV-V12-Q-D2:2606.21732v1,GS:GS-C3-04-036,arxiv_id,REC-02040
DE-04214,ARX:FORMAL-ARXIV-V12-Q-D2:2606.21565v1,ARX:FORMAL-ARXIV-V12-Q-D1:2606.21565v1,arxiv_id,REC-06930
DE-04215,ARX:FORMAL-ARXIV-V12-Q-D2:2606.21338v1,GS:GS-B4-03-095,arxiv_id,REC-01521
DE-04216,ARX:FORMAL-ARXIV-V12-Q-D2:2606.20922v1,GS:GS-B1-01-056,arxiv_id,REC-00979
DE-04217,ARX:FORMAL-ARXIV-V12-Q-D2:2606.20910v1,GS:GS-A1-06-098,arxiv_id,REC-00496
DE-04218,ARX:FORMAL-ARXIV-V12-Q-D2:2606.20520v2,ARX:FORMAL-ARXIV-V12-Q-C3:2606.20520v2,arxiv_id,REC-05917
DE-04219,ARX:FORMAL-ARXIV-V12-Q-D2:2606.20493v2,ARX:FORMAL-ARXIV-V12-Q-C2:2606.20493v2,arxiv_id,REC-05003
DE-04220,ARX:FORMAL-ARXIV-V12-Q-D2:2606.20470v2,ARX:FORMAL-ARXIV-V12-Q-B1:2606.20470v2,arxiv_id,REC-03469
DE-04221,ARX:FORMAL-ARXIV-V12-Q-D2:2606.20408v3,ARX:FORMAL-ARXIV-V12-Q-D1:2606.20408v3,arxiv_id,REC-06933
DE-04222,ARX:FORMAL-ARXIV-V12-Q-D2:2606.20023v2,GS:GS-C3-03-009,arxiv_id,REC-02010
DE-04223,ARX:FORMAL-ARXIV-V12-Q-D2:2606.19659v1,ARX:FORMAL-ARXIV-V12-Q-D1:2606.19659v1,arxiv_id,REC-06935
DE-04224,ARX:FORMAL-ARXIV-V12-Q-D2:2606.19242v1,ARX:FORMAL-ARXIV-V12-Q-D1:2606.19242v1,arxiv_id,REC-06938
DE-04225,ARX:FORMAL-ARXIV-V12-Q-D2:2606.19135v1,GS:GS-C3-01-040,arxiv_id,REC-01931
DE-04226,ARX:FORMAL-ARXIV-V12-Q-D2:2606.18789v1,ARX:FORMAL-ARXIV-V12-Q-D1:2606.18789v1,arxiv_id,REC-06940
DE-04227,ARX:FORMAL-ARXIV-V12-Q-D2:2606.18619v1,ARX:FORMAL-ARXIV-V12-Q-D1:2606.18619v1,arxiv_id,REC-06942
DE-04228,ARX:FORMAL-ARXIV-V12-Q-D2:2606.18356v1,GS:GS-C3-02-015,arxiv_id,REC-01975
DE-04229,ARX:FORMAL-ARXIV-V12-Q-D2:2606.20717v1,GS:GS-B2-01-006,arxiv_id,REC-01119
DE-04230,ARX:FORMAL-ARXIV-V12-Q-D2:2606.18037v2,ARX:FORMAL-ARXIV-V12-Q-D1:2606.18037v2,arxiv_id,REC-06946
DE-04231,ARX:FORMAL-ARXIV-V12-Q-D2:2606.17929v1,GS:GS-A1-02-041,arxiv_id,REC-00116
DE-04232,ARX:FORMAL-ARXIV-V12-Q-D2:2606.17573v1,ARX:FORMAL-ARXIV-V12-Q-C3:2606.17573v1,arxiv_id,REC-05926
DE-04233,ARX:FORMAL-ARXIV-V12-Q-D2:2606.17467v2,ARX:FORMAL-ARXIV-V12-Q-B1:2606.17467v2,arxiv_id,REC-03474
DE-04234,ARX:FORMAL-ARXIV-V12-Q-D2:2606.19386v1,ARX:FORMAL-ARXIV-V12-Q-D1:2606.19386v1,arxiv_id,REC-06953
DE-04235,ARX:FORMAL-ARXIV-V12-Q-D2:2606.17203v1,ARX:FORMAL-ARXIV-V12-Q-D1:2606.17203v1,arxiv_id,REC-06954
DE-04236,ARX:FORMAL-ARXIV-V12-Q-D2:2606.16659v1,GS:GS-A1-05-091,arxiv_id,REC-00414
DE-04237,ARX:FORMAL-ARXIV-V12-Q-D2:2606.16287v2,ARX:FORMAL-ARXIV-V12-Q-B3:2606.16287v2,arxiv_id,REC-03858
DE-04238,ARX:FORMAL-ARXIV-V12-Q-D2:2607.22611v1,ARX:FORMAL-ARXIV-V12-Q-C3:2607.22611v1,arxiv_id,REC-05937
DE-04239,ARX:FORMAL-ARXIV-V12-Q-D2:2606.15899v1,GS:GS-C1-02-084,arxiv_id,REC-01654
DE-04240,ARX:FORMAL-ARXIV-V12-Q-D2:2606.15709v1,ARX:FORMAL-ARXIV-V12-Q-D1:2606.15709v1,arxiv_id,REC-06961
DE-04241,ARX:FORMAL-ARXIV-V12-Q-D2:2606.15609v1,GS:GS-A1-04-077,arxiv_id,REC-00306
DE-04242,ARX:FORMAL-ARXIV-V12-Q-D2:2606.15242v1,ARX:FORMAL-ARXIV-V12-Q-B3:2606.15242v1,arxiv_id,REC-03861
DE-04243,ARX:FORMAL-ARXIV-V12-Q-D2:2606.15077v1,ARX:FORMAL-ARXIV-V12-Q-D1:2606.15077v1,arxiv_id,REC-06964
DE-04244,ARX:FORMAL-ARXIV-V12-Q-D2:2606.15057v2,ARX:FORMAL-ARXIV-V12-Q-B1:2606.15057v2,arxiv_id,REC-03477
DE-04245,ARX:FORMAL-ARXIV-V12-Q-D2:2606.15034v1,ARX:FORMAL-ARXIV-V12-Q-A1:2606.15034v1,arxiv_id,REC-02694
DE-04246,ARX:FORMAL-ARXIV-V12-Q-D2:2606.14589v1,ARX:FORMAL-ARXIV-V12-Q-D1:2606.14589v1,arxiv_id,REC-06967
DE-04247,ARX:FORMAL-ARXIV-V12-Q-D2:2606.14831v1,ARX:FORMAL-ARXIV-V12-Q-D1:2606.14831v1,arxiv_id,REC-06968
DE-04248,ARX:FORMAL-ARXIV-V12-Q-D2:2606.14517v2,ARX:FORMAL-ARXIV-V12-Q-B1:2606.14517v2,arxiv_id,REC-03479
DE-04249,ARX:FORMAL-ARXIV-V12-Q-D2:2606.20669v1,ARX:FORMAL-ARXIV-V12-Q-D1:2606.20669v1,arxiv_id,REC-06969
DE-04250,ARX:FORMAL-ARXIV-V12-Q-D2:2606.14154v1,ARX:FORMAL-ARXIV-V12-Q-B1:2606.14154v1,arxiv_id,REC-03480
DE-04251,ARX:FORMAL-ARXIV-V12-Q-D2:2606.14106v1,GS:GS-A3-02-033,arxiv_id,REC-00911
DE-04252,ARX:FORMAL-ARXIV-V12-Q-D2:2606.13474v2,ARX:FORMAL-ARXIV-V12-Q-D1:2606.13474v2,arxiv_id,REC-06975
DE-04253,ARX:FORMAL-ARXIV-V12-Q-D2:2606.13298v1,ARX:FORMAL-ARXIV-V12-Q-C3:2606.13298v1,arxiv_id,REC-05948
DE-04254,ARX:FORMAL-ARXIV-V12-Q-D2:2606.12828v1,ARX:FORMAL-ARXIV-V12-Q-A1:2606.12828v1,arxiv_id,REC-02699
DE-04255,ARX:FORMAL-ARXIV-V12-Q-D2:2606.12797v1,GS:GS-C1-02-088,arxiv_id,REC-01658
DE-04256,ARX:FORMAL-ARXIV-V12-Q-D2:2606.12737v1,ARX:FORMAL-ARXIV-V12-Q-B1:2606.12737v1,arxiv_id,REC-03482
DE-04257,ARX:FORMAL-ARXIV-V12-Q-D2:2606.12666v2,GS:GS-B2-02-100,arxiv_id,REC-01225
DE-04258,ARX:FORMAL-ARXIV-V12-Q-D2:2606.12341v1,ARX:FORMAL-ARXIV-V12-Q-B3:2606.12341v1,arxiv_id,REC-03864
DE-04259,ARX:FORMAL-ARXIV-V12-Q-D2:2606.11671v1,ARX:FORMAL-ARXIV-V12-Q-B3:2606.11671v1,arxiv_id,REC-03866
DE-04260,ARX:FORMAL-ARXIV-V12-Q-D2:2606.11337v1,ARX:FORMAL-ARXIV-V12-Q-D1:2606.11337v1,arxiv_id,REC-06987
DE-04261,ARX:FORMAL-ARXIV-V12-Q-D2:2606.11078v1,GS:GS-D1-02-062,arxiv_id,REC-02078
DE-04262,ARX:FORMAL-ARXIV-V12-Q-D2:2606.10749v1,GS:GS-A1-05-083,arxiv_id,REC-00406
DE-04263,ARX:FORMAL-ARXIV-V12-Q-D2:2606.10322v2,GS:GS-D3-02-031,arxiv_id,REC-02222
DE-04264,ARX:FORMAL-ARXIV-V12-Q-D2:2606.09549v1,GS:GS-C3-02-011,arxiv_id,REC-01971
DE-04265,ARX:FORMAL-ARXIV-V12-Q-D2:2606.09426v3,GS:GS-A1-01-066,arxiv_id,REC-00063
DE-04266,ARX:FORMAL-ARXIV-V12-Q-D2:2606.09122v1,ARX:FORMAL-ARXIV-V12-Q-C2:2606.09122v1,arxiv_id,REC-05014
DE-04267,ARX:FORMAL-ARXIV-V12-Q-D2:2606.09084v1,ARX:FORMAL-ARXIV-V12-Q-C1:2606.09084v1,arxiv_id,REC-04360
DE-04268,ARX:FORMAL-ARXIV-V12-Q-D2:2606.09039v2,ARX:FORMAL-ARXIV-V12-Q-D1:2606.09039v2,arxiv_id,REC-06990
DE-04269,ARX:FORMAL-ARXIV-V12-Q-D2:2606.08348v2,ARX:FORMAL-ARXIV-V12-Q-D1:2606.08348v2,arxiv_id,REC-06993
DE-04270,ARX:FORMAL-ARXIV-V12-Q-D2:2606.08021v1,ARX:FORMAL-ARXIV-V12-Q-C3:2606.08021v1,arxiv_id,REC-05969
DE-04271,ARX:FORMAL-ARXIV-V12-Q-D2:2606.07992v1,ARX:FORMAL-ARXIV-V12-Q-B1:2606.07992v1,arxiv_id,REC-03487
DE-04272,ARX:FORMAL-ARXIV-V12-Q-D2:2606.07943v2,GS:GS-B3-02-029,arxiv_id,REC-01254
DE-04273,ARX:FORMAL-ARXIV-V12-Q-D2:2606.07941v1,ARX:FORMAL-ARXIV-V12-Q-B3:2606.07941v1,arxiv_id,REC-03868
DE-04274,ARX:FORMAL-ARXIV-V12-Q-D2:2606.07867v1,ARX:FORMAL-ARXIV-V12-Q-D1:2606.07867v1,arxiv_id,REC-06996
DE-04275,ARX:FORMAL-ARXIV-V12-Q-D2:2606.07803v2,ARX:FORMAL-ARXIV-V12-Q-D1:2606.07803v2,arxiv_id,REC-06997
DE-04276,ARX:FORMAL-ARXIV-V12-Q-D2:2606.07150v3,ARX:FORMAL-ARXIV-V12-Q-C2:2606.07150v3,arxiv_id,REC-05022
DE-04277,ARX:FORMAL-ARXIV-V12-Q-D2:2606.07074v1,ARX:FORMAL-ARXIV-V12-Q-A1:2606.07074v1,arxiv_id,REC-02705
DE-04278,ARX:FORMAL-ARXIV-V12-Q-D2:2606.07027v2,ARX:FORMAL-ARXIV-V12-Q-A1:2606.07027v2,arxiv_id,REC-02706
DE-04279,ARX:FORMAL-ARXIV-V12-Q-D2:2606.06387v1,GS:GS-B3-03-013,arxiv_id,REC-01319
DE-04280,ARX:FORMAL-ARXIV-V12-Q-D2:2606.06054v1,GS:GS-C1-03-006,arxiv_id,REC-01664
DE-04281,ARX:FORMAL-ARXIV-V12-Q-D2:2606.05805v1,GS:GS-B2-01-095,arxiv_id,REC-01181
DE-04282,ARX:FORMAL-ARXIV-V12-Q-D2:2606.05743v1,GS:GS-C1-02-054,arxiv_id,REC-01643
DE-04283,ARX:FORMAL-ARXIV-V12-Q-D2:2606.05679v1,ARX:FORMAL-ARXIV-V12-Q-B3:2606.05679v1,arxiv_id,REC-03871
DE-04284,ARX:FORMAL-ARXIV-V12-Q-D2:2606.04990v4,GS:GS-D2-02-039,arxiv_id,REC-02112
DE-04285,ARX:FORMAL-ARXIV-V12-Q-D2:2606.04580v1,ARX:FORMAL-ARXIV-V12-Q-C2:2606.04580v1,arxiv_id,REC-05029
DE-04286,ARX:FORMAL-ARXIV-V12-Q-D2:2606.04329v2,GS:GS-C1-01-011,arxiv_id,REC-01563
DE-04287,ARX:FORMAL-ARXIV-V12-Q-D2:2606.04306v1,GS:GS-D2-03-028,arxiv_id,REC-02161
DE-04288,ARX:FORMAL-ARXIV-V12-Q-D2:2606.04193v1,ARX:FORMAL-ARXIV-V12-Q-C3:2606.04193v1,arxiv_id,REC-05982
DE-04289,ARX:FORMAL-ARXIV-V12-Q-D2:2606.04141v1,ARX:FORMAL-ARXIV-V12-Q-B1:2606.04141v1,arxiv_id,REC-03491
DE-04290,ARX:FORMAL-ARXIV-V12-Q-D2:2606.03895v2,GS:GS-A1-04-040,arxiv_id,REC-00272
DE-04291,ARX:FORMAL-ARXIV-V12-Q-D2:2606.04056v1,ARX:FORMAL-ARXIV-V12-Q-C3:2606.04056v1,arxiv_id,REC-05988
DE-04292,ARX:FORMAL-ARXIV-V12-Q-D2:2606.03271v1,ARX:FORMAL-ARXIV-V12-Q-D1:2606.03271v1,arxiv_id,REC-07015
DE-04293,ARX:FORMAL-ARXIV-V12-Q-D2:2606.04037v2,ARX:FORMAL-ARXIV-V12-Q-C3:2606.04037v2,arxiv_id,REC-05990
DE-04294,ARX:FORMAL-ARXIV-V12-Q-D2:2606.03024v2,GS:GS-C3-03-050,arxiv_id,REC-02019
DE-04295,ARX:FORMAL-ARXIV-V12-Q-D2:2606.02240v3,ARX:FORMAL-ARXIV-V12-Q-B1:2606.02240v3,arxiv_id,REC-03493
DE-04296,ARX:FORMAL-ARXIV-V12-Q-D2:2606.01991v1,ARX:FORMAL-ARXIV-V12-Q-B4:2606.01991v1,arxiv_id,REC-04156
DE-04297,ARX:FORMAL-ARXIV-V12-Q-D2:2606.01961v2,ARX:FORMAL-ARXIV-V12-Q-D1:2606.01961v2,arxiv_id,REC-07022
DE-04298,ARX:FORMAL-ARXIV-V12-Q-D2:2606.01663v1,ARX:FORMAL-ARXIV-V12-Q-C2:2606.01663v1,arxiv_id,REC-05037
DE-04299,ARX:FORMAL-ARXIV-V12-Q-D2:2606.01498v1,ARX:FORMAL-ARXIV-V12-Q-D1:2606.01498v1,arxiv_id,REC-07027
DE-04300,ARX:FORMAL-ARXIV-V12-Q-D2:2606.01494v1,ARX:FORMAL-ARXIV-V12-Q-B3:2606.01494v1,arxiv_id,REC-03874
DE-04301,ARX:FORMAL-ARXIV-V12-Q-D2:2606.01416v1,ARX:FORMAL-ARXIV-V12-Q-D1:2606.01416v1,arxiv_id,REC-07028
DE-04302,ARX:FORMAL-ARXIV-V12-Q-D2:2606.01166v2,GS:GS-A1-01-072,arxiv_id,REC-00069
DE-04303,ARX:FORMAL-ARXIV-V12-Q-D2:2606.00914v1,GS:GS-C3-03-084,arxiv_id,REC-02030
DE-04304,ARX:FORMAL-ARXIV-V12-Q-D2:2606.00611v1,ARX:FORMAL-ARXIV-V12-Q-D1:2606.00611v1,arxiv_id,REC-07035
DE-04305,ARX:FORMAL-ARXIV-V12-Q-D2:2606.00603v2,ARX:FORMAL-ARXIV-V12-Q-D1:2606.00603v2,arxiv_id,REC-07036
DE-04306,ARX:FORMAL-ARXIV-V12-Q-D2:2606.00497v1,ARX:FORMAL-ARXIV-V12-Q-A1:2606.00497v1,arxiv_id,REC-02718
DE-04307,ARX:FORMAL-ARXIV-V12-Q-D2:2605.31042v1,ARX:FORMAL-ARXIV-V12-Q-B1:2605.31042v1,arxiv_id,REC-03494
DE-04308,ARX:FORMAL-ARXIV-V12-Q-D2:2605.30677v1,ARX:FORMAL-ARXIV-V12-Q-B1:2605.30677v1,arxiv_id,REC-03497
DE-04309,ARX:FORMAL-ARXIV-V12-Q-D2:2605.30667v1,ARX:FORMAL-ARXIV-V12-Q-B1:2605.30667v1,arxiv_id,REC-03498
DE-04310,ARX:FORMAL-ARXIV-V12-Q-D2:2605.30604v1,GS:GS-C3-01-094,arxiv_id,REC-01957
DE-04311,ARX:FORMAL-ARXIV-V12-Q-D2:2607.16215v1,ARX:FORMAL-ARXIV-V12-Q-D1:2607.16215v1,arxiv_id,REC-07042
DE-04312,ARX:FORMAL-ARXIV-V12-Q-D2:2605.30534v1,ARX:FORMAL-ARXIV-V12-Q-B1:2605.30534v1,arxiv_id,REC-03499
DE-04313,ARX:FORMAL-ARXIV-V12-Q-D2:2605.30454v1,ARX:FORMAL-ARXIV-V12-Q-B1:2605.30454v1,arxiv_id,REC-03500
DE-04314,ARX:FORMAL-ARXIV-V12-Q-D2:2605.30353v1,ARX:FORMAL-ARXIV-V12-Q-C3:2605.30353v1,arxiv_id,REC-06014
DE-04315,ARX:FORMAL-ARXIV-V12-Q-D2:2605.29960v1,GS:GS-C1-01-016,arxiv_id,REC-01567
DE-04316,ARX:FORMAL-ARXIV-V12-Q-D2:2605.29910v1,ARX:FORMAL-ARXIV-V12-Q-C2:2605.29910v1,arxiv_id,REC-05046
DE-04317,ARX:FORMAL-ARXIV-V12-Q-D2:2605.28646v2,GS:GS-B2-02-067,arxiv_id,REC-01207
DE-04318,ARX:FORMAL-ARXIV-V12-Q-D2:2605.28201v1,GS:GS-B3-02-067,arxiv_id,REC-01287
DE-04319,ARX:FORMAL-ARXIV-V12-Q-D2:2605.28114v2,ARX:FORMAL-ARXIV-V12-Q-C2:2605.28114v2,arxiv_id,REC-05050
DE-04320,ARX:FORMAL-ARXIV-V12-Q-D2:2605.28000v1,ARX:FORMAL-ARXIV-V12-Q-D1:2605.28000v1,arxiv_id,REC-07060
DE-04321,ARX:FORMAL-ARXIV-V12-Q-D2:2605.27922v1,ARX:FORMAL-ARXIV-V12-Q-C3:2605.27922v1,arxiv_id,REC-06019
DE-04322,ARX:FORMAL-ARXIV-V12-Q-D2:2605.27898v2,GS:GS-A2S-03-028,arxiv_id,REC-00630
DE-04323,ARX:FORMAL-ARXIV-V12-Q-D2:2605.27785v1,ARX:FORMAL-ARXIV-V12-Q-A1:2605.27785v1,arxiv_id,REC-02729
DE-04324,ARX:FORMAL-ARXIV-V12-Q-D2:2605.27766v1,ARX:FORMAL-ARXIV-V12-Q-C2:2605.27766v1,arxiv_id,REC-05051
DE-04325,ARX:FORMAL-ARXIV-V12-Q-D2:2605.27593v1,ARX:FORMAL-ARXIV-V12-Q-C2:2605.27593v1,arxiv_id,REC-05052
DE-04326,ARX:FORMAL-ARXIV-V12-Q-D2:2605.26497v1,GS:GS-C3-01-008,arxiv_id,REC-01914
DE-04327,ARX:FORMAL-ARXIV-V12-Q-D2:2605.26321v1,ARX:FORMAL-ARXIV-V12-Q-D1:2605.26321v1,arxiv_id,REC-07071
DE-04328,ARX:FORMAL-ARXIV-V12-Q-D2:2605.26298v1,ARX:FORMAL-ARXIV-V12-Q-C3:2605.26298v1,arxiv_id,REC-06029
DE-04329,ARX:FORMAL-ARXIV-V12-Q-D2:2605.26269v1,GS:GS-B1-02-040,arxiv_id,REC-01045
DE-04330,ARX:FORMAL-ARXIV-V12-Q-D2:2605.25871v1,ARX:FORMAL-ARXIV-V12-Q-B1:2605.25871v1,arxiv_id,REC-03503
DE-04331,ARX:FORMAL-ARXIV-V12-Q-D2:2605.25869v1,ARX:FORMAL-ARXIV-V12-Q-C1:2605.25869v1,arxiv_id,REC-04389
DE-04332,ARX:FORMAL-ARXIV-V12-Q-D2:2605.25435v1,GS:GS-B3-03-062,arxiv_id,REC-01344
DE-04333,ARX:FORMAL-ARXIV-V12-Q-D2:2605.25376v2,ARX:FORMAL-ARXIV-V12-Q-C3:2605.25376v2,arxiv_id,REC-06035
DE-04334,ARX:FORMAL-ARXIV-V12-Q-D2:2605.26169v2,ARX:FORMAL-ARXIV-V12-Q-D1:2605.26169v2,arxiv_id,REC-07079
DE-04335,ARX:FORMAL-ARXIV-V12-Q-D2:2605.25233v1,ARX:FORMAL-ARXIV-V12-Q-C2:2605.25233v1,arxiv_id,REC-05064
DE-04336,ARX:FORMAL-ARXIV-V12-Q-D2:2605.24941v1,ARX:FORMAL-ARXIV-V12-Q-B4:2605.24941v1,arxiv_id,REC-04158
DE-04337,ARX:FORMAL-ARXIV-V12-Q-D2:2605.26154v1,GS:GS-C1-01-022,arxiv_id,REC-01573
DE-04338,ARX:FORMAL-ARXIV-V12-Q-D2:2605.24659v1,GS:GS-B1-02-017,arxiv_id,REC-01022
DE-04339,ARX:FORMAL-ARXIV-V12-Q-D2:2605.24462v1,ARX:FORMAL-ARXIV-V12-Q-C3:2605.24462v1,arxiv_id,REC-06039
DE-04340,ARX:FORMAL-ARXIV-V12-Q-D2:2605.24219v2,ARX:FORMAL-ARXIV-V12-Q-D1:2605.24219v2,arxiv_id,REC-07082
DE-04341,ARX:FORMAL-ARXIV-V12-Q-D2:2605.24216v1,ARX:FORMAL-ARXIV-V12-Q-D1:2605.24216v1,arxiv_id,REC-07083
DE-04342,ARX:FORMAL-ARXIV-V12-Q-D2:2605.23723v1,GS:GS-C1-01-026,arxiv_id,REC-01577
DE-04343,ARX:FORMAL-ARXIV-V12-Q-D2:2605.24069v1,ARX:FORMAL-ARXIV-V12-Q-B3:2605.24069v1,arxiv_id,REC-03885
DE-04344,ARX:FORMAL-ARXIV-V12-Q-D2:2605.23330v1,ARX:FORMAL-ARXIV-V12-Q-D1:2605.23330v1,arxiv_id,REC-07089
DE-04345,ARX:FORMAL-ARXIV-V12-Q-D2:2605.22634v2,ARX:FORMAL-ARXIV-V12-Q-B4:2605.22634v2,arxiv_id,REC-04159
DE-04346,ARX:FORMAL-ARXIV-V12-Q-D2:2605.22300v1,ARX:FORMAL-ARXIV-V12-Q-D1:2605.22300v1,arxiv_id,REC-07096
DE-04347,ARX:FORMAL-ARXIV-V12-Q-D2:2605.22001v1,ARX:FORMAL-ARXIV-V12-Q-C2:2605.22001v1,arxiv_id,REC-05068
DE-04348,ARX:FORMAL-ARXIV-V12-Q-D2:2605.21392v2,GS:GS-B1-01-075,arxiv_id,REC-00989
DE-04349,ARX:FORMAL-ARXIV-V12-Q-D2:2605.20744v1,ARX:FORMAL-ARXIV-V12-Q-D1:2605.20744v1,arxiv_id,REC-07103
DE-04350,ARX:FORMAL-ARXIV-V12-Q-D2:2605.20704v1,ARX:FORMAL-ARXIV-V12-Q-B1:2605.20704v1,arxiv_id,REC-03505
DE-04351,ARX:FORMAL-ARXIV-V12-Q-D2:2607.28636v1,ARX:FORMAL-ARXIV-V12-Q-C3:2607.28636v1,arxiv_id,REC-06057
DE-04352,ARX:FORMAL-ARXIV-V12-Q-D2:2605.20291v2,ARX:FORMAL-ARXIV-V12-Q-A1:2605.20291v2,arxiv_id,REC-02735
DE-04353,ARX:FORMAL-ARXIV-V12-Q-D2:2605.19219v1,ARX:FORMAL-ARXIV-V12-Q-A1:2605.19219v1,arxiv_id,REC-02738
DE-04354,ARX:FORMAL-ARXIV-V12-Q-D2:2605.18930v1,GS:GS-C1-01-082,arxiv_id,REC-01621
DE-04355,ARX:FORMAL-ARXIV-V12-Q-D2:2605.18153v1,ARX:FORMAL-ARXIV-V12-Q-D1:2605.18153v1,arxiv_id,REC-07116
DE-04356,ARX:FORMAL-ARXIV-V12-Q-D2:2605.18048v1,ARX:FORMAL-ARXIV-V12-Q-A1:2605.18048v1,arxiv_id,REC-02739
DE-04357,ARX:FORMAL-ARXIV-V12-Q-D2:2605.17986v3,ARX:FORMAL-ARXIV-V12-Q-B1:2605.17986v3,arxiv_id,REC-03508
DE-04358,ARX:FORMAL-ARXIV-V12-Q-D2:2605.17909v2,ARX:FORMAL-ARXIV-V12-Q-D1:2605.17909v2,arxiv_id,REC-07117
DE-04359,ARX:FORMAL-ARXIV-V12-Q-D2:2605.17830v1,GS:GS-C1-01-066,arxiv_id,REC-01610
DE-04360,ARX:FORMAL-ARXIV-V12-Q-D2:2605.17634v1,ARX:FORMAL-ARXIV-V12-Q-B1:2605.17634v1,arxiv_id,REC-03510
DE-04361,ARX:FORMAL-ARXIV-V12-Q-D2:2605.17453v1,ARX:FORMAL-ARXIV-V12-Q-B3:2605.17453v1,arxiv_id,REC-03890
DE-04362,ARX:FORMAL-ARXIV-V12-Q-D2:2605.17380v1,ARX:FORMAL-ARXIV-V12-Q-B1:2605.17380v1,arxiv_id,REC-03511
DE-04363,ARX:FORMAL-ARXIV-V12-Q-D2:2605.17075v1,ARX:FORMAL-ARXIV-V12-Q-D1:2605.17075v1,arxiv_id,REC-07123
DE-04364,ARX:FORMAL-ARXIV-V12-Q-D2:2605.16976v1,GS:GS-C3-01-058,arxiv_id,REC-01941
DE-04365,ARX:FORMAL-ARXIV-V12-Q-D2:2605.16746v1,GS:GS-C1-01-050,arxiv_id,REC-01594
DE-04366,ARX:FORMAL-ARXIV-V12-Q-D2:2605.16233v1,ARX:FORMAL-ARXIV-V12-Q-B1:2605.16233v1,arxiv_id,REC-03513
DE-04367,ARX:FORMAL-ARXIV-V12-Q-D2:2605.16116v1,GS:GS-A1-05-043,arxiv_id,REC-00368
DE-04368,ARX:FORMAL-ARXIV-V12-Q-D2:2605.15963v1,ARX:FORMAL-ARXIV-V12-Q-A1:2605.15963v1,arxiv_id,REC-02744
DE-04369,ARX:FORMAL-ARXIV-V12-Q-D2:2605.15040v3,GS:GS-D1-02-097,arxiv_id,REC-02082
DE-04370,ARX:FORMAL-ARXIV-V12-Q-D2:2605.15030v1,GS:GS-B1-01-011,arxiv_id,REC-00959
DE-04371,ARX:FORMAL-ARXIV-V12-Q-D2:2605.14932v1,GS:GS-C3-03-071,arxiv_id,REC-02024
DE-04372,ARX:FORMAL-ARXIV-V12-Q-D2:2605.15245v2,ARX:FORMAL-ARXIV-V12-Q-D1:2605.15245v2,arxiv_id,REC-07131
DE-04373,ARX:FORMAL-ARXIV-V12-Q-D2:2605.14460v1,GS:GS-B3-03-025,arxiv_id,REC-01324
DE-04374,ARX:FORMAL-ARXIV-V12-Q-D2:2605.14454v1,ARX:FORMAL-ARXIV-V12-Q-C3:2605.14454v1,arxiv_id,REC-06076
DE-04375,ARX:FORMAL-ARXIV-V12-Q-D2:2605.14421v1,GS:GS-C1-01-058,arxiv_id,REC-01602
DE-04376,ARX:FORMAL-ARXIV-V12-Q-D2:2605.14312v1,ARX:FORMAL-ARXIV-V12-Q-B4:2605.14312v1,arxiv_id,REC-04164
DE-04377,ARX:FORMAL-ARXIV-V12-Q-D2:2605.13940v1,ARX:FORMAL-ARXIV-V12-Q-B3:2605.13940v1,arxiv_id,REC-03897
DE-04378,ARX:FORMAL-ARXIV-V12-Q-D2:2605.13631v2,ARX:FORMAL-ARXIV-V12-Q-A1:2605.13631v2,arxiv_id,REC-02749
DE-04379,ARX:FORMAL-ARXIV-V12-Q-D2:2605.13471v1,ARX:FORMAL-ARXIV-V12-Q-B1:2605.13471v1,arxiv_id,REC-03514
DE-04380,ARX:FORMAL-ARXIV-V12-Q-D2:2605.12913v1,ARX:FORMAL-ARXIV-V12-Q-D1:2605.12913v1,arxiv_id,REC-07137
DE-04381,ARX:FORMAL-ARXIV-V12-Q-D2:2605.22842v1,GS:GS-C1-01-014,arxiv_id,REC-01566
DE-04382,ARX:FORMAL-ARXIV-V12-Q-D2:2605.12493v1,ARX:FORMAL-ARXIV-V12-Q-A1:2605.12493v1,arxiv_id,REC-02752
DE-04383,ARX:FORMAL-ARXIV-V12-Q-D2:2605.12364v1,ARX:FORMAL-ARXIV-V12-Q-C3:2605.12364v1,arxiv_id,REC-06080
DE-04384,ARX:FORMAL-ARXIV-V12-Q-D2:2605.12240v1,ARX:FORMAL-ARXIV-V12-Q-D1:2605.12240v1,arxiv_id,REC-07140
DE-04385,ARX:FORMAL-ARXIV-V12-Q-D2:2605.11946v2,ARX:FORMAL-ARXIV-V12-Q-D1:2605.11946v2,arxiv_id,REC-07145
DE-04386,ARX:FORMAL-ARXIV-V12-Q-D2:2605.11891v1,GS:GS-B1-03-015,arxiv_id,REC-01108
DE-04387,ARX:FORMAL-ARXIV-V12-Q-D2:2605.11868v1,ARX:FORMAL-ARXIV-V12-Q-B1:2605.11868v1,arxiv_id,REC-03518
DE-04388,ARX:FORMAL-ARXIV-V12-Q-D2:2605.11789v1,ARX:FORMAL-ARXIV-V12-Q-C2:2605.11789v1,arxiv_id,REC-05092
DE-04389,ARX:FORMAL-ARXIV-V12-Q-D2:2605.11770v1,ARX:FORMAL-ARXIV-V12-Q-B3:2605.11770v1,arxiv_id,REC-03901
DE-04390,ARX:FORMAL-ARXIV-V12-Q-D2:2605.11229v1,ARX:FORMAL-ARXIV-V12-Q-D1:2605.11229v1,arxiv_id,REC-07149
DE-04391,ARX:FORMAL-ARXIV-V12-Q-D2:2605.11225v1,ARX:FORMAL-ARXIV-V12-Q-D1:2605.11225v1,arxiv_id,REC-07150
DE-04392,ARX:FORMAL-ARXIV-V12-Q-D2:2605.10763v1,ARX:FORMAL-ARXIV-V12-Q-C3:2605.10763v1,arxiv_id,REC-06091
DE-04393,ARX:FORMAL-ARXIV-V12-Q-D2:2605.11053v3,GS:GS-B3-02-028,arxiv_id,REC-01253
DE-04394,ARX:FORMAL-ARXIV-V12-Q-D2:2605.10286v1,GS:GS-A2S-02-047,arxiv_id,REC-00559
DE-04395,ARX:FORMAL-ARXIV-V12-Q-D2:2605.09990v1,ARX:FORMAL-ARXIV-V12-Q-B4:2605.09990v1,arxiv_id,REC-04167
DE-04396,ARX:FORMAL-ARXIV-V12-Q-D2:2605.11039v1,GS:GS-B1-01-063,arxiv_id,REC-00983
DE-04397,ARX:FORMAL-ARXIV-V12-Q-D2:2605.11036v1,ARX:FORMAL-ARXIV-V12-Q-D1:2605.11036v1,arxiv_id,REC-07157
DE-04398,ARX:FORMAL-ARXIV-V12-Q-D2:2605.09863v1,ARX:FORMAL-ARXIV-V12-Q-D1:2605.09863v1,arxiv_id,REC-07158
DE-04399,ARX:FORMAL-ARXIV-V12-Q-D2:2605.11032v1,GS:GS-C1-01-052,arxiv_id,REC-01596
DE-04400,ARX:FORMAL-ARXIV-V12-Q-D2:2605.11026v1,ARX:FORMAL-ARXIV-V12-Q-B1:2605.11026v1,arxiv_id,REC-03522
DE-04401,ARX:FORMAL-ARXIV-V12-Q-D2:2605.09721v1,GS:GS-C3-03-036,arxiv_id,REC-02014
DE-04402,ARX:FORMAL-ARXIV-V12-Q-D2:2605.09675v1,ARX:FORMAL-ARXIV-V12-Q-D1:2605.09675v1,arxiv_id,REC-07163
DE-04403,ARX:FORMAL-ARXIV-V12-Q-D2:2605.09647v1,ARX:FORMAL-ARXIV-V12-Q-D1:2605.09647v1,arxiv_id,REC-07164
DE-04404,ARX:FORMAL-ARXIV-V12-Q-D2:2605.09504v2,ARX:FORMAL-ARXIV-V12-Q-C1:2605.09504v2,arxiv_id,REC-04406
DE-04405,ARX:FORMAL-ARXIV-V12-Q-D2:2605.09497v1,ARX:FORMAL-ARXIV-V12-Q-A1:2605.09497v1,arxiv_id,REC-02755
DE-04406,ARX:FORMAL-ARXIV-V12-Q-D2:2605.09186v1,ARX:FORMAL-ARXIV-V12-Q-D1:2605.09186v1,arxiv_id,REC-07166
DE-04407,ARX:FORMAL-ARXIV-V12-Q-D2:2605.09033v3,GS:GS-C1-01-038,arxiv_id,REC-01585
DE-04408,ARX:FORMAL-ARXIV-V12-Q-D2:2605.09027v2,ARX:FORMAL-ARXIV-V12-Q-C2:2605.09027v2,arxiv_id,REC-05102
DE-04409,ARX:FORMAL-ARXIV-V12-Q-D2:2605.08964v1,ARX:FORMAL-ARXIV-V12-Q-D1:2605.08964v1,arxiv_id,REC-07169
DE-04410,ARX:FORMAL-ARXIV-V12-Q-D2:2605.08876v3,GS:GS-A1-04-074,arxiv_id,REC-00303
DE-04411,ARX:FORMAL-ARXIV-V12-Q-D2:2605.08442v5,GS:GS-C1-03-024,arxiv_id,REC-01676
DE-04412,ARX:FORMAL-ARXIV-V12-Q-D2:2605.08435v1,ARX:FORMAL-ARXIV-V12-Q-C3:2605.08435v1,arxiv_id,REC-06103
DE-04413,ARX:FORMAL-ARXIV-V12-Q-D2:2605.07836v1,GS:GS-B4-04-056,arxiv_id,REC-01537
DE-04414,ARX:FORMAL-ARXIV-V12-Q-D2:2605.08310v1,ARX:FORMAL-ARXIV-V12-Q-A1:2605.08310v1,arxiv_id,REC-02757
DE-04415,ARX:FORMAL-ARXIV-V12-Q-D2:2605.07649v2,ARX:FORMAL-ARXIV-V12-Q-D1:2605.07649v2,arxiv_id,REC-07176
DE-04416,ARX:FORMAL-ARXIV-V12-Q-D2:2605.07505v1,ARX:FORMAL-ARXIV-V12-Q-A1:2605.07505v1,arxiv_id,REC-02758
DE-04417,ARX:FORMAL-ARXIV-V12-Q-D2:2605.07122v3,ARX:FORMAL-ARXIV-V12-Q-D1:2605.07122v3,arxiv_id,REC-07177
DE-04418,ARX:FORMAL-ARXIV-V12-Q-D2:2605.07110v1,GS:GS-A1-01-074,arxiv_id,REC-00071
DE-04419,ARX:FORMAL-ARXIV-V12-Q-D2:2605.08261v1,GS:GS-D1-01-077,arxiv_id,REC-02069
DE-04420,ARX:FORMAL-ARXIV-V12-Q-D2:2605.06664v1,ARX:FORMAL-ARXIV-V12-Q-A1:2605.06664v1,arxiv_id,REC-02760
DE-04421,ARX:FORMAL-ARXIV-V12-Q-D2:2605.06205v1,ARX:FORMAL-ARXIV-V12-Q-B3:2605.06205v1,arxiv_id,REC-03905
DE-04422,ARX:FORMAL-ARXIV-V12-Q-D2:2605.06731v1,ARX:FORMAL-ARXIV-V12-Q-C1:2605.06731v1,arxiv_id,REC-04411
DE-04423,ARX:FORMAL-ARXIV-V12-Q-D2:2605.05980v1,ARX:FORMAL-ARXIV-V12-Q-D1:2605.05980v1,arxiv_id,REC-07185
DE-04424,ARX:FORMAL-ARXIV-V12-Q-D2:2605.05868v1,GS:GS-C3-03-007,arxiv_id,REC-02008
DE-04425,ARX:FORMAL-ARXIV-V12-Q-D2:2605.05704v3,GS:GS-D2-02-079,arxiv_id,REC-02133
DE-04426,ARX:FORMAL-ARXIV-V12-Q-D2:2605.06713v1,GS:GS-C3-03-096,arxiv_id,REC-02034
DE-04427,ARX:FORMAL-ARXIV-V12-Q-D2:2605.05440v1,GS:GS-C3-04-073,arxiv_id,REC-02051
DE-04428,ARX:FORMAL-ARXIV-V12-Q-D2:2605.05287v1,ARX:FORMAL-ARXIV-V12-Q-C3:2605.05287v1,arxiv_id,REC-06118
DE-04429,ARX:FORMAL-ARXIV-V12-Q-D2:2605.04785v1,ARX:FORMAL-ARXIV-V12-Q-B4:2605.04785v1,arxiv_id,REC-04170
DE-04430,ARX:FORMAL-ARXIV-V12-Q-D2:2605.03482v2,GS:GS-C1-01-055,arxiv_id,REC-01599
DE-04431,ARX:FORMAL-ARXIV-V12-Q-D2:2605.03378v2,GS:GS-B1-02-069,arxiv_id,REC-01071
DE-04432,ARX:FORMAL-ARXIV-V12-Q-D2:2605.03228v1,GS:GS-B3-03-065,arxiv_id,REC-01346
DE-04433,ARX:FORMAL-ARXIV-V12-Q-D2:2605.03213v2,GS:GS-C1-01-087,arxiv_id,REC-01626
DE-04434,ARX:FORMAL-ARXIV-V12-Q-D2:2605.03034v1,GS:GS-D2-02-015,arxiv_id,REC-02103
DE-04435,ARX:FORMAL-ARXIV-V12-Q-D2:2605.02812v1,GS:GS-C1-02-076,arxiv_id,REC-01651
DE-04436,ARX:FORMAL-ARXIV-V12-Q-D2:2605.02661v1,ARX:FORMAL-ARXIV-V12-Q-D1:2605.02661v1,arxiv_id,REC-07197
DE-04437,ARX:FORMAL-ARXIV-V12-Q-D2:2605.16309v2,ARX:FORMAL-ARXIV-V12-Q-D1:2605.16309v2,arxiv_id,REC-07199
DE-04438,ARX:FORMAL-ARXIV-V12-Q-D2:2605.02187v2,ARX:FORMAL-ARXIV-V12-Q-C3:2605.02187v2,arxiv_id,REC-06127
DE-04439,ARX:FORMAL-ARXIV-V12-Q-D2:2605.01970v3,GS:GS-C1-01-059,arxiv_id,REC-01603
DE-04440,ARX:FORMAL-ARXIV-V12-Q-D2:2605.01740v1,ARX:FORMAL-ARXIV-V12-Q-D1:2605.01740v1,arxiv_id,REC-07201
DE-04441,ARX:FORMAL-ARXIV-V12-Q-D2:2605.01644v1,ARX:FORMAL-ARXIV-V12-Q-D1:2605.01644v1,arxiv_id,REC-07202
DE-04442,ARX:FORMAL-ARXIV-V12-Q-D2:2605.01643v3,ARX:FORMAL-ARXIV-V12-Q-D1:2605.01643v3,arxiv_id,REC-07203
DE-04443,ARX:FORMAL-ARXIV-V12-Q-D2:2605.00741v1,ARX:FORMAL-ARXIV-V12-Q-C2:2605.00741v1,arxiv_id,REC-05119
DE-04444,ARX:FORMAL-ARXIV-V12-Q-D2:2605.00551v1,ARX:FORMAL-ARXIV-V12-Q-A1:2605.00551v1,arxiv_id,REC-02770
DE-04445,ARX:FORMAL-ARXIV-V12-Q-D2:2607.01236v2,ARX:FORMAL-ARXIV-V12-Q-D1:2607.01236v2,arxiv_id,REC-07209
DE-04446,ARX:FORMAL-ARXIV-V12-Q-D2:2605.00927v1,ARX:FORMAL-ARXIV-V12-Q-D1:2605.00927v1,arxiv_id,REC-07210
DE-04447,ARX:FORMAL-ARXIV-V12-Q-D2:2604.28157v1,ARX:FORMAL-ARXIV-V12-Q-B1:2604.28157v1,arxiv_id,REC-03532
DE-04448,ARX:FORMAL-ARXIV-V12-Q-D2:2604.28138v1,GS:GS-D3-02-033,arxiv_id,REC-02223
DE-04449,ARX:FORMAL-ARXIV-V12-Q-D2:2606.20573v1,ARX:FORMAL-ARXIV-V12-Q-C2:2606.20573v1,arxiv_id,REC-05121
DE-04450,ARX:FORMAL-ARXIV-V12-Q-D2:2605.00073v1,ARX:FORMAL-ARXIV-V12-Q-C3:2605.00073v1,arxiv_id,REC-06135
DE-04451,ARX:FORMAL-ARXIV-V12-Q-D2:2604.27464v1,ARX:FORMAL-ARXIV-V12-Q-C1:2604.27464v1,arxiv_id,REC-04424
DE-04452,ARX:FORMAL-ARXIV-V12-Q-D2:2605.00055v1,ARX:FORMAL-ARXIV-V12-Q-C3:2605.00055v1,arxiv_id,REC-06137
DE-04453,ARX:FORMAL-ARXIV-V12-Q-D2:2604.27151v1,GS:GS-A1-01-049,arxiv_id,REC-00047
DE-04454,ARX:FORMAL-ARXIV-V12-Q-D2:2604.27045v1,ARX:FORMAL-ARXIV-V12-Q-C1:2604.27045v1,arxiv_id,REC-04426
DE-04455,ARX:FORMAL-ARXIV-V12-Q-D2:2604.26274v1,ARX:FORMAL-ARXIV-V12-Q-D1:2604.26274v1,arxiv_id,REC-07216
DE-04456,ARX:FORMAL-ARXIV-V12-Q-D2:2604.25684v1,ARX:FORMAL-ARXIV-V12-Q-C3:2604.25684v1,arxiv_id,REC-06142
DE-04457,ARX:FORMAL-ARXIV-V12-Q-D2:2604.25562v1,GS:GS-B1-01-023,arxiv_id,REC-00964
DE-04458,ARX:FORMAL-ARXIV-V12-Q-D2:2604.25555v1,ARX:FORMAL-ARXIV-V12-Q-B4:2604.25555v1,arxiv_id,REC-04174
DE-04459,ARX:FORMAL-ARXIV-V12-Q-D2:2604.25380v2,GS:GS-A3-02-014,arxiv_id,REC-00906
DE-04460,ARX:FORMAL-ARXIV-V12-Q-D2:2604.24657v1,GS:GS-C1-01-074,arxiv_id,REC-01616
DE-04461,ARX:FORMAL-ARXIV-V12-Q-D2:2604.24212v1,ARX:FORMAL-ARXIV-V12-Q-D1:2604.24212v1,arxiv_id,REC-07225
DE-04462,ARX:FORMAL-ARXIV-V12-Q-D2:2604.24118v1,ARX:FORMAL-ARXIV-V12-Q-B1:2604.24118v1,arxiv_id,REC-03535
DE-04463,ARX:FORMAL-ARXIV-V12-Q-D2:2606.09844v1,ARX:FORMAL-ARXIV-V12-Q-C2:2606.09844v1,arxiv_id,REC-05127
DE-04464,ARX:FORMAL-ARXIV-V12-Q-D2:2606.13686v1,ARX:FORMAL-ARXIV-V12-Q-A1:2606.13686v1,arxiv_id,REC-02776
DE-04465,ARX:FORMAL-ARXIV-V12-Q-D2:2604.23711v1,ARX:FORMAL-ARXIV-V12-Q-C1:2604.23711v1,arxiv_id,REC-04431
DE-04466,ARX:FORMAL-ARXIV-V12-Q-D2:2604.23646v1,ARX:FORMAL-ARXIV-V12-Q-C3:2604.23646v1,arxiv_id,REC-06148
DE-04467,ARX:FORMAL-ARXIV-V12-Q-D2:2604.23511v1,ARX:FORMAL-ARXIV-V12-Q-C2:2604.23511v1,arxiv_id,REC-05128
DE-04468,ARX:FORMAL-ARXIV-V12-Q-D2:2604.23425v1,ARX:FORMAL-ARXIV-V12-Q-C3:2604.23425v1,arxiv_id,REC-06149
DE-04469,ARX:FORMAL-ARXIV-V12-Q-D2:2604.23374v1,GS:GS-C1-02-070,arxiv_id,REC-01648
DE-04470,ARX:FORMAL-ARXIV-V12-Q-D2:2604.23338v2,GS:GS-B1-02-097,arxiv_id,REC-01096
DE-04471,ARX:FORMAL-ARXIV-V12-Q-D2:2604.23141v1,ARX:FORMAL-ARXIV-V12-Q-B3:2604.23141v1,arxiv_id,REC-03914
DE-04472,ARX:FORMAL-ARXIV-V12-Q-D2:2604.22558v1,ARX:FORMAL-ARXIV-V12-Q-A1:2604.22558v1,arxiv_id,REC-02778
DE-04473,ARX:FORMAL-ARXIV-V12-Q-D2:2605.23935v1,ARX:FORMAL-ARXIV-V12-Q-C3:2605.23935v1,arxiv_id,REC-06151
DE-04474,ARX:FORMAL-ARXIV-V12-Q-D2:2604.22427v1,ARX:FORMAL-ARXIV-V12-Q-C2:2604.22427v1,arxiv_id,REC-05133
DE-04475,ARX:FORMAL-ARXIV-V12-Q-D2:2604.22888v1,ARX:FORMAL-ARXIV-V12-Q-B1:2604.22888v1,arxiv_id,REC-03538
DE-04476,ARX:FORMAL-ARXIV-V12-Q-D2:2604.21477v2,GS:GS-B4-03-025,arxiv_id,REC-01479
DE-04477,ARX:FORMAL-ARXIV-V12-Q-D2:2604.21308v1,ARX:FORMAL-ARXIV-V12-Q-B3:2604.21308v1,arxiv_id,REC-03915
DE-04478,ARX:FORMAL-ARXIV-V12-Q-D2:2604.21090v1,ARX:FORMAL-ARXIV-V12-Q-C3:2604.21090v1,arxiv_id,REC-06155
DE-04479,ARX:FORMAL-ARXIV-V12-Q-D2:2604.20994v1,GS:GS-B3-02-090,arxiv_id,REC-01307
DE-04480,ARX:FORMAL-ARXIV-V12-Q-D2:2604.20441v1,ARX:FORMAL-ARXIV-V12-Q-D1:2604.20441v1,arxiv_id,REC-07236
DE-04481,ARX:FORMAL-ARXIV-V12-Q-D2:2604.20070v1,ARX:FORMAL-ARXIV-V12-Q-D1:2604.20070v1,arxiv_id,REC-07240
DE-04482,ARX:FORMAL-ARXIV-V12-Q-D2:2604.20904v1,ARX:FORMAL-ARXIV-V12-Q-B3:2604.20904v1,arxiv_id,REC-03916
DE-04483,ARX:FORMAL-ARXIV-V12-Q-D2:2604.19657v1,ARX:FORMAL-ARXIV-V12-Q-B1:2604.19657v1,arxiv_id,REC-03539
DE-04484,ARX:FORMAL-ARXIV-V12-Q-D2:2604.19638v1,ARX:FORMAL-ARXIV-V12-Q-D1:2604.19638v1,arxiv_id,REC-07243
DE-04485,ARX:FORMAL-ARXIV-V12-Q-D2:2604.19548v1,ARX:FORMAL-ARXIV-V12-Q-D1:2604.19548v1,arxiv_id,REC-07245
DE-04486,ARX:FORMAL-ARXIV-V12-Q-D2:2604.19533v3,ARX:FORMAL-ARXIV-V12-Q-D1:2604.19533v3,arxiv_id,REC-07247
DE-04487,ARX:FORMAL-ARXIV-V12-Q-D2:2604.19837v1,ARX:FORMAL-ARXIV-V12-Q-D1:2604.19837v1,arxiv_id,REC-07248
DE-04488,ARX:FORMAL-ARXIV-V12-Q-D2:2604.18860v1,GS:GS-B1-01-037,arxiv_id,REC-00968
DE-04489,ARX:FORMAL-ARXIV-V12-Q-D2:2604.18847v2,GS:GS-B1-01-086,arxiv_id,REC-00995
DE-04490,ARX:FORMAL-ARXIV-V12-Q-D2:2604.18658v1,GS:GS-C1-02-062,arxiv_id,REC-01647
DE-04491,ARX:FORMAL-ARXIV-V12-Q-D2:2604.18652v2,ARX:FORMAL-ARXIV-V12-Q-B3:2604.18652v2,arxiv_id,REC-03918
DE-04492,ARX:FORMAL-ARXIV-V12-Q-D2:2604.17562v1,GS:GS-C3-03-092,arxiv_id,REC-02032
DE-04493,ARX:FORMAL-ARXIV-V12-Q-D2:2604.17284v1,ARX:FORMAL-ARXIV-V12-Q-A1:2604.17284v1,arxiv_id,REC-02782
DE-04494,ARX:FORMAL-ARXIV-V12-Q-D2:2604.16966v1,ARX:FORMAL-ARXIV-V12-Q-B1:2604.16966v1,arxiv_id,REC-03543
DE-04495,ARX:FORMAL-ARXIV-V12-Q-D2:2604.16870v2,GS:GS-B4-04-025,arxiv_id,REC-01528
DE-04496,ARX:FORMAL-ARXIV-V12-Q-D2:2604.16753v1,ARX:FORMAL-ARXIV-V12-Q-C2:2604.16753v1,arxiv_id,REC-05143
DE-04497,ARX:FORMAL-ARXIV-V12-Q-D2:2604.16706v2,ARX:FORMAL-ARXIV-V12-Q-D1:2604.16706v2,arxiv_id,REC-07257
DE-04498,ARX:FORMAL-ARXIV-V12-Q-D2:2604.15774v2,ARX:FORMAL-ARXIV-V12-Q-C1:2604.15774v2,arxiv_id,REC-04445
DE-04499,ARX:FORMAL-ARXIV-V12-Q-D2:2604.16548v2,GS:GS-C1-01-021,arxiv_id,REC-01572
DE-04500,ARX:FORMAL-ARXIV-V12-Q-D2:2604.15671v2,ARX:FORMAL-ARXIV-V12-Q-B4:2604.15671v2,arxiv_id,REC-04179
DE-04501,ARX:FORMAL-ARXIV-V12-Q-D2:2604.15579v2,ARX:FORMAL-ARXIV-V12-Q-D1:2604.15579v2,arxiv_id,REC-07258
DE-04502,ARX:FORMAL-ARXIV-V12-Q-D2:2604.15559v1,ARX:FORMAL-ARXIV-V12-Q-C3:2604.15559v1,arxiv_id,REC-06166
DE-04503,ARX:FORMAL-ARXIV-V12-Q-D2:2604.15384v2,GS:GS-D1-02-077,arxiv_id,REC-02079
DE-04504,ARX:FORMAL-ARXIV-V12-Q-D2:2604.13630v2,GS:GS-D3-02-093,arxiv_id,REC-02256
DE-04505,ARX:FORMAL-ARXIV-V12-Q-D2:2604.13536v2,ARX:FORMAL-ARXIV-V12-Q-C3:2604.13536v2,arxiv_id,REC-06174
DE-04506,ARX:FORMAL-ARXIV-V12-Q-D2:2604.15367v2,GS:GS-C1-02-090,arxiv_id,REC-01660
DE-04507,ARX:FORMAL-ARXIV-V12-Q-D2:2604.13384v1,ARX:FORMAL-ARXIV-V12-Q-D1:2604.13384v1,arxiv_id,REC-07262
DE-04508,ARX:FORMAL-ARXIV-V12-Q-D2:2604.13346v1,GS:GS-A2S-03-010,arxiv_id,REC-00612
DE-04509,ARX:FORMAL-ARXIV-V12-Q-D2:2604.12986v1,ARX:FORMAL-ARXIV-V12-Q-B3:2604.12986v1,arxiv_id,REC-03922
DE-04510,ARX:FORMAL-ARXIV-V12-Q-D2:2604.12371v2,ARX:FORMAL-ARXIV-V12-Q-A2W:2604.12371v2,arxiv_id,REC-03350
DE-04511,ARX:FORMAL-ARXIV-V12-Q-D2:2604.12284v1,ARX:FORMAL-ARXIV-V12-Q-A1:2604.12284v1,arxiv_id,REC-02791
DE-04512,ARX:FORMAL-ARXIV-V12-Q-D2:2604.12198v2,ARX:FORMAL-ARXIV-V12-Q-D1:2604.12198v2,arxiv_id,REC-07264
DE-04513,ARX:FORMAL-ARXIV-V12-Q-D2:2604.11790v2,GS:GS-B1-02-010,arxiv_id,REC-01015
DE-04514,ARX:FORMAL-ARXIV-V12-Q-D2:2604.10800v1,ARX:FORMAL-ARXIV-V12-Q-D1:2604.10800v1,arxiv_id,REC-07271
DE-04515,ARX:FORMAL-ARXIV-V12-Q-D2:2604.11839v2,ARX:FORMAL-ARXIV-V12-Q-B3:2604.11839v2,arxiv_id,REC-03924
DE-04516,ARX:FORMAL-ARXIV-V12-Q-D2:2604.10577v2,GS:GS-A1-01-068,arxiv_id,REC-00065
DE-04517,ARX:FORMAL-ARXIV-V12-Q-D2:2604.10134v1,ARX:FORMAL-ARXIV-V12-Q-B1:2604.10134v1,arxiv_id,REC-03550
DE-04518,ARX:FORMAL-ARXIV-V12-Q-D2:2605.16282v1,GS:GS-A2W-03-077,arxiv_id,REC-00871
DE-04519,ARX:FORMAL-ARXIV-V12-Q-D2:2604.09155v1,GS:GS-B2-01-074,arxiv_id,REC-01163
DE-04520,ARX:FORMAL-ARXIV-V12-Q-D2:2604.08523v2,GS:GS-A1-05-090,arxiv_id,REC-00413
DE-04521,ARX:FORMAL-ARXIV-V12-Q-D2:2604.16469v1,ARX:FORMAL-ARXIV-V12-Q-B3:2604.16469v1,arxiv_id,REC-03925
DE-04522,ARX:FORMAL-ARXIV-V12-Q-D2:2604.08608v2,ARX:FORMAL-ARXIV-V12-Q-B3:2604.08608v2,arxiv_id,REC-03926
DE-04523,ARX:FORMAL-ARXIV-V12-Q-D2:2604.07223v2,ARX:FORMAL-ARXIV-V12-Q-B1:2604.07223v2,arxiv_id,REC-03552
DE-04524,ARX:FORMAL-ARXIV-V12-Q-D2:2604.09718v2,GS:GS-A1-06-093,arxiv_id,REC-00491
DE-04525,ARX:FORMAL-ARXIV-V12-Q-D2:2605.27375v1,ARX:FORMAL-ARXIV-V12-Q-D1:2605.27375v1,arxiv_id,REC-07287
DE-04526,ARX:FORMAL-ARXIV-V12-Q-D2:2604.19795v1,ARX:FORMAL-ARXIV-V12-Q-D1:2604.19795v1,arxiv_id,REC-07288
DE-04527,ARX:FORMAL-ARXIV-V12-Q-D2:2604.06742v2,ARX:FORMAL-ARXIV-V12-Q-D1:2604.06742v2,arxiv_id,REC-07289
DE-04528,ARX:FORMAL-ARXIV-V12-Q-D2:2605.02913v1,ARX:FORMAL-ARXIV-V12-Q-D1:2605.02913v1,arxiv_id,REC-07291
DE-04529,ARX:FORMAL-ARXIV-V12-Q-D2:2604.06132v3,ARX:FORMAL-ARXIV-V12-Q-D1:2604.06132v3,arxiv_id,REC-07293
DE-04530,ARX:FORMAL-ARXIV-V12-Q-D2:2604.05969v1,GS:GS-B3-02-064,arxiv_id,REC-01284
DE-04531,ARX:FORMAL-ARXIV-V12-Q-D2:2604.05939v1,ARX:FORMAL-ARXIV-V12-Q-D1:2604.05939v1,arxiv_id,REC-07294
DE-04532,ARX:FORMAL-ARXIV-V12-Q-D2:2604.05485v2,ARX:FORMAL-ARXIV-V12-Q-D1:2604.05485v2,arxiv_id,REC-07297
DE-04533,ARX:FORMAL-ARXIV-V12-Q-D2:2604.05477v1,ARX:FORMAL-ARXIV-V12-Q-A1:2604.05477v1,arxiv_id,REC-02799
DE-04534,ARX:FORMAL-ARXIV-V12-Q-D2:2604.05440v1,GS:GS-D2-03-061,arxiv_id,REC-02174
DE-04535,ARX:FORMAL-ARXIV-V12-Q-D2:2604.05339v1,ARX:FORMAL-ARXIV-V12-Q-C2:2604.05339v1,arxiv_id,REC-05165
DE-04536,ARX:FORMAL-ARXIV-V12-Q-D2:2604.05229v1,ARX:FORMAL-ARXIV-V12-Q-D1:2604.05229v1,arxiv_id,REC-07298
DE-04537,ARX:FORMAL-ARXIV-V12-Q-D2:2604.05119v1,ARX:FORMAL-ARXIV-V12-Q-D1:2604.05119v1,arxiv_id,REC-07299
DE-04538,ARX:FORMAL-ARXIV-V12-Q-D2:2604.04901v1,GS:GS-A1-04-068,arxiv_id,REC-00297
DE-04539,ARX:FORMAL-ARXIV-V12-Q-D2:2604.04872v1,ARX:FORMAL-ARXIV-V12-Q-D1:2604.04872v1,arxiv_id,REC-07300
DE-04540,ARX:FORMAL-ARXIV-V12-Q-D2:2604.04759v1,GS:GS-B3-02-040,arxiv_id,REC-01263
DE-04541,ARX:FORMAL-ARXIV-V12-Q-D2:2604.04561v1,ARX:FORMAL-ARXIV-V12-Q-D1:2604.04561v1,arxiv_id,REC-07303
DE-04542,ARX:FORMAL-ARXIV-V12-Q-D2:2604.04442v1,ARX:FORMAL-ARXIV-V12-Q-D1:2604.04442v1,arxiv_id,REC-07304
DE-04543,ARX:FORMAL-ARXIV-V12-Q-D2:2604.04426v1,GS:GS-B3-02-080,arxiv_id,REC-01298
DE-04544,ARX:FORMAL-ARXIV-V12-Q-D2:2604.04399v1,GS:GS-A1-03-093,arxiv_id,REC-00236
DE-04545,ARX:FORMAL-ARXIV-V12-Q-D2:2604.04265v1,ARX:FORMAL-ARXIV-V12-Q-C2:2604.04265v1,arxiv_id,REC-05172
DE-04546,ARX:FORMAL-ARXIV-V12-Q-D2:2604.03870v1,GS:GS-B1-02-030,arxiv_id,REC-01035
DE-04547,ARX:FORMAL-ARXIV-V12-Q-D2:2604.03131v1,ARX:FORMAL-ARXIV-V12-Q-D1:2604.03131v1,arxiv_id,REC-07314
DE-04548,ARX:FORMAL-ARXIV-V12-Q-D2:2604.03070v2,GS:GS-A2W-03-070,arxiv_id,REC-00866
DE-04549,ARX:FORMAL-ARXIV-V12-Q-D2:2604.02971v1,GS:GS-A2W-02-024,arxiv_id,REC-00759
DE-04550,ARX:FORMAL-ARXIV-V12-Q-D2:2604.02665v1,GS:GS-A2W-03-047,arxiv_id,REC-00848
DE-04551,ARX:FORMAL-ARXIV-V12-Q-D2:2604.02623v2,GS:GS-C1-01-004,arxiv_id,REC-01556
DE-04552,ARX:FORMAL-ARXIV-V12-Q-D2:2604.02174v1,ARX:FORMAL-ARXIV-V12-Q-D1:2604.02174v1,arxiv_id,REC-07316
DE-04553,ARX:FORMAL-ARXIV-V12-Q-D2:2604.01676v2,ARX:FORMAL-ARXIV-V12-Q-A1:2604.01676v2,arxiv_id,REC-02802
DE-04554,ARX:FORMAL-ARXIV-V12-Q-D2:2604.01483v1,ARX:FORMAL-ARXIV-V12-Q-D1:2604.01483v1,arxiv_id,REC-07318
DE-04555,ARX:FORMAL-ARXIV-V12-Q-D2:2604.01438v2,GS:GS-B1-03-004,arxiv_id,REC-01100
DE-04556,ARX:FORMAL-ARXIV-V12-Q-D2:2604.01350v1,GS:GS-C1-02-059,arxiv_id,REC-01646
DE-04557,ARX:FORMAL-ARXIV-V12-Q-D2:2604.01194v2,GS:GS-B1-02-064,arxiv_id,REC-01066
DE-04558,ARX:FORMAL-ARXIV-V12-Q-D2:2604.01151v2,ARX:FORMAL-ARXIV-V12-Q-C2:2604.01151v2,arxiv_id,REC-05179
DE-04559,ARX:FORMAL-ARXIV-V12-Q-D2:2604.01039v4,ARX:FORMAL-ARXIV-V12-Q-D1:2604.01039v4,arxiv_id,REC-07319
DE-04560,ARX:FORMAL-ARXIV-V12-Q-D2:2604.00518v2,ARX:FORMAL-ARXIV-V12-Q-C3:2604.00518v2,arxiv_id,REC-06215
DE-04561,ARX:FORMAL-ARXIV-V12-Q-D2:2604.00478v2,ARX:FORMAL-ARXIV-V12-Q-C3:2604.00478v2,arxiv_id,REC-06216
DE-04562,ARX:FORMAL-ARXIV-V12-Q-D2:2603.30016v1,GS:GS-B1-02-024,arxiv_id,REC-01029
DE-04563,ARX:FORMAL-ARXIV-V12-Q-D2:2603.28551v2,GS:GS-A1-01-032,arxiv_id,REC-00031
DE-04564,ARX:FORMAL-ARXIV-V12-Q-D2:2603.28166v2,ARX:FORMAL-ARXIV-V12-Q-B1:2603.28166v2,arxiv_id,REC-03554
DE-04565,ARX:FORMAL-ARXIV-V12-Q-D2:2603.28013v3,ARX:FORMAL-ARXIV-V12-Q-B1:2603.28013v3,arxiv_id,REC-03555
DE-04566,ARX:FORMAL-ARXIV-V12-Q-D2:2603.27905v2,GS:GS-D3-02-057,arxiv_id,REC-02236
DE-04567,ARX:FORMAL-ARXIV-V12-Q-D2:2603.27646v1,ARX:FORMAL-ARXIV-V12-Q-D1:2603.27646v1,arxiv_id,REC-07325
DE-04568,ARX:FORMAL-ARXIV-V12-Q-D2:2603.27524v1,ARX:FORMAL-ARXIV-V12-Q-C3:2603.27524v1,arxiv_id,REC-06222
DE-04569,ARX:FORMAL-ARXIV-V12-Q-D2:2603.27517v3,GS:GS-C2-02-078,arxiv_id,REC-01851
DE-04570,ARX:FORMAL-ARXIV-V12-Q-D2:2603.27204v1,ARX:FORMAL-ARXIV-V12-Q-B3:2603.27204v1,arxiv_id,REC-03935
DE-04571,ARX:FORMAL-ARXIV-V12-Q-D2:2603.27104v1,ARX:FORMAL-ARXIV-V12-Q-D1:2603.27104v1,arxiv_id,REC-07327
DE-04572,ARX:FORMAL-ARXIV-V12-Q-D2:2603.27075v1,ARX:FORMAL-ARXIV-V12-Q-C3:2603.27075v1,arxiv_id,REC-06225
DE-04573,ARX:FORMAL-ARXIV-V12-Q-D2:2603.26266v3,ARX:FORMAL-ARXIV-V12-Q-A1:2603.26266v3,arxiv_id,REC-02808
DE-04574,ARX:FORMAL-ARXIV-V12-Q-D2:2603.26233v2,ARX:FORMAL-ARXIV-V12-Q-D1:2603.26233v2,arxiv_id,REC-07329
DE-04575,ARX:FORMAL-ARXIV-V12-Q-D2:2603.25864v1,ARX:FORMAL-ARXIV-V12-Q-A1:2603.25864v1,arxiv_id,REC-02812
DE-04576,ARX:FORMAL-ARXIV-V12-Q-D2:2603.25697v1,ARX:FORMAL-ARXIV-V12-Q-C3:2603.25697v1,arxiv_id,REC-06227
DE-04577,ARX:FORMAL-ARXIV-V12-Q-D2:2603.25226v1,GS:GS-A1-01-093,arxiv_id,REC-00088
DE-04578,ARX:FORMAL-ARXIV-V12-Q-D2:2603.25056v1,GS:GS-B1-02-095,arxiv_id,REC-01094
DE-04579,ARX:FORMAL-ARXIV-V12-Q-D2:2603.24775v1,GS:GS-B4-03-067,arxiv_id,REC-01505
DE-04580,ARX:FORMAL-ARXIV-V12-Q-D2:2603.24511v2,ARX:FORMAL-ARXIV-V12-Q-B1:2603.24511v2,arxiv_id,REC-03556
DE-04581,ARX:FORMAL-ARXIV-V12-Q-D2:2603.24414v1,ARX:FORMAL-ARXIV-V12-Q-D1:2603.24414v1,arxiv_id,REC-07332
DE-04582,ARX:FORMAL-ARXIV-V12-Q-D2:2603.24216v1,ARX:FORMAL-ARXIV-V12-Q-C3:2603.24216v1,arxiv_id,REC-06232
DE-04583,ARX:FORMAL-ARXIV-V12-Q-D2:2603.23801v1,GS:GS-C2-02-017,arxiv_id,REC-01808
DE-04584,ARX:FORMAL-ARXIV-V12-Q-D2:2603.23791v1,GS:GS-A1-05-039,arxiv_id,REC-00364
DE-04585,ARX:FORMAL-ARXIV-V12-Q-D2:2603.23115v2,ARX:FORMAL-ARXIV-V12-Q-D1:2603.23115v2,arxiv_id,REC-07333
DE-04586,ARX:FORMAL-ARXIV-V12-Q-D2:2605.16265v1,ARX:FORMAL-ARXIV-V12-Q-D1:2605.16265v1,arxiv_id,REC-07334
DE-04587,ARX:FORMAL-ARXIV-V12-Q-D2:2603.23007v1,GS:GS-B2-02-015,arxiv_id,REC-01193
DE-04588,ARX:FORMAL-ARXIV-V12-Q-D2:2603.22928v2,ARX:FORMAL-ARXIV-V12-Q-B1:2603.22928v2,arxiv_id,REC-03558
DE-04589,ARX:FORMAL-ARXIV-V12-Q-D2:2603.22868v2,ARX:FORMAL-ARXIV-V12-Q-D1:2603.22868v2,arxiv_id,REC-07335
DE-04590,ARX:FORMAL-ARXIV-V12-Q-D2:2603.22853v1,GS:GS-C2-01-048,arxiv_id,REC-01762
DE-04591,ARX:FORMAL-ARXIV-V12-Q-D2:2603.22489v1,ARX:FORMAL-ARXIV-V12-Q-B1:2603.22489v1,arxiv_id,REC-03559
DE-04592,ARX:FORMAL-ARXIV-V12-Q-D2:2603.21251v1,ARX:FORMAL-ARXIV-V12-Q-D1:2603.21251v1,arxiv_id,REC-07342
DE-04593,ARX:FORMAL-ARXIV-V12-Q-D2:2603.21019v1,GS:GS-C2-01-086,arxiv_id,REC-01788
DE-04594,ARX:FORMAL-ARXIV-V12-Q-D2:2603.20976v1,ARX:FORMAL-ARXIV-V12-Q-B1:2603.20976v1,arxiv_id,REC-03560
DE-04595,ARX:FORMAL-ARXIV-V12-Q-D2:2603.20953v1,ARX:FORMAL-ARXIV-V12-Q-C3:2603.20953v1,arxiv_id,REC-06239
DE-04596,ARX:FORMAL-ARXIV-V12-Q-D2:2603.22341v1,ARX:FORMAL-ARXIV-V12-Q-B4:2603.22341v1,arxiv_id,REC-04193
DE-04597,ARX:FORMAL-ARXIV-V12-Q-D2:2603.20625v1,GS:GS-D3-02-003,arxiv_id,REC-02209
DE-04598,ARX:FORMAL-ARXIV-V12-Q-D2:2605.12507v1,ARX:FORMAL-ARXIV-V12-Q-C2:2605.12507v1,arxiv_id,REC-05195
DE-04599,ARX:FORMAL-ARXIV-V12-Q-D2:2603.20357v1,GS:GS-C1-01-003,arxiv_id,REC-01555
DE-04600,ARX:FORMAL-ARXIV-V12-Q-D2:2603.19974v1,ARX:FORMAL-ARXIV-V12-Q-B1:2603.19974v1,arxiv_id,REC-03562
DE-04601,ARX:FORMAL-ARXIV-V12-Q-D2:2603.19896v1,ARX:FORMAL-ARXIV-V12-Q-D1:2603.19896v1,arxiv_id,REC-07347
DE-04602,ARX:FORMAL-ARXIV-V12-Q-D2:2603.20320v1,ARX:FORMAL-ARXIV-V12-Q-D1:2603.20320v1,arxiv_id,REC-07350
DE-04603,ARX:FORMAL-ARXIV-V12-Q-D2:2604.09634v1,ARX:FORMAL-ARXIV-V12-Q-C3:2604.09634v1,arxiv_id,REC-06245
DE-04604,ARX:FORMAL-ARXIV-V12-Q-D2:2603.19469v1,GS:GS-B1-02-012,arxiv_id,REC-01017
DE-04605,ARX:FORMAL-ARXIV-V12-Q-D2:2603.19423v2,ARX:FORMAL-ARXIV-V12-Q-B1:2603.19423v2,arxiv_id,REC-03563
DE-04606,ARX:FORMAL-ARXIV-V12-Q-D2:2603.19011v1,ARX:FORMAL-ARXIV-V12-Q-B4:2603.19011v1,arxiv_id,REC-04194
DE-04607,ARX:FORMAL-ARXIV-V12-Q-D2:2603.18894v1,ARX:FORMAL-ARXIV-V12-Q-C3:2603.18894v1,arxiv_id,REC-06246
DE-04608,ARX:FORMAL-ARXIV-V12-Q-D2:2603.18829v10,ARX:FORMAL-ARXIV-V12-Q-D1:2603.18829v10,arxiv_id,REC-07353
DE-04609,ARX:FORMAL-ARXIV-V12-Q-D2:2603.18762v1,ARX:FORMAL-ARXIV-V12-Q-A1:2603.18762v1,arxiv_id,REC-02818
DE-04610,ARX:FORMAL-ARXIV-V12-Q-D2:2603.18429v1,ARX:FORMAL-ARXIV-V12-Q-A1:2603.18429v1,arxiv_id,REC-02819
DE-04611,ARX:FORMAL-ARXIV-V12-Q-D2:2604.19752v1,ARX:FORMAL-ARXIV-V12-Q-D1:2604.19752v1,arxiv_id,REC-07356
DE-04612,ARX:FORMAL-ARXIV-V12-Q-D2:2603.18377v2,ARX:FORMAL-ARXIV-V12-Q-C3:2603.18377v2,arxiv_id,REC-06248
DE-04613,ARX:FORMAL-ARXIV-V12-Q-D2:2603.18235v1,ARX:FORMAL-ARXIV-V12-Q-C2:2603.18235v1,arxiv_id,REC-05197
DE-04614,ARX:FORMAL-ARXIV-V12-Q-D2:2603.17673v2,ARX:FORMAL-ARXIV-V12-Q-D1:2603.17673v2,arxiv_id,REC-07359
DE-04615,ARX:FORMAL-ARXIV-V12-Q-D2:2603.17419v1,ARX:FORMAL-ARXIV-V12-Q-B1:2603.17419v1,arxiv_id,REC-03564
DE-04616,ARX:FORMAL-ARXIV-V12-Q-D2:2603.17392v1,ARX:FORMAL-ARXIV-V12-Q-D1:2603.17392v1,arxiv_id,REC-07361
DE-04617,ARX:FORMAL-ARXIV-V12-Q-D2:2603.17357v1,GS:GS-B2-03-071,arxiv_id,REC-01227
DE-04618,ARX:FORMAL-ARXIV-V12-Q-D2:2603.17179v2,ARX:FORMAL-ARXIV-V12-Q-D1:2603.17179v2,arxiv_id,REC-07364
DE-04619,ARX:FORMAL-ARXIV-V12-Q-D2:2603.16734v1,ARX:FORMAL-ARXIV-V12-Q-C1:2603.16734v1,arxiv_id,REC-04486
DE-04620,ARX:FORMAL-ARXIV-V12-Q-D2:2603.14987v2,ARX:FORMAL-ARXIV-V12-Q-D1:2603.14987v2,arxiv_id,REC-07372
DE-04621,ARX:FORMAL-ARXIV-V12-Q-D2:2603.14730v2,ARX:FORMAL-ARXIV-V12-Q-D1:2603.14730v2,arxiv_id,REC-07373
DE-04622,ARX:FORMAL-ARXIV-V12-Q-D2:2603.14707v1,GS:GS-A1-02-037,arxiv_id,REC-00112
DE-04623,ARX:FORMAL-ARXIV-V12-Q-D2:2603.14588v1,ARX:FORMAL-ARXIV-V12-Q-C1:2603.14588v1,arxiv_id,REC-04494
DE-04624,ARX:FORMAL-ARXIV-V12-Q-D2:2603.14332v2,ARX:FORMAL-ARXIV-V12-Q-D1:2603.14332v2,arxiv_id,REC-07375
DE-04625,ARX:FORMAL-ARXIV-V12-Q-D2:2604.16342v1,ARX:FORMAL-ARXIV-V12-Q-D1:2604.16342v1,arxiv_id,REC-07376
DE-04626,ARX:FORMAL-ARXIV-V12-Q-D2:2603.13791v1,GS:GS-D3-03-041,arxiv_id,REC-02283
DE-04627,ARX:FORMAL-ARXIV-V12-Q-D2:2603.13743v1,ARX:FORMAL-ARXIV-V12-Q-D1:2603.13743v1,arxiv_id,REC-07377
DE-04628,ARX:FORMAL-ARXIV-V12-Q-D2:2604.16339v1,ARX:FORMAL-ARXIV-V12-Q-C2:2604.16339v1,arxiv_id,REC-05207
DE-04629,ARX:FORMAL-ARXIV-V12-Q-D2:2603.13026v2,ARX:FORMAL-ARXIV-V12-Q-B1:2603.13026v2,arxiv_id,REC-03566
DE-04630,ARX:FORMAL-ARXIV-V12-Q-D2:2603.12823v1,GS:GS-A1-02-061,arxiv_id,REC-00132
DE-04631,ARX:FORMAL-ARXIV-V12-Q-D2:2603.12644v1,ARX:FORMAL-ARXIV-V12-Q-B1:2603.12644v1,arxiv_id,REC-03567
DE-04632,ARX:FORMAL-ARXIV-V12-Q-D2:2603.12614v1,GS:GS-B3-02-030,arxiv_id,REC-01255
DE-04633,ARX:FORMAL-ARXIV-V12-Q-D2:2603.12230v2,GS:GS-C2-02-021,arxiv_id,REC-01812
DE-04634,ARX:FORMAL-ARXIV-V12-Q-D2:2603.12138v1,ARX:FORMAL-ARXIV-V12-Q-A1:2603.12138v1,arxiv_id,REC-02823
DE-04635,ARX:FORMAL-ARXIV-V12-Q-D2:2603.12023v1,ARX:FORMAL-ARXIV-V12-Q-D1:2603.12023v1,arxiv_id,REC-07384
DE-04636,ARX:FORMAL-ARXIV-V12-Q-D2:2603.11862v1,GS:GS-B1-01-046,arxiv_id,REC-00971
DE-04637,ARX:FORMAL-ARXIV-V12-Q-D2:2603.11853v1,GS:GS-B3-03-046,arxiv_id,REC-01334
DE-04638,ARX:FORMAL-ARXIV-V12-Q-D2:2603.11768v2,GS:GS-C1-02-029,arxiv_id,REC-01638
DE-04639,ARX:FORMAL-ARXIV-V12-Q-D2:2603.11619v1,GS:GS-C1-01-094,arxiv_id,REC-01631
DE-04640,ARX:FORMAL-ARXIV-V12-Q-D2:2603.11337v1,ARX:FORMAL-ARXIV-V12-Q-D1:2603.11337v1,arxiv_id,REC-07386
DE-04641,ARX:FORMAL-ARXIV-V12-Q-D2:2603.11277v2,ARX:FORMAL-ARXIV-V12-Q-D1:2603.11277v2,arxiv_id,REC-07387
DE-04642,ARX:FORMAL-ARXIV-V12-Q-D2:2603.10795v1,ARX:FORMAL-ARXIV-V12-Q-D1:2603.10795v1,arxiv_id,REC-07389
DE-04643,ARX:FORMAL-ARXIV-V12-Q-D2:2603.10749v2,GS:GS-B1-02-013,arxiv_id,REC-01018
DE-04644,ARX:FORMAL-ARXIV-V12-Q-D2:2603.11088v1,GS:GS-B2-02-031,arxiv_id,REC-01198
DE-04645,ARX:FORMAL-ARXIV-V12-Q-D2:2603.13384v3,ARX:FORMAL-ARXIV-V12-Q-B3:2603.13384v3,arxiv_id,REC-03945
DE-04646,ARX:FORMAL-ARXIV-V12-Q-D2:2604.00022v1,ARX:FORMAL-ARXIV-V12-Q-D1:2604.00022v1,arxiv_id,REC-07392
DE-04647,ARX:FORMAL-ARXIV-V12-Q-D2:2603.10387v1,ARX:FORMAL-ARXIV-V12-Q-C2:2603.10387v1,arxiv_id,REC-05211
DE-04648,ARX:FORMAL-ARXIV-V12-Q-D2:2603.10268v1,GS:GS-A2W-03-079,arxiv_id,REC-00873
DE-04649,ARX:FORMAL-ARXIV-V12-Q-D2:2603.10194v1,GS:GS-B4-03-029,arxiv_id,REC-01482
DE-04650,ARX:FORMAL-ARXIV-V12-Q-D2:2603.09157v1,ARX:FORMAL-ARXIV-V12-Q-D1:2603.09157v1,arxiv_id,REC-07394
DE-04651,ARX:FORMAL-ARXIV-V12-Q-D2:2603.09134v1,GS:GS-C1-03-084,arxiv_id,REC-01708
DE-04652,ARX:FORMAL-ARXIV-V12-Q-D2:2603.10060v1,ARX:FORMAL-ARXIV-V12-Q-D1:2603.10060v1,arxiv_id,REC-07396
DE-04653,ARX:FORMAL-ARXIV-V12-Q-D2:2603.08852v1,ARX:FORMAL-ARXIV-V12-Q-C2:2603.08852v1,arxiv_id,REC-05214
DE-04654,ARX:FORMAL-ARXIV-V12-Q-D2:2603.08640v2,ARX:FORMAL-ARXIV-V12-Q-C3:2603.08640v2,arxiv_id,REC-06277
DE-04655,ARX:FORMAL-ARXIV-V12-Q-D2:2603.08322v2,ARX:FORMAL-ARXIV-V12-Q-D1:2603.08322v2,arxiv_id,REC-07400
DE-04656,ARX:FORMAL-ARXIV-V12-Q-D2:2603.08316v3,GS:GS-B2-02-021,arxiv_id,REC-01194
DE-04657,ARX:FORMAL-ARXIV-V12-Q-D2:2603.08013v1,ARX:FORMAL-ARXIV-V12-Q-A1:2603.08013v1,arxiv_id,REC-02826
DE-04658,ARX:FORMAL-ARXIV-V12-Q-D2:2603.07897v1,ARX:FORMAL-ARXIV-V12-Q-B4:2603.07897v1,arxiv_id,REC-04197
DE-04659,ARX:FORMAL-ARXIV-V12-Q-D2:2603.07848v1,ARX:FORMAL-ARXIV-V12-Q-C2:2603.07848v1,arxiv_id,REC-05219
DE-04660,ARX:FORMAL-ARXIV-V12-Q-D2:2603.07557v1,GS:GS-C3-03-069,arxiv_id,REC-02023
DE-04661,ARX:FORMAL-ARXIV-V12-Q-D2:2603.07496v2,GS:GS-B3-03-080,arxiv_id,REC-01353
DE-04662,ARX:FORMAL-ARXIV-V12-Q-D2:2603.07427v2,ARX:FORMAL-ARXIV-V12-Q-D1:2603.07427v2,arxiv_id,REC-07403
DE-04663,ARX:FORMAL-ARXIV-V12-Q-D2:2603.07191v2,ARX:FORMAL-ARXIV-V12-Q-B1:2603.07191v2,arxiv_id,REC-03571
DE-04664,ARX:FORMAL-ARXIV-V12-Q-D2:2603.06884v1,ARX:FORMAL-ARXIV-V12-Q-C3:2603.06884v1,arxiv_id,REC-06279
DE-04665,ARX:FORMAL-ARXIV-V12-Q-D2:2603.05786v2,ARX:FORMAL-ARXIV-V12-Q-D1:2603.05786v2,arxiv_id,REC-07410
DE-04666,ARX:FORMAL-ARXIV-V12-Q-D2:2603.04364v1,GS:GS-B1-03-012,arxiv_id,REC-01105
DE-04667,ARX:FORMAL-ARXIV-V12-Q-D2:2603.03911v1,ARX:FORMAL-ARXIV-V12-Q-C2:2603.03911v1,arxiv_id,REC-05221
DE-04668,ARX:FORMAL-ARXIV-V12-Q-D2:2603.03633v1,ARX:FORMAL-ARXIV-V12-Q-B1:2603.03633v1,arxiv_id,REC-03572
DE-04669,ARX:FORMAL-ARXIV-V12-Q-D2:2603.03630v1,ARX:FORMAL-ARXIV-V12-Q-B3:2603.03630v1,arxiv_id,REC-03949
DE-04670,ARX:FORMAL-ARXIV-V12-Q-D2:2603.02955v1,ARX:FORMAL-ARXIV-V12-Q-C3:2603.02955v1,arxiv_id,REC-06284
DE-04671,ARX:FORMAL-ARXIV-V12-Q-D2:2603.02601v1,ARX:FORMAL-ARXIV-V12-Q-D1:2603.02601v1,arxiv_id,REC-07418
DE-04672,ARX:FORMAL-ARXIV-V12-Q-D2:2603.02345v1,ARX:FORMAL-ARXIV-V12-Q-C2:2603.02345v1,arxiv_id,REC-05222
DE-04673,ARX:FORMAL-ARXIV-V12-Q-D2:2603.01564v1,GS:GS-C1-01-078,arxiv_id,REC-01618
DE-04674,ARX:FORMAL-ARXIV-V12-Q-D2:2603.01414v1,ARX:FORMAL-ARXIV-V12-Q-D1:2603.01414v1,arxiv_id,REC-07423
DE-04675,ARX:FORMAL-ARXIV-V12-Q-D2:2603.00532v1,ARX:FORMAL-ARXIV-V12-Q-D1:2603.00532v1,arxiv_id,REC-07427
DE-04676,ARX:FORMAL-ARXIV-V12-Q-D2:2603.00472v1,ARX:FORMAL-ARXIV-V12-Q-B1:2603.00472v1,arxiv_id,REC-03576
DE-04677,ARX:FORMAL-ARXIV-V12-Q-D2:2603.00214v1,ARX:FORMAL-ARXIV-V12-Q-D1:2603.00214v1,arxiv_id,REC-07432
DE-04678,ARX:FORMAL-ARXIV-V12-Q-D2:2602.23729v1,ARX:FORMAL-ARXIV-V12-Q-D1:2602.23729v1,arxiv_id,REC-07434
DE-04679,ARX:FORMAL-ARXIV-V12-Q-D2:2603.00195v2,ARX:FORMAL-ARXIV-V12-Q-B3:2603.00195v2,arxiv_id,REC-03951
DE-04680,ARX:FORMAL-ARXIV-V12-Q-D2:2603.00188v1,ARX:FORMAL-ARXIV-V12-Q-A1:2603.00188v1,arxiv_id,REC-02838
DE-04681,ARX:FORMAL-ARXIV-V12-Q-D2:2602.23481v2,ARX:FORMAL-ARXIV-V12-Q-B4:2602.23481v2,arxiv_id,REC-04201
DE-04682,ARX:FORMAL-ARXIV-V12-Q-D2:2602.23235v1,ARX:FORMAL-ARXIV-V12-Q-A1:2602.23235v1,arxiv_id,REC-02839
DE-04683,ARX:FORMAL-ARXIV-V12-Q-D2:2602.23079v1,ARX:FORMAL-ARXIV-V12-Q-C3:2602.23079v1,arxiv_id,REC-06294
DE-04684,ARX:FORMAL-ARXIV-V12-Q-D2:2602.22724v1,GS:GS-B1-02-009,arxiv_id,REC-01014
DE-04685,ARX:FORMAL-ARXIV-V12-Q-D2:2602.22450v1,GS:GS-B1-02-021,arxiv_id,REC-01026
DE-04686,ARX:FORMAL-ARXIV-V12-Q-D2:2602.22442v2,ARX:FORMAL-ARXIV-V12-Q-D1:2602.22442v2,arxiv_id,REC-07436
DE-04687,ARX:FORMAL-ARXIV-V12-Q-D2:2602.22302v1,GS:GS-D2-02-058,arxiv_id,REC-02120
DE-04688,ARX:FORMAL-ARXIV-V12-Q-D2:2602.22190v2,GS:GS-A3-02-069,arxiv_id,REC-00927
DE-04689,ARX:FORMAL-ARXIV-V12-Q-D2:2602.21127v1,GS:GS-C3-03-047,arxiv_id,REC-02017
DE-04690,ARX:FORMAL-ARXIV-V12-Q-D2:2602.20720v1,ARX:FORMAL-ARXIV-V12-Q-B1:2602.20720v1,arxiv_id,REC-03578
DE-04691,ARX:FORMAL-ARXIV-V12-Q-D2:2602.20708v1,GS:GS-B1-02-014,arxiv_id,REC-01019
DE-04692,ARX:FORMAL-ARXIV-V12-Q-D2:2602.20683v1,ARX:FORMAL-ARXIV-V12-Q-D1:2602.20683v1,arxiv_id,REC-07440
DE-04693,ARX:FORMAL-ARXIV-V12-Q-D2:2604.09574v1,GS:GS-A1-04-079,arxiv_id,REC-00308
DE-04694,ARX:FORMAL-ARXIV-V12-Q-D2:2602.19948v2,ARX:FORMAL-ARXIV-V12-Q-D1:2602.19948v2,arxiv_id,REC-07441
DE-04695,ARX:FORMAL-ARXIV-V12-Q-D2:2602.19514v1,ARX:FORMAL-ARXIV-V12-Q-B4:2602.19514v1,arxiv_id,REC-04203
DE-04696,ARX:FORMAL-ARXIV-V12-Q-D2:2602.19303v1,ARX:FORMAL-ARXIV-V12-Q-C3:2602.19303v1,arxiv_id,REC-06299
DE-04697,ARX:FORMAL-ARXIV-V12-Q-D2:2602.20196v1,ARX:FORMAL-ARXIV-V12-Q-C3:2602.20196v1,arxiv_id,REC-06301
DE-04698,ARX:FORMAL-ARXIV-V12-Q-D2:2602.19021v2,ARX:FORMAL-ARXIV-V12-Q-B1:2602.19021v2,arxiv_id,REC-03582
DE-04699,ARX:FORMAL-ARXIV-V12-Q-D2:2602.17049v2,ARX:FORMAL-ARXIV-V12-Q-A1:2602.17049v2,arxiv_id,REC-02843
DE-04700,ARX:FORMAL-ARXIV-V12-Q-D2:2602.16943v1,ARX:FORMAL-ARXIV-V12-Q-D1:2602.16943v1,arxiv_id,REC-07450
DE-04701,ARX:FORMAL-ARXIV-V12-Q-D2:2602.16901v1,GS:GS-C1-02-004,arxiv_id,REC-01635
DE-04702,ARX:FORMAL-ARXIV-V12-Q-D2:2602.16246v3,ARX:FORMAL-ARXIV-V12-Q-D1:2602.16246v3,arxiv_id,REC-07455
DE-04703,ARX:FORMAL-ARXIV-V12-Q-D2:2602.15654v2,GS:GS-C1-02-040,arxiv_id,REC-01640
DE-04704,ARX:FORMAL-ARXIV-V12-Q-D2:2603.02240v1,GS:GS-C1-01-005,arxiv_id,REC-01557
DE-04705,ARX:FORMAL-ARXIV-V12-Q-D2:2602.15325v1,ARX:FORMAL-ARXIV-V12-Q-B4:2602.15325v1,arxiv_id,REC-04204
DE-04706,ARX:FORMAL-ARXIV-V12-Q-D2:2602.15198v2,ARX:FORMAL-ARXIV-V12-Q-C2:2602.15198v2,arxiv_id,REC-05243
DE-04707,ARX:FORMAL-ARXIV-V12-Q-D2:2602.14798v1,GS:GS-B4-04-087,arxiv_id,REC-01546
DE-04708,ARX:FORMAL-ARXIV-V12-Q-D2:2603.03340v1,ARX:FORMAL-ARXIV-V12-Q-D1:2603.03340v1,arxiv_id,REC-07461
DE-04709,ARX:FORMAL-ARXIV-V12-Q-D2:2602.16855v1,GS:GS-A1-03-084,arxiv_id,REC-00228
DE-04710,ARX:FORMAL-ARXIV-V12-Q-D2:2602.13559v2,GS:GS-A1-06-076,arxiv_id,REC-00477
DE-04711,ARX:FORMAL-ARXIV-V12-Q-D2:2602.13516v1,ARX:FORMAL-ARXIV-V12-Q-A1:2602.13516v1,arxiv_id,REC-02851
DE-04712,ARX:FORMAL-ARXIV-V12-Q-D2:2602.13477v2,GS:GS-B1-01-089,arxiv_id,REC-00998
DE-04713,ARX:FORMAL-ARXIV-V12-Q-D2:2602.13379v2,GS:GS-C3-02-021,arxiv_id,REC-01979
DE-04714,ARX:FORMAL-ARXIV-V12-Q-D2:2602.12194v3,GS:GS-B3-02-011,arxiv_id,REC-01242
DE-04715,ARX:FORMAL-ARXIV-V12-Q-D2:2602.11749v2,GS:GS-D3-01-051,arxiv_id,REC-02196
DE-04716,ARX:FORMAL-ARXIV-V12-Q-D2:2602.11416v1,ARX:FORMAL-ARXIV-V12-Q-B1:2602.11416v1,arxiv_id,REC-03587
DE-04717,ARX:FORMAL-ARXIV-V12-Q-D2:2602.11354v3,ARX:FORMAL-ARXIV-V12-Q-D1:2602.11354v3,arxiv_id,REC-07467
DE-04718,ARX:FORMAL-ARXIV-V12-Q-D2:2602.11301v1,ARX:FORMAL-ARXIV-V12-Q-D1:2602.11301v1,arxiv_id,REC-07468
DE-04719,ARX:FORMAL-ARXIV-V12-Q-D2:2602.10915v3,GS:GS-B2-02-023,arxiv_id,REC-01195
DE-04720,ARX:FORMAL-ARXIV-V12-Q-D2:2602.10498v1,GS:GS-B3-03-056,arxiv_id,REC-01341
DE-04721,ARX:FORMAL-ARXIV-V12-Q-D2:2602.10479v1,GS:GS-C3-02-004,arxiv_id,REC-01965
DE-04722,ARX:FORMAL-ARXIV-V12-Q-D2:2602.10465v1,GS:GS-C3-04-060,arxiv_id,REC-02046
DE-04723,ARX:FORMAL-ARXIV-V12-Q-D2:2602.10453v1,GS:GS-B1-02-034,arxiv_id,REC-01039
DE-04724,ARX:FORMAL-ARXIV-V12-Q-D2:2602.10356v2,GS:GS-A1-01-099,arxiv_id,REC-00094
DE-04725,ARX:FORMAL-ARXIV-V12-Q-D2:2602.09947v1,ARX:FORMAL-ARXIV-V12-Q-B3:2602.09947v1,arxiv_id,REC-03958
DE-04726,ARX:FORMAL-ARXIV-V12-Q-D2:2602.09856v1,ARX:FORMAL-ARXIV-V12-Q-A1:2602.09856v1,arxiv_id,REC-02857
DE-04727,ARX:FORMAL-ARXIV-V12-Q-D2:2602.09433v1,GS:GS-C3-04-097,arxiv_id,REC-02066
DE-04728,ARX:FORMAL-ARXIV-V12-Q-D2:2602.09345v3,GS:GS-A2S-03-088,arxiv_id,REC-00686
DE-04729,ARX:FORMAL-ARXIV-V12-Q-D2:2602.09012v2,GS:GS-B2-02-085,arxiv_id,REC-01216
DE-04730,ARX:FORMAL-ARXIV-V12-Q-D2:2602.08995v2,GS:GS-A3-01-093,arxiv_id,REC-00901
DE-04731,ARX:FORMAL-ARXIV-V12-Q-D2:2602.08949v1,ARX:FORMAL-ARXIV-V12-Q-C3:2602.08949v1,arxiv_id,REC-06318
DE-04732,ARX:FORMAL-ARXIV-V12-Q-D2:2602.10139v3,GS:GS-B2-02-078,arxiv_id,REC-01212
DE-04733,ARX:FORMAL-ARXIV-V12-Q-D2:2602.08014v1,ARX:FORMAL-ARXIV-V12-Q-C3:2602.08014v1,arxiv_id,REC-06324
DE-04734,ARX:FORMAL-ARXIV-V12-Q-D2:2602.07918v1,ARX:FORMAL-ARXIV-V12-Q-B1:2602.07918v1,arxiv_id,REC-03588
DE-04735,ARX:FORMAL-ARXIV-V12-Q-D2:2602.07398v1,GS:GS-B1-02-015,arxiv_id,REC-01020
DE-04736,ARX:FORMAL-ARXIV-V12-Q-D2:2602.06820v1,ARX:FORMAL-ARXIV-V12-Q-B3:2602.06820v1,arxiv_id,REC-03962
DE-04737,ARX:FORMAL-ARXIV-V12-Q-D2:2602.06547v4,GS:GS-C1-02-087,arxiv_id,REC-01657
DE-04738,ARX:FORMAL-ARXIV-V12-Q-D2:2602.06443v1,ARX:FORMAL-ARXIV-V12-Q-D1:2602.06443v1,arxiv_id,REC-07483
DE-04739,ARX:FORMAL-ARXIV-V12-Q-D2:2602.06345v1,ARX:FORMAL-ARXIV-V12-Q-C3:2602.06345v1,arxiv_id,REC-06330
DE-04740,ARX:FORMAL-ARXIV-V12-Q-D2:2602.05746v2,GS:GS-B1-02-087,arxiv_id,REC-01086
DE-04741,ARX:FORMAL-ARXIV-V12-Q-D2:2602.13275v1,ARX:FORMAL-ARXIV-V12-Q-D1:2602.13275v1,arxiv_id,REC-07485
DE-04742,ARX:FORMAL-ARXIV-V12-Q-D2:2602.18456v1,ARX:FORMAL-ARXIV-V12-Q-D1:2602.18456v1,arxiv_id,REC-07486
DE-04743,ARX:FORMAL-ARXIV-V12-Q-D2:2602.05386v2,GS:GS-B1-03-018,arxiv_id,REC-01110
DE-04744,ARX:FORMAL-ARXIV-V12-Q-D2:2602.05066v2,ARX:FORMAL-ARXIV-V12-Q-B1:2602.05066v2,arxiv_id,REC-03591
DE-04745,ARX:FORMAL-ARXIV-V12-Q-D2:2602.04712v2,ARX:FORMAL-ARXIV-V12-Q-C1:2602.04712v2,arxiv_id,REC-04534
DE-04746,ARX:FORMAL-ARXIV-V12-Q-D2:2602.03792v1,GS:GS-B1-01-006,arxiv_id,REC-00958
DE-04747,ARX:FORMAL-ARXIV-V12-Q-D2:2602.03255v1,GS:GS-A3-01-068,arxiv_id,REC-00897
DE-04748,ARX:FORMAL-ARXIV-V12-Q-D2:2602.03117v3,ARX:FORMAL-ARXIV-V12-Q-B1:2602.03117v3,arxiv_id,REC-03592
DE-04749,ARX:FORMAL-ARXIV-V12-Q-D2:2602.02995v1,GS:GS-A1-01-039,arxiv_id,REC-00038
DE-04750,ARX:FORMAL-ARXIV-V12-Q-D2:2602.02475v1,ARX:FORMAL-ARXIV-V12-Q-D1:2602.02475v1,arxiv_id,REC-07495
DE-04751,ARX:FORMAL-ARXIV-V12-Q-D2:2602.02395v1,ARX:FORMAL-ARXIV-V12-Q-C2:2602.02395v1,arxiv_id,REC-05257
DE-04752,ARX:FORMAL-ARXIV-V12-Q-D2:2602.02164v2,ARX:FORMAL-ARXIV-V12-Q-C1:2602.02164v2,arxiv_id,REC-04542
DE-04753,ARX:FORMAL-ARXIV-V12-Q-D2:2602.01942v1,ARX:FORMAL-ARXIV-V12-Q-B1:2602.01942v1,arxiv_id,REC-03593
DE-04754,ARX:FORMAL-ARXIV-V12-Q-D2:2602.01725v1,ARX:FORMAL-ARXIV-V12-Q-A1:2602.01725v1,arxiv_id,REC-02871
DE-04755,ARX:FORMAL-ARXIV-V12-Q-D2:2602.02595v1,ARX:FORMAL-ARXIV-V12-Q-D1:2602.02595v1,arxiv_id,REC-07500
DE-04756,ARX:FORMAL-ARXIV-V12-Q-D2:2602.01129v1,GS:GS-B4-01-011,arxiv_id,REC-01370
DE-04757,ARX:FORMAL-ARXIV-V12-Q-D2:2602.00575v2,GS:GS-A1-03-059,arxiv_id,REC-00207
DE-04758,ARX:FORMAL-ARXIV-V12-Q-D2:2603.05517v1,GS:GS-D1-03-003,arxiv_id,REC-02085
DE-04759,ARX:FORMAL-ARXIV-V12-Q-D2:2601.22770v2,ARX:FORMAL-ARXIV-V12-Q-A1:2601.22770v2,arxiv_id,REC-02875
DE-04760,ARX:FORMAL-ARXIV-V12-Q-D2:2601.22129v2,ARX:FORMAL-ARXIV-V12-Q-D1:2601.22129v2,arxiv_id,REC-07510
DE-04761,ARX:FORMAL-ARXIV-V12-Q-D2:2601.20732v4,ARX:FORMAL-ARXIV-V12-Q-A1:2601.20732v4,arxiv_id,REC-02881
DE-04762,ARX:FORMAL-ARXIV-V12-Q-D2:2601.20352v3,ARX:FORMAL-ARXIV-V12-Q-D1:2601.20352v3,arxiv_id,REC-07513
DE-04763,ARX:FORMAL-ARXIV-V12-Q-D2:2601.20184v1,ARX:FORMAL-ARXIV-V12-Q-B4:2601.20184v1,arxiv_id,REC-04214
DE-04764,ARX:FORMAL-ARXIV-V12-Q-D2:2601.18491v2,ARX:FORMAL-ARXIV-V12-Q-D1:2601.18491v2,arxiv_id,REC-07515
DE-04765,ARX:FORMAL-ARXIV-V12-Q-D2:2601.18842v3,GS:GS-B2-02-090,arxiv_id,REC-01219
DE-04766,ARX:FORMAL-ARXIV-V12-Q-D2:2601.18113v3,ARX:FORMAL-ARXIV-V12-Q-A1:2601.18113v3,arxiv_id,REC-02886
DE-04767,ARX:FORMAL-ARXIV-V12-Q-D2:2601.17887v2,ARX:FORMAL-ARXIV-V12-Q-C1:2601.17887v2,arxiv_id,REC-04555
DE-04768,ARX:FORMAL-ARXIV-V12-Q-D2:2601.17817v1,GS:GS-C2-01-026,arxiv_id,REC-01742
DE-04769,ARX:FORMAL-ARXIV-V12-Q-D2:2601.17548v1,ARX:FORMAL-ARXIV-V12-Q-B1:2601.17548v1,arxiv_id,REC-03597
DE-04770,ARX:FORMAL-ARXIV-V12-Q-D2:2601.15876v2,GS:GS-A1-01-059,arxiv_id,REC-00057
DE-04771,ARX:FORMAL-ARXIV-V12-Q-D2:2601.15630v2,ARX:FORMAL-ARXIV-V12-Q-C3:2601.15630v2,arxiv_id,REC-06352
DE-04772,ARX:FORMAL-ARXIV-V12-Q-D2:2601.15120v2,ARX:FORMAL-ARXIV-V12-Q-D1:2601.15120v2,arxiv_id,REC-07522
DE-04773,ARX:FORMAL-ARXIV-V12-Q-D2:2601.15109v3,ARX:FORMAL-ARXIV-V12-Q-D1:2601.15109v3,arxiv_id,REC-07523
DE-04774,ARX:FORMAL-ARXIV-V12-Q-D2:2601.14606v1,ARX:FORMAL-ARXIV-V12-Q-C3:2601.14606v1,arxiv_id,REC-06358
DE-04775,ARX:FORMAL-ARXIV-V12-Q-D2:2601.14601v1,ARX:FORMAL-ARXIV-V12-Q-D1:2601.14601v1,arxiv_id,REC-07525
DE-04776,ARX:FORMAL-ARXIV-V12-Q-D2:2601.13981v4,ARX:FORMAL-ARXIV-V12-Q-D1:2601.13981v4,arxiv_id,REC-07527
DE-04777,ARX:FORMAL-ARXIV-V12-Q-D2:2601.13671v1,ARX:FORMAL-ARXIV-V12-Q-D1:2601.13671v1,arxiv_id,REC-07529
DE-04778,ARX:FORMAL-ARXIV-V12-Q-D2:2601.13597v2,ARX:FORMAL-ARXIV-V12-Q-D1:2601.13597v2,arxiv_id,REC-07530
DE-04779,ARX:FORMAL-ARXIV-V12-Q-D2:2601.13186v1,ARX:FORMAL-ARXIV-V12-Q-B1:2601.13186v1,arxiv_id,REC-03600
DE-04780,ARX:FORMAL-ARXIV-V12-Q-D2:2601.12822v1,GS:GS-B2-01-055,arxiv_id,REC-01150
DE-04781,ARX:FORMAL-ARXIV-V12-Q-D2:2601.12449v1,GS:GS-B3-02-016,arxiv_id,REC-01244
DE-04782,ARX:FORMAL-ARXIV-V12-Q-D2:2601.12349v3,GS:GS-B2-02-027,arxiv_id,REC-01197
DE-04783,ARX:FORMAL-ARXIV-V12-Q-D2:2601.15322v2,GS:GS-D3-03-071,arxiv_id,REC-02303
DE-04784,ARX:FORMAL-ARXIV-V12-Q-D2:2601.11893v1,GS:GS-A1-05-078,arxiv_id,REC-00402
DE-04785,ARX:FORMAL-ARXIV-V12-Q-D2:2601.11816v1,ARX:FORMAL-ARXIV-V12-Q-D1:2601.11816v1,arxiv_id,REC-07535
DE-04786,ARX:FORMAL-ARXIV-V12-Q-D2:2601.10955v2,ARX:FORMAL-ARXIV-V12-Q-B4:2601.10955v2,arxiv_id,REC-04218
DE-04787,ARX:FORMAL-ARXIV-V12-Q-D2:2601.10599v2,ARX:FORMAL-ARXIV-V12-Q-D1:2601.10599v2,arxiv_id,REC-07538
DE-04788,ARX:FORMAL-ARXIV-V12-Q-D2:2601.10440v1,GS:GS-D2-03-005,arxiv_id,REC-02151
DE-04789,ARX:FORMAL-ARXIV-V12-Q-D2:2601.10338v1,ARX:FORMAL-ARXIV-V12-Q-B1:2601.10338v1,arxiv_id,REC-03601
DE-04790,ARX:FORMAL-ARXIV-V12-Q-D2:2601.10156v1,ARX:FORMAL-ARXIV-V12-Q-B1:2601.10156v1,arxiv_id,REC-03603
DE-04791,ARX:FORMAL-ARXIV-V12-Q-D2:2601.09923v3,GS:GS-A1-01-022,arxiv_id,REC-00021
DE-04792,ARX:FORMAL-ARXIV-V12-Q-D2:2602.06054v3,ARX:FORMAL-ARXIV-V12-Q-C3:2602.06054v3,arxiv_id,REC-06366
DE-04793,ARX:FORMAL-ARXIV-V12-Q-D2:2601.09295v2,ARX:FORMAL-ARXIV-V12-Q-D1:2601.09295v2,arxiv_id,REC-07540
DE-04794,ARX:FORMAL-ARXIV-V12-Q-D2:2601.08012v1,ARX:FORMAL-ARXIV-V12-Q-B3:2601.08012v1,arxiv_id,REC-03972
DE-04795,ARX:FORMAL-ARXIV-V12-Q-D2:2601.07779v1,ARX:FORMAL-ARXIV-V12-Q-A1:2601.07779v1,arxiv_id,REC-02896
DE-04796,ARX:FORMAL-ARXIV-V12-Q-D2:2601.07606v1,ARX:FORMAL-ARXIV-V12-Q-D1:2601.07606v1,arxiv_id,REC-07544
DE-04797,ARX:FORMAL-ARXIV-V12-Q-D2:2601.07402v1,GS:GS-A1-04-033,arxiv_id,REC-00266
DE-04798,ARX:FORMAL-ARXIV-V12-Q-D2:2601.07395v1,GS:GS-B3-02-004,arxiv_id,REC-01239
DE-04799,ARX:FORMAL-ARXIV-V12-Q-D2:2601.07263v1,ARX:FORMAL-ARXIV-V12-Q-A1:2601.07263v1,arxiv_id,REC-02897
DE-04800,ARX:FORMAL-ARXIV-V12-Q-D2:2601.06899v2,ARX:FORMAL-ARXIV-V12-Q-A1:2601.06899v2,arxiv_id,REC-02899
DE-04801,ARX:FORMAL-ARXIV-V12-Q-D2:2601.06663v2,ARX:FORMAL-ARXIV-V12-Q-D1:2601.06663v2,arxiv_id,REC-07545
DE-04802,ARX:FORMAL-ARXIV-V12-Q-D2:2601.05918v1,ARX:FORMAL-ARXIV-V12-Q-C3:2601.05918v1,arxiv_id,REC-06370
DE-04803,ARX:FORMAL-ARXIV-V12-Q-D2:2601.05755v2,ARX:FORMAL-ARXIV-V12-Q-B1:2601.05755v2,arxiv_id,REC-03605
DE-04804,ARX:FORMAL-ARXIV-V12-Q-D2:2601.05504v2,GS:GS-C1-01-002,arxiv_id,REC-01554
DE-04805,ARX:FORMAL-ARXIV-V12-Q-D2:2601.05384v1,ARX:FORMAL-ARXIV-V12-Q-C2:2601.05384v1,arxiv_id,REC-05280
DE-04806,ARX:FORMAL-ARXIV-V12-Q-D2:2601.04795v1,GS:GS-B1-02-031,arxiv_id,REC-01036
DE-04807,ARX:FORMAL-ARXIV-V12-Q-D2:2601.04694v1,ARX:FORMAL-ARXIV-V12-Q-C2:2601.04694v1,arxiv_id,REC-05282
DE-04808,ARX:FORMAL-ARXIV-V12-Q-D2:2601.04583v1,GS:GS-D2-02-044,arxiv_id,REC-02114
DE-04809,ARX:FORMAL-ARXIV-V12-Q-D2:2601.05293v1,GS:GS-D2-02-070,arxiv_id,REC-02128
DE-04810,ARX:FORMAL-ARXIV-V12-Q-D2:2601.04416v1,ARX:FORMAL-ARXIV-V12-Q-C3:2601.04416v1,arxiv_id,REC-06373
DE-04811,ARX:FORMAL-ARXIV-V12-Q-D2:2601.02749v1,ARX:FORMAL-ARXIV-V12-Q-C1:2601.02749v1,arxiv_id,REC-04579
DE-04812,ARX:FORMAL-ARXIV-V12-Q-D2:2601.02577v1,ARX:FORMAL-ARXIV-V12-Q-C1:2601.02577v1,arxiv_id,REC-04581
DE-04813,ARX:FORMAL-ARXIV-V12-Q-D2:2601.02314v1,ARX:FORMAL-ARXIV-V12-Q-D1:2601.02314v1,arxiv_id,REC-07554
DE-04814,ARX:FORMAL-ARXIV-V12-Q-D2:2601.01241v2,GS:GS-B4-04-090,arxiv_id,REC-01547
DE-04815,ARX:FORMAL-ARXIV-V12-Q-D2:2601.01090v2,ARX:FORMAL-ARXIV-V12-Q-D1:2601.01090v2,arxiv_id,REC-07557
DE-04816,ARX:FORMAL-ARXIV-V12-Q-D2:2601.00516v1,ARX:FORMAL-ARXIV-V12-Q-C2:2601.00516v1,arxiv_id,REC-05284
DE-04817,ARX:FORMAL-ARXIV-V12-Q-D2:2601.00360v3,ARX:FORMAL-ARXIV-V12-Q-D1:2601.00360v3,arxiv_id,REC-07558
DE-04818,ARX:FORMAL-ARXIV-V12-Q-D2:2601.06093v2,ARX:FORMAL-ARXIV-V12-Q-C3:2601.06093v2,arxiv_id,REC-06380
DE-04819,ARX:FORMAL-ARXIV-V12-Q-D2:2512.24565v3,ARX:FORMAL-ARXIV-V12-Q-B4:2512.24565v3,arxiv_id,REC-04222
DE-04820,ARX:FORMAL-ARXIV-V12-Q-D2:2601.00867v1,ARX:FORMAL-ARXIV-V12-Q-B1:2601.00867v1,arxiv_id,REC-03608
DE-04821,ARX:FORMAL-ARXIV-V12-Q-D2:2512.23557v1,GS:GS-B2-01-005,arxiv_id,REC-01118
DE-04822,ARX:FORMAL-ARXIV-V12-Q-D2:2512.23480v1,ARX:FORMAL-ARXIV-V12-Q-B4:2512.23480v1,arxiv_id,REC-04224
DE-04823,ARX:FORMAL-ARXIV-V12-Q-D2:2512.23343v1,ARX:FORMAL-ARXIV-V12-Q-C1:2512.23343v1,arxiv_id,REC-04586
DE-04824,ARX:FORMAL-ARXIV-V12-Q-D2:2512.22894v2,ARX:FORMAL-ARXIV-V12-Q-A1:2512.22894v2,arxiv_id,REC-02909
DE-04825,ARX:FORMAL-ARXIV-V12-Q-D2:2512.22883v1,ARX:FORMAL-ARXIV-V12-Q-B3:2512.22883v1,arxiv_id,REC-03977
DE-04826,ARX:FORMAL-ARXIV-V12-Q-D2:2512.22650v1,ARX:FORMAL-ARXIV-V12-Q-D1:2512.22650v1,arxiv_id,REC-07564
DE-04827,ARX:FORMAL-ARXIV-V12-Q-D2:2512.21818v1,ARX:FORMAL-ARXIV-V12-Q-C2:2512.21818v1,arxiv_id,REC-05288
DE-04828,ARX:FORMAL-ARXIV-V12-Q-D2:2512.21699v1,ARX:FORMAL-ARXIV-V12-Q-D1:2512.21699v1,arxiv_id,REC-07569
DE-04829,ARX:FORMAL-ARXIV-V12-Q-D2:2512.23738v1,GS:GS-C3-01-031,arxiv_id,REC-01924
DE-04830,ARX:FORMAL-ARXIV-V12-Q-D2:2512.21481v1,ARX:FORMAL-ARXIV-V12-Q-A1:2512.21481v1,arxiv_id,REC-02911
DE-04831,ARX:FORMAL-ARXIV-V12-Q-D2:2512.20986v1,ARX:FORMAL-ARXIV-V12-Q-B1:2512.20986v1,arxiv_id,REC-03610
DE-04832,ARX:FORMAL-ARXIV-V12-Q-D2:2512.20985v1,ARX:FORMAL-ARXIV-V12-Q-C2:2512.20985v1,arxiv_id,REC-05290
DE-04833,ARX:FORMAL-ARXIV-V12-Q-D2:2512.19016v2,ARX:FORMAL-ARXIV-V12-Q-D1:2512.19016v2,arxiv_id,REC-07575
DE-04834,ARX:FORMAL-ARXIV-V12-Q-D2:2512.21354v1,ARX:FORMAL-ARXIV-V12-Q-D1:2512.21354v1,arxiv_id,REC-07576
DE-04835,ARX:FORMAL-ARXIV-V12-Q-D2:2512.18552v3,ARX:FORMAL-ARXIV-V12-Q-D1:2512.18552v3,arxiv_id,REC-07577
DE-04836,ARX:FORMAL-ARXIV-V12-Q-D2:2512.18043v1,ARX:FORMAL-ARXIV-V12-Q-D1:2512.18043v1,arxiv_id,REC-07580
DE-04837,ARX:FORMAL-ARXIV-V12-Q-D2:2512.16856v2,ARX:FORMAL-ARXIV-V12-Q-D1:2512.16856v2,arxiv_id,REC-07585
DE-04838,ARX:FORMAL-ARXIV-V12-Q-D2:2512.15688v1,ARX:FORMAL-ARXIV-V12-Q-D1:2512.15688v1,arxiv_id,REC-07587
DE-04839,ARX:FORMAL-ARXIV-V12-Q-D2:2512.14860v1,ARX:FORMAL-ARXIV-V12-Q-B1:2512.14860v1,arxiv_id,REC-03613
DE-04840,ARX:FORMAL-ARXIV-V12-Q-D2:2512.14846v1,ARX:FORMAL-ARXIV-V12-Q-C2:2512.14846v1,arxiv_id,REC-05296
DE-04841,ARX:FORMAL-ARXIV-V12-Q-D2:2512.14448v1,GS:GS-B1-03-009,arxiv_id,REC-01104
DE-04842,ARX:FORMAL-ARXIV-V12-Q-D2:2512.15790v1,GS:GS-C1-01-089,arxiv_id,REC-01627
DE-04843,ARX:FORMAL-ARXIV-V12-Q-D2:2512.12921v1,ARX:FORMAL-ARXIV-V12-Q-B1:2512.12921v1,arxiv_id,REC-03614
DE-04844,ARX:FORMAL-ARXIV-V12-Q-D2:2512.12594v2,GS:GS-A1-05-008,arxiv_id,REC-00337
DE-04845,ARX:FORMAL-ARXIV-V12-Q-D2:2512.11506v2,ARX:FORMAL-ARXIV-V12-Q-A1:2512.11506v2,arxiv_id,REC-02919
DE-04846,ARX:FORMAL-ARXIV-V12-Q-D2:2512.11303v1,ARX:FORMAL-ARXIV-V12-Q-C1:2512.11303v1,arxiv_id,REC-04600
DE-04847,ARX:FORMAL-ARXIV-V12-Q-D2:2512.09458v1,ARX:FORMAL-ARXIV-V12-Q-A1:2512.09458v1,arxiv_id,REC-02921
DE-04848,ARX:FORMAL-ARXIV-V12-Q-D2:2512.08860v1,ARX:FORMAL-ARXIV-V12-Q-D1:2512.08860v1,arxiv_id,REC-07600
DE-04849,ARX:FORMAL-ARXIV-V12-Q-D2:2512.08417v3,ARX:FORMAL-ARXIV-V12-Q-A1:2512.08417v3,arxiv_id,REC-02923
DE-04850,ARX:FORMAL-ARXIV-V12-Q-D2:2512.08290v2,GS:GS-B3-02-070,arxiv_id,REC-01290
DE-04851,ARX:FORMAL-ARXIV-V12-Q-D2:2512.08104v3,GS:GS-C2-02-062,arxiv_id,REC-01839
DE-04852,ARX:FORMAL-ARXIV-V12-Q-D2:2512.06914v2,GS:GS-B3-02-051,arxiv_id,REC-01271
DE-04853,ARX:FORMAL-ARXIV-V12-Q-D2:2512.06716v3,ARX:FORMAL-ARXIV-V12-Q-B1:2512.06716v3,arxiv_id,REC-03616
DE-04854,ARX:FORMAL-ARXIV-V12-Q-D2:2512.06659v1,ARX:FORMAL-ARXIV-V12-Q-C2:2512.06659v1,arxiv_id,REC-05306
DE-04855,ARX:FORMAL-ARXIV-V12-Q-D2:2512.06060v1,ARX:FORMAL-ARXIV-V12-Q-C3:2512.06060v1,arxiv_id,REC-06398
DE-04856,ARX:FORMAL-ARXIV-V12-Q-D2:2512.04822v1,ARX:FORMAL-ARXIV-V12-Q-C3:2512.04822v1,arxiv_id,REC-06401
DE-04857,ARX:FORMAL-ARXIV-V12-Q-D2:2512.03180v1,ARX:FORMAL-ARXIV-V12-Q-C3:2512.03180v1,arxiv_id,REC-06404
DE-04858,ARX:FORMAL-ARXIV-V12-Q-D2:2512.00742v1,ARX:FORMAL-ARXIV-V12-Q-B1:2512.00742v1,arxiv_id,REC-03619
DE-04859,ARX:FORMAL-ARXIV-V12-Q-D2:2512.00520v2,GS:GS-C2-02-058,arxiv_id,REC-01837
DE-04860,ARX:FORMAL-ARXIV-V12-Q-D2:2512.03089v1,ARX:FORMAL-ARXIV-V12-Q-D1:2512.03089v1,arxiv_id,REC-07616
DE-04861,ARX:FORMAL-ARXIV-V12-Q-D2:2512.00136v1,GS:GS-B3-03-084,arxiv_id,REC-01356
DE-04862,ARX:FORMAL-ARXIV-V12-Q-D2:2511.22619v2,ARX:FORMAL-ARXIV-V12-Q-D1:2511.22619v2,arxiv_id,REC-07620
DE-04863,ARX:FORMAL-ARXIV-V12-Q-D2:2511.22441v1,GS:GS-B2-01-098,arxiv_id,REC-01184
DE-04864,ARX:FORMAL-ARXIV-V12-Q-D2:2511.21990v1,GS:GS-B3-03-088,arxiv_id,REC-01357
DE-04865,ARX:FORMAL-ARXIV-V12-Q-D2:2511.21398v1,ARX:FORMAL-ARXIV-V12-Q-A1:2511.21398v1,arxiv_id,REC-02935
DE-04866,ARX:FORMAL-ARXIV-V12-Q-D2:2511.21033v2,ARX:FORMAL-ARXIV-V12-Q-D1:2511.21033v2,arxiv_id,REC-07622
DE-04867,ARX:FORMAL-ARXIV-V12-Q-D2:2512.07850v1,ARX:FORMAL-ARXIV-V12-Q-D1:2512.07850v1,arxiv_id,REC-07623
DE-04868,ARX:FORMAL-ARXIV-V12-Q-D2:2511.20597v2,GS:GS-A1-05-050,arxiv_id,REC-00375
DE-04869,ARX:FORMAL-ARXIV-V12-Q-D2:2511.20067v1,GS:GS-A1-01-052,arxiv_id,REC-00050
DE-04870,ARX:FORMAL-ARXIV-V12-Q-D2:2511.18438v1,GS:GS-A2W-03-088,arxiv_id,REC-00882
DE-04871,ARX:FORMAL-ARXIV-V12-Q-D2:2511.18258v1,ARX:FORMAL-ARXIV-V12-Q-D1:2511.18258v1,arxiv_id,REC-07625
DE-04872,ARX:FORMAL-ARXIV-V12-Q-D2:2511.21745v2,ARX:FORMAL-ARXIV-V12-Q-D1:2511.21745v2,arxiv_id,REC-07626
DE-04873,ARX:FORMAL-ARXIV-V12-Q-D2:2511.16347v1,ARX:FORMAL-ARXIV-V12-Q-B1:2511.16347v1,arxiv_id,REC-03622
DE-04874,ARX:FORMAL-ARXIV-V12-Q-D2:2511.16709v1,ARX:FORMAL-ARXIV-V12-Q-B2:2511.16709v1,arxiv_id,REC-03748
DE-04875,ARX:FORMAL-ARXIV-V12-Q-D2:2511.15998v2,ARX:FORMAL-ARXIV-V12-Q-B4:2511.15998v2,arxiv_id,REC-04232
DE-04876,ARX:FORMAL-ARXIV-V12-Q-D2:2511.15456v1,ARX:FORMAL-ARXIV-V12-Q-D1:2511.15456v1,arxiv_id,REC-07630
DE-04877,ARX:FORMAL-ARXIV-V12-Q-D2:2511.15759v1,ARX:FORMAL-ARXIV-V12-Q-B1:2511.15759v1,arxiv_id,REC-03623
DE-04878,ARX:FORMAL-ARXIV-V12-Q-D2:2511.15203v1,GS:GS-B3-03-059,arxiv_id,REC-01343
DE-04879,ARX:FORMAL-ARXIV-V12-Q-D2:2511.15097v2,ARX:FORMAL-ARXIV-V12-Q-C3:2511.15097v2,arxiv_id,REC-06422
DE-04880,ARX:FORMAL-ARXIV-V12-Q-D2:2511.13087v1,ARX:FORMAL-ARXIV-V12-Q-A2S:2511.13087v1,arxiv_id,REC-03298
DE-04881,ARX:FORMAL-ARXIV-V12-Q-D2:2511.11551v3,ARX:FORMAL-ARXIV-V12-Q-D1:2511.11551v3,arxiv_id,REC-07636
DE-04882,ARX:FORMAL-ARXIV-V12-Q-D2:2511.11672v5,GS:GS-A1-01-083,arxiv_id,REC-00079
DE-04883,ARX:FORMAL-ARXIV-V12-Q-D2:2511.15712v1,ARX:FORMAL-ARXIV-V12-Q-C3:2511.15712v1,arxiv_id,REC-06429
DE-04884,ARX:FORMAL-ARXIV-V12-Q-D2:2511.06101v3,ARX:FORMAL-ARXIV-V12-Q-A1:2511.06101v3,arxiv_id,REC-02944
DE-04885,ARX:FORMAL-ARXIV-V12-Q-D2:2511.05269v1,ARX:FORMAL-ARXIV-V12-Q-C2:2511.05269v1,arxiv_id,REC-05352
DE-04886,ARX:FORMAL-ARXIV-V12-Q-D2:2511.03841v1,ARX:FORMAL-ARXIV-V12-Q-C2:2511.03841v1,arxiv_id,REC-05354
DE-04887,ARX:FORMAL-ARXIV-V12-Q-D2:2511.03434v1,GS:GS-C2-02-055,arxiv_id,REC-01836
DE-04888,ARX:FORMAL-ARXIV-V12-Q-D2:2511.03248v2,ARX:FORMAL-ARXIV-V12-Q-D1:2511.03248v2,arxiv_id,REC-07645
DE-04889,ARX:FORMAL-ARXIV-V12-Q-D2:2511.03138v4,ARX:FORMAL-ARXIV-V12-Q-D1:2511.03138v4,arxiv_id,REC-07646
DE-04890,ARX:FORMAL-ARXIV-V12-Q-D2:2511.04707v1,ARX:FORMAL-ARXIV-V12-Q-A1:2511.04707v1,arxiv_id,REC-02948
DE-04891,ARX:FORMAL-ARXIV-V12-Q-D2:2511.02997v1,ARX:FORMAL-ARXIV-V12-Q-D1:2511.02997v1,arxiv_id,REC-07647
DE-04892,ARX:FORMAL-ARXIV-V12-Q-D2:2511.02071v2,ARX:FORMAL-ARXIV-V12-Q-D1:2511.02071v2,arxiv_id,REC-07650
DE-04893,ARX:FORMAL-ARXIV-V12-Q-D2:2511.07441v5,ARX:FORMAL-ARXIV-V12-Q-D1:2511.07441v5,arxiv_id,REC-07651
DE-04894,ARX:FORMAL-ARXIV-V12-Q-D2:2510.27287v1,ARX:FORMAL-ARXIV-V12-Q-C3:2510.27287v1,arxiv_id,REC-06431
DE-04895,ARX:FORMAL-ARXIV-V12-Q-D2:2510.25863v2,ARX:FORMAL-ARXIV-V12-Q-D1:2510.25863v2,arxiv_id,REC-07656
DE-04896,ARX:FORMAL-ARXIV-V12-Q-D2:2510.25445v1,ARX:FORMAL-ARXIV-V12-Q-C1:2510.25445v1,arxiv_id,REC-04646
DE-04897,ARX:FORMAL-ARXIV-V12-Q-D2:2510.24411v3,ARX:FORMAL-ARXIV-V12-Q-A1:2510.24411v3,arxiv_id,REC-02955
DE-04898,ARX:FORMAL-ARXIV-V12-Q-D2:2510.23682v1,ARX:FORMAL-ARXIV-V12-Q-D1:2510.23682v1,arxiv_id,REC-07661
DE-04899,ARX:FORMAL-ARXIV-V12-Q-D2:2510.22963v4,ARX:FORMAL-ARXIV-V12-Q-B1:2510.22963v4,arxiv_id,REC-03627
DE-04900,ARX:FORMAL-ARXIV-V12-Q-D2:2510.22775v1,ARX:FORMAL-ARXIV-V12-Q-D1:2510.22775v1,arxiv_id,REC-07662
DE-04901,ARX:FORMAL-ARXIV-V12-Q-D2:2510.22768v2,ARX:FORMAL-ARXIV-V12-Q-C2:2510.22768v2,arxiv_id,REC-05361
DE-04902,ARX:FORMAL-ARXIV-V12-Q-D2:2510.21236v3,ARX:FORMAL-ARXIV-V12-Q-B4:2510.21236v3,arxiv_id,REC-04236
DE-04903,ARX:FORMAL-ARXIV-V12-Q-D2:2510.21057v2,ARX:FORMAL-ARXIV-V12-Q-B1:2510.21057v2,arxiv_id,REC-03628
DE-04904,ARX:FORMAL-ARXIV-V12-Q-D2:2510.20333v3,ARX:FORMAL-ARXIV-V12-Q-A2S:2510.20333v3,arxiv_id,REC-03299
DE-04905,ARX:FORMAL-ARXIV-V12-Q-D2:2510.20286v1,ARX:FORMAL-ARXIV-V12-Q-A1:2510.20286v1,arxiv_id,REC-02959
DE-04906,ARX:FORMAL-ARXIV-V12-Q-D2:2510.20270v1,ARX:FORMAL-ARXIV-V12-Q-D1:2510.20270v1,arxiv_id,REC-07666
DE-04907,ARX:FORMAL-ARXIV-V12-Q-D2:2510.20211v1,GS:GS-D1-03-008,arxiv_id,REC-02089
DE-04908,ARX:FORMAL-ARXIV-V12-Q-D2:2510.20102v3,ARX:FORMAL-ARXIV-V12-Q-D1:2510.20102v3,arxiv_id,REC-07667
DE-04909,ARX:FORMAL-ARXIV-V12-Q-D2:2510.19488v1,ARX:FORMAL-ARXIV-V12-Q-A1:2510.19488v1,arxiv_id,REC-02961
DE-04910,ARX:FORMAL-ARXIV-V12-Q-D2:2510.19462v2,ARX:FORMAL-ARXIV-V12-Q-B4:2510.19462v2,arxiv_id,REC-04237
DE-04911,ARX:FORMAL-ARXIV-V12-Q-D2:2510.19227v1,ARX:FORMAL-ARXIV-V12-Q-D1:2510.19227v1,arxiv_id,REC-07671
DE-04912,ARX:FORMAL-ARXIV-V12-Q-D2:2510.19207v2,ARX:FORMAL-ARXIV-V12-Q-B1:2510.19207v2,arxiv_id,REC-03629
DE-04913,ARX:FORMAL-ARXIV-V12-Q-D2:2510.18179v2,ARX:FORMAL-ARXIV-V12-Q-D1:2510.18179v2,arxiv_id,REC-07674
DE-04914,ARX:FORMAL-ARXIV-V12-Q-D2:2510.18113v1,ARX:FORMAL-ARXIV-V12-Q-A1:2510.18113v1,arxiv_id,REC-02964
DE-04915,ARX:FORMAL-ARXIV-V12-Q-D2:2511.04683v1,ARX:FORMAL-ARXIV-V12-Q-D1:2511.04683v1,arxiv_id,REC-07676
DE-04916,ARX:FORMAL-ARXIV-V12-Q-D2:2510.14308v2,ARX:FORMAL-ARXIV-V12-Q-A1:2510.14308v2,arxiv_id,REC-02969
DE-04917,ARX:FORMAL-ARXIV-V12-Q-D2:2510.14133v2,GS:GS-C2-02-030,arxiv_id,REC-01820
DE-04918,ARX:FORMAL-ARXIV-V12-Q-D2:2510.12864v1,ARX:FORMAL-ARXIV-V12-Q-D1:2510.12864v1,arxiv_id,REC-07681
DE-04919,ARX:FORMAL-ARXIV-V12-Q-D2:2510.12200v1,ARX:FORMAL-ARXIV-V12-Q-A1:2510.12200v1,arxiv_id,REC-02971
DE-04920,ARX:FORMAL-ARXIV-V12-Q-D2:2510.11260v1,ARX:FORMAL-ARXIV-V12-Q-D1:2510.11260v1,arxiv_id,REC-07684
DE-04921,ARX:FORMAL-ARXIV-V12-Q-D2:2510.11238v1,ARX:FORMAL-ARXIV-V12-Q-B1:2510.11238v1,arxiv_id,REC-03632
DE-04922,ARX:FORMAL-ARXIV-V12-Q-D2:2510.11151v1,ARX:FORMAL-ARXIV-V12-Q-D1:2510.11151v1,arxiv_id,REC-07685
DE-04923,ARX:FORMAL-ARXIV-V12-Q-D2:2510.09872v2,ARX:FORMAL-ARXIV-V12-Q-A1:2510.09872v2,arxiv_id,REC-02978
DE-04924,ARX:FORMAL-ARXIV-V12-Q-D2:2510.09781v1,ARX:FORMAL-ARXIV-V12-Q-D1:2510.09781v1,arxiv_id,REC-07689
DE-04925,ARX:FORMAL-ARXIV-V12-Q-D2:2510.09462v2,ARX:FORMAL-ARXIV-V12-Q-B1:2510.09462v2,arxiv_id,REC-03633
DE-04926,ARX:FORMAL-ARXIV-V12-Q-D2:2510.09093v2,ARX:FORMAL-ARXIV-V12-Q-B1:2510.09093v2,arxiv_id,REC-03634
DE-04927,ARX:FORMAL-ARXIV-V12-Q-D2:2510.08829v1,ARX:FORMAL-ARXIV-V12-Q-B1:2510.08829v1,arxiv_id,REC-03635
DE-04928,ARX:FORMAL-ARXIV-V12-Q-D2:2510.07176v1,GS:GS-C3-01-070,arxiv_id,REC-01948
DE-04929,ARX:FORMAL-ARXIV-V12-Q-D2:2510.13825v1,GS:GS-C2-02-026,arxiv_id,REC-01817
DE-04930,ARX:FORMAL-ARXIV-V12-Q-D2:2510.06607v2,GS:GS-A1-01-013,arxiv_id,REC-00013
DE-04931,ARX:FORMAL-ARXIV-V12-Q-D2:2510.05442v1,ARX:FORMAL-ARXIV-V12-Q-B1:2510.05442v1,arxiv_id,REC-03636
DE-04932,ARX:FORMAL-ARXIV-V12-Q-D2:2510.05244v2,GS:GS-B1-02-033,arxiv_id,REC-01038
DE-04933,ARX:FORMAL-ARXIV-V12-Q-D2:2510.04885v1,ARX:FORMAL-ARXIV-V12-Q-B1:2510.04885v1,arxiv_id,REC-03637
DE-04934,ARX:FORMAL-ARXIV-V12-Q-D2:2510.04860v2,ARX:FORMAL-ARXIV-V12-Q-C2:2510.04860v2,arxiv_id,REC-05393
DE-04935,ARX:FORMAL-ARXIV-V12-Q-D2:2510.04465v3,ARX:FORMAL-ARXIV-V12-Q-C3:2510.04465v3,arxiv_id,REC-06452
DE-04936,ARX:FORMAL-ARXIV-V12-Q-D2:2510.03612v1,ARX:FORMAL-ARXIV-V12-Q-A1:2510.03612v1,arxiv_id,REC-02984
DE-04937,ARX:FORMAL-ARXIV-V12-Q-D2:2510.03485v2,ARX:FORMAL-ARXIV-V12-Q-A1:2510.03485v2,arxiv_id,REC-02985
DE-04938,ARX:FORMAL-ARXIV-V12-Q-D2:2510.05156v1,GS:GS-C1-02-086,arxiv_id,REC-01656
DE-04939,ARX:FORMAL-ARXIV-V12-Q-D2:2510.02608v2,ARX:FORMAL-ARXIV-V12-Q-A1:2510.02608v2,arxiv_id,REC-02987
DE-04940,ARX:FORMAL-ARXIV-V12-Q-D2:2510.02185v1,ARX:FORMAL-ARXIV-V12-Q-C2:2510.02185v1,arxiv_id,REC-05402
DE-04941,ARX:FORMAL-ARXIV-V12-Q-D2:2510.02418v2,GS:GS-A1-05-006,arxiv_id,REC-00335
DE-04942,ARX:FORMAL-ARXIV-V12-Q-D2:2510.01780v1,ARX:FORMAL-ARXIV-V12-Q-B4:2510.01780v1,arxiv_id,REC-04243
DE-04943,ARX:FORMAL-ARXIV-V12-Q-D2:2510.01751v1,ARX:FORMAL-ARXIV-V12-Q-C2:2510.01751v1,arxiv_id,REC-05403
DE-04944,ARX:FORMAL-ARXIV-V12-Q-D2:2510.01670v1,ARX:FORMAL-ARXIV-V12-Q-A1:2510.01670v1,arxiv_id,REC-02988
DE-04945,ARX:FORMAL-ARXIV-V12-Q-D2:2510.01354v1,GS:GS-B2-01-015,arxiv_id,REC-01125
DE-04946,ARX:FORMAL-ARXIV-V12-Q-D2:2510.05137v3,ARX:FORMAL-ARXIV-V12-Q-A1:2510.05137v3,arxiv_id,REC-02990
DE-04947,ARX:FORMAL-ARXIV-V12-Q-D2:2510.00536v1,ARX:FORMAL-ARXIV-V12-Q-A1:2510.00536v1,arxiv_id,REC-02991
DE-04948,ARX:FORMAL-ARXIV-V12-Q-D2:2510.02389v3,ARX:FORMAL-ARXIV-V12-Q-D1:2510.02389v3,arxiv_id,REC-07698
DE-04949,ARX:FORMAL-ARXIV-V12-Q-D2:2510.00311v1,ARX:FORMAL-ARXIV-V12-Q-C2:2510.00311v1,arxiv_id,REC-05406
DE-04950,ARX:FORMAL-ARXIV-V12-Q-D2:2510.00307v2,ARX:FORMAL-ARXIV-V12-Q-B3:2510.00307v2,arxiv_id,REC-04008
DE-04951,ARX:FORMAL-ARXIV-V12-Q-D2:2509.26506v1,ARX:FORMAL-ARXIV-V12-Q-A1:2509.26506v1,arxiv_id,REC-02995
DE-04952,ARX:FORMAL-ARXIV-V12-Q-D2:2509.25624v3,GS:GS-B3-03-022,arxiv_id,REC-01322
DE-04953,ARX:FORMAL-ARXIV-V12-Q-D2:2509.25299v1,ARX:FORMAL-ARXIV-V12-Q-C2:2509.25299v1,arxiv_id,REC-05409
DE-04954,ARX:FORMAL-ARXIV-V12-Q-D2:2510.02373v1,GS:GS-C1-01-040,arxiv_id,REC-01587
DE-04955,ARX:FORMAL-ARXIV-V12-Q-D2:2509.24272v1,GS:GS-B3-02-068,arxiv_id,REC-01288
DE-04956,ARX:FORMAL-ARXIV-V12-Q-D2:2509.24127v1,ARX:FORMAL-ARXIV-V12-Q-D1:2509.24127v1,arxiv_id,REC-07703
DE-04957,ARX:FORMAL-ARXIV-V12-Q-D2:2509.23994v2,ARX:FORMAL-ARXIV-V12-Q-B1:2509.23994v2,arxiv_id,REC-03642
DE-04958,ARX:FORMAL-ARXIV-V12-Q-D2:2509.22830v3,ARX:FORMAL-ARXIV-V12-Q-B1:2509.22830v3,arxiv_id,REC-03644
DE-04959,ARX:FORMAL-ARXIV-V12-Q-D2:2509.22256v4,GS:GS-A1-01-028,arxiv_id,REC-00027
DE-04960,ARX:FORMAL-ARXIV-V12-Q-D2:2509.22170v1,GS:GS-A2W-03-048,arxiv_id,REC-00849
DE-04961,ARX:FORMAL-ARXIV-V12-Q-D2:2509.21799v3,ARX:FORMAL-ARXIV-V12-Q-A1:2509.21799v3,arxiv_id,REC-03006
DE-04962,ARX:FORMAL-ARXIV-V12-Q-D2:2509.21782v2,ARX:FORMAL-ARXIV-V12-Q-A1:2509.21782v2,arxiv_id,REC-03007
DE-04963,ARX:FORMAL-ARXIV-V12-Q-D2:2511.13725v4,ARX:FORMAL-ARXIV-V12-Q-A1:2511.13725v4,arxiv_id,REC-03008
DE-04964,ARX:FORMAL-ARXIV-V12-Q-D2:2509.21634v2,ARX:FORMAL-ARXIV-V12-Q-C2:2509.21634v2,arxiv_id,REC-05413
DE-04965,ARX:FORMAL-ARXIV-V12-Q-D2:2509.19136v2,ARX:FORMAL-ARXIV-V12-Q-D1:2509.19136v2,arxiv_id,REC-07710
DE-04966,ARX:FORMAL-ARXIV-V12-Q-D2:2509.18557v1,ARX:FORMAL-ARXIV-V12-Q-B1:2509.18557v1,arxiv_id,REC-03647
DE-04967,ARX:FORMAL-ARXIV-V12-Q-D2:2509.17488v1,ARX:FORMAL-ARXIV-V12-Q-B4:2509.17488v1,arxiv_id,REC-04246
DE-04968,ARX:FORMAL-ARXIV-V12-Q-D2:2509.15566v4,ARX:FORMAL-ARXIV-V12-Q-A1:2509.15566v4,arxiv_id,REC-03013
DE-04969,ARX:FORMAL-ARXIV-V12-Q-D2:2509.16275v1,ARX:FORMAL-ARXIV-V12-Q-D1:2509.16275v1,arxiv_id,REC-07719
DE-04970,ARX:FORMAL-ARXIV-V12-Q-D2:2509.14956v1,GS:GS-C2-01-084,arxiv_id,REC-01786
DE-04971,ARX:FORMAL-ARXIV-V12-Q-D2:2509.14537v2,ARX:FORMAL-ARXIV-V12-Q-D1:2509.14537v2,arxiv_id,REC-07720
DE-04972,ARX:FORMAL-ARXIV-V12-Q-D2:2509.14382v1,ARX:FORMAL-ARXIV-V12-Q-A1:2509.14382v1,arxiv_id,REC-03016
DE-04973,ARX:FORMAL-ARXIV-V12-Q-D2:2509.14172v2,ARX:FORMAL-ARXIV-V12-Q-A1:2509.14172v2,arxiv_id,REC-03017
DE-04974,ARX:FORMAL-ARXIV-V12-Q-D2:2509.13978v2,ARX:FORMAL-ARXIV-V12-Q-D1:2509.13978v2,arxiv_id,REC-07722
DE-04975,ARX:FORMAL-ARXIV-V12-Q-D2:2509.13704v1,ARX:FORMAL-ARXIV-V12-Q-A1:2509.13704v1,arxiv_id,REC-03018
DE-04976,ARX:FORMAL-ARXIV-V12-Q-D2:2509.14285v4,ARX:FORMAL-ARXIV-V12-Q-B1:2509.14285v4,arxiv_id,REC-03649
DE-04977,ARX:FORMAL-ARXIV-V12-Q-D2:2509.11431v1,ARX:FORMAL-ARXIV-V12-Q-B1:2509.11431v1,arxiv_id,REC-03650
DE-04978,ARX:FORMAL-ARXIV-V12-Q-D2:2509.08646v1,GS:GS-B3-03-049,arxiv_id,REC-01335
DE-04979,ARX:FORMAL-ARXIV-V12-Q-D2:2509.08638v1,ARX:FORMAL-ARXIV-V12-Q-D1:2509.08638v1,arxiv_id,REC-07726
DE-04980,ARX:FORMAL-ARXIV-V12-Q-D2:2510.06224v1,ARX:FORMAL-ARXIV-V12-Q-C2:2510.06224v1,arxiv_id,REC-05429
DE-04981,ARX:FORMAL-ARXIV-V12-Q-D2:2509.07764v1,ARX:FORMAL-ARXIV-V12-Q-A1:2509.07764v1,arxiv_id,REC-03027
DE-04982,ARX:FORMAL-ARXIV-V12-Q-D2:2509.07553v3,GS:GS-A1-04-007,arxiv_id,REC-00245
DE-04983,ARX:FORMAL-ARXIV-V12-Q-D2:2509.07131v1,ARX:FORMAL-ARXIV-V12-Q-C3:2509.07131v1,arxiv_id,REC-06477
DE-04984,ARX:FORMAL-ARXIV-V12-Q-D2:2509.08009v2,ARX:FORMAL-ARXIV-V12-Q-D1:2509.08009v2,arxiv_id,REC-07730
DE-04985,ARX:FORMAL-ARXIV-V12-Q-D2:2509.12233v1,ARX:FORMAL-ARXIV-V12-Q-C2:2509.12233v1,arxiv_id,REC-05432
DE-04986,ARX:FORMAL-ARXIV-V12-Q-D2:2509.05496v1,ARX:FORMAL-ARXIV-V12-Q-C2:2509.05496v1,arxiv_id,REC-05433
DE-04987,ARX:FORMAL-ARXIV-V12-Q-D2:2509.02544v2,GS:GS-A1-03-033,arxiv_id,REC-00187
DE-04988,ARX:FORMAL-ARXIV-V12-Q-D2:2509.02360v2,ARX:FORMAL-ARXIV-V12-Q-D1:2509.02360v2,arxiv_id,REC-07733
DE-04989,ARX:FORMAL-ARXIV-V12-Q-D2:2509.01619v1,ARX:FORMAL-ARXIV-V12-Q-A1:2509.01619v1,arxiv_id,REC-03031
DE-04990,ARX:FORMAL-ARXIV-V12-Q-D2:2508.21669v2,ARX:FORMAL-ARXIV-V12-Q-B1:2508.21669v2,arxiv_id,REC-03651
DE-04991,ARX:FORMAL-ARXIV-V12-Q-D2:2509.00124v1,ARX:FORMAL-ARXIV-V12-Q-B1:2509.00124v1,arxiv_id,REC-03652
DE-04992,ARX:FORMAL-ARXIV-V12-Q-D2:2508.21111v1,ARX:FORMAL-ARXIV-V12-Q-B3:2508.21111v1,arxiv_id,REC-04021
DE-04993,ARX:FORMAL-ARXIV-V12-Q-D2:2508.20890v2,ARX:FORMAL-ARXIV-V12-Q-B1:2508.20890v2,arxiv_id,REC-03653
DE-04994,ARX:FORMAL-ARXIV-V12-Q-D2:2508.20737v1,GS:GS-D2-02-050,arxiv_id,REC-02117
DE-04995,ARX:FORMAL-ARXIV-V12-Q-D2:2508.20412v3,GS:GS-B3-02-002,arxiv_id,REC-01238
DE-04996,ARX:FORMAL-ARXIV-V12-Q-D2:2508.19461v1,ARX:FORMAL-ARXIV-V12-Q-A1:2508.19461v1,arxiv_id,REC-03040
DE-04997,ARX:FORMAL-ARXIV-V12-Q-D2:2508.19163v1,ARX:FORMAL-ARXIV-V12-Q-D1:2508.19163v1,arxiv_id,REC-07737
DE-04998,ARX:FORMAL-ARXIV-V12-Q-D2:2508.17674v2,ARX:FORMAL-ARXIV-V12-Q-D1:2508.17674v2,arxiv_id,REC-07740
DE-04999,ARX:FORMAL-ARXIV-V12-Q-D2:2508.16279v1,GS:GS-A1-05-074,arxiv_id,REC-00398
DE-05000,ARX:FORMAL-ARXIV-V12-Q-D2:2508.15310v1,ARX:FORMAL-ARXIV-V12-Q-B1:2508.15310v1,arxiv_id,REC-03654
DE-05001,ARX:FORMAL-ARXIV-V12-Q-D2:2508.14040v2,ARX:FORMAL-ARXIV-V12-Q-A1:2508.14040v2,arxiv_id,REC-03044
DE-05002,ARX:FORMAL-ARXIV-V12-Q-D2:2508.14031v2,ARX:FORMAL-ARXIV-V12-Q-A2W:2508.14031v2,arxiv_id,REC-03382
DE-05003,ARX:FORMAL-ARXIV-V12-Q-D2:2508.14925v1,ARX:FORMAL-ARXIV-V12-Q-B3:2508.14925v1,arxiv_id,REC-04026
DE-05004,ARX:FORMAL-ARXIV-V12-Q-D2:2508.13634v3,ARX:FORMAL-ARXIV-V12-Q-A1:2508.13634v3,arxiv_id,REC-03045
DE-05005,ARX:FORMAL-ARXIV-V12-Q-D2:2508.13118v2,ARX:FORMAL-ARXIV-V12-Q-C2:2508.13118v2,arxiv_id,REC-05444
DE-05006,ARX:FORMAL-ARXIV-V12-Q-D2:2508.12538v2,ARX:FORMAL-ARXIV-V12-Q-B3:2508.12538v2,arxiv_id,REC-04029
DE-05007,ARX:FORMAL-ARXIV-V12-Q-D2:2508.16637v1,ARX:FORMAL-ARXIV-V12-Q-D1:2508.16637v1,arxiv_id,REC-07744
DE-05008,ARX:FORMAL-ARXIV-V12-Q-D2:2508.11867v1,ARX:FORMAL-ARXIV-V12-Q-D1:2508.11867v1,arxiv_id,REC-07746
DE-05009,ARX:FORMAL-ARXIV-V12-Q-D2:2508.11824v1,ARX:FORMAL-ARXIV-V12-Q-D1:2508.11824v1,arxiv_id,REC-07747
DE-05010,ARX:FORMAL-ARXIV-V12-Q-D2:2508.10991v4,ARX:FORMAL-ARXIV-V12-Q-B1:2508.10991v4,arxiv_id,REC-03658
DE-05011,ARX:FORMAL-ARXIV-V12-Q-D2:2508.10043v1,GS:GS-C1-01-069,arxiv_id,REC-01612
DE-05012,ARX:FORMAL-ARXIV-V12-Q-D2:2508.06457v2,ARX:FORMAL-ARXIV-V12-Q-D1:2508.06457v2,arxiv_id,REC-07753
DE-05013,ARX:FORMAL-ARXIV-V12-Q-D2:2508.04389v1,ARX:FORMAL-ARXIV-V12-Q-A1:2508.04389v1,arxiv_id,REC-03053
DE-05014,ARX:FORMAL-ARXIV-V12-Q-D2:2508.03858v4,ARX:FORMAL-ARXIV-V12-Q-C3:2508.03858v4,arxiv_id,REC-06492
DE-05015,ARX:FORMAL-ARXIV-V12-Q-D2:2508.03793v3,ARX:FORMAL-ARXIV-V12-Q-B1:2508.03793v3,arxiv_id,REC-03661
DE-05016,ARX:FORMAL-ARXIV-V12-Q-D2:2508.03092v1,ARX:FORMAL-ARXIV-V12-Q-D1:2508.03092v1,arxiv_id,REC-07759
DE-05017,ARX:FORMAL-ARXIV-V12-Q-D2:2508.02866v3,ARX:FORMAL-ARXIV-V12-Q-B4:2508.02866v3,arxiv_id,REC-04255
DE-05018,ARX:FORMAL-ARXIV-V12-Q-D2:2508.02773v3,ARX:FORMAL-ARXIV-V12-Q-D1:2508.02773v3,arxiv_id,REC-07761
DE-05019,ARX:FORMAL-ARXIV-V12-Q-D2:2508.02110v2,ARX:FORMAL-ARXIV-V12-Q-B1:2508.02110v2,arxiv_id,REC-03662
DE-05020,ARX:FORMAL-ARXIV-V12-Q-D2:2508.01997v2,ARX:FORMAL-ARXIV-V12-Q-D1:2508.01997v2,arxiv_id,REC-07762
DE-05021,ARX:FORMAL-ARXIV-V12-Q-D2:2508.01451v1,ARX:FORMAL-ARXIV-V12-Q-C2:2508.01451v1,arxiv_id,REC-05462
DE-05022,ARX:FORMAL-ARXIV-V12-Q-D2:2508.01332v3,GS:GS-C2-02-005,arxiv_id,REC-01803
DE-05023,ARX:FORMAL-ARXIV-V12-Q-D2:2508.02736v2,ARX:FORMAL-ARXIV-V12-Q-B1:2508.02736v2,arxiv_id,REC-03663
DE-05024,ARX:FORMAL-ARXIV-V12-Q-D2:2508.00500v4,GS:GS-C3-01-098,arxiv_id,REC-01961
DE-05025,ARX:FORMAL-ARXIV-V12-Q-D2:2508.00935v2,GS:GS-A1-02-024,arxiv_id,REC-00106
DE-05026,ARX:FORMAL-ARXIV-V12-Q-D2:2507.22025v4,ARX:FORMAL-ARXIV-V12-Q-A1:2507.22025v4,arxiv_id,REC-03061
DE-05027,ARX:FORMAL-ARXIV-V12-Q-D2:2507.21017v1,GS:GS-A2W-03-081,arxiv_id,REC-00875
DE-05028,ARX:FORMAL-ARXIV-V12-Q-D2:2507.20526v1,ARX:FORMAL-ARXIV-V12-Q-B1:2507.20526v1,arxiv_id,REC-03664
DE-05029,ARX:FORMAL-ARXIV-V12-Q-D2:2507.19880v1,GS:GS-B4-03-035,arxiv_id,REC-01487
DE-05030,ARX:FORMAL-ARXIV-V12-Q-D2:2507.18957v1,ARX:FORMAL-ARXIV-V12-Q-D1:2507.18957v1,arxiv_id,REC-07768
DE-05031,ARX:FORMAL-ARXIV-V12-Q-D2:2507.21146v1,GS:GS-C2-02-025,arxiv_id,REC-01816
DE-05032,ARX:FORMAL-ARXIV-V12-Q-D2:2507.16459v2,ARX:FORMAL-ARXIV-V12-Q-D1:2507.16459v2,arxiv_id,REC-07772
DE-05033,ARX:FORMAL-ARXIV-V12-Q-D2:2507.16203v1,ARX:FORMAL-ARXIV-V12-Q-D1:2507.16203v1,arxiv_id,REC-07773
DE-05034,ARX:FORMAL-ARXIV-V12-Q-D2:2507.16853v1,ARX:FORMAL-ARXIV-V12-Q-A1:2507.16853v1,arxiv_id,REC-03062
DE-05035,ARX:FORMAL-ARXIV-V12-Q-D2:2507.15330v1,GS:GS-C1-03-096,arxiv_id,REC-01717
DE-05036,ARX:FORMAL-ARXIV-V12-Q-D2:2507.15219v1,ARX:FORMAL-ARXIV-V12-Q-B1:2507.15219v1,arxiv_id,REC-03665
DE-05037,ARX:FORMAL-ARXIV-V12-Q-D2:2507.14799v1,GS:GS-A1-06-011,arxiv_id,REC-00430
DE-05038,ARX:FORMAL-ARXIV-V12-Q-D2:2507.14293v1,ARX:FORMAL-ARXIV-V12-Q-A1:2507.14293v1,arxiv_id,REC-03063
DE-05039,ARX:FORMAL-ARXIV-V12-Q-D2:2507.13169v1,ARX:FORMAL-ARXIV-V12-Q-B1:2507.13169v1,arxiv_id,REC-03666
DE-05040,ARX:FORMAL-ARXIV-V12-Q-D2:2507.12844v2,ARX:FORMAL-ARXIV-V12-Q-A1:2507.12844v2,arxiv_id,REC-03064
DE-05041,ARX:FORMAL-ARXIV-V12-Q-D2:2507.10621v1,GS:GS-C2-01-074,arxiv_id,REC-01780
DE-05042,ARX:FORMAL-ARXIV-V12-Q-D2:2507.10610v3,ARX:FORMAL-ARXIV-V12-Q-A1:2507.10610v3,arxiv_id,REC-03065
DE-05043,ARX:FORMAL-ARXIV-V12-Q-D2:2507.06323v1,ARX:FORMAL-ARXIV-V12-Q-B1:2507.06323v1,arxiv_id,REC-03668
DE-05044,ARX:FORMAL-ARXIV-V12-Q-D2:2507.05755v1,ARX:FORMAL-ARXIV-V12-Q-D1:2507.05755v1,arxiv_id,REC-07781
DE-05045,ARX:FORMAL-ARXIV-V12-Q-D2:2507.05673v1,ARX:FORMAL-ARXIV-V12-Q-A1:2507.05673v1,arxiv_id,REC-03067
DE-05046,ARX:FORMAL-ARXIV-V12-Q-D2:2507.04370v1,ARX:FORMAL-ARXIV-V12-Q-A1:2507.04370v1,arxiv_id,REC-03068
DE-05047,ARX:FORMAL-ARXIV-V12-Q-D2:2507.03730v1,ARX:FORMAL-ARXIV-V12-Q-A1:2507.03730v1,arxiv_id,REC-03071
DE-05048,ARX:FORMAL-ARXIV-V12-Q-D2:2506.23978v3,GS:GS-D2-03-060,arxiv_id,REC-02173
DE-05049,ARX:FORMAL-ARXIV-V12-Q-D2:2506.23844v1,ARX:FORMAL-ARXIV-V12-Q-C1:2506.23844v1,arxiv_id,REC-04712
DE-05050,ARX:FORMAL-ARXIV-V12-Q-D2:2507.00096v1,ARX:FORMAL-ARXIV-V12-Q-C2:2507.00096v1,arxiv_id,REC-05481
DE-05051,ARX:FORMAL-ARXIV-V12-Q-D2:2506.23667v1,ARX:FORMAL-ARXIV-V12-Q-D1:2506.23667v1,arxiv_id,REC-07786
DE-05052,ARX:FORMAL-ARXIV-V12-Q-D2:2506.23408v1,ARX:FORMAL-ARXIV-V12-Q-D1:2506.23408v1,arxiv_id,REC-07787
DE-05053,ARX:FORMAL-ARXIV-V12-Q-D2:2506.23260v2,ARX:FORMAL-ARXIV-V12-Q-B1:2506.23260v2,arxiv_id,REC-03670
DE-05054,ARX:FORMAL-ARXIV-V12-Q-D2:2506.20806v1,ARX:FORMAL-ARXIV-V12-Q-C2:2506.20806v1,arxiv_id,REC-05486
DE-05055,ARX:FORMAL-ARXIV-V12-Q-D2:2506.19724v1,ARX:FORMAL-ARXIV-V12-Q-D1:2506.19724v1,arxiv_id,REC-07790
DE-05056,ARX:FORMAL-ARXIV-V12-Q-D2:2506.19676v4,GS:GS-B1-02-090,arxiv_id,REC-01089
DE-05057,ARX:FORMAL-ARXIV-V12-Q-D2:2506.22485v1,ARX:FORMAL-ARXIV-V12-Q-D1:2506.22485v1,arxiv_id,REC-07792
DE-05058,ARX:FORMAL-ARXIV-V12-Q-D2:2506.17318v1,GS:GS-A1-05-076,arxiv_id,REC-00400
DE-05059,ARX:FORMAL-ARXIV-V12-Q-D2:2506.13666v1,GS:GS-B3-02-075,arxiv_id,REC-01294
DE-05060,ARX:FORMAL-ARXIV-V12-Q-D2:2506.12104v3,ARX:FORMAL-ARXIV-V12-Q-B1:2506.12104v3,arxiv_id,REC-03673
DE-05061,ARX:FORMAL-ARXIV-V12-Q-D2:2506.10171v3,ARX:FORMAL-ARXIV-V12-Q-D1:2506.10171v3,arxiv_id,REC-07800
DE-05062,ARX:FORMAL-ARXIV-V12-Q-D2:2506.11127v3,ARX:FORMAL-ARXIV-V12-Q-A1:2506.11127v3,arxiv_id,REC-03089
DE-05063,ARX:FORMAL-ARXIV-V12-Q-D2:2506.08693v3,ARX:FORMAL-ARXIV-V12-Q-D1:2506.08693v3,arxiv_id,REC-07801
DE-05064,ARX:FORMAL-ARXIV-V12-Q-D2:2506.17266v1,ARX:FORMAL-ARXIV-V12-Q-C2:2506.17266v1,arxiv_id,REC-05499
DE-05065,ARX:FORMAL-ARXIV-V12-Q-D2:2506.05739v1,ARX:FORMAL-ARXIV-V12-Q-B1:2506.05739v1,arxiv_id,REC-03674
DE-05066,ARX:FORMAL-ARXIV-V12-Q-D2:2506.05296v3,ARX:FORMAL-ARXIV-V12-Q-D1:2506.05296v3,arxiv_id,REC-07806
DE-05067,ARX:FORMAL-ARXIV-V12-Q-D2:2506.04405v2,ARX:FORMAL-ARXIV-V12-Q-D1:2506.04405v2,arxiv_id,REC-07808
DE-05068,ARX:FORMAL-ARXIV-V12-Q-D2:2506.02859v1,ARX:FORMAL-ARXIV-V12-Q-B1:2506.02859v1,arxiv_id,REC-03676
DE-05069,ARX:FORMAL-ARXIV-V12-Q-D2:2506.02456v2,ARX:FORMAL-ARXIV-V12-Q-A1:2506.02456v2,arxiv_id,REC-03098
DE-05070,ARX:FORMAL-ARXIV-V12-Q-D2:2506.02357v2,ARX:FORMAL-ARXIV-V12-Q-D1:2506.02357v2,arxiv_id,REC-07812
DE-05071,ARX:FORMAL-ARXIV-V12-Q-D2:2506.01616v1,GS:GS-A2S-02-003,arxiv_id,REC-00529
DE-05072,ARX:FORMAL-ARXIV-V12-Q-D2:2506.01332v1,ARX:FORMAL-ARXIV-V12-Q-C2:2506.01332v1,arxiv_id,REC-05506
DE-05073,ARX:FORMAL-ARXIV-V12-Q-D2:2506.01055v1,GS:GS-B1-02-028,arxiv_id,REC-01033
DE-05074,ARX:FORMAL-ARXIV-V12-Q-D2:2506.04253v1,ARX:FORMAL-ARXIV-V12-Q-C2:2506.04253v1,arxiv_id,REC-05507
DE-05075,ARX:FORMAL-ARXIV-V12-Q-D2:2506.00714v2,ARX:FORMAL-ARXIV-V12-Q-D1:2506.00714v2,arxiv_id,REC-07814
DE-05076,ARX:FORMAL-ARXIV-V12-Q-D2:2506.00197v1,ARX:FORMAL-ARXIV-V12-Q-B3:2506.00197v1,arxiv_id,REC-04047
DE-05077,ARX:FORMAL-ARXIV-V12-Q-D2:2505.24019v1,GS:GS-B3-03-012,arxiv_id,REC-01318
DE-05078,ARX:FORMAL-ARXIV-V12-Q-D2:2505.23634v1,GS:GS-B4-04-065,arxiv_id,REC-01540
DE-05079,ARX:FORMAL-ARXIV-V12-Q-D2:2505.23596v3,ARX:FORMAL-ARXIV-V12-Q-A1:2505.23596v3,arxiv_id,REC-03103
DE-05080,ARX:FORMAL-ARXIV-V12-Q-D2:2505.23559v1,ARX:FORMAL-ARXIV-V12-Q-C2:2505.23559v1,arxiv_id,REC-05512
DE-05081,ARX:FORMAL-ARXIV-V12-Q-D2:2505.23474v1,ARX:FORMAL-ARXIV-V12-Q-D1:2505.23474v1,arxiv_id,REC-07816
DE-05082,ARX:FORMAL-ARXIV-V12-Q-D2:2505.23436v4,ARX:FORMAL-ARXIV-V12-Q-D1:2505.23436v4,arxiv_id,REC-07817
DE-05083,ARX:FORMAL-ARXIV-V12-Q-D2:2505.22852v1,ARX:FORMAL-ARXIV-V12-Q-B1:2505.22852v1,arxiv_id,REC-03678
DE-05084,ARX:FORMAL-ARXIV-V12-Q-D2:2506.05370v1,ARX:FORMAL-ARXIV-V12-Q-D1:2506.05370v1,arxiv_id,REC-07820
DE-05085,ARX:FORMAL-ARXIV-V12-Q-D2:2505.21936v5,ARX:FORMAL-ARXIV-V12-Q-A1:2505.21936v5,arxiv_id,REC-03106
DE-05086,ARX:FORMAL-ARXIV-V12-Q-D2:2505.21499v1,ARX:FORMAL-ARXIV-V12-Q-A1:2505.21499v1,arxiv_id,REC-03107
DE-05087,ARX:FORMAL-ARXIV-V12-Q-D2:2505.21055v1,GS:GS-A2S-03-080,arxiv_id,REC-00678
DE-05088,ARX:FORMAL-ARXIV-V12-Q-D2:2505.20660v1,ARX:FORMAL-ARXIV-V12-Q-A1:2505.20660v1,arxiv_id,REC-03109
DE-05089,ARX:FORMAL-ARXIV-V12-Q-D2:2505.19405v1,ARX:FORMAL-ARXIV-V12-Q-C2:2505.19405v1,arxiv_id,REC-05521
DE-05090,ARX:FORMAL-ARXIV-V12-Q-D2:2505.19301v2,ARX:FORMAL-ARXIV-V12-Q-C2:2505.19301v2,arxiv_id,REC-05522
DE-05091,ARX:FORMAL-ARXIV-V12-Q-D2:2505.19260v2,ARX:FORMAL-ARXIV-V12-Q-D1:2505.19260v2,arxiv_id,REC-07825
DE-05092,ARX:FORMAL-ARXIV-V12-Q-D2:2505.18543v1,ARX:FORMAL-ARXIV-V12-Q-D1:2505.18543v1,arxiv_id,REC-07826
DE-05093,ARX:FORMAL-ARXIV-V12-Q-D2:2505.18279v1,ARX:FORMAL-ARXIV-V12-Q-C1:2505.18279v1,arxiv_id,REC-04731
DE-05094,ARX:FORMAL-ARXIV-V12-Q-D2:2505.17735v2,ARX:FORMAL-ARXIV-V12-Q-D1:2505.17735v2,arxiv_id,REC-07827
DE-05095,ARX:FORMAL-ARXIV-V12-Q-D2:2505.17511v1,ARX:FORMAL-ARXIV-V12-Q-D1:2505.17511v1,arxiv_id,REC-07828
DE-05096,ARX:FORMAL-ARXIV-V12-Q-D2:2505.15810v2,ARX:FORMAL-ARXIV-V12-Q-A1:2505.15810v2,arxiv_id,REC-03118
DE-05097,ARX:FORMAL-ARXIV-V12-Q-D2:2505.14418v3,ARX:FORMAL-ARXIV-V12-Q-A1:2505.14418v3,arxiv_id,REC-03120
DE-05098,ARX:FORMAL-ARXIV-V12-Q-D2:2505.13076v1,GS:GS-A1-05-026,arxiv_id,REC-00353
DE-05099,ARX:FORMAL-ARXIV-V12-Q-D2:2505.12981v2,GS:GS-A2W-03-014,arxiv_id,REC-00822
DE-05100,ARX:FORMAL-ARXIV-V12-Q-D2:2505.12923v2,ARX:FORMAL-ARXIV-V12-Q-C2:2505.12923v2,arxiv_id,REC-05534
DE-05101,ARX:FORMAL-ARXIV-V12-Q-D2:2505.12842v4,ARX:FORMAL-ARXIV-V12-Q-A1:2505.12842v4,arxiv_id,REC-03126
DE-05102,ARX:FORMAL-ARXIV-V12-Q-D2:2505.12490v3,ARX:FORMAL-ARXIV-V12-Q-B1:2505.12490v3,arxiv_id,REC-03680
DE-05103,ARX:FORMAL-ARXIV-V12-Q-D2:2505.11642v2,ARX:FORMAL-ARXIV-V12-Q-B2:2505.11642v2,arxiv_id,REC-03782
DE-05104,ARX:FORMAL-ARXIV-V12-Q-D2:2505.11154v2,ARX:FORMAL-ARXIV-V12-Q-B4:2505.11154v2,arxiv_id,REC-04274
DE-05105,ARX:FORMAL-ARXIV-V12-Q-D2:2505.10924v4,GS:GS-A1-02-028,arxiv_id,REC-00108
DE-05106,ARX:FORMAL-ARXIV-V12-Q-D2:2505.10732v1,ARX:FORMAL-ARXIV-V12-Q-D1:2505.10732v1,arxiv_id,REC-07836
DE-05107,ARX:FORMAL-ARXIV-V12-Q-D2:2505.09875v2,GS:GS-A1-03-032,arxiv_id,REC-00186
DE-05108,ARX:FORMAL-ARXIV-V12-Q-D2:2505.05849v4,ARX:FORMAL-ARXIV-V12-Q-B1:2505.05849v4,arxiv_id,REC-03681
DE-05109,ARX:FORMAL-ARXIV-V12-Q-D2:2505.03574v1,GS:GS-D2-03-085,arxiv_id,REC-02186
DE-05110,ARX:FORMAL-ARXIV-V12-Q-D2:2505.02077v2,GS:GS-B3-02-058,arxiv_id,REC-01278
DE-05111,ARX:FORMAL-ARXIV-V12-Q-D2:2504.20932v1,ARX:FORMAL-ARXIV-V12-Q-D1:2504.20932v1,arxiv_id,REC-07838
DE-05112,ARX:FORMAL-ARXIV-V12-Q-D2:2504.19997v1,GS:GS-B4-03-026,arxiv_id,REC-01480
DE-05113,ARX:FORMAL-ARXIV-V12-Q-D2:2504.19956v2,ARX:FORMAL-ARXIV-V12-Q-C1:2504.19956v2,arxiv_id,REC-04740
DE-05114,ARX:FORMAL-ARXIV-V12-Q-D2:2504.19793v3,GS:GS-B1-02-052,arxiv_id,REC-01056
DE-05115,ARX:FORMAL-ARXIV-V12-Q-D2:2504.21034v2,GS:GS-C2-02-027,arxiv_id,REC-01818
DE-05116,ARX:FORMAL-ARXIV-V12-Q-D2:2504.17669v2,ARX:FORMAL-ARXIV-V12-Q-C3:2504.17669v2,arxiv_id,REC-06526
DE-05117,ARX:FORMAL-ARXIV-V12-Q-D2:2504.14603v2,GS:GS-A1-02-072,arxiv_id,REC-00142
DE-05118,ARX:FORMAL-ARXIV-V12-Q-D2:2504.14348v4,ARX:FORMAL-ARXIV-V12-Q-B1:2504.14348v4,arxiv_id,REC-03687
DE-05119,ARX:FORMAL-ARXIV-V12-Q-D2:2504.14064v3,GS:GS-A2S-01-027,arxiv_id,REC-00518
DE-05120,ARX:FORMAL-ARXIV-V12-Q-D2:2504.13443v2,ARX:FORMAL-ARXIV-V12-Q-D1:2504.13443v2,arxiv_id,REC-07843
DE-05121,ARX:FORMAL-ARXIV-V12-Q-D2:2504.12757v2,GS:GS-B4-03-002,arxiv_id,REC-01463
DE-05122,ARX:FORMAL-ARXIV-V12-Q-D2:2504.11281v1,ARX:FORMAL-ARXIV-V12-Q-A1:2504.11281v1,arxiv_id,REC-03140
DE-05123,ARX:FORMAL-ARXIV-V12-Q-D2:2504.09689v3,ARX:FORMAL-ARXIV-V12-Q-D1:2504.09689v3,arxiv_id,REC-07847
DE-05124,ARX:FORMAL-ARXIV-V12-Q-D2:2504.09283v1,ARX:FORMAL-ARXIV-V12-Q-C1:2504.09283v1,arxiv_id,REC-04750
DE-05125,ARX:FORMAL-ARXIV-V12-Q-D2:2504.05259v1,GS:GS-D3-03-034,arxiv_id,REC-02278
DE-05126,ARX:FORMAL-ARXIV-V12-Q-D2:2504.04070v1,GS:GS-A2W-02-060,arxiv_id,REC-00783
DE-05127,ARX:FORMAL-ARXIV-V12-Q-D2:2504.03255v2,ARX:FORMAL-ARXIV-V12-Q-D1:2504.03255v2,arxiv_id,REC-07850
DE-05128,ARX:FORMAL-ARXIV-V12-Q-D2:2504.03111v3,GS:GS-B3-03-068,arxiv_id,REC-01348
DE-05129,ARX:FORMAL-ARXIV-V12-Q-D2:2505.13453v2,ARX:FORMAL-ARXIV-V12-Q-C2:2505.13453v2,arxiv_id,REC-05555
DE-05130,ARX:FORMAL-ARXIV-V12-Q-D2:2503.23434v2,GS:GS-A1-03-011,arxiv_id,REC-00170
DE-05131,ARX:FORMAL-ARXIV-V12-Q-D2:2503.22038v1,ARX:FORMAL-ARXIV-V12-Q-C2:2503.22038v1,arxiv_id,REC-05565
DE-05132,ARX:FORMAL-ARXIV-V12-Q-D2:2503.22738v2,ARX:FORMAL-ARXIV-V12-Q-A2W:2503.22738v2,arxiv_id,REC-03406
DE-05133,ARX:FORMAL-ARXIV-V12-Q-D2:2503.20279v3,ARX:FORMAL-ARXIV-V12-Q-A1:2503.20279v3,arxiv_id,REC-03152
DE-05134,ARX:FORMAL-ARXIV-V12-Q-D2:2503.18813v2,GS:GS-B1-02-063,arxiv_id,REC-01065
DE-05135,ARX:FORMAL-ARXIV-V12-Q-D2:2503.18666v3,GS:GS-A2W-03-051,arxiv_id,REC-00852
DE-05136,ARX:FORMAL-ARXIV-V12-Q-D2:2503.18492v2,ARX:FORMAL-ARXIV-V12-Q-A1:2503.18492v2,arxiv_id,REC-03153
DE-05137,ARX:FORMAL-ARXIV-V12-Q-D2:2503.17703v2,GS:GS-A2S-03-077,arxiv_id,REC-00675
DE-05138,ARX:FORMAL-ARXIV-V12-Q-D2:2503.16248v3,ARX:FORMAL-ARXIV-V12-Q-B1:2503.16248v3,arxiv_id,REC-03690
DE-05139,ARX:FORMAL-ARXIV-V12-Q-D2:2503.13275v2,ARX:FORMAL-ARXIV-V12-Q-C2:2503.13275v2,arxiv_id,REC-05568
DE-05140,ARX:FORMAL-ARXIV-V12-Q-D2:2503.15547v2,GS:GS-B1-02-084,arxiv_id,REC-01083
DE-05141,ARX:FORMAL-ARXIV-V12-Q-D2:2503.13514v1,ARX:FORMAL-ARXIV-V12-Q-D1:2503.13514v1,arxiv_id,REC-07855
DE-05142,ARX:FORMAL-ARXIV-V12-Q-D2:2503.09780v3,ARX:FORMAL-ARXIV-V12-Q-A1:2503.09780v3,arxiv_id,REC-03158
DE-05143,ARX:FORMAL-ARXIV-V12-Q-D2:2503.09648v1,ARX:FORMAL-ARXIV-V12-Q-C2:2503.09648v1,arxiv_id,REC-05571
DE-05144,ARX:FORMAL-ARXIV-V12-Q-D2:2503.08102v2,ARX:FORMAL-ARXIV-V12-Q-C1:2503.08102v2,arxiv_id,REC-04766
DE-05145,ARX:FORMAL-ARXIV-V12-Q-D2:2503.04596v2,GS:GS-C3-03-081,arxiv_id,REC-02027
DE-05146,ARX:FORMAL-ARXIV-V12-Q-D2:2502.20383v3,GS:GS-A1-06-100,arxiv_id,REC-00498
DE-05147,ARX:FORMAL-ARXIV-V12-Q-D2:2503.00061v2,ARX:FORMAL-ARXIV-V12-Q-B1:2503.00061v2,arxiv_id,REC-03693
DE-05148,ARX:FORMAL-ARXIV-V12-Q-D2:2502.19145v2,ARX:FORMAL-ARXIV-V12-Q-C1:2502.19145v2,arxiv_id,REC-04776
DE-05149,ARX:FORMAL-ARXIV-V12-Q-D2:2502.16750v4,ARX:FORMAL-ARXIV-V12-Q-C2:2502.16750v4,arxiv_id,REC-05579
DE-05150,ARX:FORMAL-ARXIV-V12-Q-D2:2502.14143v1,ARX:FORMAL-ARXIV-V12-Q-C2:2502.14143v1,arxiv_id,REC-05584
DE-05151,ARX:FORMAL-ARXIV-V12-Q-D2:2502.13069v3,ARX:FORMAL-ARXIV-V12-Q-D1:2502.13069v3,arxiv_id,REC-07863
DE-05152,ARX:FORMAL-ARXIV-V12-Q-D2:2502.13053v3,ARX:FORMAL-ARXIV-V12-Q-A2S:2502.13053v3,arxiv_id,REC-03308
DE-05153,ARX:FORMAL-ARXIV-V12-Q-D2:2502.13172v2,ARX:FORMAL-ARXIV-V12-Q-C1:2502.13172v2,arxiv_id,REC-04782
DE-05154,ARX:FORMAL-ARXIV-V12-Q-D2:2502.11435v2,ARX:FORMAL-ARXIV-V12-Q-B3:2502.11435v2,arxiv_id,REC-04068
DE-05155,ARX:FORMAL-ARXIV-V12-Q-D2:2502.08966v2,ARX:FORMAL-ARXIV-V12-Q-B1:2502.08966v2,arxiv_id,REC-03696
DE-05156,ARX:FORMAL-ARXIV-V12-Q-D2:2502.07942v2,GS:GS-A2W-01-088,arxiv_id,REC-00741
DE-05157,ARX:FORMAL-ARXIV-V12-Q-D2:2502.05174v4,GS:GS-B1-02-003,arxiv_id,REC-01010
DE-05158,ARX:FORMAL-ARXIV-V12-Q-D2:2501.18160v3,ARX:FORMAL-ARXIV-V12-Q-B3:2501.18160v3,arxiv_id,REC-04072
DE-05159,ARX:FORMAL-ARXIV-V12-Q-D2:2503.04730v1,ARX:FORMAL-ARXIV-V12-Q-A1:2503.04730v1,arxiv_id,REC-03176
DE-05160,ARX:FORMAL-ARXIV-V12-Q-D2:2501.18617v2,ARX:FORMAL-ARXIV-V12-Q-B2:2501.18617v2,arxiv_id,REC-03792
DE-05161,ARX:FORMAL-ARXIV-V12-Q-D2:2501.03259v1,ARX:FORMAL-ARXIV-V12-Q-D1:2501.03259v1,arxiv_id,REC-07869
DE-05162,ARX:FORMAL-ARXIV-V12-Q-D2:2412.18426v1,GS:GS-A2S-02-006,arxiv_id,REC-00531
DE-05163,ARX:FORMAL-ARXIV-V12-Q-D2:2412.16682v1,ARX:FORMAL-ARXIV-V12-Q-B1:2412.16682v1,arxiv_id,REC-03698
DE-05164,ARX:FORMAL-ARXIV-V12-Q-D2:2412.14470v2,ARX:FORMAL-ARXIV-V12-Q-D1:2412.14470v2,arxiv_id,REC-07871
DE-05165,ARX:FORMAL-ARXIV-V12-Q-D2:2412.10342v2,ARX:FORMAL-ARXIV-V12-Q-A1:2412.10342v2,arxiv_id,REC-03184
DE-05166,ARX:FORMAL-ARXIV-V12-Q-D2:2412.03847v1,ARX:FORMAL-ARXIV-V12-Q-C2:2412.03847v1,arxiv_id,REC-05615
DE-05167,ARX:FORMAL-ARXIV-V12-Q-D2:2412.01799v1,ARX:FORMAL-ARXIV-V12-Q-A2S:2412.01799v1,arxiv_id,REC-03311
DE-05168,ARX:FORMAL-ARXIV-V12-Q-D2:2412.01778v1,GS:GS-A2W-03-049,arxiv_id,REC-00850
DE-05169,ARX:FORMAL-ARXIV-V12-Q-D2:2411.15396v1,ARX:FORMAL-ARXIV-V12-Q-D1:2411.15396v1,arxiv_id,REC-07877
DE-05170,ARX:FORMAL-ARXIV-V12-Q-D2:2412.00033v1,ARX:FORMAL-ARXIV-V12-Q-D1:2412.00033v1,arxiv_id,REC-07879
DE-05171,ARX:FORMAL-ARXIV-V12-Q-D2:2411.13627v1,ARX:FORMAL-ARXIV-V12-Q-D1:2411.13627v1,arxiv_id,REC-07881
DE-05172,ARX:FORMAL-ARXIV-V12-Q-D2:2411.06559v2,GS:GS-A1-06-031,arxiv_id,REC-00446
DE-05173,ARX:FORMAL-ARXIV-V12-Q-D2:2411.02391v2,ARX:FORMAL-ARXIV-V12-Q-A1:2411.02391v2,arxiv_id,REC-03190
DE-05174,ARX:FORMAL-ARXIV-V12-Q-D2:2410.23252v3,ARX:FORMAL-ARXIV-V12-Q-A1:2410.23252v3,arxiv_id,REC-03193
DE-05175,ARX:FORMAL-ARXIV-V12-Q-D2:2410.19064v2,ARX:FORMAL-ARXIV-V12-Q-D1:2410.19064v2,arxiv_id,REC-07885
DE-05176,ARX:FORMAL-ARXIV-V12-Q-D2:2410.17520v3,ARX:FORMAL-ARXIV-V12-Q-A2W:2410.17520v3,arxiv_id,REC-03419
DE-05177,ARX:FORMAL-ARXIV-V12-Q-D2:2410.17401v4,ARX:FORMAL-ARXIV-V12-Q-A1:2410.17401v4,arxiv_id,REC-03200
DE-05178,ARX:FORMAL-ARXIV-V12-Q-D2:2410.16950v1,ARX:FORMAL-ARXIV-V12-Q-B1:2410.16950v1,arxiv_id,REC-03703
DE-05179,ARX:FORMAL-ARXIV-V12-Q-D2:2410.09381v2,ARX:FORMAL-ARXIV-V12-Q-D1:2410.09381v2,arxiv_id,REC-07887
DE-05180,ARX:FORMAL-ARXIV-V12-Q-D2:2410.02052v5,ARX:FORMAL-ARXIV-V12-Q-A2W:2410.02052v5,arxiv_id,REC-03422
DE-05181,ARX:FORMAL-ARXIV-V12-Q-D2:2410.02026v1,ARX:FORMAL-ARXIV-V12-Q-C2:2410.02026v1,arxiv_id,REC-05641
DE-05182,ARX:FORMAL-ARXIV-V12-Q-D2:2410.01927v1,ARX:FORMAL-ARXIV-V12-Q-C3:2410.01927v1,arxiv_id,REC-06581
DE-05183,ARX:FORMAL-ARXIV-V12-Q-D2:2410.00689v2,GS:GS-A1-05-080,arxiv_id,REC-00403
DE-05184,ARX:FORMAL-ARXIV-V12-Q-D2:2409.18048v4,ARX:FORMAL-ARXIV-V12-Q-D1:2409.18048v4,arxiv_id,REC-07892
DE-05185,ARX:FORMAL-ARXIV-V12-Q-D2:2409.11295v5,ARX:FORMAL-ARXIV-V12-Q-A1:2409.11295v5,arxiv_id,REC-03212
DE-05186,ARX:FORMAL-ARXIV-V12-Q-D2:2409.03793v3,ARX:FORMAL-ARXIV-V12-Q-D1:2409.03793v3,arxiv_id,REC-07899
DE-05187,ARX:FORMAL-ARXIV-V12-Q-D2:2408.15978v1,ARX:FORMAL-ARXIV-V12-Q-A1:2408.15978v1,arxiv_id,REC-03217
DE-05188,ARX:FORMAL-ARXIV-V12-Q-D2:2408.04449v5,ARX:FORMAL-ARXIV-V12-Q-D1:2408.04449v5,arxiv_id,REC-07902
DE-05189,ARX:FORMAL-ARXIV-V12-Q-D2:2408.01703v1,ARX:FORMAL-ARXIV-V12-Q-D1:2408.01703v1,arxiv_id,REC-07903
DE-05190,ARX:FORMAL-ARXIV-V12-Q-D2:2408.00203v1,GS:GS-A1-03-089,arxiv_id,REC-00232
DE-05191,ARX:FORMAL-ARXIV-V12-Q-D2:2407.16741v3,ARX:FORMAL-ARXIV-V12-Q-C3:2407.16741v3,arxiv_id,REC-06595
DE-05192,ARX:FORMAL-ARXIV-V12-Q-D2:2406.14373v3,ARX:FORMAL-ARXIV-V12-Q-C3:2406.14373v3,arxiv_id,REC-06601
DE-05193,ARX:FORMAL-ARXIV-V12-Q-D2:2406.13352v3,ARX:FORMAL-ARXIV-V12-Q-B1:2406.13352v3,arxiv_id,REC-03710
DE-05194,ARX:FORMAL-ARXIV-V12-Q-D2:2406.12814v3,ARX:FORMAL-ARXIV-V12-Q-A1:2406.12814v3,arxiv_id,REC-03226
DE-05195,ARX:FORMAL-ARXIV-V12-Q-D2:2406.09187v3,GS:GS-C3-01-037,arxiv_id,REC-01929
DE-05196,ARX:FORMAL-ARXIV-V12-Q-D2:2406.07217v2,ARX:FORMAL-ARXIV-V12-Q-C3:2406.07217v2,arxiv_id,REC-06606
DE-05197,ARX:FORMAL-ARXIV-V12-Q-D2:2407.10978v1,ARX:FORMAL-ARXIV-V12-Q-D1:2407.10978v1,arxiv_id,REC-07912
DE-05198,ARX:FORMAL-ARXIV-V12-Q-D2:2406.05080v2,ARX:FORMAL-ARXIV-V12-Q-D1:2406.05080v2,arxiv_id,REC-07913
DE-05199,ARX:FORMAL-ARXIV-V12-Q-D2:2406.04313v4,ARX:FORMAL-ARXIV-V12-Q-D1:2406.04313v4,arxiv_id,REC-07914
DE-05200,ARX:FORMAL-ARXIV-V12-Q-D2:2405.16247v4,ARX:FORMAL-ARXIV-V12-Q-A2W:2405.16247v4,arxiv_id,REC-03428
DE-05201,ARX:FORMAL-ARXIV-V12-Q-D2:2405.01593v1,ARX:FORMAL-ARXIV-V12-Q-D1:2405.01593v1,arxiv_id,REC-07920
DE-05202,ARX:FORMAL-ARXIV-V12-Q-D2:2404.06921v1,ARX:FORMAL-ARXIV-V12-Q-D1:2404.06921v1,arxiv_id,REC-07922
DE-05203,ARX:FORMAL-ARXIV-V12-Q-D2:2403.19735v1,ARX:FORMAL-ARXIV-V12-Q-D1:2403.19735v1,arxiv_id,REC-07923
DE-05204,ARX:FORMAL-ARXIV-V12-Q-D2:2403.09333v2,ARX:FORMAL-ARXIV-V12-Q-A1:2403.09333v2,arxiv_id,REC-03247
DE-05205,ARX:FORMAL-ARXIV-V12-Q-D2:2403.02691v3,ARX:FORMAL-ARXIV-V12-Q-B1:2403.02691v3,arxiv_id,REC-03713
DE-05206,ARX:FORMAL-ARXIV-V12-Q-D2:2403.04783v2,GS:GS-C2-01-067,arxiv_id,REC-01773
DE-05207,ARX:FORMAL-ARXIV-V12-Q-D2:2402.08567v2,GS:GS-B2-01-068,arxiv_id,REC-01160
DE-05208,ARX:FORMAL-ARXIV-V12-Q-D2:2402.07510v5,ARX:FORMAL-ARXIV-V12-Q-C2:2402.07510v5,arxiv_id,REC-05688
DE-05209,ARX:FORMAL-ARXIV-V12-Q-D2:2312.00374v3,GS:GS-B3-03-081,arxiv_id,REC-01354
DE-05210,ARX:FORMAL-ARXIV-V12-Q-D2:2309.11436v4,ARX:FORMAL-ARXIV-V12-Q-A1:2309.11436v4,arxiv_id,REC-03270
DE-05211,ARX:FORMAL-ARXIV-V12-Q-D2:2307.06951v1,ARX:FORMAL-ARXIV-V12-Q-C3:2307.06951v1,arxiv_id,REC-06671
DE-05212,ARX:FORMAL-ARXIV-V12-Q-D2:2307.03697v1,ARX:FORMAL-ARXIV-V12-Q-D1:2307.03697v1,arxiv_id,REC-07947
DE-05213,ARX:FORMAL-ARXIV-V12-Q-D2:2304.12204v1,ARX:FORMAL-ARXIV-V12-Q-D1:2304.12204v1,arxiv_id,REC-07950
DE-05214,ARX:FORMAL-ARXIV-V12-Q-D3:2608.00335v1,ARX:FORMAL-ARXIV-V12-Q-A1:2608.00335v1,arxiv_id,REC-02647
DE-05215,ARX:FORMAL-ARXIV-V12-Q-D3:2608.00326v2,ARX:FORMAL-ARXIV-V12-Q-D1:2608.00326v2,arxiv_id,REC-06706
DE-05216,ARX:FORMAL-ARXIV-V12-Q-D3:2608.00303v1,ARX:FORMAL-ARXIV-V12-Q-D1:2608.00303v1,arxiv_id,REC-06707
DE-05217,ARX:FORMAL-ARXIV-V12-Q-D3:2608.02643v1,ARX:FORMAL-ARXIV-V12-Q-A1:2608.02643v1,arxiv_id,REC-02649
DE-05218,ARX:FORMAL-ARXIV-V12-Q-D3:2608.00104v1,ARX:FORMAL-ARXIV-V12-Q-C2:2608.00104v1,arxiv_id,REC-04933
DE-05219,ARX:FORMAL-ARXIV-V12-Q-D3:2607.28609v2,GS:GS-A1-02-086,arxiv_id,REC-00151
DE-05220,ARX:FORMAL-ARXIV-V12-Q-D3:2607.28165v2,GS:GS-B1-03-020,arxiv_id,REC-01112
DE-05221,ARX:FORMAL-ARXIV-V12-Q-D3:2607.27834v1,GS:GS-C3-02-049,arxiv_id,REC-02001
DE-05222,ARX:FORMAL-ARXIV-V12-Q-D3:2607.27773v2,GS:GS-A2W-02-047,arxiv_id,REC-00773
DE-05223,ARX:FORMAL-ARXIV-V12-Q-D3:2607.26041v2,GS:GS-B2-03-077,arxiv_id,REC-01228
DE-05224,ARX:FORMAL-ARXIV-V12-Q-D3:2607.25886v1,ARX:FORMAL-ARXIV-V12-Q-D1:2607.25886v1,arxiv_id,REC-06741
DE-05225,ARX:FORMAL-ARXIV-V12-Q-D3:2607.25398v3,ARX:FORMAL-ARXIV-V12-Q-B4:2607.25398v3,arxiv_id,REC-04122
DE-05226,ARX:FORMAL-ARXIV-V12-Q-D3:2607.25379v2,ARX:FORMAL-ARXIV-V12-Q-D1:2607.25379v2,arxiv_id,REC-06745
DE-05227,ARX:FORMAL-ARXIV-V12-Q-D3:2607.25152v1,ARX:FORMAL-ARXIV-V12-Q-D1:2607.25152v1,arxiv_id,REC-06747
DE-05228,ARX:FORMAL-ARXIV-V12-Q-D3:2607.25145v1,ARX:FORMAL-ARXIV-V12-Q-D2:2607.25145v1,arxiv_id,REC-07969
DE-05229,ARX:FORMAL-ARXIV-V12-Q-D3:2607.25140v1,ARX:FORMAL-ARXIV-V12-Q-C2:2607.25140v1,arxiv_id,REC-04944
DE-05230,ARX:FORMAL-ARXIV-V12-Q-D3:2607.24339v1,ARX:FORMAL-ARXIV-V12-Q-D1:2607.24339v1,arxiv_id,REC-06749
DE-05231,ARX:FORMAL-ARXIV-V12-Q-D3:2607.24006v1,ARX:FORMAL-ARXIV-V12-Q-B1:2607.24006v1,arxiv_id,REC-03440
DE-05232,ARX:FORMAL-ARXIV-V12-Q-D3:2607.23999v3,ARX:FORMAL-ARXIV-V12-Q-C3:2607.23999v3,arxiv_id,REC-05772
DE-05233,ARX:FORMAL-ARXIV-V12-Q-D3:2607.23444v1,GS:GS-C1-03-029,arxiv_id,REC-01679
DE-05234,ARX:FORMAL-ARXIV-V12-Q-D3:2607.23124v1,ARX:FORMAL-ARXIV-V12-Q-B3:2607.23124v1,arxiv_id,REC-03829
DE-05235,ARX:FORMAL-ARXIV-V12-Q-D3:2607.23123v1,ARX:FORMAL-ARXIV-V12-Q-D1:2607.23123v1,arxiv_id,REC-06755
DE-05236,ARX:FORMAL-ARXIV-V12-Q-D3:2607.22917v2,ARX:FORMAL-ARXIV-V12-Q-D2:2607.22917v2,arxiv_id,REC-07973
DE-05237,ARX:FORMAL-ARXIV-V12-Q-D3:2607.22400v1,ARX:FORMAL-ARXIV-V12-Q-D2:2607.22400v1,arxiv_id,REC-07976
DE-05238,ARX:FORMAL-ARXIV-V12-Q-D3:2607.21912v1,ARX:FORMAL-ARXIV-V12-Q-C2:2607.21912v1,arxiv_id,REC-04949
DE-05239,ARX:FORMAL-ARXIV-V12-Q-D3:2607.21557v3,GS:GS-D1-02-099,arxiv_id,REC-02083
DE-05240,ARX:FORMAL-ARXIV-V12-Q-D3:2607.21533v1,ARX:FORMAL-ARXIV-V12-Q-D1:2607.21533v1,arxiv_id,REC-06762
DE-05241,ARX:FORMAL-ARXIV-V12-Q-D3:2607.21325v2,ARX:FORMAL-ARXIV-V12-Q-C3:2607.21325v2,arxiv_id,REC-05787
DE-05242,ARX:FORMAL-ARXIV-V12-Q-D3:2607.21273v2,ARX:FORMAL-ARXIV-V12-Q-D2:2607.21273v2,arxiv_id,REC-07978
DE-05243,ARX:FORMAL-ARXIV-V12-Q-D3:2607.19967v1,ARX:FORMAL-ARXIV-V12-Q-D2:2607.19967v1,arxiv_id,REC-07983
DE-05244,ARX:FORMAL-ARXIV-V12-Q-D3:2607.21642v2,ARX:FORMAL-ARXIV-V12-Q-D1:2607.21642v2,arxiv_id,REC-06770
DE-05245,ARX:FORMAL-ARXIV-V12-Q-D3:2607.19297v1,ARX:FORMAL-ARXIV-V12-Q-D1:2607.19297v1,arxiv_id,REC-06771
DE-05246,ARX:FORMAL-ARXIV-V12-Q-D3:2607.18754v1,ARX:FORMAL-ARXIV-V12-Q-D2:2607.18754v1,arxiv_id,REC-07987
DE-05247,ARX:FORMAL-ARXIV-V12-Q-D3:2607.18665v1,ARX:FORMAL-ARXIV-V12-Q-D1:2607.18665v1,arxiv_id,REC-06777
DE-05248,ARX:FORMAL-ARXIV-V12-Q-D3:2607.18039v1,ARX:FORMAL-ARXIV-V12-Q-D1:2607.18039v1,arxiv_id,REC-06778
DE-05249,ARX:FORMAL-ARXIV-V12-Q-D3:2607.17986v1,GS:GS-A1-04-015,arxiv_id,REC-00251
DE-05250,ARX:FORMAL-ARXIV-V12-Q-D3:2607.17883v1,ARX:FORMAL-ARXIV-V12-Q-D1:2607.17883v1,arxiv_id,REC-06780
DE-05251,ARX:FORMAL-ARXIV-V12-Q-D3:2607.17641v1,ARX:FORMAL-ARXIV-V12-Q-D1:2607.17641v1,arxiv_id,REC-06781
DE-05252,ARX:FORMAL-ARXIV-V12-Q-D3:2607.17050v1,ARX:FORMAL-ARXIV-V12-Q-A1:2607.17050v1,arxiv_id,REC-02657
DE-05253,ARX:FORMAL-ARXIV-V12-Q-D3:2607.16848v1,ARX:FORMAL-ARXIV-V12-Q-D1:2607.16848v1,arxiv_id,REC-06784
DE-05254,ARX:FORMAL-ARXIV-V12-Q-D3:2607.18316v1,ARX:FORMAL-ARXIV-V12-Q-D1:2607.18316v1,arxiv_id,REC-06786
DE-05255,ARX:FORMAL-ARXIV-V12-Q-D3:2607.16448v1,ARX:FORMAL-ARXIV-V12-Q-D2:2607.16448v1,arxiv_id,REC-07990
DE-05256,ARX:FORMAL-ARXIV-V12-Q-D3:2607.15660v1,ARX:FORMAL-ARXIV-V12-Q-B3:2607.15660v1,arxiv_id,REC-03832
DE-05257,ARX:FORMAL-ARXIV-V12-Q-D3:2607.15079v2,ARX:FORMAL-ARXIV-V12-Q-D1:2607.15079v2,arxiv_id,REC-06790
DE-05258,ARX:FORMAL-ARXIV-V12-Q-D3:2607.14989v1,ARX:FORMAL-ARXIV-V12-Q-D2:2607.14989v1,arxiv_id,REC-07993
DE-05259,ARX:FORMAL-ARXIV-V12-Q-D3:2607.14896v2,ARX:FORMAL-ARXIV-V12-Q-D1:2607.14896v2,arxiv_id,REC-06791
DE-05260,ARX:FORMAL-ARXIV-V12-Q-D3:2607.14890v1,ARX:FORMAL-ARXIV-V12-Q-D1:2607.14890v1,arxiv_id,REC-06792
DE-05261,ARX:FORMAL-ARXIV-V12-Q-D3:2607.14798v1,ARX:FORMAL-ARXIV-V12-Q-B4:2607.14798v1,arxiv_id,REC-04128
DE-05262,ARX:FORMAL-ARXIV-V12-Q-D3:2607.14754v1,GS:GS-B4-03-056,arxiv_id,REC-01500
DE-05263,ARX:FORMAL-ARXIV-V12-Q-D3:2607.14570v1,ARX:FORMAL-ARXIV-V12-Q-B3:2607.14570v1,arxiv_id,REC-03834
DE-05264,ARX:FORMAL-ARXIV-V12-Q-D3:2607.14444v1,ARX:FORMAL-ARXIV-V12-Q-C3:2607.14444v1,arxiv_id,REC-05817
DE-05265,ARX:FORMAL-ARXIV-V12-Q-D3:2607.13594v1,ARX:FORMAL-ARXIV-V12-Q-D2:2607.13594v1,arxiv_id,REC-07999
DE-05266,ARX:FORMAL-ARXIV-V12-Q-D3:2607.13465v1,GS:GS-A2S-01-013,arxiv_id,REC-00509
DE-05267,ARX:FORMAL-ARXIV-V12-Q-D3:2607.13411v1,ARX:FORMAL-ARXIV-V12-Q-D1:2607.13411v1,arxiv_id,REC-06802
DE-05268,ARX:FORMAL-ARXIV-V12-Q-D3:2607.13157v1,GS:GS-C1-03-075,arxiv_id,REC-01701
DE-05269,ARX:FORMAL-ARXIV-V12-Q-D3:2607.13027v1,ARX:FORMAL-ARXIV-V12-Q-A2W:2607.13027v1,arxiv_id,REC-03329
DE-05270,ARX:FORMAL-ARXIV-V12-Q-D3:2607.12640v1,ARX:FORMAL-ARXIV-V12-Q-A1:2607.12640v1,arxiv_id,REC-02662
DE-05271,ARX:FORMAL-ARXIV-V12-Q-D3:2607.12122v1,ARX:FORMAL-ARXIV-V12-Q-D1:2607.12122v1,arxiv_id,REC-06810
DE-05272,ARX:FORMAL-ARXIV-V12-Q-D3:2607.13083v1,ARX:FORMAL-ARXIV-V12-Q-D2:2607.13083v1,arxiv_id,REC-08001
DE-05273,ARX:FORMAL-ARXIV-V12-Q-D3:2607.11149v3,ARX:FORMAL-ARXIV-V12-Q-D1:2607.11149v3,arxiv_id,REC-06816
DE-05274,ARX:FORMAL-ARXIV-V12-Q-D3:2607.11119v1,GS:GS-D3-01-047,arxiv_id,REC-02195
DE-05275,ARX:FORMAL-ARXIV-V12-Q-D3:2607.10878v1,ARX:FORMAL-ARXIV-V12-Q-C3:2607.10878v1,arxiv_id,REC-05831
DE-05276,ARX:FORMAL-ARXIV-V12-Q-D3:2607.10736v1,ARX:FORMAL-ARXIV-V12-Q-D1:2607.10736v1,arxiv_id,REC-06819
DE-05277,ARX:FORMAL-ARXIV-V12-Q-D3:2607.10608v1,ARX:FORMAL-ARXIV-V12-Q-C2:2607.10608v1,arxiv_id,REC-04968
DE-05278,ARX:FORMAL-ARXIV-V12-Q-D3:2607.10490v1,GS:GS-B1-02-027,arxiv_id,REC-01032
DE-05279,ARX:FORMAL-ARXIV-V12-Q-D3:2607.10455v1,ARX:FORMAL-ARXIV-V12-Q-D1:2607.10455v1,arxiv_id,REC-06823
DE-05280,ARX:FORMAL-ARXIV-V12-Q-D3:2607.10113v1,ARX:FORMAL-ARXIV-V12-Q-D1:2607.10113v1,arxiv_id,REC-06826
DE-05281,ARX:FORMAL-ARXIV-V12-Q-D3:2607.19409v1,ARX:FORMAL-ARXIV-V12-Q-D1:2607.19409v1,arxiv_id,REC-06827
DE-05282,ARX:FORMAL-ARXIV-V12-Q-D3:2607.10059v1,ARX:FORMAL-ARXIV-V12-Q-D2:2607.10059v1,arxiv_id,REC-08004
DE-05283,ARX:FORMAL-ARXIV-V12-Q-D3:2607.09474v1,ARX:FORMAL-ARXIV-V12-Q-C3:2607.09474v1,arxiv_id,REC-05836
DE-05284,ARX:FORMAL-ARXIV-V12-Q-D3:2607.09016v1,ARX:FORMAL-ARXIV-V12-Q-D1:2607.09016v1,arxiv_id,REC-06831
DE-05285,ARX:FORMAL-ARXIV-V12-Q-D3:2607.08652v1,ARX:FORMAL-ARXIV-V12-Q-D1:2607.08652v1,arxiv_id,REC-06833
DE-05286,ARX:FORMAL-ARXIV-V12-Q-D3:2607.08395v1,ARX:FORMAL-ARXIV-V12-Q-C1:2607.08395v1,arxiv_id,REC-04310
DE-05287,ARX:FORMAL-ARXIV-V12-Q-D3:2607.07820v2,ARX:FORMAL-ARXIV-V12-Q-A1:2607.07820v2,arxiv_id,REC-02667
DE-05288,ARX:FORMAL-ARXIV-V12-Q-D3:2607.09773v1,GS:GS-D3-01-059,arxiv_id,REC-02198
DE-05289,ARX:FORMAL-ARXIV-V12-Q-D3:2607.06273v1,GS:GS-D3-02-009,arxiv_id,REC-02213
DE-05290,ARX:FORMAL-ARXIV-V12-Q-D3:2607.05835v2,ARX:FORMAL-ARXIV-V12-Q-C3:2607.05835v2,arxiv_id,REC-05846
DE-05291,ARX:FORMAL-ARXIV-V12-Q-D3:2607.05743v1,ARX:FORMAL-ARXIV-V12-Q-B4:2607.05743v1,arxiv_id,REC-04132
DE-05292,ARX:FORMAL-ARXIV-V12-Q-D3:2607.05682v2,ARX:FORMAL-ARXIV-V12-Q-D1:2607.05682v2,arxiv_id,REC-06848
DE-05293,ARX:FORMAL-ARXIV-V12-Q-D3:2607.05277v1,GS:GS-B1-01-077,arxiv_id,REC-00990
DE-05294,ARX:FORMAL-ARXIV-V12-Q-D3:2607.04729v1,ARX:FORMAL-ARXIV-V12-Q-D2:2607.04729v1,arxiv_id,REC-08014
DE-05295,ARX:FORMAL-ARXIV-V12-Q-D3:2607.04697v2,ARX:FORMAL-ARXIV-V12-Q-C3:2607.04697v2,arxiv_id,REC-05850
DE-05296,ARX:FORMAL-ARXIV-V12-Q-D3:2607.04558v1,ARX:FORMAL-ARXIV-V12-Q-D1:2607.04558v1,arxiv_id,REC-06853
DE-05297,ARX:FORMAL-ARXIV-V12-Q-D3:2607.04528v1,ARX:FORMAL-ARXIV-V12-Q-D1:2607.04528v1,arxiv_id,REC-06855
DE-05298,ARX:FORMAL-ARXIV-V12-Q-D3:2607.04425v2,ARX:FORMAL-ARXIV-V12-Q-A1:2607.04425v2,arxiv_id,REC-02669
DE-05299,ARX:FORMAL-ARXIV-V12-Q-D3:2607.04334v2,GS:GS-B2-01-100,arxiv_id,REC-01186
DE-05300,ARX:FORMAL-ARXIV-V12-Q-D3:2608.12359v1,ARX:FORMAL-ARXIV-V12-Q-D1:2608.12359v1,arxiv_id,REC-06858
DE-05301,ARX:FORMAL-ARXIV-V12-Q-D3:2607.03601v1,ARX:FORMAL-ARXIV-V12-Q-D1:2607.03601v1,arxiv_id,REC-06860
DE-05302,ARX:FORMAL-ARXIV-V12-Q-D3:2607.03516v1,ARX:FORMAL-ARXIV-V12-Q-C1:2607.03516v1,arxiv_id,REC-04318
DE-05303,ARX:FORMAL-ARXIV-V12-Q-D3:2607.03510v1,ARX:FORMAL-ARXIV-V12-Q-C3:2607.03510v1,arxiv_id,REC-05858
DE-05304,ARX:FORMAL-ARXIV-V12-Q-D3:2607.03220v1,ARX:FORMAL-ARXIV-V12-Q-D1:2607.03220v1,arxiv_id,REC-06862
DE-05305,ARX:FORMAL-ARXIV-V12-Q-D3:2607.02116v2,ARX:FORMAL-ARXIV-V12-Q-B4:2607.02116v2,arxiv_id,REC-04134
DE-05306,ARX:FORMAL-ARXIV-V12-Q-D3:2607.01916v4,ARX:FORMAL-ARXIV-V12-Q-C1:2607.01916v4,arxiv_id,REC-04320
DE-05307,ARX:FORMAL-ARXIV-V12-Q-D3:2607.01456v2,ARX:FORMAL-ARXIV-V12-Q-C3:2607.01456v2,arxiv_id,REC-05864
DE-05308,ARX:FORMAL-ARXIV-V12-Q-D3:2607.01421v1,ARX:FORMAL-ARXIV-V12-Q-D1:2607.01421v1,arxiv_id,REC-06874
DE-05309,ARX:FORMAL-ARXIV-V12-Q-D3:2607.01213v1,GS:GS-D3-02-071,arxiv_id,REC-02244
DE-05310,ARX:FORMAL-ARXIV-V12-Q-D3:2607.00692v1,GS:GS-A2S-01-018,arxiv_id,REC-00512
DE-05311,ARX:FORMAL-ARXIV-V12-Q-D3:2607.00334v1,ARX:FORMAL-ARXIV-V12-Q-C3:2607.00334v1,arxiv_id,REC-05870
DE-05312,ARX:FORMAL-ARXIV-V12-Q-D3:2606.31935v1,ARX:FORMAL-ARXIV-V12-Q-C3:2606.31935v1,arxiv_id,REC-05872
DE-05313,ARX:FORMAL-ARXIV-V12-Q-D3:2606.31639v1,ARX:FORMAL-ARXIV-V12-Q-C3:2606.31639v1,arxiv_id,REC-05873
DE-05314,ARX:FORMAL-ARXIV-V12-Q-D3:2606.31410v2,ARX:FORMAL-ARXIV-V12-Q-A1:2606.31410v2,arxiv_id,REC-02676
DE-05315,ARX:FORMAL-ARXIV-V12-Q-D3:2606.30970v2,ARX:FORMAL-ARXIV-V12-Q-C3:2606.30970v2,arxiv_id,REC-05879
DE-05316,ARX:FORMAL-ARXIV-V12-Q-D3:2606.30877v1,ARX:FORMAL-ARXIV-V12-Q-D1:2606.30877v1,arxiv_id,REC-06886
DE-05317,ARX:FORMAL-ARXIV-V12-Q-D3:2606.30566v2,GS:GS-C1-01-024,arxiv_id,REC-01575
DE-05318,ARX:FORMAL-ARXIV-V12-Q-D3:2606.30543v2,ARX:FORMAL-ARXIV-V12-Q-D2:2606.30543v2,arxiv_id,REC-08030
DE-05319,ARX:FORMAL-ARXIV-V12-Q-D3:2608.00017v1,ARX:FORMAL-ARXIV-V12-Q-D1:2608.00017v1,arxiv_id,REC-06890
DE-05320,ARX:FORMAL-ARXIV-V12-Q-D3:2606.29788v1,ARX:FORMAL-ARXIV-V12-Q-C1:2606.29788v1,arxiv_id,REC-04325
DE-05321,ARX:FORMAL-ARXIV-V12-Q-D3:2606.29279v1,ARX:FORMAL-ARXIV-V12-Q-D1:2606.29279v1,arxiv_id,REC-06895
DE-05322,ARX:FORMAL-ARXIV-V12-Q-D3:2606.28679v1,GS:GS-C3-01-006,arxiv_id,REC-01912
DE-05323,ARX:FORMAL-ARXIV-V12-Q-D3:2606.28061v1,GS:GS-D2-02-078,arxiv_id,REC-02132
DE-05324,ARX:FORMAL-ARXIV-V12-Q-D3:2606.28011v1,ARX:FORMAL-ARXIV-V12-Q-D2:2606.28011v1,arxiv_id,REC-08036
DE-05325,ARX:FORMAL-ARXIV-V12-Q-D3:2606.27472v1,ARX:FORMAL-ARXIV-V12-Q-D1:2606.27472v1,arxiv_id,REC-06900
DE-05326,ARX:FORMAL-ARXIV-V12-Q-D3:2606.26614v2,GS:GS-A2W-02-062,arxiv_id,REC-00785
DE-05327,ARX:FORMAL-ARXIV-V12-Q-D3:2606.26403v1,ARX:FORMAL-ARXIV-V12-Q-D1:2606.26403v1,arxiv_id,REC-06904
DE-05328,ARX:FORMAL-ARXIV-V12-Q-D3:2606.25705v1,GS:GS-A1-03-037,arxiv_id,REC-00190
DE-05329,ARX:FORMAL-ARXIV-V12-Q-D3:2606.25139v1,ARX:FORMAL-ARXIV-V12-Q-D1:2606.25139v1,arxiv_id,REC-06909
DE-05330,ARX:FORMAL-ARXIV-V12-Q-D3:2606.24820v1,ARX:FORMAL-ARXIV-V12-Q-D1:2606.24820v1,arxiv_id,REC-06910
DE-05331,ARX:FORMAL-ARXIV-V12-Q-D3:2606.24595v1,ARX:FORMAL-ARXIV-V12-Q-D1:2606.24595v1,arxiv_id,REC-06913
DE-05332,ARX:FORMAL-ARXIV-V12-Q-D3:2606.23991v1,ARX:FORMAL-ARXIV-V12-Q-D1:2606.23991v1,arxiv_id,REC-06915
DE-05333,ARX:FORMAL-ARXIV-V12-Q-D3:2606.23521v1,ARX:FORMAL-ARXIV-V12-Q-D2:2606.23521v1,arxiv_id,REC-08045
DE-05334,ARX:FORMAL-ARXIV-V12-Q-D3:2606.22948v1,ARX:FORMAL-ARXIV-V12-Q-A1:2606.22948v1,arxiv_id,REC-02684
DE-05335,ARX:FORMAL-ARXIV-V12-Q-D3:2606.22557v1,GS:GS-A1-01-084,arxiv_id,REC-00080
DE-05336,ARX:FORMAL-ARXIV-V12-Q-D3:2606.22528v2,GS:GS-D2-03-078,arxiv_id,REC-02181
DE-05337,ARX:FORMAL-ARXIV-V12-Q-D3:2606.22484v2,ARX:FORMAL-ARXIV-V12-Q-D1:2606.22484v2,arxiv_id,REC-06925
DE-05338,ARX:FORMAL-ARXIV-V12-Q-D3:2606.22388v1,GS:GS-B3-02-057,arxiv_id,REC-01277
DE-05339,ARX:FORMAL-ARXIV-V12-Q-D3:2606.22030v2,ARX:FORMAL-ARXIV-V12-Q-C1:2606.22030v2,arxiv_id,REC-04337
DE-05340,ARX:FORMAL-ARXIV-V12-Q-D3:2606.21654v1,ARX:FORMAL-ARXIV-V12-Q-A1:2606.21654v1,arxiv_id,REC-02685
DE-05341,ARX:FORMAL-ARXIV-V12-Q-D3:2607.26064v1,ARX:FORMAL-ARXIV-V12-Q-D1:2607.26064v1,arxiv_id,REC-06931
DE-05342,ARX:FORMAL-ARXIV-V12-Q-D3:2606.20520v2,ARX:FORMAL-ARXIV-V12-Q-C3:2606.20520v2,arxiv_id,REC-05917
DE-05343,ARX:FORMAL-ARXIV-V12-Q-D3:2606.19245v2,ARX:FORMAL-ARXIV-V12-Q-D1:2606.19245v2,arxiv_id,REC-06937
DE-05344,ARX:FORMAL-ARXIV-V12-Q-D3:2606.18829v1,ARX:FORMAL-ARXIV-V12-Q-C1:2606.18829v1,arxiv_id,REC-04345
DE-05345,ARX:FORMAL-ARXIV-V12-Q-D3:2606.18795v2,ARX:FORMAL-ARXIV-V12-Q-D2:2606.18795v2,arxiv_id,REC-08058
DE-05346,ARX:FORMAL-ARXIV-V12-Q-D3:2606.18671v1,ARX:FORMAL-ARXIV-V12-Q-A1:2606.18671v1,arxiv_id,REC-02689
DE-05347,ARX:FORMAL-ARXIV-V12-Q-D3:2606.18550v1,ARX:FORMAL-ARXIV-V12-Q-B1:2606.18550v1,arxiv_id,REC-03473
DE-05348,ARX:FORMAL-ARXIV-V12-Q-D3:2606.20724v2,ARX:FORMAL-ARXIV-V12-Q-A1:2606.20724v2,arxiv_id,REC-02690
DE-05349,ARX:FORMAL-ARXIV-V12-Q-D3:2607.20498v1,ARX:FORMAL-ARXIV-V12-Q-D1:2607.20498v1,arxiv_id,REC-06948
DE-05350,ARX:FORMAL-ARXIV-V12-Q-D3:2606.17573v1,ARX:FORMAL-ARXIV-V12-Q-C3:2606.17573v1,arxiv_id,REC-05926
DE-05351,ARX:FORMAL-ARXIV-V12-Q-D3:2606.17453v2,ARX:FORMAL-ARXIV-V12-Q-D2:2606.17453v2,arxiv_id,REC-08061
DE-05352,ARX:FORMAL-ARXIV-V12-Q-D3:2606.16659v1,GS:GS-A1-05-091,arxiv_id,REC-00414
DE-05353,ARX:FORMAL-ARXIV-V12-Q-D3:2606.15549v2,ARX:FORMAL-ARXIV-V12-Q-D2:2606.15549v2,arxiv_id,REC-08067
DE-05354,ARX:FORMAL-ARXIV-V12-Q-D3:2606.15485v2,ARX:FORMAL-ARXIV-V12-Q-D2:2606.15485v2,arxiv_id,REC-08068
DE-05355,ARX:FORMAL-ARXIV-V12-Q-D3:2606.15242v1,ARX:FORMAL-ARXIV-V12-Q-B3:2606.15242v1,arxiv_id,REC-03861
DE-05356,ARX:FORMAL-ARXIV-V12-Q-D3:2606.15034v1,ARX:FORMAL-ARXIV-V12-Q-A1:2606.15034v1,arxiv_id,REC-02694
DE-05357,ARX:FORMAL-ARXIV-V12-Q-D3:2606.14923v1,ARX:FORMAL-ARXIV-V12-Q-D1:2606.14923v1,arxiv_id,REC-06965
DE-05358,ARX:FORMAL-ARXIV-V12-Q-D3:2606.14594v1,ARX:FORMAL-ARXIV-V12-Q-D1:2606.14594v1,arxiv_id,REC-06966
DE-05359,ARX:FORMAL-ARXIV-V12-Q-D3:2606.14574v2,ARX:FORMAL-ARXIV-V12-Q-D2:2606.14574v2,arxiv_id,REC-08071
DE-05360,ARX:FORMAL-ARXIV-V12-Q-D3:2606.14831v1,ARX:FORMAL-ARXIV-V12-Q-D1:2606.14831v1,arxiv_id,REC-06968
DE-05361,ARX:FORMAL-ARXIV-V12-Q-D3:2606.14219v1,ARX:FORMAL-ARXIV-V12-Q-D1:2606.14219v1,arxiv_id,REC-06972
DE-05362,ARX:FORMAL-ARXIV-V12-Q-D3:2606.14106v1,GS:GS-A3-02-033,arxiv_id,REC-00911
DE-05363,ARX:FORMAL-ARXIV-V12-Q-D3:2606.13602v1,ARX:FORMAL-ARXIV-V12-Q-D1:2606.13602v1,arxiv_id,REC-06974
DE-05364,ARX:FORMAL-ARXIV-V12-Q-D3:2606.13239v2,ARX:FORMAL-ARXIV-V12-Q-A1:2606.13239v2,arxiv_id,REC-02697
DE-05365,ARX:FORMAL-ARXIV-V12-Q-D3:2606.12797v1,GS:GS-C1-02-088,arxiv_id,REC-01658
DE-05366,ARX:FORMAL-ARXIV-V12-Q-D3:2606.11897v1,ARX:FORMAL-ARXIV-V12-Q-C3:2606.11897v1,arxiv_id,REC-05953
DE-05367,ARX:FORMAL-ARXIV-V12-Q-D3:2606.12485v1,ARX:FORMAL-ARXIV-V12-Q-A1:2606.12485v1,arxiv_id,REC-02700
DE-05368,ARX:FORMAL-ARXIV-V12-Q-D3:2606.11688v1,ARX:FORMAL-ARXIV-V12-Q-D1:2606.11688v1,arxiv_id,REC-06983
DE-05369,ARX:FORMAL-ARXIV-V12-Q-D3:2606.11520v4,GS:GS-A1-04-028,arxiv_id,REC-00261
DE-05370,ARX:FORMAL-ARXIV-V12-Q-D3:2606.10322v2,GS:GS-D3-02-031,arxiv_id,REC-02222
DE-05371,ARX:FORMAL-ARXIV-V12-Q-D3:2606.09550v1,ARX:FORMAL-ARXIV-V12-Q-D2:2606.09550v1,arxiv_id,REC-08086
DE-05372,ARX:FORMAL-ARXIV-V12-Q-D3:2606.09421v3,ARX:FORMAL-ARXIV-V12-Q-D1:2606.09421v3,arxiv_id,REC-06989
DE-05373,ARX:FORMAL-ARXIV-V12-Q-D3:2606.09399v1,GS:GS-A1-05-015,arxiv_id,REC-00342
DE-05374,ARX:FORMAL-ARXIV-V12-Q-D3:2606.09122v1,ARX:FORMAL-ARXIV-V12-Q-C2:2606.09122v1,arxiv_id,REC-05014
DE-05375,ARX:FORMAL-ARXIV-V12-Q-D3:2606.09084v1,ARX:FORMAL-ARXIV-V12-Q-C1:2606.09084v1,arxiv_id,REC-04360
DE-05376,ARX:FORMAL-ARXIV-V12-Q-D3:2606.08919v1,GS:GS-D3-03-014,arxiv_id,REC-02266
DE-05377,ARX:FORMAL-ARXIV-V12-Q-D3:2606.08093v1,ARX:FORMAL-ARXIV-V12-Q-C3:2606.08093v1,arxiv_id,REC-05968
DE-05378,ARX:FORMAL-ARXIV-V12-Q-D3:2606.07846v1,GS:GS-D3-02-063,arxiv_id,REC-02239
DE-05379,ARX:FORMAL-ARXIV-V12-Q-D3:2606.07150v3,ARX:FORMAL-ARXIV-V12-Q-C2:2606.07150v3,arxiv_id,REC-05022
DE-05380,ARX:FORMAL-ARXIV-V12-Q-D3:2606.07119v1,ARX:FORMAL-ARXIV-V12-Q-C3:2606.07119v1,arxiv_id,REC-05970
DE-05381,ARX:FORMAL-ARXIV-V12-Q-D3:2606.06136v1,ARX:FORMAL-ARXIV-V12-Q-C2:2606.06136v1,arxiv_id,REC-05025
DE-05382,ARX:FORMAL-ARXIV-V12-Q-D3:2606.05647v1,ARX:FORMAL-ARXIV-V12-Q-D2:2606.05647v1,arxiv_id,REC-08093
DE-05383,ARX:FORMAL-ARXIV-V12-Q-D3:2606.05342v2,ARX:FORMAL-ARXIV-V12-Q-A1:2606.05342v2,arxiv_id,REC-02711
DE-05384,ARX:FORMAL-ARXIV-V12-Q-D3:2606.05037v1,ARX:FORMAL-ARXIV-V12-Q-D1:2606.05037v1,arxiv_id,REC-07004
DE-05385,ARX:FORMAL-ARXIV-V12-Q-D3:2606.04990v4,GS:GS-D2-02-039,arxiv_id,REC-02112
DE-05386,ARX:FORMAL-ARXIV-V12-Q-D3:2606.05238v1,ARX:FORMAL-ARXIV-V12-Q-D1:2606.05238v1,arxiv_id,REC-07008
DE-05387,ARX:FORMAL-ARXIV-V12-Q-D3:2606.04321v1,ARX:FORMAL-ARXIV-V12-Q-C3:2606.04321v1,arxiv_id,REC-05980
DE-05388,ARX:FORMAL-ARXIV-V12-Q-D3:2606.04296v1,ARX:FORMAL-ARXIV-V12-Q-D1:2606.04296v1,arxiv_id,REC-07009
DE-05389,ARX:FORMAL-ARXIV-V12-Q-D3:2606.03951v1,ARX:FORMAL-ARXIV-V12-Q-A1:2606.03951v1,arxiv_id,REC-02714
DE-05390,ARX:FORMAL-ARXIV-V12-Q-D3:2606.03895v2,GS:GS-A1-04-040,arxiv_id,REC-00272
DE-05391,ARX:FORMAL-ARXIV-V12-Q-D3:2606.03777v1,ARX:FORMAL-ARXIV-V12-Q-B1:2606.03777v1,arxiv_id,REC-03492
DE-05392,ARX:FORMAL-ARXIV-V12-Q-D3:2606.03115v1,ARX:FORMAL-ARXIV-V12-Q-D1:2606.03115v1,arxiv_id,REC-07016
DE-05393,ARX:FORMAL-ARXIV-V12-Q-D3:2606.02965v2,ARX:FORMAL-ARXIV-V12-Q-C3:2606.02965v2,arxiv_id,REC-05992
DE-05394,ARX:FORMAL-ARXIV-V12-Q-D3:2606.02208v1,ARX:FORMAL-ARXIV-V12-Q-A1:2606.02208v1,arxiv_id,REC-02716
DE-05395,ARX:FORMAL-ARXIV-V12-Q-D3:2606.01912v1,ARX:FORMAL-ARXIV-V12-Q-D1:2606.01912v1,arxiv_id,REC-07023
DE-05396,ARX:FORMAL-ARXIV-V12-Q-D3:2606.01722v1,ARX:FORMAL-ARXIV-V12-Q-C1:2606.01722v1,arxiv_id,REC-04376
DE-05397,ARX:FORMAL-ARXIV-V12-Q-D3:2606.01663v1,ARX:FORMAL-ARXIV-V12-Q-C2:2606.01663v1,arxiv_id,REC-05037
DE-05398,ARX:FORMAL-ARXIV-V12-Q-D3:2606.01416v1,ARX:FORMAL-ARXIV-V12-Q-D1:2606.01416v1,arxiv_id,REC-07028
DE-05399,ARX:FORMAL-ARXIV-V12-Q-D3:2606.00825v1,ARX:FORMAL-ARXIV-V12-Q-D1:2606.00825v1,arxiv_id,REC-07031
DE-05400,ARX:FORMAL-ARXIV-V12-Q-D3:2606.00644v2,ARX:FORMAL-ARXIV-V12-Q-D1:2606.00644v2,arxiv_id,REC-07034
DE-05401,ARX:FORMAL-ARXIV-V12-Q-D3:2605.31365v1,ARX:FORMAL-ARXIV-V12-Q-A1:2605.31365v1,arxiv_id,REC-02720
DE-05402,ARX:FORMAL-ARXIV-V12-Q-D3:2605.30907v1,ARX:FORMAL-ARXIV-V12-Q-D1:2605.30907v1,arxiv_id,REC-07040
DE-05403,ARX:FORMAL-ARXIV-V12-Q-D3:2606.07594v1,ARX:FORMAL-ARXIV-V12-Q-D1:2606.07594v1,arxiv_id,REC-07043
DE-05404,ARX:FORMAL-ARXIV-V12-Q-D3:2605.30042v1,ARX:FORMAL-ARXIV-V12-Q-B3:2605.30042v1,arxiv_id,REC-03878
DE-05405,ARX:FORMAL-ARXIV-V12-Q-D3:2605.29615v1,ARX:FORMAL-ARXIV-V12-Q-A1:2605.29615v1,arxiv_id,REC-02722
DE-05406,ARX:FORMAL-ARXIV-V12-Q-D3:2605.29447v1,ARX:FORMAL-ARXIV-V12-Q-A1:2605.29447v1,arxiv_id,REC-02724
DE-05407,ARX:FORMAL-ARXIV-V12-Q-D3:2605.29224v1,ARX:FORMAL-ARXIV-V12-Q-D1:2605.29224v1,arxiv_id,REC-07053
DE-05408,ARX:FORMAL-ARXIV-V12-Q-D3:2605.28916v2,ARX:FORMAL-ARXIV-V12-Q-D1:2605.28916v2,arxiv_id,REC-07056
DE-05409,ARX:FORMAL-ARXIV-V12-Q-D3:2605.28646v2,GS:GS-B2-02-067,arxiv_id,REC-01207
DE-05410,ARX:FORMAL-ARXIV-V12-Q-D3:2605.28588v1,ARX:FORMAL-ARXIV-V12-Q-B3:2605.28588v1,arxiv_id,REC-03880
DE-05411,ARX:FORMAL-ARXIV-V12-Q-D3:2605.28065v1,ARX:FORMAL-ARXIV-V12-Q-D1:2605.28065v1,arxiv_id,REC-07059
DE-05412,ARX:FORMAL-ARXIV-V12-Q-D3:2605.28000v1,ARX:FORMAL-ARXIV-V12-Q-D1:2605.28000v1,arxiv_id,REC-07060
DE-05413,ARX:FORMAL-ARXIV-V12-Q-D3:2605.27955v1,ARX:FORMAL-ARXIV-V12-Q-D1:2605.27955v1,arxiv_id,REC-07061
DE-05414,ARX:FORMAL-ARXIV-V12-Q-D3:2605.27922v1,ARX:FORMAL-ARXIV-V12-Q-C3:2605.27922v1,arxiv_id,REC-06019
DE-05415,ARX:FORMAL-ARXIV-V12-Q-D3:2605.27628v2,ARX:FORMAL-ARXIV-V12-Q-D2:2605.27628v2,arxiv_id,REC-08116
DE-05416,ARX:FORMAL-ARXIV-V12-Q-D3:2605.27599v2,ARX:FORMAL-ARXIV-V12-Q-D1:2605.27599v2,arxiv_id,REC-07066
DE-05417,ARX:FORMAL-ARXIV-V12-Q-D3:2605.26870v1,GS:GS-C1-03-056,arxiv_id,REC-01691
DE-05418,ARX:FORMAL-ARXIV-V12-Q-D3:2605.26546v1,ARX:FORMAL-ARXIV-V12-Q-A1:2605.26546v1,arxiv_id,REC-02732
DE-05419,ARX:FORMAL-ARXIV-V12-Q-D3:2605.26448v1,ARX:FORMAL-ARXIV-V12-Q-D1:2605.26448v1,arxiv_id,REC-07070
DE-05420,ARX:FORMAL-ARXIV-V12-Q-D3:2605.26298v1,ARX:FORMAL-ARXIV-V12-Q-C3:2605.26298v1,arxiv_id,REC-06029
DE-05421,ARX:FORMAL-ARXIV-V12-Q-D3:2605.26079v2,ARX:FORMAL-ARXIV-V12-Q-C3:2605.26079v2,arxiv_id,REC-06031
DE-05422,ARX:FORMAL-ARXIV-V12-Q-D3:2605.26029v2,ARX:FORMAL-ARXIV-V12-Q-D2:2605.26029v2,arxiv_id,REC-08118
DE-05423,ARX:FORMAL-ARXIV-V12-Q-D3:2605.25624v2,GS:GS-A1-01-092,arxiv_id,REC-00087
DE-05424,ARX:FORMAL-ARXIV-V12-Q-D3:2605.26186v2,GS:GS-D3-02-039,arxiv_id,REC-02227
DE-05425,ARX:FORMAL-ARXIV-V12-Q-D3:2605.25233v1,ARX:FORMAL-ARXIV-V12-Q-C2:2605.25233v1,arxiv_id,REC-05064
DE-05426,ARX:FORMAL-ARXIV-V12-Q-D3:2605.24117v1,ARX:FORMAL-ARXIV-V12-Q-D1:2605.24117v1,arxiv_id,REC-07085
DE-05427,ARX:FORMAL-ARXIV-V12-Q-D3:2605.22794v2,ARX:FORMAL-ARXIV-V12-Q-D1:2605.22794v2,arxiv_id,REC-07094
DE-05428,ARX:FORMAL-ARXIV-V12-Q-D3:2605.22781v2,ARX:FORMAL-ARXIV-V12-Q-D2:2605.22781v2,arxiv_id,REC-08121
DE-05429,ARX:FORMAL-ARXIV-V12-Q-D3:2605.22219v1,ARX:FORMAL-ARXIV-V12-Q-D1:2605.22219v1,arxiv_id,REC-07097
DE-05430,ARX:FORMAL-ARXIV-V12-Q-D3:2605.21810v1,ARX:FORMAL-ARXIV-V12-Q-D1:2605.21810v1,arxiv_id,REC-07100
DE-05431,ARX:FORMAL-ARXIV-V12-Q-D3:2605.21404v1,GS:GS-A2W-01-100,arxiv_id,REC-00752
DE-05432,ARX:FORMAL-ARXIV-V12-Q-D3:2605.20874v1,ARX:FORMAL-ARXIV-V12-Q-D1:2605.20874v1,arxiv_id,REC-07102
DE-05433,ARX:FORMAL-ARXIV-V12-Q-D3:2605.20704v1,ARX:FORMAL-ARXIV-V12-Q-B1:2605.20704v1,arxiv_id,REC-03505
DE-05434,ARX:FORMAL-ARXIV-V12-Q-D3:2607.18265v1,ARX:FORMAL-ARXIV-V12-Q-D1:2607.18265v1,arxiv_id,REC-07104
DE-05435,ARX:FORMAL-ARXIV-V12-Q-D3:2605.19362v2,GS:GS-C3-01-081,arxiv_id,REC-01952
DE-05436,ARX:FORMAL-ARXIV-V12-Q-D3:2605.18747v1,GS:GS-A1-04-047,arxiv_id,REC-00278
DE-05437,ARX:FORMAL-ARXIV-V12-Q-D3:2605.18401v2,ARX:FORMAL-ARXIV-V12-Q-D1:2605.18401v2,arxiv_id,REC-07115
DE-05438,ARX:FORMAL-ARXIV-V12-Q-D3:2605.17439v2,GS:GS-A3-02-083,arxiv_id,REC-00933
DE-05439,ARX:FORMAL-ARXIV-V12-Q-D3:2605.17320v1,GS:GS-D1-01-086,arxiv_id,REC-02070
DE-05440,ARX:FORMAL-ARXIV-V12-Q-D3:2605.16909v1,ARX:FORMAL-ARXIV-V12-Q-D1:2605.16909v1,arxiv_id,REC-07126
DE-05441,ARX:FORMAL-ARXIV-V12-Q-D3:2605.16143v1,ARX:FORMAL-ARXIV-V12-Q-D1:2605.16143v1,arxiv_id,REC-07127
DE-05442,ARX:FORMAL-ARXIV-V12-Q-D3:2605.16116v1,GS:GS-A1-05-043,arxiv_id,REC-00368
DE-05443,ARX:FORMAL-ARXIV-V12-Q-D3:2605.15777v2,GS:GS-A1-02-076,arxiv_id,REC-00144
DE-05444,ARX:FORMAL-ARXIV-V12-Q-D3:2605.15377v2,ARX:FORMAL-ARXIV-V12-Q-D2:2605.15377v2,arxiv_id,REC-08145
DE-05445,ARX:FORMAL-ARXIV-V12-Q-D3:2605.14747v1,GS:GS-A1-03-073,arxiv_id,REC-00219
DE-05446,ARX:FORMAL-ARXIV-V12-Q-D3:2605.13940v1,ARX:FORMAL-ARXIV-V12-Q-B3:2605.13940v1,arxiv_id,REC-03897
DE-05447,ARX:FORMAL-ARXIV-V12-Q-D3:2605.13046v1,ARX:FORMAL-ARXIV-V12-Q-D2:2605.13046v1,arxiv_id,REC-08152
DE-05448,ARX:FORMAL-ARXIV-V12-Q-D3:2605.22842v1,GS:GS-C1-01-014,arxiv_id,REC-01566
DE-05449,ARX:FORMAL-ARXIV-V12-Q-D3:2605.12662v1,ARX:FORMAL-ARXIV-V12-Q-D2:2605.12662v1,arxiv_id,REC-08153
DE-05450,ARX:FORMAL-ARXIV-V12-Q-D3:2605.12493v1,ARX:FORMAL-ARXIV-V12-Q-A1:2605.12493v1,arxiv_id,REC-02752
DE-05451,ARX:FORMAL-ARXIV-V12-Q-D3:2605.12294v1,GS:GS-A1-03-066,arxiv_id,REC-00213
DE-05452,ARX:FORMAL-ARXIV-V12-Q-D3:2605.12105v1,ARX:FORMAL-ARXIV-V12-Q-C3:2605.12105v1,arxiv_id,REC-06081
DE-05453,ARX:FORMAL-ARXIV-V12-Q-D3:2605.11946v2,ARX:FORMAL-ARXIV-V12-Q-D1:2605.11946v2,arxiv_id,REC-07145
DE-05454,ARX:FORMAL-ARXIV-V12-Q-D3:2605.11487v1,ARX:FORMAL-ARXIV-V12-Q-C3:2605.11487v1,arxiv_id,REC-06088
DE-05455,ARX:FORMAL-ARXIV-V12-Q-D3:2605.10787v2,ARX:FORMAL-ARXIV-V12-Q-D2:2605.10787v2,arxiv_id,REC-08161
DE-05456,ARX:FORMAL-ARXIV-V12-Q-D3:2605.10779v1,GS:GS-D3-02-046,arxiv_id,REC-02230
DE-05457,ARX:FORMAL-ARXIV-V12-Q-D3:2605.10555v1,ARX:FORMAL-ARXIV-V12-Q-C3:2605.10555v1,arxiv_id,REC-06094
DE-05458,ARX:FORMAL-ARXIV-V12-Q-D3:2605.10365v1,GS:GS-A2S-03-042,arxiv_id,REC-00643
DE-05459,ARX:FORMAL-ARXIV-V12-Q-D3:2605.10325v2,ARX:FORMAL-ARXIV-V12-Q-D1:2605.10325v2,arxiv_id,REC-07153
DE-05460,ARX:FORMAL-ARXIV-V12-Q-D3:2605.10223v1,ARX:FORMAL-ARXIV-V12-Q-D1:2605.10223v1,arxiv_id,REC-07154
DE-05461,ARX:FORMAL-ARXIV-V12-Q-D3:2605.09934v1,ARX:FORMAL-ARXIV-V12-Q-D1:2605.09934v1,arxiv_id,REC-07156
DE-05462,ARX:FORMAL-ARXIV-V12-Q-D3:2605.09679v1,ARX:FORMAL-ARXIV-V12-Q-D2:2605.09679v1,arxiv_id,REC-08164
DE-05463,ARX:FORMAL-ARXIV-V12-Q-D3:2605.09675v1,ARX:FORMAL-ARXIV-V12-Q-D1:2605.09675v1,arxiv_id,REC-07163
DE-05464,ARX:FORMAL-ARXIV-V12-Q-D3:2605.09045v2,ARX:FORMAL-ARXIV-V12-Q-D1:2605.09045v2,arxiv_id,REC-07168
DE-05465,ARX:FORMAL-ARXIV-V12-Q-D3:2605.08761v1,ARX:FORMAL-ARXIV-V12-Q-C3:2605.08761v1,arxiv_id,REC-06102
DE-05466,ARX:FORMAL-ARXIV-V12-Q-D3:2605.08435v1,ARX:FORMAL-ARXIV-V12-Q-C3:2605.08435v1,arxiv_id,REC-06103
DE-05467,ARX:FORMAL-ARXIV-V12-Q-D3:2605.08060v1,ARX:FORMAL-ARXIV-V12-Q-D2:2605.08060v1,arxiv_id,REC-08169
DE-05468,ARX:FORMAL-ARXIV-V12-Q-D3:2605.07836v1,GS:GS-B4-04-056,arxiv_id,REC-01537
DE-05469,ARX:FORMAL-ARXIV-V12-Q-D3:2605.08310v1,ARX:FORMAL-ARXIV-V12-Q-A1:2605.08310v1,arxiv_id,REC-02757
DE-05470,ARX:FORMAL-ARXIV-V12-Q-D3:2607.00011v2,ARX:FORMAL-ARXIV-V12-Q-B3:2607.00011v2,arxiv_id,REC-03904
DE-05471,ARX:FORMAL-ARXIV-V12-Q-D3:2605.06584v1,ARX:FORMAL-ARXIV-V12-Q-D2:2605.06584v1,arxiv_id,REC-08179
DE-05472,ARX:FORMAL-ARXIV-V12-Q-D3:2605.06490v1,ARX:FORMAL-ARXIV-V12-Q-C3:2605.06490v1,arxiv_id,REC-06112
DE-05473,ARX:FORMAL-ARXIV-V12-Q-D3:2605.06737v1,ARX:FORMAL-ARXIV-V12-Q-D2:2605.06737v1,arxiv_id,REC-08182
DE-05474,ARX:FORMAL-ARXIV-V12-Q-D3:2605.06713v1,GS:GS-C3-03-096,arxiv_id,REC-02034
DE-05475,ARX:FORMAL-ARXIV-V12-Q-D3:2605.05440v1,GS:GS-C3-04-073,arxiv_id,REC-02051
DE-05476,ARX:FORMAL-ARXIV-V12-Q-D3:2605.03707v1,ARX:FORMAL-ARXIV-V12-Q-D2:2605.03707v1,arxiv_id,REC-08187
DE-05477,ARX:FORMAL-ARXIV-V12-Q-D3:2605.03409v2,ARX:FORMAL-ARXIV-V12-Q-D1:2605.03409v2,arxiv_id,REC-07193
DE-05478,ARX:FORMAL-ARXIV-V12-Q-D3:2605.05247v1,ARX:FORMAL-ARXIV-V12-Q-B4:2605.05247v1,arxiv_id,REC-04171
DE-05479,ARX:FORMAL-ARXIV-V12-Q-D3:2605.02697v1,ARX:FORMAL-ARXIV-V12-Q-D1:2605.02697v1,arxiv_id,REC-07196
DE-05480,ARX:FORMAL-ARXIV-V12-Q-D3:2605.02682v1,ARX:FORMAL-ARXIV-V12-Q-C3:2605.02682v1,arxiv_id,REC-06124
DE-05481,ARX:FORMAL-ARXIV-V12-Q-D3:2605.02411v4,ARX:FORMAL-ARXIV-V12-Q-B3:2605.02411v4,arxiv_id,REC-03908
DE-05482,ARX:FORMAL-ARXIV-V12-Q-D3:2605.02273v1,ARX:FORMAL-ARXIV-V12-Q-C3:2605.02273v1,arxiv_id,REC-06126
DE-05483,ARX:FORMAL-ARXIV-V12-Q-D3:2605.02240v1,ARX:FORMAL-ARXIV-V12-Q-D1:2605.02240v1,arxiv_id,REC-07198
DE-05484,ARX:FORMAL-ARXIV-V12-Q-D3:2605.16309v2,ARX:FORMAL-ARXIV-V12-Q-D1:2605.16309v2,arxiv_id,REC-07199
DE-05485,ARX:FORMAL-ARXIV-V12-Q-D3:2605.01209v1,ARX:FORMAL-ARXIV-V12-Q-D2:2605.01209v1,arxiv_id,REC-08197
DE-05486,ARX:FORMAL-ARXIV-V12-Q-D3:2605.00136v1,ARX:FORMAL-ARXIV-V12-Q-D2:2605.00136v1,arxiv_id,REC-08202
DE-05487,ARX:FORMAL-ARXIV-V12-Q-D3:2604.28139v2,ARX:FORMAL-ARXIV-V12-Q-D1:2604.28139v2,arxiv_id,REC-07211
DE-05488,ARX:FORMAL-ARXIV-V12-Q-D3:2604.28138v1,GS:GS-D3-02-033,arxiv_id,REC-02223
DE-05489,ARX:FORMAL-ARXIV-V12-Q-D3:2604.27776v1,ARX:FORMAL-ARXIV-V12-Q-A1:2604.27776v1,arxiv_id,REC-02771
DE-05490,ARX:FORMAL-ARXIV-V12-Q-D3:2605.00055v1,ARX:FORMAL-ARXIV-V12-Q-C3:2605.00055v1,arxiv_id,REC-06137
DE-05491,ARX:FORMAL-ARXIV-V12-Q-D3:2604.27151v1,GS:GS-A1-01-049,arxiv_id,REC-00047
DE-05492,ARX:FORMAL-ARXIV-V12-Q-D3:2605.04093v1,ARX:FORMAL-ARXIV-V12-Q-D1:2605.04093v1,arxiv_id,REC-07214
DE-05493,ARX:FORMAL-ARXIV-V12-Q-D3:2604.25684v1,ARX:FORMAL-ARXIV-V12-Q-C3:2604.25684v1,arxiv_id,REC-06142
DE-05494,ARX:FORMAL-ARXIV-V12-Q-D3:2604.24657v1,GS:GS-C1-01-074,arxiv_id,REC-01616
DE-05495,ARX:FORMAL-ARXIV-V12-Q-D3:2604.23781v2,ARX:FORMAL-ARXIV-V12-Q-D2:2604.23781v2,arxiv_id,REC-08209
DE-05496,ARX:FORMAL-ARXIV-V12-Q-D3:2604.23425v1,ARX:FORMAL-ARXIV-V12-Q-C3:2604.23425v1,arxiv_id,REC-06149
DE-05497,ARX:FORMAL-ARXIV-V12-Q-D3:2604.23283v1,GS:GS-D3-02-006,arxiv_id,REC-02211
DE-05498,ARX:FORMAL-ARXIV-V12-Q-D3:2605.23935v1,ARX:FORMAL-ARXIV-V12-Q-C3:2605.23935v1,arxiv_id,REC-06151
DE-05499,ARX:FORMAL-ARXIV-V12-Q-D3:2604.21375v2,ARX:FORMAL-ARXIV-V12-Q-A1:2604.21375v2,arxiv_id,REC-02779
DE-05500,ARX:FORMAL-ARXIV-V12-Q-D3:2604.20779v1,ARX:FORMAL-ARXIV-V12-Q-C3:2604.20779v1,arxiv_id,REC-06157
DE-05501,ARX:FORMAL-ARXIV-V12-Q-D3:2604.20911v1,ARX:FORMAL-ARXIV-V12-Q-D1:2604.20911v1,arxiv_id,REC-07238
DE-05502,ARX:FORMAL-ARXIV-V12-Q-D3:2604.20070v1,ARX:FORMAL-ARXIV-V12-Q-D1:2604.20070v1,arxiv_id,REC-07240
DE-05503,ARX:FORMAL-ARXIV-V12-Q-D3:2604.18847v2,GS:GS-B1-01-086,arxiv_id,REC-00995
DE-05504,ARX:FORMAL-ARXIV-V12-Q-D3:2604.18652v2,ARX:FORMAL-ARXIV-V12-Q-B3:2604.18652v2,arxiv_id,REC-03918
DE-05505,ARX:FORMAL-ARXIV-V12-Q-D3:2604.17562v1,GS:GS-C3-03-092,arxiv_id,REC-02032
DE-05506,ARX:FORMAL-ARXIV-V12-Q-D3:2604.17517v2,ARX:FORMAL-ARXIV-V12-Q-D2:2604.17517v2,arxiv_id,REC-08225
DE-05507,ARX:FORMAL-ARXIV-V12-Q-D3:2604.16548v2,GS:GS-C1-01-021,arxiv_id,REC-01572
DE-05508,ARX:FORMAL-ARXIV-V12-Q-D3:2604.15505v1,ARX:FORMAL-ARXIV-V12-Q-C3:2604.15505v1,arxiv_id,REC-06167
DE-05509,ARX:FORMAL-ARXIV-V12-Q-D3:2605.13860v1,ARX:FORMAL-ARXIV-V12-Q-C2:2605.13860v1,arxiv_id,REC-05146
DE-05510,ARX:FORMAL-ARXIV-V12-Q-D3:2604.14717v2,ARX:FORMAL-ARXIV-V12-Q-C3:2604.14717v2,arxiv_id,REC-06170
DE-05511,ARX:FORMAL-ARXIV-V12-Q-D3:2604.15384v2,GS:GS-D1-02-077,arxiv_id,REC-02079
DE-05512,ARX:FORMAL-ARXIV-V12-Q-D3:2604.13955v1,ARX:FORMAL-ARXIV-V12-Q-C3:2604.13955v1,arxiv_id,REC-06173
DE-05513,ARX:FORMAL-ARXIV-V12-Q-D3:2604.13630v2,GS:GS-D3-02-093,arxiv_id,REC-02256
DE-05514,ARX:FORMAL-ARXIV-V12-Q-D3:2604.13346v1,GS:GS-A2S-03-010,arxiv_id,REC-00612
DE-05515,ARX:FORMAL-ARXIV-V12-Q-D3:2604.13318v1,ARX:FORMAL-ARXIV-V12-Q-A1:2604.13318v1,arxiv_id,REC-02788
DE-05516,ARX:FORMAL-ARXIV-V12-Q-D3:2604.12986v1,ARX:FORMAL-ARXIV-V12-Q-B3:2604.12986v1,arxiv_id,REC-03922
DE-05517,ARX:FORMAL-ARXIV-V12-Q-D3:2604.11623v3,ARX:FORMAL-ARXIV-V12-Q-C3:2604.11623v3,arxiv_id,REC-06177
DE-05518,ARX:FORMAL-ARXIV-V12-Q-D3:2604.11378v1,GS:GS-D3-02-035,arxiv_id,REC-02224
DE-05519,ARX:FORMAL-ARXIV-V12-Q-D3:2604.11072v1,ARX:FORMAL-ARXIV-V12-Q-D2:2604.11072v1,arxiv_id,REC-08243
DE-05520,ARX:FORMAL-ARXIV-V12-Q-D3:2604.10988v1,GS:GS-A1-05-037,arxiv_id,REC-00362
DE-05521,ARX:FORMAL-ARXIV-V12-Q-D3:2604.11839v2,ARX:FORMAL-ARXIV-V12-Q-B3:2604.11839v2,arxiv_id,REC-03924
DE-05522,ARX:FORMAL-ARXIV-V12-Q-D3:2604.10547v2,GS:GS-A2W-01-049,arxiv_id,REC-00718
DE-05523,ARX:FORMAL-ARXIV-V12-Q-D3:2604.13102v1,ARX:FORMAL-ARXIV-V12-Q-D1:2604.13102v1,arxiv_id,REC-07277
DE-05524,ARX:FORMAL-ARXIV-V12-Q-D3:2604.08516v1,GS:GS-A1-06-003,arxiv_id,REC-00424
DE-05525,ARX:FORMAL-ARXIV-V12-Q-D3:2604.07778v2,ARX:FORMAL-ARXIV-V12-Q-D1:2604.07778v2,arxiv_id,REC-07282
DE-05526,ARX:FORMAL-ARXIV-V12-Q-D3:2604.07695v1,ARX:FORMAL-ARXIV-V12-Q-D1:2604.07695v1,arxiv_id,REC-07283
DE-05527,ARX:FORMAL-ARXIV-V12-Q-D3:2604.07429v1,GS:GS-A2S-02-026,arxiv_id,REC-00543
DE-05528,ARX:FORMAL-ARXIV-V12-Q-D3:2604.05485v2,ARX:FORMAL-ARXIV-V12-Q-D1:2604.05485v2,arxiv_id,REC-07297
DE-05529,ARX:FORMAL-ARXIV-V12-Q-D3:2604.05477v1,ARX:FORMAL-ARXIV-V12-Q-A1:2604.05477v1,arxiv_id,REC-02799
DE-05530,ARX:FORMAL-ARXIV-V12-Q-D3:2604.05440v1,GS:GS-D2-03-061,arxiv_id,REC-02174
DE-05531,ARX:FORMAL-ARXIV-V12-Q-D3:2604.05172v2,ARX:FORMAL-ARXIV-V12-Q-D2:2604.05172v2,arxiv_id,REC-08258
DE-05532,ARX:FORMAL-ARXIV-V12-Q-D3:2604.05157v3,GS:GS-A1-01-090,arxiv_id,REC-00086
DE-05533,ARX:FORMAL-ARXIV-V12-Q-D3:2604.04918v1,GS:GS-A1-01-025,arxiv_id,REC-00024
DE-05534,ARX:FORMAL-ARXIV-V12-Q-D3:2604.04660v1,ARX:FORMAL-ARXIV-V12-Q-C1:2604.04660v1,arxiv_id,REC-04462
DE-05535,ARX:FORMAL-ARXIV-V12-Q-D3:2604.04604v1,ARX:FORMAL-ARXIV-V12-Q-B3:2604.04604v1,arxiv_id,REC-03928
DE-05536,ARX:FORMAL-ARXIV-V12-Q-D3:2604.04527v1,ARX:FORMAL-ARXIV-V12-Q-D2:2604.04527v1,arxiv_id,REC-08260
DE-05537,ARX:FORMAL-ARXIV-V12-Q-D3:2604.04324v1,ARX:FORMAL-ARXIV-V12-Q-D1:2604.04324v1,arxiv_id,REC-07306
DE-05538,ARX:FORMAL-ARXIV-V12-Q-D3:2604.04265v1,ARX:FORMAL-ARXIV-V12-Q-C2:2604.04265v1,arxiv_id,REC-05172
DE-05539,ARX:FORMAL-ARXIV-V12-Q-D3:2606.28363v1,ARX:FORMAL-ARXIV-V12-Q-D2:2606.28363v1,arxiv_id,REC-08262
DE-05540,ARX:FORMAL-ARXIV-V12-Q-D3:2605.12521v1,ARX:FORMAL-ARXIV-V12-Q-D1:2605.12521v1,arxiv_id,REC-07313
DE-05541,ARX:FORMAL-ARXIV-V12-Q-D3:2604.03070v2,GS:GS-A2W-03-070,arxiv_id,REC-00866
DE-05542,ARX:FORMAL-ARXIV-V12-Q-D3:2604.02971v1,GS:GS-A2W-02-024,arxiv_id,REC-00759
DE-05543,ARX:FORMAL-ARXIV-V12-Q-D3:2604.02947v1,GS:GS-A1-01-043,arxiv_id,REC-00042
DE-05544,ARX:FORMAL-ARXIV-V12-Q-D3:2604.02767v1,GS:GS-C2-02-070,arxiv_id,REC-01845
DE-05545,ARX:FORMAL-ARXIV-V12-Q-D3:2604.02006v1,ARX:FORMAL-ARXIV-V12-Q-D2:2604.02006v1,arxiv_id,REC-08269
DE-05546,ARX:FORMAL-ARXIV-V12-Q-D3:2604.01687v3,ARX:FORMAL-ARXIV-V12-Q-C3:2604.01687v3,arxiv_id,REC-06210
DE-05547,ARX:FORMAL-ARXIV-V12-Q-D3:2604.01508v1,ARX:FORMAL-ARXIV-V12-Q-C3:2604.01508v1,arxiv_id,REC-06211
DE-05548,ARX:FORMAL-ARXIV-V12-Q-D3:2604.01346v2,ARX:FORMAL-ARXIV-V12-Q-D2:2604.01346v2,arxiv_id,REC-08271
DE-05549,ARX:FORMAL-ARXIV-V12-Q-D3:2604.01151v2,ARX:FORMAL-ARXIV-V12-Q-C2:2604.01151v2,arxiv_id,REC-05179
DE-05550,ARX:FORMAL-ARXIV-V12-Q-D3:2604.01039v4,ARX:FORMAL-ARXIV-V12-Q-D1:2604.01039v4,arxiv_id,REC-07319
DE-05551,ARX:FORMAL-ARXIV-V12-Q-D3:2606.15504v2,ARX:FORMAL-ARXIV-V12-Q-D2:2606.15504v2,arxiv_id,REC-08274
DE-05552,ARX:FORMAL-ARXIV-V12-Q-D3:2604.00299v1,ARX:FORMAL-ARXIV-V12-Q-C3:2604.00299v1,arxiv_id,REC-06218
DE-05553,ARX:FORMAL-ARXIV-V12-Q-D3:2605.16269v1,ARX:FORMAL-ARXIV-V12-Q-D2:2605.16269v1,arxiv_id,REC-08278
DE-05554,ARX:FORMAL-ARXIV-V12-Q-D3:2603.29399v2,ARX:FORMAL-ARXIV-V12-Q-D1:2603.29399v2,arxiv_id,REC-07321
DE-05555,ARX:FORMAL-ARXIV-V12-Q-D3:2603.27905v2,GS:GS-D3-02-057,arxiv_id,REC-02236
DE-05556,ARX:FORMAL-ARXIV-V12-Q-D3:2603.27517v3,GS:GS-C2-02-078,arxiv_id,REC-01851
DE-05557,ARX:FORMAL-ARXIV-V12-Q-D3:2603.25111v2,ARX:FORMAL-ARXIV-V12-Q-D1:2603.25111v2,arxiv_id,REC-07330
DE-05558,ARX:FORMAL-ARXIV-V12-Q-D3:2603.25097v1,ARX:FORMAL-ARXIV-V12-Q-C1:2603.25097v1,arxiv_id,REC-04476
DE-05559,ARX:FORMAL-ARXIV-V12-Q-D3:2603.24943v1,ARX:FORMAL-ARXIV-V12-Q-B4:2603.24943v1,arxiv_id,REC-04188
DE-05560,ARX:FORMAL-ARXIV-V12-Q-D3:2603.24440v1,ARX:FORMAL-ARXIV-V12-Q-A1:2603.24440v1,arxiv_id,REC-02814
DE-05561,ARX:FORMAL-ARXIV-V12-Q-D3:2603.23559v2,GS:GS-B2-03-097,arxiv_id,REC-01235
DE-05562,ARX:FORMAL-ARXIV-V12-Q-D3:2603.21692v2,ARX:FORMAL-ARXIV-V12-Q-C3:2603.21692v2,arxiv_id,REC-06236
DE-05563,ARX:FORMAL-ARXIV-V12-Q-D3:2603.20953v1,ARX:FORMAL-ARXIV-V12-Q-C3:2603.20953v1,arxiv_id,REC-06239
DE-05564,ARX:FORMAL-ARXIV-V12-Q-D3:2603.20625v1,GS:GS-D3-02-003,arxiv_id,REC-02209
DE-05565,ARX:FORMAL-ARXIV-V12-Q-D3:2603.18894v1,ARX:FORMAL-ARXIV-V12-Q-C3:2603.18894v1,arxiv_id,REC-06246
DE-05566,ARX:FORMAL-ARXIV-V12-Q-D3:2603.18740v2,ARX:FORMAL-ARXIV-V12-Q-D2:2603.18740v2,arxiv_id,REC-08302
DE-05567,ARX:FORMAL-ARXIV-V12-Q-D3:2603.18377v2,ARX:FORMAL-ARXIV-V12-Q-C3:2603.18377v2,arxiv_id,REC-06248
DE-05568,ARX:FORMAL-ARXIV-V12-Q-D3:2603.19328v1,ARX:FORMAL-ARXIV-V12-Q-D1:2603.19328v1,arxiv_id,REC-07357
DE-05569,ARX:FORMAL-ARXIV-V12-Q-D3:2603.18096v1,ARX:FORMAL-ARXIV-V12-Q-C2:2603.18096v1,arxiv_id,REC-05198
DE-05570,ARX:FORMAL-ARXIV-V12-Q-D3:2603.17419v1,ARX:FORMAL-ARXIV-V12-Q-B1:2603.17419v1,arxiv_id,REC-03564
DE-05571,ARX:FORMAL-ARXIV-V12-Q-D3:2603.17392v1,ARX:FORMAL-ARXIV-V12-Q-D1:2603.17392v1,arxiv_id,REC-07361
DE-05572,ARX:FORMAL-ARXIV-V12-Q-D3:2603.17357v1,GS:GS-B2-03-071,arxiv_id,REC-01227
DE-05573,ARX:FORMAL-ARXIV-V12-Q-D3:2603.16843v1,GS:GS-A2W-02-089,arxiv_id,REC-00807
DE-05574,ARX:FORMAL-ARXIV-V12-Q-D3:2603.16448v2,ARX:FORMAL-ARXIV-V12-Q-D1:2603.16448v2,arxiv_id,REC-07368
DE-05575,ARX:FORMAL-ARXIV-V12-Q-D3:2604.13052v1,ARX:FORMAL-ARXIV-V12-Q-C3:2604.13052v1,arxiv_id,REC-06255
DE-05576,ARX:FORMAL-ARXIV-V12-Q-D3:2603.15911v1,ARX:FORMAL-ARXIV-V12-Q-D2:2603.15911v1,arxiv_id,REC-08308
DE-05577,ARX:FORMAL-ARXIV-V12-Q-D3:2603.15852v1,ARX:FORMAL-ARXIV-V12-Q-D2:2603.15852v1,arxiv_id,REC-08309
DE-05578,ARX:FORMAL-ARXIV-V12-Q-D3:2604.09618v2,ARX:FORMAL-ARXIV-V12-Q-C3:2604.09618v2,arxiv_id,REC-06258
DE-05579,ARX:FORMAL-ARXIV-V12-Q-D3:2603.14975v2,ARX:FORMAL-ARXIV-V12-Q-D2:2603.14975v2,arxiv_id,REC-08314
DE-05580,ARX:FORMAL-ARXIV-V12-Q-D3:2603.14248v2,ARX:FORMAL-ARXIV-V12-Q-A1:2603.14248v2,arxiv_id,REC-02822
DE-05581,ARX:FORMAL-ARXIV-V12-Q-D3:2603.13743v1,ARX:FORMAL-ARXIV-V12-Q-D1:2603.13743v1,arxiv_id,REC-07377
DE-05582,ARX:FORMAL-ARXIV-V12-Q-D3:2603.13724v1,ARX:FORMAL-ARXIV-V12-Q-C3:2603.13724v1,arxiv_id,REC-06262
DE-05583,ARX:FORMAL-ARXIV-V12-Q-D3:2604.16338v1,ARX:FORMAL-ARXIV-V12-Q-C3:2604.16338v1,arxiv_id,REC-06263
DE-05584,ARX:FORMAL-ARXIV-V12-Q-D3:2603.13443v1,ARX:FORMAL-ARXIV-V12-Q-D1:2603.13443v1,arxiv_id,REC-07379
DE-05585,ARX:FORMAL-ARXIV-V12-Q-D3:2603.13417v1,GS:GS-B4-01-056,arxiv_id,REC-01409
DE-05586,ARX:FORMAL-ARXIV-V12-Q-D3:2603.11853v1,GS:GS-B3-03-046,arxiv_id,REC-01334
DE-05587,ARX:FORMAL-ARXIV-V12-Q-D3:2603.13404v1,ARX:FORMAL-ARXIV-V12-Q-D2:2603.13404v1,arxiv_id,REC-08322
DE-05588,ARX:FORMAL-ARXIV-V12-Q-D3:2603.10194v1,GS:GS-B4-03-029,arxiv_id,REC-01482
DE-05589,ARX:FORMAL-ARXIV-V12-Q-D3:2603.10161v3,ARX:FORMAL-ARXIV-V12-Q-B4:2603.10161v3,arxiv_id,REC-04196
DE-05590,ARX:FORMAL-ARXIV-V12-Q-D3:2603.09641v1,ARX:FORMAL-ARXIV-V12-Q-D2:2603.09641v1,arxiv_id,REC-08325
DE-05591,ARX:FORMAL-ARXIV-V12-Q-D3:2603.08852v1,ARX:FORMAL-ARXIV-V12-Q-C2:2603.08852v1,arxiv_id,REC-05214
DE-05592,ARX:FORMAL-ARXIV-V12-Q-D3:2603.08640v2,ARX:FORMAL-ARXIV-V12-Q-C3:2603.08640v2,arxiv_id,REC-06277
DE-05593,ARX:FORMAL-ARXIV-V12-Q-D3:2603.08316v3,GS:GS-B2-02-021,arxiv_id,REC-01194
DE-05594,ARX:FORMAL-ARXIV-V12-Q-D3:2603.07940v1,ARX:FORMAL-ARXIV-V12-Q-D1:2603.07940v1,arxiv_id,REC-07402
DE-05595,ARX:FORMAL-ARXIV-V12-Q-D3:2603.06859v2,ARX:FORMAL-ARXIV-V12-Q-D1:2603.06859v2,arxiv_id,REC-07406
DE-05596,ARX:FORMAL-ARXIV-V12-Q-D3:2603.05295v3,ARX:FORMAL-ARXIV-V12-Q-A1:2603.05295v3,arxiv_id,REC-02830
DE-05597,ARX:FORMAL-ARXIV-V12-Q-D3:2603.03655v1,ARX:FORMAL-ARXIV-V12-Q-D2:2603.03655v1,arxiv_id,REC-08339
DE-05598,ARX:FORMAL-ARXIV-V12-Q-D3:2603.16899v1,ARX:FORMAL-ARXIV-V12-Q-D1:2603.16899v1,arxiv_id,REC-07416
DE-05599,ARX:FORMAL-ARXIV-V12-Q-D3:2603.03515v1,ARX:FORMAL-ARXIV-V12-Q-D2:2603.03515v1,arxiv_id,REC-08340
DE-05600,ARX:FORMAL-ARXIV-V12-Q-D3:2603.02512v4,ARX:FORMAL-ARXIV-V12-Q-D1:2603.02512v4,arxiv_id,REC-07420
DE-05601,ARX:FORMAL-ARXIV-V12-Q-D3:2603.01952v1,ARX:FORMAL-ARXIV-V12-Q-D1:2603.01952v1,arxiv_id,REC-07421
DE-05602,ARX:FORMAL-ARXIV-V12-Q-D3:2603.01714v1,ARX:FORMAL-ARXIV-V12-Q-D2:2603.01714v1,arxiv_id,REC-08345
DE-05603,ARX:FORMAL-ARXIV-V12-Q-D3:2603.02277v3,ARX:FORMAL-ARXIV-V12-Q-D2:2603.02277v3,arxiv_id,REC-08346
DE-05604,ARX:FORMAL-ARXIV-V12-Q-D3:2603.00532v1,ARX:FORMAL-ARXIV-V12-Q-D1:2603.00532v1,arxiv_id,REC-07427
DE-05605,ARX:FORMAL-ARXIV-V12-Q-D3:2602.22302v1,GS:GS-D2-02-058,arxiv_id,REC-02120
DE-05606,ARX:FORMAL-ARXIV-V12-Q-D3:2602.20708v1,GS:GS-B1-02-014,arxiv_id,REC-01019
DE-05607,ARX:FORMAL-ARXIV-V12-Q-D3:2602.20156v3,GS:GS-B1-02-093,arxiv_id,REC-01092
DE-05608,ARX:FORMAL-ARXIV-V12-Q-D3:2602.19538v1,ARX:FORMAL-ARXIV-V12-Q-D2:2602.19538v1,arxiv_id,REC-08356
DE-05609,ARX:FORMAL-ARXIV-V12-Q-D3:2602.19439v2,ARX:FORMAL-ARXIV-V12-Q-D1:2602.19439v2,arxiv_id,REC-07443
DE-05610,ARX:FORMAL-ARXIV-V12-Q-D3:2602.20196v1,ARX:FORMAL-ARXIV-V12-Q-C3:2602.20196v1,arxiv_id,REC-06301
DE-05611,ARX:FORMAL-ARXIV-V12-Q-D3:2602.17588v4,ARX:FORMAL-ARXIV-V12-Q-A1:2602.17588v4,arxiv_id,REC-02841
DE-05612,ARX:FORMAL-ARXIV-V12-Q-D3:2602.16812v1,ARX:FORMAL-ARXIV-V12-Q-D1:2602.16812v1,arxiv_id,REC-07451
DE-05613,ARX:FORMAL-ARXIV-V12-Q-D3:2602.15384v1,ARX:FORMAL-ARXIV-V12-Q-A1:2602.15384v1,arxiv_id,REC-02845
DE-05614,ARX:FORMAL-ARXIV-V12-Q-D3:2602.14878v3,GS:GS-B4-01-085,arxiv_id,REC-01435
DE-05615,ARX:FORMAL-ARXIV-V12-Q-D3:2602.14849v2,ARX:FORMAL-ARXIV-V12-Q-D1:2602.14849v2,arxiv_id,REC-07457
DE-05616,ARX:FORMAL-ARXIV-V12-Q-D3:2602.14296v1,ARX:FORMAL-ARXIV-V12-Q-A1:2602.14296v1,arxiv_id,REC-02847
DE-05617,ARX:FORMAL-ARXIV-V12-Q-D3:2602.14276v2,ARX:FORMAL-ARXIV-V12-Q-A1:2602.14276v2,arxiv_id,REC-02848
DE-05618,ARX:FORMAL-ARXIV-V12-Q-D3:2602.13559v2,GS:GS-A1-06-076,arxiv_id,REC-00477
DE-05619,ARX:FORMAL-ARXIV-V12-Q-D3:2602.12670v4,ARX:FORMAL-ARXIV-V12-Q-D1:2602.12670v4,arxiv_id,REC-07463
DE-05620,ARX:FORMAL-ARXIV-V12-Q-D3:2602.12430v4,GS:GS-A1-01-096,arxiv_id,REC-00091
DE-05621,ARX:FORMAL-ARXIV-V12-Q-D3:2602.11750v1,GS:GS-A3-02-026,arxiv_id,REC-00908
DE-05622,ARX:FORMAL-ARXIV-V12-Q-D3:2602.11749v2,GS:GS-D3-01-051,arxiv_id,REC-02196
DE-05623,ARX:FORMAL-ARXIV-V12-Q-D3:2602.11416v1,ARX:FORMAL-ARXIV-V12-Q-B1:2602.11416v1,arxiv_id,REC-03587
DE-05624,ARX:FORMAL-ARXIV-V12-Q-D3:2602.10498v1,GS:GS-B3-03-056,arxiv_id,REC-01341
DE-05625,ARX:FORMAL-ARXIV-V12-Q-D3:2602.09372v1,ARX:FORMAL-ARXIV-V12-Q-D1:2602.09372v1,arxiv_id,REC-07475
DE-05626,ARX:FORMAL-ARXIV-V12-Q-D3:2602.09345v3,GS:GS-A2S-03-088,arxiv_id,REC-00686
DE-05627,ARX:FORMAL-ARXIV-V12-Q-D3:2602.09286v1,ARX:FORMAL-ARXIV-V12-Q-D2:2602.09286v1,arxiv_id,REC-08383
DE-05628,ARX:FORMAL-ARXIV-V12-Q-D3:2602.09082v2,ARX:FORMAL-ARXIV-V12-Q-A1:2602.09082v2,arxiv_id,REC-02860
DE-05629,ARX:FORMAL-ARXIV-V12-Q-D3:2602.09063v1,ARX:FORMAL-ARXIV-V12-Q-D1:2602.09063v1,arxiv_id,REC-07477
DE-05630,ARX:FORMAL-ARXIV-V12-Q-D3:2602.08014v1,ARX:FORMAL-ARXIV-V12-Q-C3:2602.08014v1,arxiv_id,REC-06324
DE-05631,ARX:FORMAL-ARXIV-V12-Q-D3:2602.06572v1,ARX:FORMAL-ARXIV-V12-Q-D1:2602.06572v1,arxiv_id,REC-07481
DE-05632,ARX:FORMAL-ARXIV-V12-Q-D3:2602.06547v4,GS:GS-C1-02-087,arxiv_id,REC-01657
DE-05633,ARX:FORMAL-ARXIV-V12-Q-D3:2602.06526v1,ARX:FORMAL-ARXIV-V12-Q-D2:2602.06526v1,arxiv_id,REC-08390
DE-05634,ARX:FORMAL-ARXIV-V12-Q-D3:2602.06443v1,ARX:FORMAL-ARXIV-V12-Q-D1:2602.06443v1,arxiv_id,REC-07483
DE-05635,ARX:FORMAL-ARXIV-V12-Q-D3:2602.03974v1,ARX:FORMAL-ARXIV-V12-Q-D1:2602.03974v1,arxiv_id,REC-07488
DE-05636,ARX:FORMAL-ARXIV-V12-Q-D3:2602.02995v1,GS:GS-A1-01-039,arxiv_id,REC-00038
DE-05637,ARX:FORMAL-ARXIV-V12-Q-D3:2602.02625v1,ARX:FORMAL-ARXIV-V12-Q-D2:2602.02625v1,arxiv_id,REC-08395
DE-05638,ARX:FORMAL-ARXIV-V12-Q-D3:2602.02595v1,ARX:FORMAL-ARXIV-V12-Q-D1:2602.02595v1,arxiv_id,REC-07500
DE-05639,ARX:FORMAL-ARXIV-V12-Q-D3:2602.00933v3,ARX:FORMAL-ARXIV-V12-Q-B4:2602.00933v3,arxiv_id,REC-04210
DE-05640,ARX:FORMAL-ARXIV-V12-Q-D3:2602.02585v1,ARX:FORMAL-ARXIV-V12-Q-D2:2602.02585v1,arxiv_id,REC-08396
DE-05641,ARX:FORMAL-ARXIV-V12-Q-D3:2603.05517v1,GS:GS-D1-03-003,arxiv_id,REC-02085
DE-05642,ARX:FORMAL-ARXIV-V12-Q-D3:2601.21123v2,GS:GS-A1-01-009,arxiv_id,REC-00009
DE-05643,ARX:FORMAL-ARXIV-V12-Q-D3:2601.18842v3,GS:GS-B2-02-090,arxiv_id,REC-01219
DE-05644,ARX:FORMAL-ARXIV-V12-Q-D3:2601.18113v3,ARX:FORMAL-ARXIV-V12-Q-A1:2601.18113v3,arxiv_id,REC-02886
DE-05645,ARX:FORMAL-ARXIV-V12-Q-D3:2601.17920v1,ARX:FORMAL-ARXIV-V12-Q-D1:2601.17920v1,arxiv_id,REC-07516
DE-05646,ARX:FORMAL-ARXIV-V12-Q-D3:2601.17887v2,ARX:FORMAL-ARXIV-V12-Q-C1:2601.17887v2,arxiv_id,REC-04555
DE-05647,ARX:FORMAL-ARXIV-V12-Q-D3:2601.17744v1,ARX:FORMAL-ARXIV-V12-Q-C3:2601.17744v1,arxiv_id,REC-06347
DE-05648,ARX:FORMAL-ARXIV-V12-Q-D3:2601.16472v2,ARX:FORMAL-ARXIV-V12-Q-D1:2601.16472v2,arxiv_id,REC-07519
DE-05649,ARX:FORMAL-ARXIV-V12-Q-D3:2601.15630v2,ARX:FORMAL-ARXIV-V12-Q-C3:2601.15630v2,arxiv_id,REC-06352
DE-05650,ARX:FORMAL-ARXIV-V12-Q-D3:2601.14982v1,ARX:FORMAL-ARXIV-V12-Q-C3:2601.14982v1,arxiv_id,REC-06356
DE-05651,ARX:FORMAL-ARXIV-V12-Q-D3:2602.13213v2,ARX:FORMAL-ARXIV-V12-Q-C3:2602.13213v2,arxiv_id,REC-06357
DE-05652,ARX:FORMAL-ARXIV-V12-Q-D3:2601.14544v1,ARX:FORMAL-ARXIV-V12-Q-D2:2601.14544v1,arxiv_id,REC-08420
DE-05653,ARX:FORMAL-ARXIV-V12-Q-D3:2601.12349v3,GS:GS-B2-02-027,arxiv_id,REC-01197
DE-05654,ARX:FORMAL-ARXIV-V12-Q-D3:2601.11903v1,ARX:FORMAL-ARXIV-V12-Q-D1:2601.11903v1,arxiv_id,REC-07534
DE-05655,ARX:FORMAL-ARXIV-V12-Q-D3:2601.11688v1,ARX:FORMAL-ARXIV-V12-Q-D1:2601.11688v1,arxiv_id,REC-07536
DE-05656,ARX:FORMAL-ARXIV-V12-Q-D3:2601.10520v2,ARX:FORMAL-ARXIV-V12-Q-C3:2601.10520v2,arxiv_id,REC-06364
DE-05657,ARX:FORMAL-ARXIV-V12-Q-D3:2601.10338v1,ARX:FORMAL-ARXIV-V12-Q-B1:2601.10338v1,arxiv_id,REC-03601
DE-05658,ARX:FORMAL-ARXIV-V12-Q-D3:2601.09680v1,ARX:FORMAL-ARXIV-V12-Q-D2:2601.09680v1,arxiv_id,REC-08435
DE-05659,ARX:FORMAL-ARXIV-V12-Q-D3:2601.15311v3,ARX:FORMAL-ARXIV-V12-Q-A2S:2601.15311v3,arxiv_id,REC-03295
DE-05660,ARX:FORMAL-ARXIV-V12-Q-D3:2601.07122v2,ARX:FORMAL-ARXIV-V12-Q-D2:2601.07122v2,arxiv_id,REC-08440
DE-05661,ARX:FORMAL-ARXIV-V12-Q-D3:2601.06223v1,ARX:FORMAL-ARXIV-V12-Q-D2:2601.06223v1,arxiv_id,REC-08446
DE-05662,ARX:FORMAL-ARXIV-V12-Q-D3:2601.05215v2,ARX:FORMAL-ARXIV-V12-Q-C3:2601.05215v2,arxiv_id,REC-06371
DE-05663,ARX:FORMAL-ARXIV-V12-Q-D3:2601.04583v1,GS:GS-D2-02-044,arxiv_id,REC-02114
DE-05664,ARX:FORMAL-ARXIV-V12-Q-D3:2601.02439v6,GS:GS-A2W-01-085,arxiv_id,REC-00738
DE-05665,ARX:FORMAL-ARXIV-V12-Q-D3:2601.06093v2,ARX:FORMAL-ARXIV-V12-Q-C3:2601.06093v2,arxiv_id,REC-06380
DE-05666,ARX:FORMAL-ARXIV-V12-Q-D3:2512.24848v1,ARX:FORMAL-ARXIV-V12-Q-D2:2512.24848v1,arxiv_id,REC-08461
DE-05667,ARX:FORMAL-ARXIV-V12-Q-D3:2512.24565v3,ARX:FORMAL-ARXIV-V12-Q-B4:2512.24565v3,arxiv_id,REC-04222
DE-05668,ARX:FORMAL-ARXIV-V12-Q-D3:2512.24415v1,ARX:FORMAL-ARXIV-V12-Q-B1:2512.24415v1,arxiv_id,REC-03607
DE-05669,ARX:FORMAL-ARXIV-V12-Q-D3:2512.23557v1,GS:GS-B2-01-005,arxiv_id,REC-01118
DE-05670,ARX:FORMAL-ARXIV-V12-Q-D3:2512.23499v1,ARX:FORMAL-ARXIV-V12-Q-D2:2512.23499v1,arxiv_id,REC-08464
DE-05671,ARX:FORMAL-ARXIV-V12-Q-D3:2601.00848v1,ARX:FORMAL-ARXIV-V12-Q-D2:2601.00848v1,arxiv_id,REC-08465
DE-05672,ARX:FORMAL-ARXIV-V12-Q-D3:2512.22322v2,ARX:FORMAL-ARXIV-V12-Q-D1:2512.22322v2,arxiv_id,REC-07567
DE-05673,ARX:FORMAL-ARXIV-V12-Q-D3:2512.21907v2,ARX:FORMAL-ARXIV-V12-Q-D1:2512.21907v2,arxiv_id,REC-07568
DE-05674,ARX:FORMAL-ARXIV-V12-Q-D3:2512.23737v1,ARX:FORMAL-ARXIV-V12-Q-D1:2512.23737v1,arxiv_id,REC-07570
DE-05675,ARX:FORMAL-ARXIV-V12-Q-D3:2601.06062v1,ARX:FORMAL-ARXIV-V12-Q-D2:2601.06062v1,arxiv_id,REC-08468
DE-05676,ARX:FORMAL-ARXIV-V12-Q-D3:2512.18616v1,ARX:FORMAL-ARXIV-V12-Q-D2:2512.18616v1,arxiv_id,REC-08474
DE-05677,ARX:FORMAL-ARXIV-V12-Q-D3:2512.18265v1,ARX:FORMAL-ARXIV-V12-Q-C3:2512.18265v1,arxiv_id,REC-06390
DE-05678,ARX:FORMAL-ARXIV-V12-Q-D3:2512.17146v1,ARX:FORMAL-ARXIV-V12-Q-D1:2512.17146v1,arxiv_id,REC-07583
DE-05679,ARX:FORMAL-ARXIV-V12-Q-D3:2512.20660v2,ARX:FORMAL-ARXIV-V12-Q-D2:2512.20660v2,arxiv_id,REC-08477
DE-05680,ARX:FORMAL-ARXIV-V12-Q-D3:2512.16295v1,ARX:FORMAL-ARXIV-V12-Q-A1:2512.16295v1,arxiv_id,REC-02916
DE-05681,ARX:FORMAL-ARXIV-V12-Q-D3:2512.15688v1,ARX:FORMAL-ARXIV-V12-Q-D1:2512.15688v1,arxiv_id,REC-07587
DE-05682,ARX:FORMAL-ARXIV-V12-Q-D3:2512.15784v1,GS:GS-D3-02-091,arxiv_id,REC-02254
DE-05683,ARX:FORMAL-ARXIV-V12-Q-D3:2512.12806v1,ARX:FORMAL-ARXIV-V12-Q-D2:2512.12806v1,arxiv_id,REC-08483
DE-05684,ARX:FORMAL-ARXIV-V12-Q-D3:2512.03180v1,ARX:FORMAL-ARXIV-V12-Q-C3:2512.03180v1,arxiv_id,REC-06404
DE-05685,ARX:FORMAL-ARXIV-V12-Q-D3:2512.00513v2,ARX:FORMAL-ARXIV-V12-Q-D1:2512.00513v2,arxiv_id,REC-07615
DE-05686,ARX:FORMAL-ARXIV-V12-Q-D3:2511.21990v1,GS:GS-B3-03-088,arxiv_id,REC-01357
DE-05687,ARX:FORMAL-ARXIV-V12-Q-D3:2511.21460v1,ARX:FORMAL-ARXIV-V12-Q-D1:2511.21460v1,arxiv_id,REC-07621
DE-05688,ARX:FORMAL-ARXIV-V12-Q-D3:2512.07850v1,ARX:FORMAL-ARXIV-V12-Q-D1:2512.07850v1,arxiv_id,REC-07623
DE-05689,ARX:FORMAL-ARXIV-V12-Q-D3:2511.19957v2,GS:GS-A1-02-074,arxiv_id,REC-00143
DE-05690,ARX:FORMAL-ARXIV-V12-Q-D3:2511.16080v1,ARX:FORMAL-ARXIV-V12-Q-D1:2511.16080v1,arxiv_id,REC-07629
DE-05691,ARX:FORMAL-ARXIV-V12-Q-D3:2511.15097v2,ARX:FORMAL-ARXIV-V12-Q-C3:2511.15097v2,arxiv_id,REC-06422
DE-05692,ARX:FORMAL-ARXIV-V12-Q-D3:2511.14584v4,GS:GS-D3-02-029,arxiv_id,REC-02221
DE-05693,ARX:FORMAL-ARXIV-V12-Q-D3:2511.13998v1,GS:GS-A2W-01-019,arxiv_id,REC-00706
DE-05694,ARX:FORMAL-ARXIV-V12-Q-D3:2511.13248v1,GS:GS-B2-02-099,arxiv_id,REC-01224
DE-05695,ARX:FORMAL-ARXIV-V12-Q-D3:2511.11672v5,GS:GS-A1-01-083,arxiv_id,REC-00079
DE-05696,ARX:FORMAL-ARXIV-V12-Q-D3:2511.06778v2,ARX:FORMAL-ARXIV-V12-Q-D2:2511.06778v2,arxiv_id,REC-08527
DE-05697,ARX:FORMAL-ARXIV-V12-Q-D3:2511.06262v1,GS:GS-D3-03-012,arxiv_id,REC-02264
DE-05698,ARX:FORMAL-ARXIV-V12-Q-D3:2511.06101v3,ARX:FORMAL-ARXIV-V12-Q-A1:2511.06101v3,arxiv_id,REC-02944
DE-05699,ARX:FORMAL-ARXIV-V12-Q-D3:2601.06031v1,ARX:FORMAL-ARXIV-V12-Q-A1:2601.06031v1,arxiv_id,REC-02945
DE-05700,ARX:FORMAL-ARXIV-V12-Q-D3:2511.04307v2,GS:GS-A1-02-043,arxiv_id,REC-00118
DE-05701,ARX:FORMAL-ARXIV-V12-Q-D3:2511.03434v1,GS:GS-C2-02-055,arxiv_id,REC-01836
DE-05702,ARX:FORMAL-ARXIV-V12-Q-D3:2511.03370v3,ARX:FORMAL-ARXIV-V12-Q-C2:2511.03370v3,arxiv_id,REC-05355
DE-05703,ARX:FORMAL-ARXIV-V12-Q-D3:2510.27016v1,ARX:FORMAL-ARXIV-V12-Q-D2:2510.27016v1,arxiv_id,REC-08534
DE-05704,ARX:FORMAL-ARXIV-V12-Q-D3:2510.25612v1,ARX:FORMAL-ARXIV-V12-Q-C2:2510.25612v1,arxiv_id,REC-05359
DE-05705,ARX:FORMAL-ARXIV-V12-Q-D3:2510.25110v6,ARX:FORMAL-ARXIV-V12-Q-D2:2510.25110v6,arxiv_id,REC-08536
DE-05706,ARX:FORMAL-ARXIV-V12-Q-D3:2510.21236v3,ARX:FORMAL-ARXIV-V12-Q-B4:2510.21236v3,arxiv_id,REC-04236
DE-05707,ARX:FORMAL-ARXIV-V12-Q-D3:2510.20286v1,ARX:FORMAL-ARXIV-V12-Q-A1:2510.20286v1,arxiv_id,REC-02959
DE-05708,ARX:FORMAL-ARXIV-V12-Q-D3:2510.20036v2,ARX:FORMAL-ARXIV-V12-Q-D1:2510.20036v2,arxiv_id,REC-07668
DE-05709,ARX:FORMAL-ARXIV-V12-Q-D3:2510.19949v2,ARX:FORMAL-ARXIV-V12-Q-A1:2510.19949v2,arxiv_id,REC-02960
DE-05710,ARX:FORMAL-ARXIV-V12-Q-D3:2510.19488v1,ARX:FORMAL-ARXIV-V12-Q-A1:2510.19488v1,arxiv_id,REC-02961
DE-05711,ARX:FORMAL-ARXIV-V12-Q-D3:2510.18113v1,ARX:FORMAL-ARXIV-V12-Q-A1:2510.18113v1,arxiv_id,REC-02964
DE-05712,ARX:FORMAL-ARXIV-V12-Q-D3:2510.16252v2,GS:GS-A1-06-099,arxiv_id,REC-00497
DE-05713,ARX:FORMAL-ARXIV-V12-Q-D3:2511.04683v1,ARX:FORMAL-ARXIV-V12-Q-D1:2511.04683v1,arxiv_id,REC-07676
DE-05714,ARX:FORMAL-ARXIV-V12-Q-D3:2510.16054v2,ARX:FORMAL-ARXIV-V12-Q-C2:2510.16054v2,arxiv_id,REC-05376
DE-05715,ARX:FORMAL-ARXIV-V12-Q-D3:2510.13727v2,ARX:FORMAL-ARXIV-V12-Q-D2:2510.13727v2,arxiv_id,REC-08557
DE-05716,ARX:FORMAL-ARXIV-V12-Q-D3:2510.11588v1,ARX:FORMAL-ARXIV-V12-Q-D2:2510.11588v1,arxiv_id,REC-08564
DE-05717,ARX:FORMAL-ARXIV-V12-Q-D3:2510.11151v1,ARX:FORMAL-ARXIV-V12-Q-D1:2510.11151v1,arxiv_id,REC-07685
DE-05718,ARX:FORMAL-ARXIV-V12-Q-D3:2510.09872v2,ARX:FORMAL-ARXIV-V12-Q-A1:2510.09872v2,arxiv_id,REC-02978
DE-05719,ARX:FORMAL-ARXIV-V12-Q-D3:2512.00007v1,ARX:FORMAL-ARXIV-V12-Q-D2:2512.00007v1,arxiv_id,REC-08569
DE-05720,ARX:FORMAL-ARXIV-V12-Q-D3:2510.09228v2,ARX:FORMAL-ARXIV-V12-Q-D2:2510.09228v2,arxiv_id,REC-08571
DE-05721,ARX:FORMAL-ARXIV-V12-Q-D3:2510.08829v1,ARX:FORMAL-ARXIV-V12-Q-B1:2510.08829v1,arxiv_id,REC-03635
DE-05722,ARX:FORMAL-ARXIV-V12-Q-D3:2510.08623v1,ARX:FORMAL-ARXIV-V12-Q-D2:2510.08623v1,arxiv_id,REC-08578
DE-05723,ARX:FORMAL-ARXIV-V12-Q-D3:2510.05442v1,ARX:FORMAL-ARXIV-V12-Q-B1:2510.05442v1,arxiv_id,REC-03636
DE-05724,ARX:FORMAL-ARXIV-V12-Q-D3:2510.01354v1,GS:GS-B2-01-015,arxiv_id,REC-01125
DE-05725,ARX:FORMAL-ARXIV-V12-Q-D3:2510.01179v1,ARX:FORMAL-ARXIV-V12-Q-B4:2510.01179v1,arxiv_id,REC-04244
DE-05726,ARX:FORMAL-ARXIV-V12-Q-D3:2510.00307v2,ARX:FORMAL-ARXIV-V12-Q-B3:2510.00307v2,arxiv_id,REC-04008
DE-05727,ARX:FORMAL-ARXIV-V12-Q-D3:2509.26506v1,ARX:FORMAL-ARXIV-V12-Q-A1:2509.26506v1,arxiv_id,REC-02995
DE-05728,ARX:FORMAL-ARXIV-V12-Q-D3:2510.03285v1,GS:GS-A1-06-007,arxiv_id,REC-00427
DE-05729,ARX:FORMAL-ARXIV-V12-Q-D3:2509.23866v1,ARX:FORMAL-ARXIV-V12-Q-A1:2509.23866v1,arxiv_id,REC-03001
DE-05730,ARX:FORMAL-ARXIV-V12-Q-D3:2509.22040v2,ARX:FORMAL-ARXIV-V12-Q-B1:2509.22040v2,arxiv_id,REC-03645
DE-05731,ARX:FORMAL-ARXIV-V12-Q-D3:2509.21799v3,ARX:FORMAL-ARXIV-V12-Q-A1:2509.21799v3,arxiv_id,REC-03006
DE-05732,ARX:FORMAL-ARXIV-V12-Q-D3:2509.21782v2,ARX:FORMAL-ARXIV-V12-Q-A1:2509.21782v2,arxiv_id,REC-03007
DE-05733,ARX:FORMAL-ARXIV-V12-Q-D3:2509.25238v1,ARX:FORMAL-ARXIV-V12-Q-D2:2509.25238v1,arxiv_id,REC-08605
DE-05734,ARX:FORMAL-ARXIV-V12-Q-D3:2509.18710v2,ARX:FORMAL-ARXIV-V12-Q-D2:2509.18710v2,arxiv_id,REC-08608
DE-05735,ARX:FORMAL-ARXIV-V12-Q-D3:2509.18420v1,ARX:FORMAL-ARXIV-V12-Q-D1:2509.18420v1,arxiv_id,REC-07711
DE-05736,ARX:FORMAL-ARXIV-V12-Q-D3:2509.17336v3,ARX:FORMAL-ARXIV-V12-Q-A1:2509.17336v3,arxiv_id,REC-03011
DE-05737,ARX:FORMAL-ARXIV-V12-Q-D3:2509.16941v2,ARX:FORMAL-ARXIV-V12-Q-D1:2509.16941v2,arxiv_id,REC-07717
DE-05738,ARX:FORMAL-ARXIV-V12-Q-D3:2509.14956v1,GS:GS-C2-01-084,arxiv_id,REC-01786
DE-05739,ARX:FORMAL-ARXIV-V12-Q-D3:2509.13597v1,ARX:FORMAL-ARXIV-V12-Q-B1:2509.13597v1,arxiv_id,REC-03648
DE-05740,ARX:FORMAL-ARXIV-V12-Q-D3:2509.11939v1,ARX:FORMAL-ARXIV-V12-Q-A1:2509.11939v1,arxiv_id,REC-03021
DE-05741,ARX:FORMAL-ARXIV-V12-Q-D3:2509.11067v2,GS:GS-A1-02-090,arxiv_id,REC-00154
DE-05742,ARX:FORMAL-ARXIV-V12-Q-D3:2509.10723v1,ARX:FORMAL-ARXIV-V12-Q-A1:2509.10723v1,arxiv_id,REC-03024
DE-05743,ARX:FORMAL-ARXIV-V12-Q-D3:2509.10147v1,ARX:FORMAL-ARXIV-V12-Q-D2:2509.10147v1,arxiv_id,REC-08621
DE-05744,ARX:FORMAL-ARXIV-V12-Q-D3:2509.09525v2,ARX:FORMAL-ARXIV-V12-Q-D2:2509.09525v2,arxiv_id,REC-08624
DE-05745,ARX:FORMAL-ARXIV-V12-Q-D3:2509.05496v1,ARX:FORMAL-ARXIV-V12-Q-C2:2509.05496v1,arxiv_id,REC-05433
DE-05746,ARX:FORMAL-ARXIV-V12-Q-D3:2509.02360v2,ARX:FORMAL-ARXIV-V12-Q-D1:2509.02360v2,arxiv_id,REC-07733
DE-05747,ARX:FORMAL-ARXIV-V12-Q-D3:2509.01379v1,ARX:FORMAL-ARXIV-V12-Q-D2:2509.01379v1,arxiv_id,REC-08632
DE-05748,ARX:FORMAL-ARXIV-V12-Q-D3:2508.21111v1,ARX:FORMAL-ARXIV-V12-Q-B3:2508.21111v1,arxiv_id,REC-04021
DE-05749,ARX:FORMAL-ARXIV-V12-Q-D3:2508.19461v1,ARX:FORMAL-ARXIV-V12-Q-A1:2508.19461v1,arxiv_id,REC-03040
DE-05750,ARX:FORMAL-ARXIV-V12-Q-D3:2508.17674v2,ARX:FORMAL-ARXIV-V12-Q-D1:2508.17674v2,arxiv_id,REC-07740
DE-05751,ARX:FORMAL-ARXIV-V12-Q-D3:2508.17094v3,ARX:FORMAL-ARXIV-V12-Q-D1:2508.17094v3,arxiv_id,REC-07742
DE-05752,ARX:FORMAL-ARXIV-V12-Q-D3:2508.15310v1,ARX:FORMAL-ARXIV-V12-Q-B1:2508.15310v1,arxiv_id,REC-03654
DE-05753,ARX:FORMAL-ARXIV-V12-Q-D3:2508.14229v1,ARX:FORMAL-ARXIV-V12-Q-D2:2508.14229v1,arxiv_id,REC-08647
DE-05754,ARX:FORMAL-ARXIV-V12-Q-D3:2508.14031v2,ARX:FORMAL-ARXIV-V12-Q-A2W:2508.14031v2,arxiv_id,REC-03382
DE-05755,ARX:FORMAL-ARXIV-V12-Q-D3:2508.13118v2,ARX:FORMAL-ARXIV-V12-Q-C2:2508.13118v2,arxiv_id,REC-05444
DE-05756,ARX:FORMAL-ARXIV-V12-Q-D3:2508.13024v3,ARX:FORMAL-ARXIV-V12-Q-A1:2508.13024v3,arxiv_id,REC-03047
DE-05757,ARX:FORMAL-ARXIV-V12-Q-D3:2508.11867v1,ARX:FORMAL-ARXIV-V12-Q-D1:2508.11867v1,arxiv_id,REC-07746
DE-05758,ARX:FORMAL-ARXIV-V12-Q-D3:2508.11824v1,ARX:FORMAL-ARXIV-V12-Q-D1:2508.11824v1,arxiv_id,REC-07747
DE-05759,ARX:FORMAL-ARXIV-V12-Q-D3:2508.13180v1,ARX:FORMAL-ARXIV-V12-Q-D1:2508.13180v1,arxiv_id,REC-07750
DE-05760,ARX:FORMAL-ARXIV-V12-Q-D3:2508.07950v1,ARX:FORMAL-ARXIV-V12-Q-D2:2508.07950v1,arxiv_id,REC-08661
DE-05761,ARX:FORMAL-ARXIV-V12-Q-D3:2508.07935v1,GS:GS-D3-02-036,arxiv_id,REC-02225
DE-05762,ARX:FORMAL-ARXIV-V12-Q-D3:2508.03858v4,ARX:FORMAL-ARXIV-V12-Q-C3:2508.03858v4,arxiv_id,REC-06492
DE-05763,ARX:FORMAL-ARXIV-V12-Q-D3:2508.02994v1,GS:GS-D3-03-044,arxiv_id,REC-02286
DE-05764,ARX:FORMAL-ARXIV-V12-Q-D3:2508.01332v3,GS:GS-C2-02-005,arxiv_id,REC-01803
DE-05765,ARX:FORMAL-ARXIV-V12-Q-D3:2507.22844v1,ARX:FORMAL-ARXIV-V12-Q-D1:2507.22844v1,arxiv_id,REC-07766
DE-05766,ARX:FORMAL-ARXIV-V12-Q-D3:2508.00031v3,ARX:FORMAL-ARXIV-V12-Q-D1:2508.00031v3,arxiv_id,REC-07767
DE-05767,ARX:FORMAL-ARXIV-V12-Q-D3:2507.22435v2,ARX:FORMAL-ARXIV-V12-Q-D2:2507.22435v2,arxiv_id,REC-08670
DE-05768,ARX:FORMAL-ARXIV-V12-Q-D3:2507.22358v1,GS:GS-B1-01-090,arxiv_id,REC-00999
DE-05769,ARX:FORMAL-ARXIV-V12-Q-D3:2507.16853v1,ARX:FORMAL-ARXIV-V12-Q-A1:2507.16853v1,arxiv_id,REC-03062
DE-05770,ARX:FORMAL-ARXIV-V12-Q-D3:2507.14293v1,ARX:FORMAL-ARXIV-V12-Q-A1:2507.14293v1,arxiv_id,REC-03063
DE-05771,ARX:FORMAL-ARXIV-V12-Q-D3:2507.17852v1,ARX:FORMAL-ARXIV-V12-Q-B4:2507.17852v1,arxiv_id,REC-04257
DE-05772,ARX:FORMAL-ARXIV-V12-Q-D3:2507.14263v1,ARX:FORMAL-ARXIV-V12-Q-D1:2507.14263v1,arxiv_id,REC-07775
DE-05773,ARX:FORMAL-ARXIV-V12-Q-D3:2507.08038v3,ARX:FORMAL-ARXIV-V12-Q-C3:2507.08038v3,arxiv_id,REC-06498
DE-05774,ARX:FORMAL-ARXIV-V12-Q-D3:2507.05720v1,GS:GS-A1-03-044,arxiv_id,REC-00196
DE-05775,ARX:FORMAL-ARXIV-V12-Q-D3:2506.23978v3,GS:GS-D2-03-060,arxiv_id,REC-02173
DE-05776,ARX:FORMAL-ARXIV-V12-Q-D3:2506.23408v1,ARX:FORMAL-ARXIV-V12-Q-D1:2506.23408v1,arxiv_id,REC-07787
DE-05777,ARX:FORMAL-ARXIV-V12-Q-D3:2507.22898v1,ARX:FORMAL-ARXIV-V12-Q-D2:2507.22898v1,arxiv_id,REC-08707
DE-05778,ARX:FORMAL-ARXIV-V12-Q-D3:2506.19290v1,ARX:FORMAL-ARXIV-V12-Q-D1:2506.19290v1,arxiv_id,REC-07791
DE-05779,ARX:FORMAL-ARXIV-V12-Q-D3:2506.22485v1,ARX:FORMAL-ARXIV-V12-Q-D1:2506.22485v1,arxiv_id,REC-07792
DE-05780,ARX:FORMAL-ARXIV-V12-Q-D3:2506.17514v1,ARX:FORMAL-ARXIV-V12-Q-D1:2506.17514v1,arxiv_id,REC-07793
DE-05781,ARX:FORMAL-ARXIV-V12-Q-D3:2506.16042v2,ARX:FORMAL-ARXIV-V12-Q-A1:2506.16042v2,arxiv_id,REC-03078
DE-05782,ARX:FORMAL-ARXIV-V12-Q-D3:2506.08972v1,GS:GS-A2S-02-085,arxiv_id,REC-00593
DE-05783,ARX:FORMAL-ARXIV-V12-Q-D3:2506.08693v3,ARX:FORMAL-ARXIV-V12-Q-D1:2506.08693v3,arxiv_id,REC-07801
DE-05784,ARX:FORMAL-ARXIV-V12-Q-D3:2506.08012v1,ARX:FORMAL-ARXIV-V12-Q-A1:2506.08012v1,arxiv_id,REC-03091
DE-05785,ARX:FORMAL-ARXIV-V12-Q-D3:2506.07564v3,ARX:FORMAL-ARXIV-V12-Q-B3:2506.07564v3,arxiv_id,REC-04043
DE-05786,ARX:FORMAL-ARXIV-V12-Q-D3:2507.21071v2,GS:GS-A2W-03-005,arxiv_id,REC-00819
DE-05787,ARX:FORMAL-ARXIV-V12-Q-D3:2506.02739v1,ARX:FORMAL-ARXIV-V12-Q-D2:2506.02739v1,arxiv_id,REC-08730
DE-05788,ARX:FORMAL-ARXIV-V12-Q-D3:2506.02456v2,ARX:FORMAL-ARXIV-V12-Q-A1:2506.02456v2,arxiv_id,REC-03098
DE-05789,ARX:FORMAL-ARXIV-V12-Q-D3:2506.01391v2,ARX:FORMAL-ARXIV-V12-Q-A1:2506.01391v2,arxiv_id,REC-03099
DE-05790,ARX:FORMAL-ARXIV-V12-Q-D3:2506.00082v1,ARX:FORMAL-ARXIV-V12-Q-D2:2506.00082v1,arxiv_id,REC-08735
DE-05791,ARX:FORMAL-ARXIV-V12-Q-D3:2505.23596v3,ARX:FORMAL-ARXIV-V12-Q-A1:2505.23596v3,arxiv_id,REC-03103
DE-05792,ARX:FORMAL-ARXIV-V12-Q-D3:2505.23559v1,ARX:FORMAL-ARXIV-V12-Q-C2:2505.23559v1,arxiv_id,REC-05512
DE-05793,ARX:FORMAL-ARXIV-V12-Q-D3:2505.23847v5,ARX:FORMAL-ARXIV-V12-Q-C2:2505.23847v5,arxiv_id,REC-05516
DE-05794,ARX:FORMAL-ARXIV-V12-Q-D3:2505.20660v1,ARX:FORMAL-ARXIV-V12-Q-A1:2505.20660v1,arxiv_id,REC-03109
DE-05795,ARX:FORMAL-ARXIV-V12-Q-D3:2505.20013v2,ARX:FORMAL-ARXIV-V12-Q-A1:2505.20013v2,arxiv_id,REC-03110
DE-05796,ARX:FORMAL-ARXIV-V12-Q-D3:2505.19301v2,ARX:FORMAL-ARXIV-V12-Q-C2:2505.19301v2,arxiv_id,REC-05522
DE-05797,ARX:FORMAL-ARXIV-V12-Q-D3:2505.13227v3,ARX:FORMAL-ARXIV-V12-Q-A1:2505.13227v3,arxiv_id,REC-03125
DE-05798,ARX:FORMAL-ARXIV-V12-Q-D3:2505.12501v1,GS:GS-D3-02-004,arxiv_id,REC-02210
DE-05799,ARX:FORMAL-ARXIV-V12-Q-D3:2505.11579v3,ARX:FORMAL-ARXIV-V12-Q-C3:2505.11579v3,arxiv_id,REC-06517
DE-05800,ARX:FORMAL-ARXIV-V12-Q-D3:2505.09875v2,GS:GS-A1-03-032,arxiv_id,REC-00186
DE-05801,ARX:FORMAL-ARXIV-V12-Q-D3:2505.07473v1,GS:GS-A1-06-095,arxiv_id,REC-00493
DE-05802,ARX:FORMAL-ARXIV-V12-Q-D3:2505.02709v1,ARX:FORMAL-ARXIV-V12-Q-D2:2505.02709v1,arxiv_id,REC-08775
DE-05803,ARX:FORMAL-ARXIV-V12-Q-D3:2504.21185v2,ARX:FORMAL-ARXIV-V12-Q-D1:2504.21185v2,arxiv_id,REC-07837
DE-05804,ARX:FORMAL-ARXIV-V12-Q-D3:2504.19956v2,ARX:FORMAL-ARXIV-V12-Q-C1:2504.19956v2,arxiv_id,REC-04740
DE-05805,ARX:FORMAL-ARXIV-V12-Q-D3:2504.17934v2,GS:GS-A2W-03-091,arxiv_id,REC-00884
DE-05806,ARX:FORMAL-ARXIV-V12-Q-D3:2504.17669v2,ARX:FORMAL-ARXIV-V12-Q-C3:2504.17669v2,arxiv_id,REC-06526
DE-05807,ARX:FORMAL-ARXIV-V12-Q-D3:2504.14239v1,ARX:FORMAL-ARXIV-V12-Q-A1:2504.14239v1,arxiv_id,REC-03136
DE-05808,ARX:FORMAL-ARXIV-V12-Q-D3:2504.12679v4,ARX:FORMAL-ARXIV-V12-Q-A1:2504.12679v4,arxiv_id,REC-03138
DE-05809,ARX:FORMAL-ARXIV-V12-Q-D3:2504.11788v3,ARX:FORMAL-ARXIV-V12-Q-A1:2504.11788v3,arxiv_id,REC-03139
DE-05810,ARX:FORMAL-ARXIV-V12-Q-D3:2504.11281v1,ARX:FORMAL-ARXIV-V12-Q-A1:2504.11281v1,arxiv_id,REC-03140
DE-05811,ARX:FORMAL-ARXIV-V12-Q-D3:2504.09841v1,ARX:FORMAL-ARXIV-V12-Q-B1:2504.09841v1,arxiv_id,REC-03689
DE-05812,ARX:FORMAL-ARXIV-V12-Q-D3:2504.09227v1,ARX:FORMAL-ARXIV-V12-Q-D1:2504.09227v1,arxiv_id,REC-07848
DE-05813,ARX:FORMAL-ARXIV-V12-Q-D3:2504.08942v2,GS:GS-A1-06-043,arxiv_id,REC-00454
DE-05814,ARX:FORMAL-ARXIV-V12-Q-D3:2504.01848v3,ARX:FORMAL-ARXIV-V12-Q-C3:2504.01848v3,arxiv_id,REC-06532
DE-05815,ARX:FORMAL-ARXIV-V12-Q-D3:2503.21080v7,ARX:FORMAL-ARXIV-V12-Q-C2:2503.21080v7,arxiv_id,REC-05566
DE-05816,ARX:FORMAL-ARXIV-V12-Q-D3:2504.08742v1,ARX:FORMAL-ARXIV-V12-Q-D2:2504.08742v1,arxiv_id,REC-08810
DE-05817,ARX:FORMAL-ARXIV-V12-Q-D3:2503.17703v2,GS:GS-A2S-03-077,arxiv_id,REC-00675
DE-05818,ARX:FORMAL-ARXIV-V12-Q-D3:2503.03056v1,ARX:FORMAL-ARXIV-V12-Q-A2W:2503.03056v1,arxiv_id,REC-03409
DE-05819,ARX:FORMAL-ARXIV-V12-Q-D3:2503.02519v4,ARX:FORMAL-ARXIV-V12-Q-D2:2503.02519v4,arxiv_id,REC-08823
DE-05820,ARX:FORMAL-ARXIV-V12-Q-D3:2502.12110v11,ARX:FORMAL-ARXIV-V12-Q-C1:2502.12110v11,arxiv_id,REC-04783
DE-05821,ARX:FORMAL-ARXIV-V12-Q-D3:2502.11357v4,ARX:FORMAL-ARXIV-V12-Q-A1:2502.11357v4,arxiv_id,REC-03170
DE-05822,ARX:FORMAL-ARXIV-V12-Q-D3:2502.06994v2,GS:GS-D3-02-077,arxiv_id,REC-02248
DE-05823,ARX:FORMAL-ARXIV-V12-Q-D3:2501.06243v1,GS:GS-C2-02-047,arxiv_id,REC-01830
DE-05824,ARX:FORMAL-ARXIV-V12-Q-D3:2412.19723v3,ARX:FORMAL-ARXIV-V12-Q-A1:2412.19723v3,arxiv_id,REC-03181
DE-05825,ARX:FORMAL-ARXIV-V12-Q-D3:2412.18371v2,ARX:FORMAL-ARXIV-V12-Q-D2:2412.18371v2,arxiv_id,REC-08865
DE-05826,ARX:FORMAL-ARXIV-V12-Q-D3:2412.07822v1,ARX:FORMAL-ARXIV-V12-Q-D2:2412.07822v1,arxiv_id,REC-08874
DE-05827,ARX:FORMAL-ARXIV-V12-Q-D3:2501.14734v1,ARX:FORMAL-ARXIV-V12-Q-D2:2501.14734v1,arxiv_id,REC-08875
DE-05828,ARX:FORMAL-ARXIV-V12-Q-D3:2411.17585v2,ARX:FORMAL-ARXIV-V12-Q-D2:2411.17585v2,arxiv_id,REC-08882
DE-05829,ARX:FORMAL-ARXIV-V12-Q-D3:2411.13768v3,ARX:FORMAL-ARXIV-V12-Q-D1:2411.13768v3,arxiv_id,REC-07880
DE-05830,ARX:FORMAL-ARXIV-V12-Q-D3:2411.04468v1,ARX:FORMAL-ARXIV-V12-Q-D1:2411.04468v1,arxiv_id,REC-07883
DE-05831,ARX:FORMAL-ARXIV-V12-Q-D3:2410.23218v1,ARX:FORMAL-ARXIV-V12-Q-A1:2410.23218v1,arxiv_id,REC-03194
DE-05832,ARX:FORMAL-ARXIV-V12-Q-D3:2410.15894v2,ARX:FORMAL-ARXIV-V12-Q-D2:2410.15894v2,arxiv_id,REC-08900
DE-05833,ARX:FORMAL-ARXIV-V12-Q-D3:2410.13824v3,ARX:FORMAL-ARXIV-V12-Q-A1:2410.13824v3,arxiv_id,REC-03205
DE-05834,ARX:FORMAL-ARXIV-V12-Q-D3:2410.13384v1,ARX:FORMAL-ARXIV-V12-Q-D2:2410.13384v1,arxiv_id,REC-08908
DE-05835,ARX:FORMAL-ARXIV-V12-Q-D3:2410.05243v3,ARX:FORMAL-ARXIV-V12-Q-A1:2410.05243v3,arxiv_id,REC-03210
DE-05836,ARX:FORMAL-ARXIV-V12-Q-D3:2409.16120v1,ARX:FORMAL-ARXIV-V12-Q-D2:2409.16120v1,arxiv_id,REC-08918
DE-05837,ARX:FORMAL-ARXIV-V12-Q-D3:2408.16081v2,ARX:FORMAL-ARXIV-V12-Q-D2:2408.16081v2,arxiv_id,REC-08927
DE-05838,ARX:FORMAL-ARXIV-V12-Q-D3:2408.15778v4,ARX:FORMAL-ARXIV-V12-Q-D1:2408.15778v4,arxiv_id,REC-07900
DE-05839,ARX:FORMAL-ARXIV-V12-Q-D3:2408.04449v5,ARX:FORMAL-ARXIV-V12-Q-D1:2408.04449v5,arxiv_id,REC-07902
DE-05840,ARX:FORMAL-ARXIV-V12-Q-D3:2408.02926v1,ARX:FORMAL-ARXIV-V12-Q-A2S:2408.02926v1,arxiv_id,REC-03318
DE-05841,ARX:FORMAL-ARXIV-V12-Q-D3:2408.02544v3,ARX:FORMAL-ARXIV-V12-Q-A1:2408.02544v3,arxiv_id,REC-03220
DE-05842,ARX:FORMAL-ARXIV-V12-Q-D3:2407.12784v1,ARX:FORMAL-ARXIV-V12-Q-B2:2407.12784v1,arxiv_id,REC-03803
DE-05843,ARX:FORMAL-ARXIV-V12-Q-D3:2407.04346v3,ARX:FORMAL-ARXIV-V12-Q-A1:2407.04346v3,arxiv_id,REC-03224
DE-05844,ARX:FORMAL-ARXIV-V12-Q-D3:2406.12373v3,ARX:FORMAL-ARXIV-V12-Q-A1:2406.12373v3,arxiv_id,REC-03227
DE-05845,ARX:FORMAL-ARXIV-V12-Q-D3:2406.11915v2,ARX:FORMAL-ARXIV-V12-Q-D1:2406.11915v2,arxiv_id,REC-07910
DE-05846,ARX:FORMAL-ARXIV-V12-Q-D3:2406.09810v2,ARX:FORMAL-ARXIV-V12-Q-D1:2406.09810v2,arxiv_id,REC-07911
DE-05847,ARX:FORMAL-ARXIV-V12-Q-D3:2406.05080v2,ARX:FORMAL-ARXIV-V12-Q-D1:2406.05080v2,arxiv_id,REC-07913
DE-05848,ARX:FORMAL-ARXIV-V12-Q-D3:2404.17605v1,ARX:FORMAL-ARXIV-V12-Q-B3:2404.17605v1,arxiv_id,REC-04097
DE-05849,ARX:FORMAL-ARXIV-V12-Q-D3:2406.11852v2,ARX:FORMAL-ARXIV-V12-Q-D2:2406.11852v2,arxiv_id,REC-08967
DE-05850,ARX:FORMAL-ARXIV-V12-Q-D3:2403.08299v1,ARX:FORMAL-ARXIV-V12-Q-D2:2403.08299v1,arxiv_id,REC-08971
DE-05851,ARX:FORMAL-ARXIV-V12-Q-D3:2403.05307v1,ARX:FORMAL-ARXIV-V12-Q-D2:2403.05307v1,arxiv_id,REC-08974
DE-05852,ARX:FORMAL-ARXIV-V12-Q-D3:2403.02713v2,ARX:FORMAL-ARXIV-V12-Q-A1:2403.02713v2,arxiv_id,REC-03249
DE-05853,ARX:FORMAL-ARXIV-V12-Q-D3:2402.08567v2,GS:GS-B2-01-068,arxiv_id,REC-01160
DE-05854,ARX:FORMAL-ARXIV-V12-Q-D3:2308.12503v2,ARX:FORMAL-ARXIV-V12-Q-D2:2308.12503v2,arxiv_id,REC-09005
DE-05855,ARX:FORMAL-ARXIV-V12-Q-D3:2306.06770v4,ARX:FORMAL-ARXIV-V12-Q-D2:2306.06770v4,arxiv_id,REC-09015
DE-05856,ARX:FORMAL-ARXIV-V12-Q-S0:2608.00202v1,ARX:FORMAL-ARXIV-V12-Q-A1:2608.00202v1,arxiv_id,REC-02648
DE-05857,ARX:FORMAL-ARXIV-V12-Q-S0:2608.00150v1,ARX:FORMAL-ARXIV-V12-Q-B4:2608.00150v1,arxiv_id,REC-04119
DE-05858,ARX:FORMAL-ARXIV-V12-Q-S0:2607.29254v1,ARX:FORMAL-ARXIV-V12-Q-B1:2607.29254v1,arxiv_id,REC-03439
DE-05859,ARX:FORMAL-ARXIV-V12-Q-S0:2607.29190v1,GS:GS-C3-04-098,arxiv_id,REC-02067
DE-05860,ARX:FORMAL-ARXIV-V12-Q-S0:2607.29167v1,GS:GS-C1-03-010,arxiv_id,REC-01667
DE-05861,ARX:FORMAL-ARXIV-V12-Q-S0:2608.11234v1,ARX:FORMAL-ARXIV-V12-Q-D1:2608.11234v1,arxiv_id,REC-06713
DE-05862,ARX:FORMAL-ARXIV-V12-Q-S0:2607.28165v2,GS:GS-B1-03-020,arxiv_id,REC-01112
DE-05863,ARX:FORMAL-ARXIV-V12-Q-S0:2607.28147v1,ARX:FORMAL-ARXIV-V12-Q-C2:2607.28147v1,arxiv_id,REC-04936
DE-05864,ARX:FORMAL-ARXIV-V12-Q-S0:2607.28103v1,ARX:FORMAL-ARXIV-V12-Q-D1:2607.28103v1,arxiv_id,REC-06719
DE-05865,ARX:FORMAL-ARXIV-V12-Q-S0:2607.28685v1,ARX:FORMAL-ARXIV-V12-Q-C3:2607.28685v1,arxiv_id,REC-05756
DE-05866,ARX:FORMAL-ARXIV-V12-Q-S0:2607.27528v1,ARX:FORMAL-ARXIV-V12-Q-C2:2607.27528v1,arxiv_id,REC-04938
DE-05867,ARX:FORMAL-ARXIV-V12-Q-S0:2607.27080v1,GS:GS-C1-01-018,arxiv_id,REC-01569
DE-05868,ARX:FORMAL-ARXIV-V12-Q-S0:2607.27294v1,ARX:FORMAL-ARXIV-V12-Q-C1:2607.27294v1,arxiv_id,REC-04286
DE-05869,ARX:FORMAL-ARXIV-V12-Q-S0:2607.26836v1,ARX:FORMAL-ARXIV-V12-Q-C2:2607.26836v1,arxiv_id,REC-04940
DE-05870,ARX:FORMAL-ARXIV-V12-Q-S0:2607.27267v1,ARX:FORMAL-ARXIV-V12-Q-B3:2607.27267v1,arxiv_id,REC-03824
DE-05871,ARX:FORMAL-ARXIV-V12-Q-S0:2607.26533v1,ARX:FORMAL-ARXIV-V12-Q-B3:2607.26533v1,arxiv_id,REC-03825
DE-05872,ARX:FORMAL-ARXIV-V12-Q-S0:2607.26314v1,ARX:FORMAL-ARXIV-V12-Q-D1:2607.26314v1,arxiv_id,REC-06738
DE-05873,ARX:FORMAL-ARXIV-V12-Q-S0:2607.25619v1,ARX:FORMAL-ARXIV-V12-Q-B3:2607.25619v1,arxiv_id,REC-03827
DE-05874,ARX:FORMAL-ARXIV-V12-Q-S0:2607.25379v2,ARX:FORMAL-ARXIV-V12-Q-D1:2607.25379v2,arxiv_id,REC-06745
DE-05875,ARX:FORMAL-ARXIV-V12-Q-S0:2607.25297v1,GS:GS-B3-02-027,arxiv_id,REC-01252
DE-05876,ARX:FORMAL-ARXIV-V12-Q-S0:2607.25255v2,ARX:FORMAL-ARXIV-V12-Q-A1:2607.25255v2,arxiv_id,REC-02652
DE-05877,ARX:FORMAL-ARXIV-V12-Q-S0:2607.25032v1,ARX:FORMAL-ARXIV-V12-Q-C3:2607.25032v1,arxiv_id,REC-05769
DE-05878,ARX:FORMAL-ARXIV-V12-Q-S0:2607.24964v1,ARX:FORMAL-ARXIV-V12-Q-C2:2607.24964v1,arxiv_id,REC-04945
DE-05879,ARX:FORMAL-ARXIV-V12-Q-S0:2607.24625v1,GS:GS-C3-01-062,arxiv_id,REC-01944
DE-05880,ARX:FORMAL-ARXIV-V12-Q-S0:2607.24893v1,ARX:FORMAL-ARXIV-V12-Q-C2:2607.24893v1,arxiv_id,REC-04946
DE-05881,ARX:FORMAL-ARXIV-V12-Q-S0:2607.24300v1,ARX:FORMAL-ARXIV-V12-Q-C3:2607.24300v1,arxiv_id,REC-05770
DE-05882,ARX:FORMAL-ARXIV-V12-Q-S0:2607.23916v1,ARX:FORMAL-ARXIV-V12-Q-D2:2607.23916v1,arxiv_id,REC-07972
DE-05883,ARX:FORMAL-ARXIV-V12-Q-S0:2607.23586v1,ARX:FORMAL-ARXIV-V12-Q-B1:2607.23586v1,arxiv_id,REC-03441
DE-05884,ARX:FORMAL-ARXIV-V12-Q-S0:2607.23444v1,GS:GS-C1-03-029,arxiv_id,REC-01679
DE-05885,ARX:FORMAL-ARXIV-V12-Q-S0:2607.23438v1,ARX:FORMAL-ARXIV-V12-Q-C3:2607.23438v1,arxiv_id,REC-05778
DE-05886,ARX:FORMAL-ARXIV-V12-Q-S0:2607.23147v1,ARX:FORMAL-ARXIV-V12-Q-D1:2607.23147v1,arxiv_id,REC-06754
DE-05887,ARX:FORMAL-ARXIV-V12-Q-S0:2607.22868v1,ARX:FORMAL-ARXIV-V12-Q-D2:2607.22868v1,arxiv_id,REC-07974
DE-05888,ARX:FORMAL-ARXIV-V12-Q-S0:2607.22445v1,ARX:FORMAL-ARXIV-V12-Q-C3:2607.22445v1,arxiv_id,REC-05782
DE-05889,ARX:FORMAL-ARXIV-V12-Q-S0:2607.22024v1,GS:GS-C1-01-067,arxiv_id,REC-01611
DE-05890,ARX:FORMAL-ARXIV-V12-Q-S0:2607.21835v1,GS:GS-B3-03-017,arxiv_id,REC-01321
DE-05891,ARX:FORMAL-ARXIV-V12-Q-S0:2607.21824v1,ARX:FORMAL-ARXIV-V12-Q-B1:2607.21824v1,arxiv_id,REC-03443
DE-05892,ARX:FORMAL-ARXIV-V12-Q-S0:2607.21325v2,ARX:FORMAL-ARXIV-V12-Q-C3:2607.21325v2,arxiv_id,REC-05787
DE-05893,ARX:FORMAL-ARXIV-V12-Q-S0:2607.20255v2,ARX:FORMAL-ARXIV-V12-Q-D2:2607.20255v2,arxiv_id,REC-07981
DE-05894,ARX:FORMAL-ARXIV-V12-Q-S0:2607.20121v2,GS:GS-A2S-03-087,arxiv_id,REC-00685
DE-05895,ARX:FORMAL-ARXIV-V12-Q-S0:2607.19913v1,ARX:FORMAL-ARXIV-V12-Q-D1:2607.19913v1,arxiv_id,REC-06766
DE-05896,ARX:FORMAL-ARXIV-V12-Q-S0:2607.19595v1,ARX:FORMAL-ARXIV-V12-Q-B1:2607.19595v1,arxiv_id,REC-03445
DE-05897,ARX:FORMAL-ARXIV-V12-Q-S0:2607.19267v1,ARX:FORMAL-ARXIV-V12-Q-C3:2607.19267v1,arxiv_id,REC-05796
DE-05898,ARX:FORMAL-ARXIV-V12-Q-S0:2607.19449v1,ARX:FORMAL-ARXIV-V12-Q-D1:2607.19449v1,arxiv_id,REC-06774
DE-05899,ARX:FORMAL-ARXIV-V12-Q-S0:2607.18826v1,GS:GS-C1-02-085,arxiv_id,REC-01655
DE-05900,ARX:FORMAL-ARXIV-V12-Q-S0:2607.18659v1,GS:GS-A1-06-092,arxiv_id,REC-00490
DE-05901,ARX:FORMAL-ARXIV-V12-Q-S0:2607.19432v1,GS:GS-B4-03-097,arxiv_id,REC-01523
DE-05902,ARX:FORMAL-ARXIV-V12-Q-S0:2607.18485v1,GS:GS-B3-03-034,arxiv_id,REC-01327
DE-05903,ARX:FORMAL-ARXIV-V12-Q-S0:2607.18366v1,ARX:FORMAL-ARXIV-V12-Q-D2:2607.18366v1,arxiv_id,REC-07988
DE-05904,ARX:FORMAL-ARXIV-V12-Q-S0:2607.18063v1,ARX:FORMAL-ARXIV-V12-Q-B1:2607.18063v1,arxiv_id,REC-03448
DE-05905,ARX:FORMAL-ARXIV-V12-Q-S0:2607.18046v1,ARX:FORMAL-ARXIV-V12-Q-A1:2607.18046v1,arxiv_id,REC-02655
DE-05906,ARX:FORMAL-ARXIV-V12-Q-S0:2607.17986v1,GS:GS-A1-04-015,arxiv_id,REC-00251
DE-05907,ARX:FORMAL-ARXIV-V12-Q-S0:2607.17535v1,ARX:FORMAL-ARXIV-V12-Q-B1:2607.17535v1,arxiv_id,REC-03449
DE-05908,ARX:FORMAL-ARXIV-V12-Q-S0:2607.15657v1,GS:GS-C1-01-093,arxiv_id,REC-01630
DE-05909,ARX:FORMAL-ARXIV-V12-Q-S0:2607.15550v1,GS:GS-B2-02-066,arxiv_id,REC-01206
DE-05910,ARX:FORMAL-ARXIV-V12-Q-S0:2607.14754v1,GS:GS-B4-03-056,arxiv_id,REC-01500
DE-05911,ARX:FORMAL-ARXIV-V12-Q-S0:2607.14611v1,GS:GS-C1-03-031,arxiv_id,REC-01680
DE-05912,ARX:FORMAL-ARXIV-V12-Q-S0:2607.14570v1,ARX:FORMAL-ARXIV-V12-Q-B3:2607.14570v1,arxiv_id,REC-03834
DE-05913,ARX:FORMAL-ARXIV-V12-Q-S0:2607.14340v1,ARX:FORMAL-ARXIV-V12-Q-D1:2607.14340v1,arxiv_id,REC-06794
DE-05914,ARX:FORMAL-ARXIV-V12-Q-S0:2607.13987v1,GS:GS-D2-02-091,arxiv_id,REC-02142
DE-05915,ARX:FORMAL-ARXIV-V12-Q-S0:2607.13718v2,GS:GS-C3-03-079,arxiv_id,REC-02025
DE-05916,ARX:FORMAL-ARXIV-V12-Q-S0:2607.13411v1,ARX:FORMAL-ARXIV-V12-Q-D1:2607.13411v1,arxiv_id,REC-06802
DE-05917,ARX:FORMAL-ARXIV-V12-Q-S0:2607.12624v1,ARX:FORMAL-ARXIV-V12-Q-B1:2607.12624v1,arxiv_id,REC-03452
DE-05918,ARX:FORMAL-ARXIV-V12-Q-S0:2607.12406v1,ARX:FORMAL-ARXIV-V12-Q-B1:2607.12406v1,arxiv_id,REC-03453
DE-05919,ARX:FORMAL-ARXIV-V12-Q-S0:2607.11751v1,ARX:FORMAL-ARXIV-V12-Q-C2:2607.11751v1,arxiv_id,REC-04964
DE-05920,ARX:FORMAL-ARXIV-V12-Q-S0:2607.13083v1,ARX:FORMAL-ARXIV-V12-Q-D2:2607.13083v1,arxiv_id,REC-08001
DE-05921,ARX:FORMAL-ARXIV-V12-Q-S0:2607.11288v1,GS:GS-A1-04-019,arxiv_id,REC-00254
DE-05922,ARX:FORMAL-ARXIV-V12-Q-S0:2607.13081v1,ARX:FORMAL-ARXIV-V12-Q-B1:2607.13081v1,arxiv_id,REC-03454
DE-05923,ARX:FORMAL-ARXIV-V12-Q-S0:2607.11086v1,GS:GS-B4-03-007,arxiv_id,REC-01465
DE-05924,ARX:FORMAL-ARXIV-V12-Q-S0:2607.10490v1,GS:GS-B1-02-027,arxiv_id,REC-01032
DE-05925,ARX:FORMAL-ARXIV-V12-Q-S0:2607.10487v1,GS:GS-C3-01-010,arxiv_id,REC-01915
DE-05926,ARX:FORMAL-ARXIV-V12-Q-S0:2607.09653v1,ARX:FORMAL-ARXIV-V12-Q-D2:2607.09653v1,arxiv_id,REC-08005
DE-05927,ARX:FORMAL-ARXIV-V12-Q-S0:2607.09076v1,ARX:FORMAL-ARXIV-V12-Q-D2:2607.09076v1,arxiv_id,REC-08006
DE-05928,ARX:FORMAL-ARXIV-V12-Q-S0:2607.08906v1,ARX:FORMAL-ARXIV-V12-Q-C3:2607.08906v1,arxiv_id,REC-05837
DE-05929,ARX:FORMAL-ARXIV-V12-Q-S0:2607.08395v1,ARX:FORMAL-ARXIV-V12-Q-C1:2607.08395v1,arxiv_id,REC-04310
DE-05930,ARX:FORMAL-ARXIV-V12-Q-S0:2607.08282v1,GS:GS-D2-03-084,arxiv_id,REC-02185
DE-05931,ARX:FORMAL-ARXIV-V12-Q-S0:2607.08147v1,ARX:FORMAL-ARXIV-V12-Q-A1:2607.08147v1,arxiv_id,REC-02666
DE-05932,ARX:FORMAL-ARXIV-V12-Q-S0:2607.07695v1,ARX:FORMAL-ARXIV-V12-Q-D1:2607.07695v1,arxiv_id,REC-06838
DE-05933,ARX:FORMAL-ARXIV-V12-Q-S0:2607.07474v1,ARX:FORMAL-ARXIV-V12-Q-D1:2607.07474v1,arxiv_id,REC-06841
DE-05934,ARX:FORMAL-ARXIV-V12-Q-S0:2607.07461v1,GS:GS-B4-03-039,arxiv_id,REC-01489
DE-05935,ARX:FORMAL-ARXIV-V12-Q-S0:2607.07433v1,ARX:FORMAL-ARXIV-V12-Q-B1:2607.07433v1,arxiv_id,REC-03456
DE-05936,ARX:FORMAL-ARXIV-V12-Q-S0:2607.06807v1,GS:GS-C1-02-096,arxiv_id,REC-01661
DE-05937,ARX:FORMAL-ARXIV-V12-Q-S0:2607.06700v1,ARX:FORMAL-ARXIV-V12-Q-C2:2607.06700v1,arxiv_id,REC-04972
DE-05938,ARX:FORMAL-ARXIV-V12-Q-S0:2607.06411v2,ARX:FORMAL-ARXIV-V12-Q-C3:2607.06411v2,arxiv_id,REC-05844
DE-05939,ARX:FORMAL-ARXIV-V12-Q-S0:2607.05743v1,ARX:FORMAL-ARXIV-V12-Q-B4:2607.05743v1,arxiv_id,REC-04132
DE-05940,ARX:FORMAL-ARXIV-V12-Q-S0:2607.06595v1,GS:GS-C1-01-008,arxiv_id,REC-01560
DE-05941,ARX:FORMAL-ARXIV-V12-Q-S0:2607.05518v1,ARX:FORMAL-ARXIV-V12-Q-C3:2607.05518v1,arxiv_id,REC-05847
DE-05942,ARX:FORMAL-ARXIV-V12-Q-S0:2607.05277v1,GS:GS-B1-01-077,arxiv_id,REC-00990
DE-05943,ARX:FORMAL-ARXIV-V12-Q-S0:2607.05189v1,GS:GS-C1-01-070,arxiv_id,REC-01613
DE-05944,ARX:FORMAL-ARXIV-V12-Q-S0:2607.05120v1,GS:GS-B1-03-006,arxiv_id,REC-01102
DE-05945,ARX:FORMAL-ARXIV-V12-Q-S0:2607.05029v1,GS:GS-C1-01-017,arxiv_id,REC-01568
DE-05946,ARX:FORMAL-ARXIV-V12-Q-S0:2607.04613v1,ARX:FORMAL-ARXIV-V12-Q-C3:2607.04613v1,arxiv_id,REC-05853
DE-05947,ARX:FORMAL-ARXIV-V12-Q-S0:2607.05462v2,ARX:FORMAL-ARXIV-V12-Q-D1:2607.05462v2,arxiv_id,REC-06851
DE-05948,ARX:FORMAL-ARXIV-V12-Q-S0:2607.03821v1,ARX:FORMAL-ARXIV-V12-Q-B1:2607.03821v1,arxiv_id,REC-03458
DE-05949,ARX:FORMAL-ARXIV-V12-Q-S0:2607.03628v1,ARX:FORMAL-ARXIV-V12-Q-C2:2607.03628v1,arxiv_id,REC-04976
DE-05950,ARX:FORMAL-ARXIV-V12-Q-S0:2607.03423v1,ARX:FORMAL-ARXIV-V12-Q-B3:2607.03423v1,arxiv_id,REC-03842
DE-05951,ARX:FORMAL-ARXIV-V12-Q-S0:2607.03269v1,ARX:FORMAL-ARXIV-V12-Q-C2:2607.03269v1,arxiv_id,REC-04978
DE-05952,ARX:FORMAL-ARXIV-V12-Q-S0:2607.01793v2,ARX:FORMAL-ARXIV-V12-Q-D1:2607.01793v2,arxiv_id,REC-06868
DE-05953,ARX:FORMAL-ARXIV-V12-Q-S0:2607.01668v1,ARX:FORMAL-ARXIV-V12-Q-C2:2607.01668v1,arxiv_id,REC-04980
DE-05954,ARX:FORMAL-ARXIV-V12-Q-S0:2607.01588v1,ARX:FORMAL-ARXIV-V12-Q-C2:2607.01588v1,arxiv_id,REC-04981
DE-05955,ARX:FORMAL-ARXIV-V12-Q-S0:2607.01510v1,ARX:FORMAL-ARXIV-V12-Q-C3:2607.01510v1,arxiv_id,REC-05863
DE-05956,ARX:FORMAL-ARXIV-V12-Q-S0:2607.01421v1,ARX:FORMAL-ARXIV-V12-Q-D1:2607.01421v1,arxiv_id,REC-06874
DE-05957,ARX:FORMAL-ARXIV-V12-Q-S0:2607.01136v1,ARX:FORMAL-ARXIV-V12-Q-B3:2607.01136v1,arxiv_id,REC-03845
DE-05958,ARX:FORMAL-ARXIV-V12-Q-S0:2607.00334v1,ARX:FORMAL-ARXIV-V12-Q-C3:2607.00334v1,arxiv_id,REC-05870
DE-05959,ARX:FORMAL-ARXIV-V12-Q-S0:2607.00333v2,ARX:FORMAL-ARXIV-V12-Q-A2W:2607.00333v2,arxiv_id,REC-03332
DE-05960,ARX:FORMAL-ARXIV-V12-Q-S0:2606.31227v1,ARX:FORMAL-ARXIV-V12-Q-B4:2606.31227v1,arxiv_id,REC-04136
DE-05961,ARX:FORMAL-ARXIV-V12-Q-S0:2606.30755v1,ARX:FORMAL-ARXIV-V12-Q-B1:2606.30755v1,arxiv_id,REC-03460
DE-05962,ARX:FORMAL-ARXIV-V12-Q-S0:2606.30602v1,GS:GS-C2-03-077,arxiv_id,REC-01900
DE-05963,ARX:FORMAL-ARXIV-V12-Q-S0:2606.30566v2,GS:GS-C1-01-024,arxiv_id,REC-01575
DE-05964,ARX:FORMAL-ARXIV-V12-Q-S0:2606.30555v3,ARX:FORMAL-ARXIV-V12-Q-C2:2606.30555v3,arxiv_id,REC-04985
DE-05965,ARX:FORMAL-ARXIV-V12-Q-S0:2606.29142v1,GS:GS-C2-02-097,arxiv_id,REC-01868
DE-05966,ARX:FORMAL-ARXIV-V12-Q-S0:2606.29073v1,GS:GS-B4-03-032,arxiv_id,REC-01484
DE-05967,ARX:FORMAL-ARXIV-V12-Q-S0:2606.28739v1,ARX:FORMAL-ARXIV-V12-Q-C3:2606.28739v1,arxiv_id,REC-05887
DE-05968,ARX:FORMAL-ARXIV-V12-Q-S0:2607.16249v1,ARX:FORMAL-ARXIV-V12-Q-B4:2607.16249v1,arxiv_id,REC-04138
DE-05969,ARX:FORMAL-ARXIV-V12-Q-S0:2606.28690v1,GS:GS-C2-02-045,arxiv_id,REC-01828
DE-05970,ARX:FORMAL-ARXIV-V12-Q-S0:2606.28679v1,GS:GS-C3-01-006,arxiv_id,REC-01912
DE-05971,ARX:FORMAL-ARXIV-V12-Q-S0:2606.28666v1,ARX:FORMAL-ARXIV-V12-Q-C3:2606.28666v1,arxiv_id,REC-05888
DE-05972,ARX:FORMAL-ARXIV-V12-Q-S0:2606.28235v1,ARX:FORMAL-ARXIV-V12-Q-C3:2606.28235v1,arxiv_id,REC-05891
DE-05973,ARX:FORMAL-ARXIV-V12-Q-S0:2606.27944v1,GS:GS-B2-02-080,arxiv_id,REC-01213
DE-05974,ARX:FORMAL-ARXIV-V12-Q-S0:2606.28450v1,ARX:FORMAL-ARXIV-V12-Q-D2:2606.28450v1,arxiv_id,REC-08037
DE-05975,ARX:FORMAL-ARXIV-V12-Q-S0:2606.27027v1,GS:GS-B3-02-039,arxiv_id,REC-01262
DE-05976,ARX:FORMAL-ARXIV-V12-Q-S0:2606.26479v1,GS:GS-B1-02-032,arxiv_id,REC-01037
DE-05977,ARX:FORMAL-ARXIV-V12-Q-S0:2606.26216v1,ARX:FORMAL-ARXIV-V12-Q-D2:2606.26216v1,arxiv_id,REC-08041
DE-05978,ARX:FORMAL-ARXIV-V12-Q-S0:2606.26057v1,ARX:FORMAL-ARXIV-V12-Q-C3:2606.26057v1,arxiv_id,REC-05897
DE-05979,ARX:FORMAL-ARXIV-V12-Q-S0:2606.25421v1,ARX:FORMAL-ARXIV-V12-Q-C3:2606.25421v1,arxiv_id,REC-05899
DE-05980,ARX:FORMAL-ARXIV-V12-Q-S0:2608.04018v1,ARX:FORMAL-ARXIV-V12-Q-D1:2608.04018v1,arxiv_id,REC-06912
DE-05981,ARX:FORMAL-ARXIV-V12-Q-S0:2606.24322v1,GS:GS-C1-01-027,arxiv_id,REC-01578
DE-05982,ARX:FORMAL-ARXIV-V12-Q-S0:2606.24245v3,ARX:FORMAL-ARXIV-V12-Q-C3:2606.24245v3,arxiv_id,REC-05904
DE-05983,ARX:FORMAL-ARXIV-V12-Q-S0:2606.23449v1,GS:GS-A1-04-008,arxiv_id,REC-00246
DE-05984,ARX:FORMAL-ARXIV-V12-Q-S0:2606.23416v1,ARX:FORMAL-ARXIV-V12-Q-B1:2606.23416v1,arxiv_id,REC-03466
DE-05985,ARX:FORMAL-ARXIV-V12-Q-S0:2606.23764v1,ARX:FORMAL-ARXIV-V12-Q-C2:2606.23764v1,arxiv_id,REC-04998
DE-05986,ARX:FORMAL-ARXIV-V12-Q-S0:2606.23075v1,GS:GS-B3-02-022,arxiv_id,REC-01249
DE-05987,ARX:FORMAL-ARXIV-V12-Q-S0:2606.22916v3,GS:GS-B3-02-063,arxiv_id,REC-01283
DE-05988,ARX:FORMAL-ARXIV-V12-Q-S0:2606.22864v1,GS:GS-B1-01-022,arxiv_id,REC-00963
DE-05989,ARX:FORMAL-ARXIV-V12-Q-S0:2606.22673v1,GS:GS-B1-01-096,arxiv_id,REC-01004
DE-05990,ARX:FORMAL-ARXIV-V12-Q-S0:2606.22528v2,GS:GS-D2-03-078,arxiv_id,REC-02181
DE-05991,ARX:FORMAL-ARXIV-V12-Q-S0:2606.22504v1,ARX:FORMAL-ARXIV-V12-Q-C3:2606.22504v1,arxiv_id,REC-05911
DE-05992,ARX:FORMAL-ARXIV-V12-Q-S0:2606.22263v1,ARX:FORMAL-ARXIV-V12-Q-C1:2606.22263v1,arxiv_id,REC-04334
DE-05993,ARX:FORMAL-ARXIV-V12-Q-S0:2606.22030v2,ARX:FORMAL-ARXIV-V12-Q-C1:2606.22030v2,arxiv_id,REC-04337
DE-05994,ARX:FORMAL-ARXIV-V12-Q-S0:2606.21877v1,ARX:FORMAL-ARXIV-V12-Q-C2:2606.21877v1,arxiv_id,REC-05001
DE-05995,ARX:FORMAL-ARXIV-V12-Q-S0:2606.21338v1,GS:GS-B4-03-095,arxiv_id,REC-01521
DE-05996,ARX:FORMAL-ARXIV-V12-Q-S0:2606.21129v1,ARX:FORMAL-ARXIV-V12-Q-B1:2606.21129v1,arxiv_id,REC-03468
DE-05997,ARX:FORMAL-ARXIV-V12-Q-S0:2606.20922v1,GS:GS-B1-01-056,arxiv_id,REC-00979
DE-05998,ARX:FORMAL-ARXIV-V12-Q-S0:2606.20520v2,ARX:FORMAL-ARXIV-V12-Q-C3:2606.20520v2,arxiv_id,REC-05917
DE-05999,ARX:FORMAL-ARXIV-V12-Q-S0:2606.20470v2,ARX:FORMAL-ARXIV-V12-Q-B1:2606.20470v2,arxiv_id,REC-03469
DE-06000,ARX:FORMAL-ARXIV-V12-Q-S0:2606.20408v3,ARX:FORMAL-ARXIV-V12-Q-D1:2606.20408v3,arxiv_id,REC-06933
DE-06001,ARX:FORMAL-ARXIV-V12-Q-S0:2606.20023v2,GS:GS-C3-03-009,arxiv_id,REC-02010
DE-06002,ARX:FORMAL-ARXIV-V12-Q-S0:2606.19501v2,ARX:FORMAL-ARXIV-V12-Q-D1:2606.19501v2,arxiv_id,REC-06936
DE-06003,ARX:FORMAL-ARXIV-V12-Q-S0:2606.18467v1,ARX:FORMAL-ARXIV-V12-Q-D1:2606.18467v1,arxiv_id,REC-06943
DE-06004,ARX:FORMAL-ARXIV-V12-Q-S0:2606.18198v1,ARX:FORMAL-ARXIV-V12-Q-B3:2606.18198v1,arxiv_id,REC-03854
DE-06005,ARX:FORMAL-ARXIV-V12-Q-S0:2606.18168v1,ARX:FORMAL-ARXIV-V12-Q-C3:2606.18168v1,arxiv_id,REC-05923
DE-06006,ARX:FORMAL-ARXIV-V12-Q-S0:2606.20717v1,GS:GS-B2-01-006,arxiv_id,REC-01119
DE-06007,ARX:FORMAL-ARXIV-V12-Q-S0:2606.16465v2,ARX:FORMAL-ARXIV-V12-Q-C3:2606.16465v2,arxiv_id,REC-05931
DE-06008,ARX:FORMAL-ARXIV-V12-Q-S0:2606.17114v1,ARX:FORMAL-ARXIV-V12-Q-B1:2606.17114v1,arxiv_id,REC-03475
DE-06009,ARX:FORMAL-ARXIV-V12-Q-S0:2606.16420v1,ARX:FORMAL-ARXIV-V12-Q-D1:2606.16420v1,arxiv_id,REC-06957
DE-06010,ARX:FORMAL-ARXIV-V12-Q-S0:2606.16287v2,ARX:FORMAL-ARXIV-V12-Q-B3:2606.16287v2,arxiv_id,REC-03858
DE-06011,ARX:FORMAL-ARXIV-V12-Q-S0:2606.15899v1,GS:GS-C1-02-084,arxiv_id,REC-01654
DE-06012,ARX:FORMAL-ARXIV-V12-Q-S0:2606.15485v2,ARX:FORMAL-ARXIV-V12-Q-D2:2606.15485v2,arxiv_id,REC-08068
DE-06013,ARX:FORMAL-ARXIV-V12-Q-S0:2606.15473v1,ARX:FORMAL-ARXIV-V12-Q-D1:2606.15473v1,arxiv_id,REC-06962
DE-06014,ARX:FORMAL-ARXIV-V12-Q-S0:2606.15385v1,ARX:FORMAL-ARXIV-V12-Q-D2:2606.15385v1,arxiv_id,REC-08069
DE-06015,ARX:FORMAL-ARXIV-V12-Q-S0:2606.15242v1,ARX:FORMAL-ARXIV-V12-Q-B3:2606.15242v1,arxiv_id,REC-03861
DE-06016,ARX:FORMAL-ARXIV-V12-Q-S0:2606.15077v1,ARX:FORMAL-ARXIV-V12-Q-D1:2606.15077v1,arxiv_id,REC-06964
DE-06017,ARX:FORMAL-ARXIV-V12-Q-S0:2606.15057v2,ARX:FORMAL-ARXIV-V12-Q-B1:2606.15057v2,arxiv_id,REC-03477
DE-06018,ARX:FORMAL-ARXIV-V12-Q-S0:2606.15034v1,ARX:FORMAL-ARXIV-V12-Q-A1:2606.15034v1,arxiv_id,REC-02694
DE-06019,ARX:FORMAL-ARXIV-V12-Q-S0:2606.14517v2,ARX:FORMAL-ARXIV-V12-Q-B1:2606.14517v2,arxiv_id,REC-03479
DE-06020,ARX:FORMAL-ARXIV-V12-Q-S0:2606.14168v1,ARX:FORMAL-ARXIV-V12-Q-C3:2606.14168v1,arxiv_id,REC-05942
DE-06021,ARX:FORMAL-ARXIV-V12-Q-S0:2606.14154v1,ARX:FORMAL-ARXIV-V12-Q-B1:2606.14154v1,arxiv_id,REC-03480
DE-06022,ARX:FORMAL-ARXIV-V12-Q-S0:2606.13884v1,GS:GS-C3-03-008,arxiv_id,REC-02009
DE-06023,ARX:FORMAL-ARXIV-V12-Q-S0:2606.13385v2,ARX:FORMAL-ARXIV-V12-Q-A1:2606.13385v2,arxiv_id,REC-02696
DE-06024,ARX:FORMAL-ARXIV-V12-Q-S0:2606.12896v2,ARX:FORMAL-ARXIV-V12-Q-B2:2606.12896v2,arxiv_id,REC-03717
DE-06025,ARX:FORMAL-ARXIV-V12-Q-S0:2606.12797v1,GS:GS-C1-02-088,arxiv_id,REC-01658
DE-06026,ARX:FORMAL-ARXIV-V12-Q-S0:2606.12709v1,ARX:FORMAL-ARXIV-V12-Q-B1:2606.12709v1,arxiv_id,REC-03483
DE-06027,ARX:FORMAL-ARXIV-V12-Q-S0:2606.12703v1,GS:GS-C1-01-034,arxiv_id,REC-01582
DE-06028,ARX:FORMAL-ARXIV-V12-Q-S0:2606.12666v2,GS:GS-B2-02-100,arxiv_id,REC-01225
DE-06029,ARX:FORMAL-ARXIV-V12-Q-S0:2606.11688v1,ARX:FORMAL-ARXIV-V12-Q-D1:2606.11688v1,arxiv_id,REC-06983
DE-06030,ARX:FORMAL-ARXIV-V12-Q-S0:2606.12474v1,GS:GS-B3-03-092,arxiv_id,REC-01358
DE-06031,ARX:FORMAL-ARXIV-V12-Q-S0:2606.11671v1,ARX:FORMAL-ARXIV-V12-Q-B3:2606.11671v1,arxiv_id,REC-03866
DE-06032,ARX:FORMAL-ARXIV-V12-Q-S0:2606.10749v1,GS:GS-A1-05-083,arxiv_id,REC-00406
DE-06033,ARX:FORMAL-ARXIV-V12-Q-S0:2606.10742v1,GS:GS-C1-01-013,arxiv_id,REC-01565
DE-06034,ARX:FORMAL-ARXIV-V12-Q-S0:2606.10546v2,ARX:FORMAL-ARXIV-V12-Q-C3:2606.10546v2,arxiv_id,REC-05959
DE-06035,ARX:FORMAL-ARXIV-V12-Q-S0:2606.10525v1,GS:GS-B1-02-039,arxiv_id,REC-01044
DE-06036,ARX:FORMAL-ARXIV-V12-Q-S0:2606.10484v1,GS:GS-B3-02-061,arxiv_id,REC-01281
DE-06037,ARX:FORMAL-ARXIV-V12-Q-S0:2606.10323v1,ARX:FORMAL-ARXIV-V12-Q-C2:2606.10323v1,arxiv_id,REC-05013
DE-06038,ARX:FORMAL-ARXIV-V12-Q-S0:2606.09315v1,ARX:FORMAL-ARXIV-V12-Q-B1:2606.09315v1,arxiv_id,REC-03485
DE-06039,ARX:FORMAL-ARXIV-V12-Q-S0:2606.09084v1,ARX:FORMAL-ARXIV-V12-Q-C1:2606.09084v1,arxiv_id,REC-04360
DE-06040,ARX:FORMAL-ARXIV-V12-Q-S0:2606.08661v1,GS:GS-C3-01-090,arxiv_id,REC-01955
DE-06041,ARX:FORMAL-ARXIV-V12-Q-S0:2606.08531v2,ARX:FORMAL-ARXIV-V12-Q-C3:2606.08531v2,arxiv_id,REC-05965
DE-06042,ARX:FORMAL-ARXIV-V12-Q-S0:2606.07943v2,GS:GS-B3-02-029,arxiv_id,REC-01254
DE-06043,ARX:FORMAL-ARXIV-V12-Q-S0:2606.07941v1,ARX:FORMAL-ARXIV-V12-Q-B3:2606.07941v1,arxiv_id,REC-03868
DE-06044,ARX:FORMAL-ARXIV-V12-Q-S0:2606.07940v1,ARX:FORMAL-ARXIV-V12-Q-C2:2606.07940v1,arxiv_id,REC-05018
DE-06045,ARX:FORMAL-ARXIV-V12-Q-S0:2606.07867v1,ARX:FORMAL-ARXIV-V12-Q-D1:2606.07867v1,arxiv_id,REC-06996
DE-06046,ARX:FORMAL-ARXIV-V12-Q-S0:2606.07803v2,ARX:FORMAL-ARXIV-V12-Q-D1:2606.07803v2,arxiv_id,REC-06997
DE-06047,ARX:FORMAL-ARXIV-V12-Q-S0:2606.07131v3,ARX:FORMAL-ARXIV-V12-Q-B1:2606.07131v3,arxiv_id,REC-03488
DE-06048,ARX:FORMAL-ARXIV-V12-Q-S0:2607.09674v1,ARX:FORMAL-ARXIV-V12-Q-C3:2607.09674v1,arxiv_id,REC-05971
DE-06049,ARX:FORMAL-ARXIV-V12-Q-S0:2606.06914v1,GS:GS-B2-03-041,arxiv_id,REC-01226
DE-06050,ARX:FORMAL-ARXIV-V12-Q-S0:2606.06387v1,GS:GS-B3-03-013,arxiv_id,REC-01319
DE-06051,ARX:FORMAL-ARXIV-V12-Q-S0:2606.06223v2,ARX:FORMAL-ARXIV-V12-Q-D2:2606.06223v2,arxiv_id,REC-08091
DE-06052,ARX:FORMAL-ARXIV-V12-Q-S0:2606.05805v1,GS:GS-B2-01-095,arxiv_id,REC-01181
DE-06053,ARX:FORMAL-ARXIV-V12-Q-S0:2606.05743v1,GS:GS-C1-02-054,arxiv_id,REC-01643
DE-06054,ARX:FORMAL-ARXIV-V12-Q-S0:2606.05679v1,ARX:FORMAL-ARXIV-V12-Q-B3:2606.05679v1,arxiv_id,REC-03871
DE-06055,ARX:FORMAL-ARXIV-V12-Q-S0:2606.04903v1,GS:GS-C3-01-047,arxiv_id,REC-01936
DE-06056,ARX:FORMAL-ARXIV-V12-Q-S0:2606.04769v1,GS:GS-B4-04-055,arxiv_id,REC-01536
DE-06057,ARX:FORMAL-ARXIV-V12-Q-S0:2606.06529v1,ARX:FORMAL-ARXIV-V12-Q-D1:2606.06529v1,arxiv_id,REC-07006
DE-06058,ARX:FORMAL-ARXIV-V12-Q-S0:2606.04425v2,GS:GS-B1-02-050,arxiv_id,REC-01054
DE-06059,ARX:FORMAL-ARXIV-V12-Q-S0:2606.05233v1,GS:GS-A1-02-040,arxiv_id,REC-00115
DE-06060,ARX:FORMAL-ARXIV-V12-Q-S0:2606.04329v2,GS:GS-C1-01-011,arxiv_id,REC-01563
DE-06061,ARX:FORMAL-ARXIV-V12-Q-S0:2606.03518v1,ARX:FORMAL-ARXIV-V12-Q-C2:2606.03518v1,arxiv_id,REC-05032
DE-06062,ARX:FORMAL-ARXIV-V12-Q-S0:2606.03453v1,ARX:FORMAL-ARXIV-V12-Q-C2:2606.03453v1,arxiv_id,REC-05034
DE-06063,ARX:FORMAL-ARXIV-V12-Q-S0:2606.04051v1,ARX:FORMAL-ARXIV-V12-Q-D1:2606.04051v1,arxiv_id,REC-07014
DE-06064,ARX:FORMAL-ARXIV-V12-Q-S0:2606.03190v1,ARX:FORMAL-ARXIV-V12-Q-D2:2606.03190v1,arxiv_id,REC-08101
DE-06065,ARX:FORMAL-ARXIV-V12-Q-S0:2606.03024v2,GS:GS-C3-03-050,arxiv_id,REC-02019
DE-06066,ARX:FORMAL-ARXIV-V12-Q-S0:2606.02302v1,GS:GS-B3-02-069,arxiv_id,REC-01289
DE-06067,ARX:FORMAL-ARXIV-V12-Q-S0:2606.02240v3,ARX:FORMAL-ARXIV-V12-Q-B1:2606.02240v3,arxiv_id,REC-03493
DE-06068,ARX:FORMAL-ARXIV-V12-Q-S0:2606.01991v1,ARX:FORMAL-ARXIV-V12-Q-B4:2606.01991v1,arxiv_id,REC-04156
DE-06069,ARX:FORMAL-ARXIV-V12-Q-S0:2606.01567v2,ARX:FORMAL-ARXIV-V12-Q-D2:2606.01567v2,arxiv_id,REC-08104
DE-06070,ARX:FORMAL-ARXIV-V12-Q-S0:2606.01434v1,ARX:FORMAL-ARXIV-V12-Q-C3:2606.01434v1,arxiv_id,REC-06001
DE-06071,ARX:FORMAL-ARXIV-V12-Q-S0:2606.01139v3,ARX:FORMAL-ARXIV-V12-Q-C3:2606.01139v3,arxiv_id,REC-06002
DE-06072,ARX:FORMAL-ARXIV-V12-Q-S0:2606.00925v1,ARX:FORMAL-ARXIV-V12-Q-B3:2606.00925v1,arxiv_id,REC-03875
DE-06073,ARX:FORMAL-ARXIV-V12-Q-S0:2606.00611v1,ARX:FORMAL-ARXIV-V12-Q-D1:2606.00611v1,arxiv_id,REC-07035
DE-06074,ARX:FORMAL-ARXIV-V12-Q-S0:2606.00497v1,ARX:FORMAL-ARXIV-V12-Q-A1:2606.00497v1,arxiv_id,REC-02718
DE-06075,ARX:FORMAL-ARXIV-V12-Q-S0:2606.00448v1,ARX:FORMAL-ARXIV-V12-Q-D1:2606.00448v1,arxiv_id,REC-07038
DE-06076,ARX:FORMAL-ARXIV-V12-Q-S0:2606.00370v1,ARX:FORMAL-ARXIV-V12-Q-C3:2606.00370v1,arxiv_id,REC-06006
DE-06077,ARX:FORMAL-ARXIV-V12-Q-S0:2605.31042v1,ARX:FORMAL-ARXIV-V12-Q-B1:2605.31042v1,arxiv_id,REC-03494
DE-06078,ARX:FORMAL-ARXIV-V12-Q-S0:2605.30777v3,ARX:FORMAL-ARXIV-V12-Q-C3:2605.30777v3,arxiv_id,REC-06012
DE-06079,ARX:FORMAL-ARXIV-V12-Q-S0:2605.30686v1,ARX:FORMAL-ARXIV-V12-Q-B1:2605.30686v1,arxiv_id,REC-03496
DE-06080,ARX:FORMAL-ARXIV-V12-Q-S0:2605.30677v1,ARX:FORMAL-ARXIV-V12-Q-B1:2605.30677v1,arxiv_id,REC-03497
DE-06081,ARX:FORMAL-ARXIV-V12-Q-S0:2605.30667v1,ARX:FORMAL-ARXIV-V12-Q-B1:2605.30667v1,arxiv_id,REC-03498
DE-06082,ARX:FORMAL-ARXIV-V12-Q-S0:2605.29960v1,GS:GS-C1-01-016,arxiv_id,REC-01567
DE-06083,ARX:FORMAL-ARXIV-V12-Q-S0:2605.29801v1,ARX:FORMAL-ARXIV-V12-Q-D2:2605.29801v1,arxiv_id,REC-08110
DE-06084,ARX:FORMAL-ARXIV-V12-Q-S0:2605.29354v1,GS:GS-B3-02-038,arxiv_id,REC-01261
DE-06085,ARX:FORMAL-ARXIV-V12-Q-S0:2605.29224v1,ARX:FORMAL-ARXIV-V12-Q-D1:2605.29224v1,arxiv_id,REC-07053
DE-06086,ARX:FORMAL-ARXIV-V12-Q-S0:2605.28914v1,GS:GS-C3-02-003,arxiv_id,REC-01964
DE-06087,ARX:FORMAL-ARXIV-V12-Q-S0:2605.28214v1,ARX:FORMAL-ARXIV-V12-Q-C2:2605.28214v1,arxiv_id,REC-05049
DE-06088,ARX:FORMAL-ARXIV-V12-Q-S0:2605.28201v1,GS:GS-B3-02-067,arxiv_id,REC-01287
DE-06089,ARX:FORMAL-ARXIV-V12-Q-S0:2605.28116v1,GS:GS-B2-01-029,arxiv_id,REC-01133
DE-06090,ARX:FORMAL-ARXIV-V12-Q-S0:2605.28104v1,GS:GS-C2-03-014,arxiv_id,REC-01874
DE-06091,ARX:FORMAL-ARXIV-V12-Q-S0:2605.27825v1,ARX:FORMAL-ARXIV-V12-Q-C1:2605.27825v1,arxiv_id,REC-04386
DE-06092,ARX:FORMAL-ARXIV-V12-Q-S0:2605.27690v1,ARX:FORMAL-ARXIV-V12-Q-D1:2605.27690v1,arxiv_id,REC-07065
DE-06093,ARX:FORMAL-ARXIV-V12-Q-S0:2605.27333v1,ARX:FORMAL-ARXIV-V12-Q-D1:2605.27333v1,arxiv_id,REC-07067
DE-06094,ARX:FORMAL-ARXIV-V12-Q-S0:2605.26497v1,GS:GS-C3-01-008,arxiv_id,REC-01914
DE-06095,ARX:FORMAL-ARXIV-V12-Q-S0:2607.19356v1,GS:GS-D2-02-005,arxiv_id,REC-02100
DE-06096,ARX:FORMAL-ARXIV-V12-Q-S0:2605.26298v1,ARX:FORMAL-ARXIV-V12-Q-C3:2605.26298v1,arxiv_id,REC-06029
DE-06097,ARX:FORMAL-ARXIV-V12-Q-S0:2605.26269v1,GS:GS-B1-02-040,arxiv_id,REC-01045
DE-06098,ARX:FORMAL-ARXIV-V12-Q-S0:2605.25871v1,ARX:FORMAL-ARXIV-V12-Q-B1:2605.25871v1,arxiv_id,REC-03503
DE-06099,ARX:FORMAL-ARXIV-V12-Q-S0:2605.25632v1,ARX:FORMAL-ARXIV-V12-Q-C3:2605.25632v1,arxiv_id,REC-06032
DE-06100,ARX:FORMAL-ARXIV-V12-Q-S0:2605.25435v1,GS:GS-B3-03-062,arxiv_id,REC-01344
DE-06101,ARX:FORMAL-ARXIV-V12-Q-S0:2605.26154v1,GS:GS-C1-01-022,arxiv_id,REC-01573
DE-06102,ARX:FORMAL-ARXIV-V12-Q-S0:2605.24659v1,GS:GS-B1-02-017,arxiv_id,REC-01022
DE-06103,ARX:FORMAL-ARXIV-V12-Q-S0:2605.24309v1,GS:GS-A2W-03-058,arxiv_id,REC-00857
DE-06104,ARX:FORMAL-ARXIV-V12-Q-S0:2605.23723v1,GS:GS-C1-01-026,arxiv_id,REC-01577
DE-06105,ARX:FORMAL-ARXIV-V12-Q-S0:2605.24069v1,ARX:FORMAL-ARXIV-V12-Q-B3:2605.24069v1,arxiv_id,REC-03885
DE-06106,ARX:FORMAL-ARXIV-V12-Q-S0:2605.22643v2,GS:GS-C3-02-029,arxiv_id,REC-01986
DE-06107,ARX:FORMAL-ARXIV-V12-Q-S0:2605.22568v1,ARX:FORMAL-ARXIV-V12-Q-D1:2605.22568v1,arxiv_id,REC-07095
DE-06108,ARX:FORMAL-ARXIV-V12-Q-S0:2605.22333v1,GS:GS-B4-03-016,arxiv_id,REC-01472
DE-06109,ARX:FORMAL-ARXIV-V12-Q-S0:2605.22321v2,GS:GS-D2-02-076,arxiv_id,REC-02131
DE-06110,ARX:FORMAL-ARXIV-V12-Q-S0:2605.22154v1,ARX:FORMAL-ARXIV-V12-Q-D3:2605.22154v1,arxiv_id,REC-09133
DE-06111,ARX:FORMAL-ARXIV-V12-Q-S0:2605.22001v1,ARX:FORMAL-ARXIV-V12-Q-C2:2605.22001v1,arxiv_id,REC-05068
DE-06112,ARX:FORMAL-ARXIV-V12-Q-S0:2605.21996v1,ARX:FORMAL-ARXIV-V12-Q-C3:2605.21996v1,arxiv_id,REC-06046
DE-06113,ARX:FORMAL-ARXIV-V12-Q-S0:2605.21694v1,GS:GS-B3-03-099,arxiv_id,REC-01362
DE-06114,ARX:FORMAL-ARXIV-V12-Q-S0:2605.21392v2,GS:GS-B1-01-075,arxiv_id,REC-00989
DE-06115,ARX:FORMAL-ARXIV-V12-Q-S0:2606.00067v1,ARX:FORMAL-ARXIV-V12-Q-D3:2606.00067v1,arxiv_id,REC-09135
DE-06116,ARX:FORMAL-ARXIV-V12-Q-S0:2605.19722v1,ARX:FORMAL-ARXIV-V12-Q-B4:2605.19722v1,arxiv_id,REC-04162
DE-06117,ARX:FORMAL-ARXIV-V12-Q-S0:2605.19240v1,ARX:FORMAL-ARXIV-V12-Q-C2:2605.19240v1,arxiv_id,REC-05075
DE-06118,ARX:FORMAL-ARXIV-V12-Q-S0:2605.19192v2,GS:GS-B2-01-094,arxiv_id,REC-01180
DE-06119,ARX:FORMAL-ARXIV-V12-Q-S0:2605.18991v2,GS:GS-C3-03-011,arxiv_id,REC-02011
DE-06120,ARX:FORMAL-ARXIV-V12-Q-S0:2605.18930v1,GS:GS-C1-01-082,arxiv_id,REC-01621
DE-06121,ARX:FORMAL-ARXIV-V12-Q-S0:2605.17986v3,ARX:FORMAL-ARXIV-V12-Q-B1:2605.17986v3,arxiv_id,REC-03508
DE-06122,ARX:FORMAL-ARXIV-V12-Q-S0:2605.17830v1,GS:GS-C1-01-066,arxiv_id,REC-01610
DE-06123,ARX:FORMAL-ARXIV-V12-Q-S0:2605.17634v1,ARX:FORMAL-ARXIV-V12-Q-B1:2605.17634v1,arxiv_id,REC-03510
DE-06124,ARX:FORMAL-ARXIV-V12-Q-S0:2605.17480v3,ARX:FORMAL-ARXIV-V12-Q-C2:2605.17480v3,arxiv_id,REC-05079
DE-06125,ARX:FORMAL-ARXIV-V12-Q-S0:2605.17380v1,ARX:FORMAL-ARXIV-V12-Q-B1:2605.17380v1,arxiv_id,REC-03511
DE-06126,ARX:FORMAL-ARXIV-V12-Q-S0:2605.23989v1,ARX:FORMAL-ARXIV-V12-Q-D2:2605.23989v1,arxiv_id,REC-08135
DE-06127,ARX:FORMAL-ARXIV-V12-Q-S0:2605.17324v1,ARX:FORMAL-ARXIV-V12-Q-B1:2605.17324v1,arxiv_id,REC-03512
DE-06128,ARX:FORMAL-ARXIV-V12-Q-S0:2605.28850v2,ARX:FORMAL-ARXIV-V12-Q-D1:2605.28850v2,arxiv_id,REC-07122
DE-06129,ARX:FORMAL-ARXIV-V12-Q-S0:2605.16976v1,GS:GS-C3-01-058,arxiv_id,REC-01941
DE-06130,ARX:FORMAL-ARXIV-V12-Q-S0:2605.16626v2,GS:GS-D2-02-100,arxiv_id,REC-02147
DE-06131,ARX:FORMAL-ARXIV-V12-Q-S0:2605.15569v1,ARX:FORMAL-ARXIV-V12-Q-C3:2605.15569v1,arxiv_id,REC-06070
DE-06132,ARX:FORMAL-ARXIV-V12-Q-S0:2605.16436v1,ARX:FORMAL-ARXIV-V12-Q-D2:2605.16436v1,arxiv_id,REC-08144
DE-06133,ARX:FORMAL-ARXIV-V12-Q-S0:2605.15338v2,GS:GS-C1-01-010,arxiv_id,REC-01562
DE-06134,ARX:FORMAL-ARXIV-V12-Q-S0:2607.20452v1,ARX:FORMAL-ARXIV-V12-Q-C2:2607.20452v1,arxiv_id,REC-05082
DE-06135,ARX:FORMAL-ARXIV-V12-Q-S0:2605.15281v1,ARX:FORMAL-ARXIV-V12-Q-C3:2605.15281v1,arxiv_id,REC-06073
DE-06136,ARX:FORMAL-ARXIV-V12-Q-S0:2605.15030v1,GS:GS-B1-01-011,arxiv_id,REC-00959
DE-06137,ARX:FORMAL-ARXIV-V12-Q-S0:2605.14932v1,GS:GS-C3-03-071,arxiv_id,REC-02024
DE-06138,ARX:FORMAL-ARXIV-V12-Q-S0:2605.14859v2,GS:GS-B1-01-069,arxiv_id,REC-00986
DE-06139,ARX:FORMAL-ARXIV-V12-Q-S0:2605.14460v1,GS:GS-B3-03-025,arxiv_id,REC-01324
DE-06140,ARX:FORMAL-ARXIV-V12-Q-S0:2605.14271v2,GS:GS-C3-02-013,arxiv_id,REC-01973
DE-06141,ARX:FORMAL-ARXIV-V12-Q-S0:2605.15228v1,ARX:FORMAL-ARXIV-V12-Q-C2:2605.15228v1,arxiv_id,REC-05085
DE-06142,ARX:FORMAL-ARXIV-V12-Q-S0:2605.13631v2,ARX:FORMAL-ARXIV-V12-Q-A1:2605.13631v2,arxiv_id,REC-02749
DE-06143,ARX:FORMAL-ARXIV-V12-Q-S0:2605.13471v1,ARX:FORMAL-ARXIV-V12-Q-B1:2605.13471v1,arxiv_id,REC-03514
DE-06144,ARX:FORMAL-ARXIV-V12-Q-S0:2605.13213v1,GS:GS-C2-03-055,arxiv_id,REC-01889
DE-06145,ARX:FORMAL-ARXIV-V12-Q-S0:2605.13170v1,ARX:FORMAL-ARXIV-V12-Q-C2:2605.13170v1,arxiv_id,REC-05087
DE-06146,ARX:FORMAL-ARXIV-V12-Q-S0:2605.13134v1,ARX:FORMAL-ARXIV-V12-Q-C2:2605.13134v1,arxiv_id,REC-05088
DE-06147,ARX:FORMAL-ARXIV-V12-Q-S0:2605.13044v1,ARX:FORMAL-ARXIV-V12-Q-B1:2605.13044v1,arxiv_id,REC-03516
DE-06148,ARX:FORMAL-ARXIV-V12-Q-S0:2607.19351v1,ARX:FORMAL-ARXIV-V12-Q-C2:2607.19351v1,arxiv_id,REC-05090
DE-06149,ARX:FORMAL-ARXIV-V12-Q-S0:2605.12729v2,GS:GS-C3-04-063,arxiv_id,REC-02047
DE-06150,ARX:FORMAL-ARXIV-V12-Q-S0:2605.22842v1,GS:GS-C1-01-014,arxiv_id,REC-01566
DE-06151,ARX:FORMAL-ARXIV-V12-Q-S0:2605.12364v1,ARX:FORMAL-ARXIV-V12-Q-C3:2605.12364v1,arxiv_id,REC-06080
DE-06152,ARX:FORMAL-ARXIV-V12-Q-S0:2605.12015v2,ARX:FORMAL-ARXIV-V12-Q-D1:2605.12015v2,arxiv_id,REC-07144
DE-06153,ARX:FORMAL-ARXIV-V12-Q-S0:2605.12571v1,ARX:FORMAL-ARXIV-V12-Q-C3:2605.12571v1,arxiv_id,REC-06084
DE-06154,ARX:FORMAL-ARXIV-V12-Q-S0:2605.11882v1,ARX:FORMAL-ARXIV-V12-Q-D1:2605.11882v1,arxiv_id,REC-07147
DE-06155,ARX:FORMAL-ARXIV-V12-Q-S0:2605.11868v1,ARX:FORMAL-ARXIV-V12-Q-B1:2605.11868v1,arxiv_id,REC-03518
DE-06156,ARX:FORMAL-ARXIV-V12-Q-S0:2605.11781v1,ARX:FORMAL-ARXIV-V12-Q-C3:2605.11781v1,arxiv_id,REC-06085
DE-06157,ARX:FORMAL-ARXIV-V12-Q-S0:2605.11487v1,ARX:FORMAL-ARXIV-V12-Q-C3:2605.11487v1,arxiv_id,REC-06088
DE-06158,ARX:FORMAL-ARXIV-V12-Q-S0:2605.11418v1,ARX:FORMAL-ARXIV-V12-Q-B3:2605.11418v1,arxiv_id,REC-03902
DE-06159,ARX:FORMAL-ARXIV-V12-Q-S0:2605.11360v1,ARX:FORMAL-ARXIV-V12-Q-B4:2605.11360v1,arxiv_id,REC-04166
DE-06160,ARX:FORMAL-ARXIV-V12-Q-S0:2605.11229v1,ARX:FORMAL-ARXIV-V12-Q-D1:2605.11229v1,arxiv_id,REC-07149
DE-06161,ARX:FORMAL-ARXIV-V12-Q-S0:2605.11086v1,ARX:FORMAL-ARXIV-V12-Q-D2:2605.11086v1,arxiv_id,REC-08160
DE-06162,ARX:FORMAL-ARXIV-V12-Q-S0:2605.10763v1,ARX:FORMAL-ARXIV-V12-Q-C3:2605.10763v1,arxiv_id,REC-06091
DE-06163,ARX:FORMAL-ARXIV-V12-Q-S0:2605.11053v3,GS:GS-B3-02-028,arxiv_id,REC-01253
DE-06164,ARX:FORMAL-ARXIV-V12-Q-S0:2605.11047v2,ARX:FORMAL-ARXIV-V12-Q-B1:2605.11047v2,arxiv_id,REC-03521
DE-06165,ARX:FORMAL-ARXIV-V12-Q-S0:2605.11039v1,GS:GS-B1-01-063,arxiv_id,REC-00983
DE-06166,ARX:FORMAL-ARXIV-V12-Q-S0:2605.09889v1,ARX:FORMAL-ARXIV-V12-Q-C2:2605.09889v1,arxiv_id,REC-05097
DE-06167,ARX:FORMAL-ARXIV-V12-Q-S0:2605.09822v1,GS:GS-B3-02-035,arxiv_id,REC-01259
DE-06168,ARX:FORMAL-ARXIV-V12-Q-S0:2605.09721v1,GS:GS-C3-03-036,arxiv_id,REC-02014
DE-06169,ARX:FORMAL-ARXIV-V12-Q-S0:2605.09594v1,GS:GS-C3-04-075,arxiv_id,REC-02053
DE-06170,ARX:FORMAL-ARXIV-V12-Q-S0:2605.11003v1,ARX:FORMAL-ARXIV-V12-Q-C1:2605.11003v1,arxiv_id,REC-04408
DE-06171,ARX:FORMAL-ARXIV-V12-Q-S0:2605.09163v3,ARX:FORMAL-ARXIV-V12-Q-D3:2605.09163v3,arxiv_id,REC-09144
DE-06172,ARX:FORMAL-ARXIV-V12-Q-S0:2605.09033v3,GS:GS-C1-01-038,arxiv_id,REC-01585
DE-06173,ARX:FORMAL-ARXIV-V12-Q-S0:2605.08463v2,ARX:FORMAL-ARXIV-V12-Q-D2:2605.08463v2,arxiv_id,REC-08167
DE-06174,ARX:FORMAL-ARXIV-V12-Q-S0:2605.08460v1,GS:GS-C3-04-042,arxiv_id,REC-02042
DE-06175,ARX:FORMAL-ARXIV-V12-Q-S0:2605.08442v5,GS:GS-C1-03-024,arxiv_id,REC-01676
DE-06176,ARX:FORMAL-ARXIV-V12-Q-S0:2605.07836v1,GS:GS-B4-04-056,arxiv_id,REC-01537
DE-06177,ARX:FORMAL-ARXIV-V12-Q-S0:2605.08310v1,ARX:FORMAL-ARXIV-V12-Q-A1:2605.08310v1,arxiv_id,REC-02757
DE-06178,ARX:FORMAL-ARXIV-V12-Q-S0:2605.08268v1,ARX:FORMAL-ARXIV-V12-Q-C2:2605.08268v1,arxiv_id,REC-05106
DE-06179,ARX:FORMAL-ARXIV-V12-Q-S0:2605.07135v1,ARX:FORMAL-ARXIV-V12-Q-C3:2605.07135v1,arxiv_id,REC-06108
DE-06180,ARX:FORMAL-ARXIV-V12-Q-S0:2605.07110v1,GS:GS-A1-01-074,arxiv_id,REC-00071
DE-06181,ARX:FORMAL-ARXIV-V12-Q-S0:2605.08257v1,ARX:FORMAL-ARXIV-V12-Q-B1:2605.08257v1,arxiv_id,REC-03526
DE-06182,ARX:FORMAL-ARXIV-V12-Q-S0:2605.06933v2,ARX:FORMAL-ARXIV-V12-Q-C2:2605.06933v2,arxiv_id,REC-05107
DE-06183,ARX:FORMAL-ARXIV-V12-Q-S0:2605.06812v1,GS:GS-C1-02-056,arxiv_id,REC-01644
DE-06184,ARX:FORMAL-ARXIV-V12-Q-S0:2605.06226v2,ARX:FORMAL-ARXIV-V12-Q-D2:2605.06226v2,arxiv_id,REC-08181
DE-06185,ARX:FORMAL-ARXIV-V12-Q-S0:2605.06205v1,ARX:FORMAL-ARXIV-V12-Q-B3:2605.06205v1,arxiv_id,REC-03905
DE-06186,ARX:FORMAL-ARXIV-V12-Q-S0:2605.06158v1,GS:GS-C1-03-077,arxiv_id,REC-01703
DE-06187,ARX:FORMAL-ARXIV-V12-Q-S0:2605.06731v1,ARX:FORMAL-ARXIV-V12-Q-C1:2605.06731v1,arxiv_id,REC-04411
DE-06188,ARX:FORMAL-ARXIV-V12-Q-S0:2605.05868v1,GS:GS-C3-03-007,arxiv_id,REC-02008
DE-06189,ARX:FORMAL-ARXIV-V12-Q-S0:2605.05846v1,ARX:FORMAL-ARXIV-V12-Q-D1:2605.05846v1,arxiv_id,REC-07186
DE-06190,ARX:FORMAL-ARXIV-V12-Q-S0:2605.05704v3,GS:GS-D2-02-079,arxiv_id,REC-02133
DE-06191,ARX:FORMAL-ARXIV-V12-Q-S0:2605.06713v1,GS:GS-C3-03-096,arxiv_id,REC-02034
DE-06192,ARX:FORMAL-ARXIV-V12-Q-S0:2605.05440v1,GS:GS-C3-04-073,arxiv_id,REC-02051
DE-06193,ARX:FORMAL-ARXIV-V12-Q-S0:2605.05379v1,ARX:FORMAL-ARXIV-V12-Q-C3:2605.05379v1,arxiv_id,REC-06117
DE-06194,ARX:FORMAL-ARXIV-V12-Q-S0:2605.05287v1,ARX:FORMAL-ARXIV-V12-Q-C3:2605.05287v1,arxiv_id,REC-06118
DE-06195,ARX:FORMAL-ARXIV-V12-Q-S0:2605.05269v1,ARX:FORMAL-ARXIV-V12-Q-C2:2605.05269v1,arxiv_id,REC-05111
DE-06196,ARX:FORMAL-ARXIV-V12-Q-S0:2605.04785v1,ARX:FORMAL-ARXIV-V12-Q-B4:2605.04785v1,arxiv_id,REC-04170
DE-06197,ARX:FORMAL-ARXIV-V12-Q-S0:2605.03482v2,GS:GS-C1-01-055,arxiv_id,REC-01599
DE-06198,ARX:FORMAL-ARXIV-V12-Q-S0:2605.03378v2,GS:GS-B1-02-069,arxiv_id,REC-01071
DE-06199,ARX:FORMAL-ARXIV-V12-Q-S0:2605.03353v4,ARX:FORMAL-ARXIV-V12-Q-C3:2605.03353v4,arxiv_id,REC-06122
DE-06200,ARX:FORMAL-ARXIV-V12-Q-S0:2605.03242v1,ARX:FORMAL-ARXIV-V12-Q-D1:2605.03242v1,arxiv_id,REC-07194
DE-06201,ARX:FORMAL-ARXIV-V12-Q-S0:2605.03228v1,GS:GS-B3-03-065,arxiv_id,REC-01346
DE-06202,ARX:FORMAL-ARXIV-V12-Q-S0:2605.03034v1,GS:GS-D2-02-015,arxiv_id,REC-02103
DE-06203,ARX:FORMAL-ARXIV-V12-Q-S0:2605.02812v1,GS:GS-C1-02-076,arxiv_id,REC-01651
DE-06204,ARX:FORMAL-ARXIV-V12-Q-S0:2605.02697v1,ARX:FORMAL-ARXIV-V12-Q-D1:2605.02697v1,arxiv_id,REC-07196
DE-06205,ARX:FORMAL-ARXIV-V12-Q-S0:2605.02187v2,ARX:FORMAL-ARXIV-V12-Q-C3:2605.02187v2,arxiv_id,REC-06127
DE-06206,ARX:FORMAL-ARXIV-V12-Q-S0:2605.01885v1,ARX:FORMAL-ARXIV-V12-Q-C2:2605.01885v1,arxiv_id,REC-05115
DE-06207,ARX:FORMAL-ARXIV-V12-Q-S0:2605.01758v3,ARX:FORMAL-ARXIV-V12-Q-C2:2605.01758v3,arxiv_id,REC-05117
DE-06208,ARX:FORMAL-ARXIV-V12-Q-S0:2605.01644v1,ARX:FORMAL-ARXIV-V12-Q-D1:2605.01644v1,arxiv_id,REC-07202
DE-06209,ARX:FORMAL-ARXIV-V12-Q-S0:2605.01567v1,ARX:FORMAL-ARXIV-V12-Q-B4:2605.01567v1,arxiv_id,REC-04173
DE-06210,ARX:FORMAL-ARXIV-V12-Q-S0:2605.01186v1,ARX:FORMAL-ARXIV-V12-Q-B1:2605.01186v1,arxiv_id,REC-03531
DE-06211,ARX:FORMAL-ARXIV-V12-Q-S0:2605.01147v1,ARX:FORMAL-ARXIV-V12-Q-B3:2605.01147v1,arxiv_id,REC-03910
DE-06212,ARX:FORMAL-ARXIV-V12-Q-S0:2605.01133v3,GS:GS-C2-03-069,arxiv_id,REC-01896
DE-06213,ARX:FORMAL-ARXIV-V12-Q-S0:2605.00741v1,ARX:FORMAL-ARXIV-V12-Q-C2:2605.00741v1,arxiv_id,REC-05119
DE-06214,ARX:FORMAL-ARXIV-V12-Q-S0:2607.01236v2,ARX:FORMAL-ARXIV-V12-Q-D1:2607.01236v2,arxiv_id,REC-07209
DE-06215,ARX:FORMAL-ARXIV-V12-Q-S0:2605.00081v1,ARX:FORMAL-ARXIV-V12-Q-C3:2605.00081v1,arxiv_id,REC-06133
DE-06216,ARX:FORMAL-ARXIV-V12-Q-S0:2607.16199v1,GS:GS-C2-03-056,arxiv_id,REC-01890
DE-06217,ARX:FORMAL-ARXIV-V12-Q-S0:2604.27464v1,ARX:FORMAL-ARXIV-V12-Q-C1:2604.27464v1,arxiv_id,REC-04424
DE-06218,ARX:FORMAL-ARXIV-V12-Q-S0:2604.27358v1,ARX:FORMAL-ARXIV-V12-Q-C2:2604.27358v1,arxiv_id,REC-05122
DE-06219,ARX:FORMAL-ARXIV-V12-Q-S0:2604.27283v1,ARX:FORMAL-ARXIV-V12-Q-C1:2604.27283v1,arxiv_id,REC-04425
DE-06220,ARX:FORMAL-ARXIV-V12-Q-S0:2604.26274v1,ARX:FORMAL-ARXIV-V12-Q-D1:2604.26274v1,arxiv_id,REC-07216
DE-06221,ARX:FORMAL-ARXIV-V12-Q-S0:2604.26997v1,ARX:FORMAL-ARXIV-V12-Q-C2:2604.26997v1,arxiv_id,REC-05125
DE-06222,ARX:FORMAL-ARXIV-V12-Q-S0:2604.25562v1,GS:GS-B1-01-023,arxiv_id,REC-00964
DE-06223,ARX:FORMAL-ARXIV-V12-Q-S0:2604.25555v1,ARX:FORMAL-ARXIV-V12-Q-B4:2604.25555v1,arxiv_id,REC-04174
DE-06224,ARX:FORMAL-ARXIV-V12-Q-S0:2604.24657v1,GS:GS-C1-01-074,arxiv_id,REC-01616
DE-06225,ARX:FORMAL-ARXIV-V12-Q-S0:2604.24826v1,ARX:FORMAL-ARXIV-V12-Q-D2:2604.24826v1,arxiv_id,REC-08206
DE-06226,ARX:FORMAL-ARXIV-V12-Q-S0:2604.24348v1,GS:GS-A1-04-010,arxiv_id,REC-00248
DE-06227,ARX:FORMAL-ARXIV-V12-Q-S0:2604.24118v1,ARX:FORMAL-ARXIV-V12-Q-B1:2604.24118v1,arxiv_id,REC-03535
DE-06228,ARX:FORMAL-ARXIV-V12-Q-S0:2604.24020v1,ARX:FORMAL-ARXIV-V12-Q-B1:2604.24020v1,arxiv_id,REC-03536
DE-06229,ARX:FORMAL-ARXIV-V12-Q-S0:2604.23938v3,ARX:FORMAL-ARXIV-V12-Q-C1:2604.23938v3,arxiv_id,REC-04429
DE-06230,ARX:FORMAL-ARXIV-V12-Q-S0:2606.13686v1,ARX:FORMAL-ARXIV-V12-Q-A1:2606.13686v1,arxiv_id,REC-02776
DE-06231,ARX:FORMAL-ARXIV-V12-Q-S0:2604.23459v1,GS:GS-C1-03-085,arxiv_id,REC-01709
DE-06232,ARX:FORMAL-ARXIV-V12-Q-S0:2604.23338v2,GS:GS-B1-02-097,arxiv_id,REC-01096
DE-06233,ARX:FORMAL-ARXIV-V12-Q-S0:2604.23210v1,ARX:FORMAL-ARXIV-V12-Q-C3:2604.23210v1,arxiv_id,REC-06150
DE-06234,ARX:FORMAL-ARXIV-V12-Q-S0:2605.23935v1,ARX:FORMAL-ARXIV-V12-Q-C3:2605.23935v1,arxiv_id,REC-06151
DE-06235,ARX:FORMAL-ARXIV-V12-Q-S0:2604.22427v1,ARX:FORMAL-ARXIV-V12-Q-C2:2604.22427v1,arxiv_id,REC-05133
DE-06236,ARX:FORMAL-ARXIV-V12-Q-S0:2604.22888v1,ARX:FORMAL-ARXIV-V12-Q-B1:2604.22888v1,arxiv_id,REC-03538
DE-06237,ARX:FORMAL-ARXIV-V12-Q-S0:2604.21829v2,ARX:FORMAL-ARXIV-V12-Q-D2:2604.21829v2,arxiv_id,REC-08212
DE-06238,ARX:FORMAL-ARXIV-V12-Q-S0:2604.21477v2,GS:GS-B4-03-025,arxiv_id,REC-01479
DE-06239,ARX:FORMAL-ARXIV-V12-Q-S0:2604.20994v1,GS:GS-B3-02-090,arxiv_id,REC-01307
DE-06240,ARX:FORMAL-ARXIV-V12-Q-S0:2604.20134v1,ARX:FORMAL-ARXIV-V12-Q-D3:2604.20134v1,arxiv_id,REC-09165
DE-06241,ARX:FORMAL-ARXIV-V12-Q-S0:2604.19657v1,ARX:FORMAL-ARXIV-V12-Q-B1:2604.19657v1,arxiv_id,REC-03539
DE-06242,ARX:FORMAL-ARXIV-V12-Q-S0:2604.19538v1,ARX:FORMAL-ARXIV-V12-Q-D2:2604.19538v1,arxiv_id,REC-08218
DE-06243,ARX:FORMAL-ARXIV-V12-Q-S0:2604.19533v3,ARX:FORMAL-ARXIV-V12-Q-D1:2604.19533v3,arxiv_id,REC-07247
DE-06244,ARX:FORMAL-ARXIV-V12-Q-S0:2604.19844v1,GS:GS-B2-01-023,arxiv_id,REC-01129
DE-06245,ARX:FORMAL-ARXIV-V12-Q-S0:2604.18860v1,GS:GS-B1-01-037,arxiv_id,REC-00968
DE-06246,ARX:FORMAL-ARXIV-V12-Q-S0:2604.18658v1,GS:GS-C1-02-062,arxiv_id,REC-01647
DE-06247,ARX:FORMAL-ARXIV-V12-Q-S0:2604.17125v1,GS:GS-B4-04-044,arxiv_id,REC-01532
DE-06248,ARX:FORMAL-ARXIV-V12-Q-S0:2604.16968v1,ARX:FORMAL-ARXIV-V12-Q-D2:2604.16968v1,arxiv_id,REC-08229
DE-06249,ARX:FORMAL-ARXIV-V12-Q-S0:2604.16966v1,ARX:FORMAL-ARXIV-V12-Q-B1:2604.16966v1,arxiv_id,REC-03543
DE-06250,ARX:FORMAL-ARXIV-V12-Q-S0:2604.16870v2,GS:GS-B4-04-025,arxiv_id,REC-01528
DE-06251,ARX:FORMAL-ARXIV-V12-Q-S0:2604.16762v1,ARX:FORMAL-ARXIV-V12-Q-B1:2604.16762v1,arxiv_id,REC-03544
DE-06252,ARX:FORMAL-ARXIV-V12-Q-S0:2604.15774v2,ARX:FORMAL-ARXIV-V12-Q-C1:2604.15774v2,arxiv_id,REC-04445
DE-06253,ARX:FORMAL-ARXIV-V12-Q-S0:2604.16548v2,GS:GS-C1-01-021,arxiv_id,REC-01572
DE-06254,ARX:FORMAL-ARXIV-V12-Q-S0:2604.16543v1,ARX:FORMAL-ARXIV-V12-Q-C2:2604.16543v1,arxiv_id,REC-05145
DE-06255,ARX:FORMAL-ARXIV-V12-Q-S0:2604.15579v2,ARX:FORMAL-ARXIV-V12-Q-D1:2604.15579v2,arxiv_id,REC-07258
DE-06256,ARX:FORMAL-ARXIV-V12-Q-S0:2604.15236v1,ARX:FORMAL-ARXIV-V12-Q-D2:2604.15236v1,arxiv_id,REC-08232
DE-06257,ARX:FORMAL-ARXIV-V12-Q-S0:2604.14583v1,ARX:FORMAL-ARXIV-V12-Q-D2:2604.14583v1,arxiv_id,REC-08233
DE-06258,ARX:FORMAL-ARXIV-V12-Q-S0:2604.13630v2,GS:GS-D3-02-093,arxiv_id,REC-02256
DE-06259,ARX:FORMAL-ARXIV-V12-Q-S0:2604.13536v2,ARX:FORMAL-ARXIV-V12-Q-C3:2604.13536v2,arxiv_id,REC-06174
DE-06260,ARX:FORMAL-ARXIV-V12-Q-S0:2604.13531v1,GS:GS-A3-02-074,arxiv_id,REC-00929
DE-06261,ARX:FORMAL-ARXIV-V12-Q-S0:2604.15368v1,ARX:FORMAL-ARXIV-V12-Q-B1:2604.15368v1,arxiv_id,REC-03547
DE-06262,ARX:FORMAL-ARXIV-V12-Q-S0:2604.15367v2,GS:GS-C1-02-090,arxiv_id,REC-01660
DE-06263,ARX:FORMAL-ARXIV-V12-Q-S0:2604.12284v1,ARX:FORMAL-ARXIV-V12-Q-A1:2604.12284v1,arxiv_id,REC-02791
DE-06264,ARX:FORMAL-ARXIV-V12-Q-S0:2604.11806v1,ARX:FORMAL-ARXIV-V12-Q-B1:2604.11806v1,arxiv_id,REC-03548
DE-06265,ARX:FORMAL-ARXIV-V12-Q-S0:2604.11790v2,GS:GS-B1-02-010,arxiv_id,REC-01015
DE-06266,ARX:FORMAL-ARXIV-V12-Q-S0:2604.11088v2,ARX:FORMAL-ARXIV-V12-Q-C3:2604.11088v2,arxiv_id,REC-06178
DE-06267,ARX:FORMAL-ARXIV-V12-Q-S0:2604.10577v2,GS:GS-A1-01-068,arxiv_id,REC-00065
DE-06268,ARX:FORMAL-ARXIV-V12-Q-S0:2604.10534v1,GS:GS-B4-04-042,arxiv_id,REC-01531
DE-06269,ARX:FORMAL-ARXIV-V12-Q-S0:2604.10383v3,ARX:FORMAL-ARXIV-V12-Q-C3:2604.10383v3,arxiv_id,REC-06182
DE-06270,ARX:FORMAL-ARXIV-V12-Q-S0:2604.10286v1,ARX:FORMAL-ARXIV-V12-Q-B1:2604.10286v1,arxiv_id,REC-03549
DE-06271,ARX:FORMAL-ARXIV-V12-Q-S0:2604.10134v1,ARX:FORMAL-ARXIV-V12-Q-B1:2604.10134v1,arxiv_id,REC-03550
DE-06272,ARX:FORMAL-ARXIV-V12-Q-S0:2605.16282v1,GS:GS-A2W-03-077,arxiv_id,REC-00871
DE-06273,ARX:FORMAL-ARXIV-V12-Q-S0:2604.09378v1,ARX:FORMAL-ARXIV-V12-Q-B1:2604.09378v1,arxiv_id,REC-03551
DE-06274,ARX:FORMAL-ARXIV-V12-Q-S0:2604.09155v1,GS:GS-B2-01-074,arxiv_id,REC-01163
DE-06275,ARX:FORMAL-ARXIV-V12-Q-S0:2604.09747v1,ARX:FORMAL-ARXIV-V12-Q-C1:2604.09747v1,arxiv_id,REC-04453
DE-06276,ARX:FORMAL-ARXIV-V12-Q-S0:2604.08465v1,ARX:FORMAL-ARXIV-V12-Q-C2:2604.08465v1,arxiv_id,REC-05155
DE-06277,ARX:FORMAL-ARXIV-V12-Q-S0:2604.08407v1,ARX:FORMAL-ARXIV-V12-Q-D2:2604.08407v1,arxiv_id,REC-08248
DE-06278,ARX:FORMAL-ARXIV-V12-Q-S0:2604.08005v2,GS:GS-B1-01-067,arxiv_id,REC-00984
DE-06279,ARX:FORMAL-ARXIV-V12-Q-S0:2604.07831v2,GS:GS-A1-03-063,arxiv_id,REC-00210
DE-06280,ARX:FORMAL-ARXIV-V12-Q-S0:2604.07775v1,ARX:FORMAL-ARXIV-V12-Q-C2:2604.07775v1,arxiv_id,REC-05156
DE-06281,ARX:FORMAL-ARXIV-V12-Q-S0:2604.07551v1,GS:GS-B4-01-033,arxiv_id,REC-01389
DE-06282,ARX:FORMAL-ARXIV-V12-Q-S0:2604.08608v2,ARX:FORMAL-ARXIV-V12-Q-B3:2604.08608v2,arxiv_id,REC-03926
DE-06283,ARX:FORMAL-ARXIV-V12-Q-S0:2604.06811v2,GS:GS-B2-02-086,arxiv_id,REC-01217
DE-06284,ARX:FORMAL-ARXIV-V12-Q-S0:2605.02914v1,ARX:FORMAL-ARXIV-V12-Q-D2:2605.02914v1,arxiv_id,REC-08252
DE-06285,ARX:FORMAL-ARXIV-V12-Q-S0:2604.06550v3,ARX:FORMAL-ARXIV-V12-Q-D2:2604.06550v3,arxiv_id,REC-08253
DE-06286,ARX:FORMAL-ARXIV-V12-Q-S0:2604.08601v1,ARX:FORMAL-ARXIV-V12-Q-D1:2604.08601v1,arxiv_id,REC-07292
DE-06287,ARX:FORMAL-ARXIV-V12-Q-S0:2604.06367v2,GS:GS-A1-05-060,arxiv_id,REC-00385
DE-06288,ARX:FORMAL-ARXIV-V12-Q-S0:2604.06024v1,ARX:FORMAL-ARXIV-V12-Q-C2:2604.06024v1,arxiv_id,REC-05160
DE-06289,ARX:FORMAL-ARXIV-V12-Q-S0:2604.05969v1,GS:GS-B3-02-064,arxiv_id,REC-01284
DE-06290,ARX:FORMAL-ARXIV-V12-Q-S0:2604.06284v1,ARX:FORMAL-ARXIV-V12-Q-C3:2604.06284v1,arxiv_id,REC-06194
DE-06291,ARX:FORMAL-ARXIV-V12-Q-S0:2604.05549v2,ARX:FORMAL-ARXIV-V12-Q-D1:2604.05549v2,arxiv_id,REC-07296
DE-06292,ARX:FORMAL-ARXIV-V12-Q-S0:2604.05440v1,GS:GS-D2-03-061,arxiv_id,REC-02174
DE-06293,ARX:FORMAL-ARXIV-V12-Q-S0:2604.05432v1,ARX:FORMAL-ARXIV-V12-Q-D2:2604.05432v1,arxiv_id,REC-08256
DE-06294,ARX:FORMAL-ARXIV-V12-Q-S0:2604.05229v1,ARX:FORMAL-ARXIV-V12-Q-D1:2604.05229v1,arxiv_id,REC-07298
DE-06295,ARX:FORMAL-ARXIV-V12-Q-S0:2604.05172v2,ARX:FORMAL-ARXIV-V12-Q-D2:2604.05172v2,arxiv_id,REC-08258
DE-06296,ARX:FORMAL-ARXIV-V12-Q-S0:2604.05130v1,ARX:FORMAL-ARXIV-V12-Q-C2:2604.05130v1,arxiv_id,REC-05166
DE-06297,ARX:FORMAL-ARXIV-V12-Q-S0:2604.04759v1,GS:GS-B3-02-040,arxiv_id,REC-01263
DE-06298,ARX:FORMAL-ARXIV-V12-Q-S0:2604.04660v1,ARX:FORMAL-ARXIV-V12-Q-C1:2604.04660v1,arxiv_id,REC-04462
DE-06299,ARX:FORMAL-ARXIV-V12-Q-S0:2604.04561v1,ARX:FORMAL-ARXIV-V12-Q-D1:2604.04561v1,arxiv_id,REC-07303
DE-06300,ARX:FORMAL-ARXIV-V12-Q-S0:2604.04442v1,ARX:FORMAL-ARXIV-V12-Q-D1:2604.04442v1,arxiv_id,REC-07304
DE-06301,ARX:FORMAL-ARXIV-V12-Q-S0:2604.04426v1,GS:GS-B3-02-080,arxiv_id,REC-01298
DE-06302,ARX:FORMAL-ARXIV-V12-Q-S0:2604.04265v1,ARX:FORMAL-ARXIV-V12-Q-C2:2604.04265v1,arxiv_id,REC-05172
DE-06303,ARX:FORMAL-ARXIV-V12-Q-S0:2604.04262v1,ARX:FORMAL-ARXIV-V12-Q-C2:2604.04262v1,arxiv_id,REC-05173
DE-06304,ARX:FORMAL-ARXIV-V12-Q-S0:2604.04060v1,ARX:FORMAL-ARXIV-V12-Q-C2:2604.04060v1,arxiv_id,REC-05174
DE-06305,ARX:FORMAL-ARXIV-V12-Q-S0:2604.04059v1,ARX:FORMAL-ARXIV-V12-Q-C2:2604.04059v1,arxiv_id,REC-05175
DE-06306,ARX:FORMAL-ARXIV-V12-Q-S0:2604.04989v1,ARX:FORMAL-ARXIV-V12-Q-B3:2604.04989v1,arxiv_id,REC-03929
DE-06307,ARX:FORMAL-ARXIV-V12-Q-S0:2604.03976v2,ARX:FORMAL-ARXIV-V12-Q-D2:2604.03976v2,arxiv_id,REC-08263
DE-06308,ARX:FORMAL-ARXIV-V12-Q-S0:2604.03870v1,GS:GS-B1-02-030,arxiv_id,REC-01035
DE-06309,ARX:FORMAL-ARXIV-V12-Q-S0:2604.09682v1,ARX:FORMAL-ARXIV-V12-Q-C2:2604.09682v1,arxiv_id,REC-05177
DE-06310,ARX:FORMAL-ARXIV-V12-Q-S0:2604.03081v1,ARX:FORMAL-ARXIV-V12-Q-B3:2604.03081v1,arxiv_id,REC-03930
DE-06311,ARX:FORMAL-ARXIV-V12-Q-S0:2604.02837v1,GS:GS-C1-03-081,arxiv_id,REC-01706
DE-06312,ARX:FORMAL-ARXIV-V12-Q-S0:2604.02767v1,GS:GS-C2-02-070,arxiv_id,REC-01845
DE-06313,ARX:FORMAL-ARXIV-V12-Q-S0:2604.02623v2,GS:GS-C1-01-004,arxiv_id,REC-01556
DE-06314,ARX:FORMAL-ARXIV-V12-Q-S0:2604.01905v2,GS:GS-B4-04-031,arxiv_id,REC-01529
DE-06315,ARX:FORMAL-ARXIV-V12-Q-S0:2604.01483v1,ARX:FORMAL-ARXIV-V12-Q-D1:2604.01483v1,arxiv_id,REC-07318
DE-06316,ARX:FORMAL-ARXIV-V12-Q-S0:2604.01350v1,GS:GS-C1-02-059,arxiv_id,REC-01646
DE-06317,ARX:FORMAL-ARXIV-V12-Q-S0:2604.01127v2,ARX:FORMAL-ARXIV-V12-Q-C2:2604.01127v2,arxiv_id,REC-05180
DE-06318,ARX:FORMAL-ARXIV-V12-Q-S0:2603.30016v1,GS:GS-B1-02-024,arxiv_id,REC-01029
DE-06319,ARX:FORMAL-ARXIV-V12-Q-S0:2603.29560v1,ARX:FORMAL-ARXIV-V12-Q-C3:2603.29560v1,arxiv_id,REC-06221
DE-06320,ARX:FORMAL-ARXIV-V12-Q-S0:2603.28998v1,ARX:FORMAL-ARXIV-V12-Q-D1:2603.28998v1,arxiv_id,REC-07324
DE-06321,ARX:FORMAL-ARXIV-V12-Q-S0:2603.28551v2,GS:GS-A1-01-032,arxiv_id,REC-00031
DE-06322,ARX:FORMAL-ARXIV-V12-Q-S0:2603.28166v2,ARX:FORMAL-ARXIV-V12-Q-B1:2603.28166v2,arxiv_id,REC-03554
DE-06323,ARX:FORMAL-ARXIV-V12-Q-S0:2603.27771v2,ARX:FORMAL-ARXIV-V12-Q-C2:2603.27771v2,arxiv_id,REC-05184
DE-06324,ARX:FORMAL-ARXIV-V12-Q-S0:2603.27517v3,GS:GS-C2-02-078,arxiv_id,REC-01851
DE-06325,ARX:FORMAL-ARXIV-V12-Q-S0:2603.28807v1,GS:GS-B3-03-079,arxiv_id,REC-01352
DE-06326,ARX:FORMAL-ARXIV-V12-Q-S0:2603.25056v1,GS:GS-B1-02-095,arxiv_id,REC-01094
DE-06327,ARX:FORMAL-ARXIV-V12-Q-S0:2603.24414v1,ARX:FORMAL-ARXIV-V12-Q-D1:2603.24414v1,arxiv_id,REC-07332
DE-06328,ARX:FORMAL-ARXIV-V12-Q-S0:2603.23801v1,GS:GS-C2-02-017,arxiv_id,REC-01808
DE-06329,ARX:FORMAL-ARXIV-V12-Q-S0:2603.23791v1,GS:GS-A1-05-039,arxiv_id,REC-00364
DE-06330,ARX:FORMAL-ARXIV-V12-Q-S0:2605.16265v1,ARX:FORMAL-ARXIV-V12-Q-D1:2605.16265v1,arxiv_id,REC-07334
DE-06331,ARX:FORMAL-ARXIV-V12-Q-S0:2603.23007v1,GS:GS-B2-02-015,arxiv_id,REC-01193
DE-06332,ARX:FORMAL-ARXIV-V12-Q-S0:2603.22928v2,ARX:FORMAL-ARXIV-V12-Q-B1:2603.22928v2,arxiv_id,REC-03558
DE-06333,ARX:FORMAL-ARXIV-V12-Q-S0:2603.22853v1,GS:GS-C2-01-048,arxiv_id,REC-01762
DE-06334,ARX:FORMAL-ARXIV-V12-Q-S0:2604.14160v1,ARX:FORMAL-ARXIV-V12-Q-C3:2604.14160v1,arxiv_id,REC-06237
DE-06335,ARX:FORMAL-ARXIV-V12-Q-S0:2603.21641v1,GS:GS-B4-03-042,arxiv_id,REC-01490
DE-06336,ARX:FORMAL-ARXIV-V12-Q-S0:2603.21231v1,GS:GS-A1-04-050,arxiv_id,REC-00281
DE-06337,ARX:FORMAL-ARXIV-V12-Q-S0:2603.21194v2,ARX:FORMAL-ARXIV-V12-Q-C2:2603.21194v2,arxiv_id,REC-05189
DE-06338,ARX:FORMAL-ARXIV-V12-Q-S0:2603.21019v1,GS:GS-C2-01-086,arxiv_id,REC-01788
DE-06339,ARX:FORMAL-ARXIV-V12-Q-S0:2603.20953v1,ARX:FORMAL-ARXIV-V12-Q-C3:2603.20953v1,arxiv_id,REC-06239
DE-06340,ARX:FORMAL-ARXIV-V12-Q-S0:2603.20625v1,GS:GS-D3-02-003,arxiv_id,REC-02209
DE-06341,ARX:FORMAL-ARXIV-V12-Q-S0:2603.20131v2,ARX:FORMAL-ARXIV-V12-Q-C2:2603.20131v2,arxiv_id,REC-05194
DE-06342,ARX:FORMAL-ARXIV-V12-Q-S0:2603.20357v1,GS:GS-C1-01-003,arxiv_id,REC-01555
DE-06343,ARX:FORMAL-ARXIV-V12-Q-S0:2603.20320v1,ARX:FORMAL-ARXIV-V12-Q-D1:2603.20320v1,arxiv_id,REC-07350
DE-06344,ARX:FORMAL-ARXIV-V12-Q-S0:2603.19469v1,GS:GS-B1-02-012,arxiv_id,REC-01017
DE-06345,ARX:FORMAL-ARXIV-V12-Q-S0:2603.19423v2,ARX:FORMAL-ARXIV-V12-Q-B1:2603.19423v2,arxiv_id,REC-03563
DE-06346,ARX:FORMAL-ARXIV-V12-Q-S0:2603.19011v1,ARX:FORMAL-ARXIV-V12-Q-B4:2603.19011v1,arxiv_id,REC-04194
DE-06347,ARX:FORMAL-ARXIV-V12-Q-S0:2604.19752v1,ARX:FORMAL-ARXIV-V12-Q-D1:2604.19752v1,arxiv_id,REC-07356
DE-06348,ARX:FORMAL-ARXIV-V12-Q-S0:2603.18245v1,GS:GS-D1-03-002,arxiv_id,REC-02084
DE-06349,ARX:FORMAL-ARXIV-V12-Q-S0:2603.19328v1,ARX:FORMAL-ARXIV-V12-Q-D1:2603.19328v1,arxiv_id,REC-07357
DE-06350,ARX:FORMAL-ARXIV-V12-Q-S0:2603.17673v2,ARX:FORMAL-ARXIV-V12-Q-D1:2603.17673v2,arxiv_id,REC-07359
DE-06351,ARX:FORMAL-ARXIV-V12-Q-S0:2603.17419v1,ARX:FORMAL-ARXIV-V12-Q-B1:2603.17419v1,arxiv_id,REC-03564
DE-06352,ARX:FORMAL-ARXIV-V12-Q-S0:2603.17239v1,GS:GS-B3-02-055,arxiv_id,REC-01275
DE-06353,ARX:FORMAL-ARXIV-V12-Q-S0:2603.17170v1,GS:GS-C3-02-002,arxiv_id,REC-01963
DE-06354,ARX:FORMAL-ARXIV-V12-Q-S0:2603.16572v2,ARX:FORMAL-ARXIV-V12-Q-D1:2603.16572v2,arxiv_id,REC-07367
DE-06355,ARX:FORMAL-ARXIV-V12-Q-S0:2603.15809v1,ARX:FORMAL-ARXIV-V12-Q-C2:2603.15809v1,arxiv_id,REC-05203
DE-06356,ARX:FORMAL-ARXIV-V12-Q-S0:2603.15727v3,ARX:FORMAL-ARXIV-V12-Q-D2:2603.15727v3,arxiv_id,REC-08310
DE-06357,ARX:FORMAL-ARXIV-V12-Q-S0:2603.15408v1,GS:GS-C2-01-047,arxiv_id,REC-01761
DE-06358,ARX:FORMAL-ARXIV-V12-Q-S0:2603.15714v1,GS:GS-B1-01-005,arxiv_id,REC-00957
DE-06359,ARX:FORMAL-ARXIV-V12-Q-S0:2603.15125v3,GS:GS-C1-02-052,arxiv_id,REC-01642
DE-06360,ARX:FORMAL-ARXIV-V12-Q-S0:2603.14975v2,ARX:FORMAL-ARXIV-V12-Q-D2:2603.14975v2,arxiv_id,REC-08314
DE-06361,ARX:FORMAL-ARXIV-V12-Q-S0:2603.14707v1,GS:GS-A1-02-037,arxiv_id,REC-00112
DE-06362,ARX:FORMAL-ARXIV-V12-Q-S0:2603.13940v1,ARX:FORMAL-ARXIV-V12-Q-C2:2603.13940v1,arxiv_id,REC-05206
DE-06363,ARX:FORMAL-ARXIV-V12-Q-S0:2603.13517v2,ARX:FORMAL-ARXIV-V12-Q-D2:2603.13517v2,arxiv_id,REC-08319
DE-06364,ARX:FORMAL-ARXIV-V12-Q-S0:2603.12644v1,ARX:FORMAL-ARXIV-V12-Q-B1:2603.12644v1,arxiv_id,REC-03567
DE-06365,ARX:FORMAL-ARXIV-V12-Q-S0:2603.12621v1,ARX:FORMAL-ARXIV-V12-Q-D1:2603.12621v1,arxiv_id,REC-07380
DE-06366,ARX:FORMAL-ARXIV-V12-Q-S0:2603.13424v1,ARX:FORMAL-ARXIV-V12-Q-B1:2603.13424v1,arxiv_id,REC-03568
DE-06367,ARX:FORMAL-ARXIV-V12-Q-S0:2603.12230v2,GS:GS-C2-02-021,arxiv_id,REC-01812
DE-06368,ARX:FORMAL-ARXIV-V12-Q-S0:2603.15668v1,ARX:FORMAL-ARXIV-V12-Q-C2:2603.15668v1,arxiv_id,REC-05208
DE-06369,ARX:FORMAL-ARXIV-V12-Q-S0:2603.11853v1,GS:GS-B3-03-046,arxiv_id,REC-01334
DE-06370,ARX:FORMAL-ARXIV-V12-Q-S0:2603.11768v2,GS:GS-C1-02-029,arxiv_id,REC-01638
DE-06371,ARX:FORMAL-ARXIV-V12-Q-S0:2603.11619v1,GS:GS-C1-01-094,arxiv_id,REC-01631
DE-06372,ARX:FORMAL-ARXIV-V12-Q-S0:2603.10795v1,ARX:FORMAL-ARXIV-V12-Q-D1:2603.10795v1,arxiv_id,REC-07389
DE-06373,ARX:FORMAL-ARXIV-V12-Q-S0:2603.10749v2,GS:GS-B1-02-013,arxiv_id,REC-01018
DE-06374,ARX:FORMAL-ARXIV-V12-Q-S0:2603.11088v1,GS:GS-B2-02-031,arxiv_id,REC-01198
DE-06375,ARX:FORMAL-ARXIV-V12-Q-S0:2603.10194v1,GS:GS-B4-03-029,arxiv_id,REC-01482
DE-06376,ARX:FORMAL-ARXIV-V12-Q-S0:2603.10163v1,ARX:FORMAL-ARXIV-V12-Q-B1:2603.10163v1,arxiv_id,REC-03570
DE-06377,ARX:FORMAL-ARXIV-V12-Q-S0:2603.09875v1,ARX:FORMAL-ARXIV-V12-Q-C3:2603.09875v1,arxiv_id,REC-06274
DE-06378,ARX:FORMAL-ARXIV-V12-Q-S0:2603.09358v1,ARX:FORMAL-ARXIV-V12-Q-C2:2603.09358v1,arxiv_id,REC-05213
DE-06379,ARX:FORMAL-ARXIV-V12-Q-S0:2603.09134v1,GS:GS-C1-03-084,arxiv_id,REC-01708
DE-06380,ARX:FORMAL-ARXIV-V12-Q-S0:2603.09002v2,GS:GS-B1-03-013,arxiv_id,REC-01106
DE-06381,ARX:FORMAL-ARXIV-V12-Q-S0:2603.08316v3,GS:GS-B2-02-021,arxiv_id,REC-01194
DE-06382,ARX:FORMAL-ARXIV-V12-Q-S0:2603.07496v2,GS:GS-B3-03-080,arxiv_id,REC-01353
DE-06383,ARX:FORMAL-ARXIV-V12-Q-S0:2603.05786v2,ARX:FORMAL-ARXIV-V12-Q-D1:2603.05786v2,arxiv_id,REC-07410
DE-06384,ARX:FORMAL-ARXIV-V12-Q-S0:2603.04915v1,ARX:FORMAL-ARXIV-V12-Q-D2:2603.04915v1,arxiv_id,REC-08337
DE-06385,ARX:FORMAL-ARXIV-V12-Q-S0:2603.04364v1,GS:GS-B1-03-012,arxiv_id,REC-01105
DE-06386,ARX:FORMAL-ARXIV-V12-Q-S0:2603.03911v1,ARX:FORMAL-ARXIV-V12-Q-C2:2603.03911v1,arxiv_id,REC-05221
DE-06387,ARX:FORMAL-ARXIV-V12-Q-S0:2603.04469v2,ARX:FORMAL-ARXIV-V12-Q-B3:2603.04469v2,arxiv_id,REC-03948
DE-06388,ARX:FORMAL-ARXIV-V12-Q-S0:2603.02983v1,ARX:FORMAL-ARXIV-V12-Q-D2:2603.02983v1,arxiv_id,REC-08343
DE-06389,ARX:FORMAL-ARXIV-V12-Q-S0:2603.01564v1,GS:GS-C1-01-078,arxiv_id,REC-01618
DE-06390,ARX:FORMAL-ARXIV-V12-Q-S0:2603.00902v1,ARX:FORMAL-ARXIV-V12-Q-B1:2603.00902v1,arxiv_id,REC-03575
DE-06391,ARX:FORMAL-ARXIV-V12-Q-S0:2603.00476v1,GS:GS-B1-01-084,arxiv_id,REC-00993
DE-06392,ARX:FORMAL-ARXIV-V12-Q-S0:2603.00200v1,ARX:FORMAL-ARXIV-V12-Q-B1:2603.00200v1,arxiv_id,REC-03577
DE-06393,ARX:FORMAL-ARXIV-V12-Q-S0:2603.00195v2,ARX:FORMAL-ARXIV-V12-Q-B3:2603.00195v2,arxiv_id,REC-03951
DE-06394,ARX:FORMAL-ARXIV-V12-Q-S0:2602.23079v1,ARX:FORMAL-ARXIV-V12-Q-C3:2602.23079v1,arxiv_id,REC-06294
DE-06395,ARX:FORMAL-ARXIV-V12-Q-S0:2602.22724v1,GS:GS-B1-02-009,arxiv_id,REC-01014
DE-06396,ARX:FORMAL-ARXIV-V12-Q-S0:2602.22525v2,ARX:FORMAL-ARXIV-V12-Q-A2W:2602.22525v2,arxiv_id,REC-03364
DE-06397,ARX:FORMAL-ARXIV-V12-Q-S0:2602.22450v1,GS:GS-B1-02-021,arxiv_id,REC-01026
DE-06398,ARX:FORMAL-ARXIV-V12-Q-S0:2602.21447v1,GS:GS-B2-01-090,arxiv_id,REC-01178
DE-06399,ARX:FORMAL-ARXIV-V12-Q-S0:2602.20720v1,ARX:FORMAL-ARXIV-V12-Q-B1:2602.20720v1,arxiv_id,REC-03578
DE-06400,ARX:FORMAL-ARXIV-V12-Q-S0:2602.20708v1,GS:GS-B1-02-014,arxiv_id,REC-01019
DE-06401,ARX:FORMAL-ARXIV-V12-Q-S0:2602.20156v3,GS:GS-B1-02-093,arxiv_id,REC-01092
DE-06402,ARX:FORMAL-ARXIV-V12-Q-S0:2602.19843v1,ARX:FORMAL-ARXIV-V12-Q-C2:2602.19843v1,arxiv_id,REC-05237
DE-06403,ARX:FORMAL-ARXIV-V12-Q-S0:2602.19555v2,GS:GS-C1-01-091,arxiv_id,REC-01628
DE-06404,ARX:FORMAL-ARXIV-V12-Q-S0:2602.19547v1,ARX:FORMAL-ARXIV-V12-Q-B1:2602.19547v1,arxiv_id,REC-03580
DE-06405,ARX:FORMAL-ARXIV-V12-Q-S0:2602.19514v1,ARX:FORMAL-ARXIV-V12-Q-B4:2602.19514v1,arxiv_id,REC-04203
DE-06406,ARX:FORMAL-ARXIV-V12-Q-S0:2602.19441v1,ARX:FORMAL-ARXIV-V12-Q-C3:2602.19441v1,arxiv_id,REC-06298
DE-06407,ARX:FORMAL-ARXIV-V12-Q-S0:2603.13247v1,ARX:FORMAL-ARXIV-V12-Q-C3:2603.13247v1,arxiv_id,REC-06300
DE-06408,ARX:FORMAL-ARXIV-V12-Q-S0:2602.20196v1,ARX:FORMAL-ARXIV-V12-Q-C3:2602.20196v1,arxiv_id,REC-06301
DE-06409,ARX:FORMAL-ARXIV-V12-Q-S0:2602.19021v2,ARX:FORMAL-ARXIV-V12-Q-B1:2602.19021v2,arxiv_id,REC-03582
DE-06410,ARX:FORMAL-ARXIV-V12-Q-S0:2602.17753v2,ARX:FORMAL-ARXIV-V12-Q-D1:2602.17753v2,arxiv_id,REC-07446
DE-06411,ARX:FORMAL-ARXIV-V12-Q-S0:2602.16943v1,ARX:FORMAL-ARXIV-V12-Q-D1:2602.16943v1,arxiv_id,REC-07450
DE-06412,ARX:FORMAL-ARXIV-V12-Q-S0:2602.16901v1,GS:GS-C1-02-004,arxiv_id,REC-01635
DE-06413,ARX:FORMAL-ARXIV-V12-Q-S0:2602.15654v2,GS:GS-C1-02-040,arxiv_id,REC-01640
DE-06414,ARX:FORMAL-ARXIV-V12-Q-S0:2603.02240v1,GS:GS-C1-01-005,arxiv_id,REC-01557
DE-06415,ARX:FORMAL-ARXIV-V12-Q-S0:2602.14798v1,GS:GS-B4-04-087,arxiv_id,REC-01546
DE-06416,ARX:FORMAL-ARXIV-V12-Q-S0:2602.14606v1,ARX:FORMAL-ARXIV-V12-Q-C3:2602.14606v1,arxiv_id,REC-06308
DE-06417,ARX:FORMAL-ARXIV-V12-Q-S0:2602.14281v3,GS:GS-B4-01-024,arxiv_id,REC-01383
DE-06418,ARX:FORMAL-ARXIV-V12-Q-S0:2602.14211v3,GS:GS-B1-02-089,arxiv_id,REC-01088
DE-06419,ARX:FORMAL-ARXIV-V12-Q-S0:2602.13591v1,ARX:FORMAL-ARXIV-V12-Q-B4:2602.13591v1,arxiv_id,REC-04205
DE-06420,ARX:FORMAL-ARXIV-V12-Q-S0:2602.13379v2,GS:GS-C3-02-021,arxiv_id,REC-01979
DE-06421,ARX:FORMAL-ARXIV-V12-Q-S0:2602.12430v4,GS:GS-A1-01-096,arxiv_id,REC-00091
DE-06422,ARX:FORMAL-ARXIV-V12-Q-S0:2602.12194v3,GS:GS-B3-02-011,arxiv_id,REC-01242
DE-06423,ARX:FORMAL-ARXIV-V12-Q-S0:2602.11749v2,GS:GS-D3-01-051,arxiv_id,REC-02196
DE-06424,ARX:FORMAL-ARXIV-V12-Q-S0:2602.11416v1,ARX:FORMAL-ARXIV-V12-Q-B1:2602.11416v1,arxiv_id,REC-03587
DE-06425,ARX:FORMAL-ARXIV-V12-Q-S0:2602.11409v1,ARX:FORMAL-ARXIV-V12-Q-D2:2602.11409v1,arxiv_id,REC-08376
DE-06426,ARX:FORMAL-ARXIV-V12-Q-S0:2602.11327v2,GS:GS-B4-03-022,arxiv_id,REC-01477
DE-06427,ARX:FORMAL-ARXIV-V12-Q-S0:2602.11301v1,ARX:FORMAL-ARXIV-V12-Q-D1:2602.11301v1,arxiv_id,REC-07468
DE-06428,ARX:FORMAL-ARXIV-V12-Q-S0:2602.15055v1,GS:GS-B4-01-080,arxiv_id,REC-01430
DE-06429,ARX:FORMAL-ARXIV-V12-Q-S0:2602.10915v3,GS:GS-B2-02-023,arxiv_id,REC-01195
DE-06430,ARX:FORMAL-ARXIV-V12-Q-S0:2604.03242v1,ARX:FORMAL-ARXIV-V12-Q-D1:2604.03242v1,arxiv_id,REC-07470
DE-06431,ARX:FORMAL-ARXIV-V12-Q-S0:2602.10498v1,GS:GS-B3-03-056,arxiv_id,REC-01341
DE-06432,ARX:FORMAL-ARXIV-V12-Q-S0:2602.10453v1,GS:GS-B1-02-034,arxiv_id,REC-01039
DE-06433,ARX:FORMAL-ARXIV-V12-Q-S0:2602.09222v2,GS:GS-B1-02-022,arxiv_id,REC-01027
DE-06434,ARX:FORMAL-ARXIV-V12-Q-S0:2602.09012v2,GS:GS-B2-02-085,arxiv_id,REC-01216
DE-06435,ARX:FORMAL-ARXIV-V12-Q-S0:2602.08412v2,GS:GS-C1-02-097,arxiv_id,REC-01662
DE-06436,ARX:FORMAL-ARXIV-V12-Q-S0:2602.08368v1,ARX:FORMAL-ARXIV-V12-Q-C3:2602.08368v1,arxiv_id,REC-06320
DE-06437,ARX:FORMAL-ARXIV-V12-Q-S0:2602.08082v1,ARX:FORMAL-ARXIV-V12-Q-D2:2602.08082v1,arxiv_id,REC-08385
DE-06438,ARX:FORMAL-ARXIV-V12-Q-S0:2602.07652v1,ARX:FORMAL-ARXIV-V12-Q-C1:2602.07652v1,arxiv_id,REC-04530
DE-06439,ARX:FORMAL-ARXIV-V12-Q-S0:2602.07398v1,GS:GS-B1-02-015,arxiv_id,REC-01020
DE-06440,ARX:FORMAL-ARXIV-V12-Q-S0:2602.07391v2,ARX:FORMAL-ARXIV-V12-Q-D1:2602.07391v2,arxiv_id,REC-07478
DE-06441,ARX:FORMAL-ARXIV-V12-Q-S0:2602.07379v1,ARX:FORMAL-ARXIV-V12-Q-C3:2602.07379v1,arxiv_id,REC-06325
DE-06442,ARX:FORMAL-ARXIV-V12-Q-S0:2602.13284v1,ARX:FORMAL-ARXIV-V12-Q-B1:2602.13284v1,arxiv_id,REC-03589
DE-06443,ARX:FORMAL-ARXIV-V12-Q-S0:2602.06547v4,GS:GS-C1-02-087,arxiv_id,REC-01657
DE-06444,ARX:FORMAL-ARXIV-V12-Q-S0:2602.05386v2,GS:GS-B1-03-018,arxiv_id,REC-01110
DE-06445,ARX:FORMAL-ARXIV-V12-Q-S0:2602.05066v2,ARX:FORMAL-ARXIV-V12-Q-B1:2602.05066v2,arxiv_id,REC-03591
DE-06446,ARX:FORMAL-ARXIV-V12-Q-S0:2602.04653v4,GS:GS-B1-03-008,arxiv_id,REC-01103
DE-06447,ARX:FORMAL-ARXIV-V12-Q-S0:2602.03792v1,GS:GS-B1-01-006,arxiv_id,REC-00958
DE-06448,ARX:FORMAL-ARXIV-V12-Q-S0:2602.03255v1,GS:GS-A3-01-068,arxiv_id,REC-00897
DE-06449,ARX:FORMAL-ARXIV-V12-Q-S0:2602.03117v3,ARX:FORMAL-ARXIV-V12-Q-B1:2602.03117v3,arxiv_id,REC-03592
DE-06450,ARX:FORMAL-ARXIV-V12-Q-S0:2602.02164v2,ARX:FORMAL-ARXIV-V12-Q-C1:2602.02164v2,arxiv_id,REC-04542
DE-06451,ARX:FORMAL-ARXIV-V12-Q-S0:2602.01942v1,ARX:FORMAL-ARXIV-V12-Q-B1:2602.01942v1,arxiv_id,REC-03593
DE-06452,ARX:FORMAL-ARXIV-V12-Q-S0:2602.01725v1,ARX:FORMAL-ARXIV-V12-Q-A1:2602.01725v1,arxiv_id,REC-02871
DE-06453,ARX:FORMAL-ARXIV-V12-Q-S0:2602.01709v2,GS:GS-A2W-02-088,arxiv_id,REC-00806
DE-06454,ARX:FORMAL-ARXIV-V12-Q-S0:2602.01317v5,ARX:FORMAL-ARXIV-V12-Q-D3:2602.01317v5,arxiv_id,REC-09231
DE-06455,ARX:FORMAL-ARXIV-V12-Q-S0:2602.02595v1,ARX:FORMAL-ARXIV-V12-Q-D1:2602.02595v1,arxiv_id,REC-07500
DE-06456,ARX:FORMAL-ARXIV-V12-Q-S0:2601.23132v2,ARX:FORMAL-ARXIV-V12-Q-B4:2601.23132v2,arxiv_id,REC-04212
DE-06457,ARX:FORMAL-ARXIV-V12-Q-S0:2601.22569v2,ARX:FORMAL-ARXIV-V12-Q-B1:2601.22569v2,arxiv_id,REC-03594
DE-06458,ARX:FORMAL-ARXIV-V12-Q-S0:2601.20184v1,ARX:FORMAL-ARXIV-V12-Q-B4:2601.20184v1,arxiv_id,REC-04214
DE-06459,ARX:FORMAL-ARXIV-V12-Q-S0:2601.19287v1,ARX:FORMAL-ARXIV-V12-Q-C3:2601.19287v1,arxiv_id,REC-06343
DE-06460,ARX:FORMAL-ARXIV-V12-Q-S0:2601.19138v2,ARX:FORMAL-ARXIV-V12-Q-D2:2601.19138v2,arxiv_id,REC-08407
DE-06461,ARX:FORMAL-ARXIV-V12-Q-S0:2601.18491v2,ARX:FORMAL-ARXIV-V12-Q-D1:2601.18491v2,arxiv_id,REC-07515
DE-06462,ARX:FORMAL-ARXIV-V12-Q-S0:2601.17887v2,ARX:FORMAL-ARXIV-V12-Q-C1:2601.17887v2,arxiv_id,REC-04555
DE-06463,ARX:FORMAL-ARXIV-V12-Q-S0:2601.17566v1,ARX:FORMAL-ARXIV-V12-Q-C2:2601.17566v1,arxiv_id,REC-05266
DE-06464,ARX:FORMAL-ARXIV-V12-Q-S0:2601.17549v1,GS:GS-B1-02-100,arxiv_id,REC-01099
DE-06465,ARX:FORMAL-ARXIV-V12-Q-S0:2601.17548v1,ARX:FORMAL-ARXIV-V12-Q-B1:2601.17548v1,arxiv_id,REC-03597
DE-06466,ARX:FORMAL-ARXIV-V12-Q-S0:2601.17303v2,ARX:FORMAL-ARXIV-V12-Q-D2:2601.17303v2,arxiv_id,REC-08412
DE-06467,ARX:FORMAL-ARXIV-V12-Q-S0:2601.16472v2,ARX:FORMAL-ARXIV-V12-Q-D1:2601.16472v2,arxiv_id,REC-07519
DE-06468,ARX:FORMAL-ARXIV-V12-Q-S0:2601.14667v1,GS:GS-C2-01-032,arxiv_id,REC-01748
DE-06469,ARX:FORMAL-ARXIV-V12-Q-S0:2601.14660v2,ARX:FORMAL-ARXIV-V12-Q-D2:2601.14660v2,arxiv_id,REC-08419
DE-06470,ARX:FORMAL-ARXIV-V12-Q-S0:2601.14544v1,ARX:FORMAL-ARXIV-V12-Q-D2:2601.14544v1,arxiv_id,REC-08420
DE-06471,ARX:FORMAL-ARXIV-V12-Q-S0:2601.14171v2,ARX:FORMAL-ARXIV-V12-Q-C3:2601.14171v2,arxiv_id,REC-06359
DE-06472,ARX:FORMAL-ARXIV-V12-Q-S0:2601.13612v1,ARX:FORMAL-ARXIV-V12-Q-B1:2601.13612v1,arxiv_id,REC-03599
DE-06473,ARX:FORMAL-ARXIV-V12-Q-S0:2601.13186v1,ARX:FORMAL-ARXIV-V12-Q-B1:2601.13186v1,arxiv_id,REC-03600
DE-06474,ARX:FORMAL-ARXIV-V12-Q-S0:2601.12822v1,GS:GS-B2-01-055,arxiv_id,REC-01150
DE-06475,ARX:FORMAL-ARXIV-V12-Q-S0:2601.12449v1,GS:GS-B3-02-016,arxiv_id,REC-01244
DE-06476,ARX:FORMAL-ARXIV-V12-Q-S0:2601.12349v3,GS:GS-B2-02-027,arxiv_id,REC-01197
DE-06477,ARX:FORMAL-ARXIV-V12-Q-S0:2601.12148v3,ARX:FORMAL-ARXIV-V12-Q-C2:2601.12148v3,arxiv_id,REC-05269
DE-06478,ARX:FORMAL-ARXIV-V12-Q-S0:2601.11893v1,GS:GS-A1-05-078,arxiv_id,REC-00402
DE-06479,ARX:FORMAL-ARXIV-V12-Q-S0:2601.10338v1,ARX:FORMAL-ARXIV-V12-Q-B1:2601.10338v1,arxiv_id,REC-03601
DE-06480,ARX:FORMAL-ARXIV-V12-Q-S0:2601.10156v1,ARX:FORMAL-ARXIV-V12-Q-B1:2601.10156v1,arxiv_id,REC-03603
DE-06481,ARX:FORMAL-ARXIV-V12-Q-S0:2601.09923v3,GS:GS-A1-01-022,arxiv_id,REC-00021
DE-06482,ARX:FORMAL-ARXIV-V12-Q-S0:2601.09129v1,ARX:FORMAL-ARXIV-V12-Q-D2:2601.09129v1,arxiv_id,REC-08438
DE-06483,ARX:FORMAL-ARXIV-V12-Q-S0:2601.10758v3,GS:GS-B3-03-058,arxiv_id,REC-01342
DE-06484,ARX:FORMAL-ARXIV-V12-Q-S0:2601.08406v1,ARX:FORMAL-ARXIV-V12-Q-A1:2601.08406v1,arxiv_id,REC-02895
DE-06485,ARX:FORMAL-ARXIV-V12-Q-S0:2601.07395v1,GS:GS-B3-02-004,arxiv_id,REC-01239
DE-06486,ARX:FORMAL-ARXIV-V12-Q-S0:2601.07263v1,ARX:FORMAL-ARXIV-V12-Q-A1:2601.07263v1,arxiv_id,REC-02897
DE-06487,ARX:FORMAL-ARXIV-V12-Q-S0:2601.07880v1,GS:GS-C3-02-028,arxiv_id,REC-01985
DE-06488,ARX:FORMAL-ARXIV-V12-Q-S0:2601.06838v1,ARX:FORMAL-ARXIV-V12-Q-D2:2601.06838v1,arxiv_id,REC-08441
DE-06489,ARX:FORMAL-ARXIV-V12-Q-S0:2601.06663v2,ARX:FORMAL-ARXIV-V12-Q-D1:2601.06663v2,arxiv_id,REC-07545
DE-06490,ARX:FORMAL-ARXIV-V12-Q-S0:2601.05755v2,ARX:FORMAL-ARXIV-V12-Q-B1:2601.05755v2,arxiv_id,REC-03605
DE-06491,ARX:FORMAL-ARXIV-V12-Q-S0:2601.05504v2,GS:GS-C1-01-002,arxiv_id,REC-01554
DE-06492,ARX:FORMAL-ARXIV-V12-Q-S0:2601.07853v2,ARX:FORMAL-ARXIV-V12-Q-B1:2601.07853v2,arxiv_id,REC-03606
DE-06493,ARX:FORMAL-ARXIV-V12-Q-S0:2601.04886v2,ARX:FORMAL-ARXIV-V12-Q-C3:2601.04886v2,arxiv_id,REC-06372
DE-06494,ARX:FORMAL-ARXIV-V12-Q-S0:2601.04790v1,ARX:FORMAL-ARXIV-V12-Q-C2:2601.04790v1,arxiv_id,REC-05281
DE-06495,ARX:FORMAL-ARXIV-V12-Q-S0:2601.04566v2,ARX:FORMAL-ARXIV-V12-Q-B2:2601.04566v2,arxiv_id,REC-03743
DE-06496,ARX:FORMAL-ARXIV-V12-Q-S0:2601.02196v2,ARX:FORMAL-ARXIV-V12-Q-C3:2601.02196v2,arxiv_id,REC-06375
DE-06497,ARX:FORMAL-ARXIV-V12-Q-S0:2601.01723v1,ARX:FORMAL-ARXIV-V12-Q-D2:2601.01723v1,arxiv_id,REC-08455
DE-06498,ARX:FORMAL-ARXIV-V12-Q-S0:2601.01241v2,GS:GS-B4-04-090,arxiv_id,REC-01547
DE-06499,ARX:FORMAL-ARXIV-V12-Q-S0:2601.00477v1,ARX:FORMAL-ARXIV-V12-Q-C3:2601.00477v1,arxiv_id,REC-06378
DE-06500,ARX:FORMAL-ARXIV-V12-Q-S0:2512.24415v1,ARX:FORMAL-ARXIV-V12-Q-B1:2512.24415v1,arxiv_id,REC-03607
DE-06501,ARX:FORMAL-ARXIV-V12-Q-S0:2512.23557v1,GS:GS-B2-01-005,arxiv_id,REC-01118
DE-06502,ARX:FORMAL-ARXIV-V12-Q-S0:2512.23480v1,ARX:FORMAL-ARXIV-V12-Q-B4:2512.23480v1,arxiv_id,REC-04224
DE-06503,ARX:FORMAL-ARXIV-V12-Q-S0:2601.00848v1,ARX:FORMAL-ARXIV-V12-Q-D2:2601.00848v1,arxiv_id,REC-08465
DE-06504,ARX:FORMAL-ARXIV-V12-Q-S0:2512.22883v1,ARX:FORMAL-ARXIV-V12-Q-B3:2512.22883v1,arxiv_id,REC-03977
DE-06505,ARX:FORMAL-ARXIV-V12-Q-S0:2512.21818v1,ARX:FORMAL-ARXIV-V12-Q-C2:2512.21818v1,arxiv_id,REC-05288
DE-06506,ARX:FORMAL-ARXIV-V12-Q-S0:2512.20986v1,ARX:FORMAL-ARXIV-V12-Q-B1:2512.20986v1,arxiv_id,REC-03610
DE-06507,ARX:FORMAL-ARXIV-V12-Q-S0:2512.20550v1,ARX:FORMAL-ARXIV-V12-Q-C3:2512.20550v1,arxiv_id,REC-06387
DE-06508,ARX:FORMAL-ARXIV-V12-Q-S0:2512.22211v1,ARX:FORMAL-ARXIV-V12-Q-D2:2512.22211v1,arxiv_id,REC-08473
DE-06509,ARX:FORMAL-ARXIV-V12-Q-S0:2512.18733v1,ARX:FORMAL-ARXIV-V12-Q-C2:2512.18733v1,arxiv_id,REC-05291
DE-06510,ARX:FORMAL-ARXIV-V12-Q-S0:2512.18043v1,ARX:FORMAL-ARXIV-V12-Q-D1:2512.18043v1,arxiv_id,REC-07580
DE-06511,ARX:FORMAL-ARXIV-V12-Q-S0:2512.17146v1,ARX:FORMAL-ARXIV-V12-Q-D1:2512.17146v1,arxiv_id,REC-07583
DE-06512,ARX:FORMAL-ARXIV-V12-Q-S0:2512.16962v1,GS:GS-C1-01-006,arxiv_id,REC-01558
DE-06513,ARX:FORMAL-ARXIV-V12-Q-S0:2512.15688v1,ARX:FORMAL-ARXIV-V12-Q-D1:2512.15688v1,arxiv_id,REC-07587
DE-06514,ARX:FORMAL-ARXIV-V12-Q-S0:2512.15163v2,ARX:FORMAL-ARXIV-V12-Q-B4:2512.15163v2,arxiv_id,REC-04226
DE-06515,ARX:FORMAL-ARXIV-V12-Q-S0:2512.14860v1,ARX:FORMAL-ARXIV-V12-Q-B1:2512.14860v1,arxiv_id,REC-03613
DE-06516,ARX:FORMAL-ARXIV-V12-Q-S0:2512.14448v1,GS:GS-B1-03-009,arxiv_id,REC-01104
DE-06517,ARX:FORMAL-ARXIV-V12-Q-S0:2512.11589v2,ARX:FORMAL-ARXIV-V12-Q-C3:2512.11589v2,arxiv_id,REC-06395
DE-06518,ARX:FORMAL-ARXIV-V12-Q-S0:2512.11147v1,GS:GS-B1-01-095,arxiv_id,REC-01003
DE-06519,ARX:FORMAL-ARXIV-V12-Q-S0:2512.09321v3,ARX:FORMAL-ARXIV-V12-Q-B1:2512.09321v3,arxiv_id,REC-03615
DE-06520,ARX:FORMAL-ARXIV-V12-Q-S0:2512.08104v3,GS:GS-C2-02-062,arxiv_id,REC-01839
DE-06521,ARX:FORMAL-ARXIV-V12-Q-S0:2601.02371v2,ARX:FORMAL-ARXIV-V12-Q-A1:2601.02371v2,arxiv_id,REC-02924
DE-06522,ARX:FORMAL-ARXIV-V12-Q-S0:2512.06914v2,GS:GS-B3-02-051,arxiv_id,REC-01271
DE-06523,ARX:FORMAL-ARXIV-V12-Q-S0:2512.06716v3,ARX:FORMAL-ARXIV-V12-Q-B1:2512.06716v3,arxiv_id,REC-03616
DE-06524,ARX:FORMAL-ARXIV-V12-Q-S0:2512.06060v1,ARX:FORMAL-ARXIV-V12-Q-C3:2512.06060v1,arxiv_id,REC-06398
DE-06525,ARX:FORMAL-ARXIV-V12-Q-S0:2512.04895v1,GS:GS-B2-01-007,arxiv_id,REC-01120
DE-06526,ARX:FORMAL-ARXIV-V12-Q-S0:2512.04785v1,ARX:FORMAL-ARXIV-V12-Q-B1:2512.04785v1,arxiv_id,REC-03617
DE-06527,ARX:FORMAL-ARXIV-V12-Q-S0:2512.04129v2,GS:GS-C2-03-098,arxiv_id,REC-01909
DE-06528,ARX:FORMAL-ARXIV-V12-Q-S0:2512.02654v1,ARX:FORMAL-ARXIV-V12-Q-D2:2512.02654v1,arxiv_id,REC-08498
DE-06529,ARX:FORMAL-ARXIV-V12-Q-S0:2512.02321v1,GS:GS-B2-01-078,arxiv_id,REC-01166
DE-06530,ARX:FORMAL-ARXIV-V12-Q-S0:2512.01295v2,GS:GS-B3-02-084,arxiv_id,REC-01301
DE-06531,ARX:FORMAL-ARXIV-V12-Q-S0:2511.23174v1,ARX:FORMAL-ARXIV-V12-Q-B1:2511.23174v1,arxiv_id,REC-03620
DE-06532,ARX:FORMAL-ARXIV-V12-Q-S0:2511.22441v1,GS:GS-B2-01-098,arxiv_id,REC-01184
DE-06533,ARX:FORMAL-ARXIV-V12-Q-S0:2512.17913v1,ARX:FORMAL-ARXIV-V12-Q-C2:2512.17913v1,arxiv_id,REC-05322
DE-06534,ARX:FORMAL-ARXIV-V12-Q-S0:2511.21990v1,GS:GS-B3-03-088,arxiv_id,REC-01357
DE-06535,ARX:FORMAL-ARXIV-V12-Q-S0:2511.21460v1,ARX:FORMAL-ARXIV-V12-Q-D1:2511.21460v1,arxiv_id,REC-07621
DE-06536,ARX:FORMAL-ARXIV-V12-Q-S0:2512.07850v1,ARX:FORMAL-ARXIV-V12-Q-D1:2512.07850v1,arxiv_id,REC-07623
DE-06537,ARX:FORMAL-ARXIV-V12-Q-S0:2511.20920v1,GS:GS-B4-01-010,arxiv_id,REC-01369
DE-06538,ARX:FORMAL-ARXIV-V12-Q-S0:2511.20914v1,ARX:FORMAL-ARXIV-V12-Q-C2:2511.20914v1,arxiv_id,REC-05324
DE-06539,ARX:FORMAL-ARXIV-V12-Q-S0:2511.20597v2,GS:GS-A1-05-050,arxiv_id,REC-00375
DE-06540,ARX:FORMAL-ARXIV-V12-Q-S0:2512.20624v1,ARX:FORMAL-ARXIV-V12-Q-C1:2512.20624v1,arxiv_id,REC-04618
DE-06541,ARX:FORMAL-ARXIV-V12-Q-S0:2511.19874v1,ARX:FORMAL-ARXIV-V12-Q-D2:2511.19874v1,arxiv_id,REC-08504
DE-06542,ARX:FORMAL-ARXIV-V12-Q-S0:2511.19536v1,ARX:FORMAL-ARXIV-V12-Q-D2:2511.19536v1,arxiv_id,REC-08506
DE-06543,ARX:FORMAL-ARXIV-V12-Q-S0:2511.19522v1,ARX:FORMAL-ARXIV-V12-Q-C2:2511.19522v1,arxiv_id,REC-05327
DE-06544,ARX:FORMAL-ARXIV-V12-Q-S0:2511.18467v1,ARX:FORMAL-ARXIV-V12-Q-C2:2511.18467v1,arxiv_id,REC-05330
DE-06545,ARX:FORMAL-ARXIV-V12-Q-S0:2511.18114v1,ARX:FORMAL-ARXIV-V12-Q-D2:2511.18114v1,arxiv_id,REC-08508
DE-06546,ARX:FORMAL-ARXIV-V12-Q-S0:2511.19477v1,GS:GS-A1-05-009,arxiv_id,REC-00338
DE-06547,ARX:FORMAL-ARXIV-V12-Q-S0:2511.17959v1,ARX:FORMAL-ARXIV-V12-Q-C3:2511.17959v1,arxiv_id,REC-06417
DE-06548,ARX:FORMAL-ARXIV-V12-Q-S0:2511.17730v1,ARX:FORMAL-ARXIV-V12-Q-C2:2511.17730v1,arxiv_id,REC-05333
DE-06549,ARX:FORMAL-ARXIV-V12-Q-S0:2511.16709v1,ARX:FORMAL-ARXIV-V12-Q-B2:2511.16709v1,arxiv_id,REC-03748
DE-06550,ARX:FORMAL-ARXIV-V12-Q-S0:2511.15759v1,ARX:FORMAL-ARXIV-V12-Q-B1:2511.15759v1,arxiv_id,REC-03623
DE-06551,ARX:FORMAL-ARXIV-V12-Q-S0:2511.15292v1,ARX:FORMAL-ARXIV-V12-Q-C2:2511.15292v1,arxiv_id,REC-05337
DE-06552,ARX:FORMAL-ARXIV-V12-Q-S0:2511.15203v1,GS:GS-B3-03-059,arxiv_id,REC-01343
DE-06553,ARX:FORMAL-ARXIV-V12-Q-S0:2511.08842v1,ARX:FORMAL-ARXIV-V12-Q-D2:2511.08842v1,arxiv_id,REC-08521
DE-06554,ARX:FORMAL-ARXIV-V12-Q-S0:2511.07176v3,ARX:FORMAL-ARXIV-V12-Q-D2:2511.07176v3,arxiv_id,REC-08524
DE-06555,ARX:FORMAL-ARXIV-V12-Q-S0:2511.06448v2,ARX:FORMAL-ARXIV-V12-Q-D2:2511.06448v2,arxiv_id,REC-08528
DE-06556,ARX:FORMAL-ARXIV-V12-Q-S0:2511.15712v1,ARX:FORMAL-ARXIV-V12-Q-C3:2511.15712v1,arxiv_id,REC-06429
DE-06557,ARX:FORMAL-ARXIV-V12-Q-S0:2511.05867v3,ARX:FORMAL-ARXIV-V12-Q-B1:2511.05867v3,arxiv_id,REC-03624
DE-06558,ARX:FORMAL-ARXIV-V12-Q-S0:2511.05359v1,ARX:FORMAL-ARXIV-V12-Q-C2:2511.05359v1,arxiv_id,REC-05351
DE-06559,ARX:FORMAL-ARXIV-V12-Q-S0:2511.05269v1,ARX:FORMAL-ARXIV-V12-Q-C2:2511.05269v1,arxiv_id,REC-05352
DE-06560,ARX:FORMAL-ARXIV-V12-Q-S0:2511.03841v1,ARX:FORMAL-ARXIV-V12-Q-C2:2511.03841v1,arxiv_id,REC-05354
DE-06561,ARX:FORMAL-ARXIV-V12-Q-S0:2511.03138v4,ARX:FORMAL-ARXIV-V12-Q-D1:2511.03138v4,arxiv_id,REC-07646
DE-06562,ARX:FORMAL-ARXIV-V12-Q-S0:2510.27623v3,ARX:FORMAL-ARXIV-V12-Q-B2:2510.27623v3,arxiv_id,REC-03754
DE-06563,ARX:FORMAL-ARXIV-V12-Q-S0:2510.27140v3,GS:GS-A2W-03-028,arxiv_id,REC-00831
DE-06564,ARX:FORMAL-ARXIV-V12-Q-S0:2510.26752v2,ARX:FORMAL-ARXIV-V12-Q-C3:2510.26752v2,arxiv_id,REC-06432
DE-06565,ARX:FORMAL-ARXIV-V12-Q-S0:2510.26702v1,ARX:FORMAL-ARXIV-V12-Q-C3:2510.26702v1,arxiv_id,REC-06433
DE-06566,ARX:FORMAL-ARXIV-V12-Q-S0:2510.26328v1,ARX:FORMAL-ARXIV-V12-Q-B1:2510.26328v1,arxiv_id,REC-03625
DE-06567,ARX:FORMAL-ARXIV-V12-Q-S0:2510.26212v1,ARX:FORMAL-ARXIV-V12-Q-B1:2510.26212v1,arxiv_id,REC-03626
DE-06568,ARX:FORMAL-ARXIV-V12-Q-S0:2510.25819v1,GS:GS-C2-02-041,arxiv_id,REC-01824
DE-06569,ARX:FORMAL-ARXIV-V12-Q-S0:2510.24411v3,ARX:FORMAL-ARXIV-V12-Q-A1:2510.24411v3,arxiv_id,REC-02955
DE-06570,ARX:FORMAL-ARXIV-V12-Q-S0:2510.23883v3,ARX:FORMAL-ARXIV-V12-Q-D2:2510.23883v3,arxiv_id,REC-08540
DE-06571,ARX:FORMAL-ARXIV-V12-Q-S0:2510.23675v3,GS:GS-B1-02-067,arxiv_id,REC-01069
DE-06572,ARX:FORMAL-ARXIV-V12-Q-S0:2510.22963v4,ARX:FORMAL-ARXIV-V12-Q-B1:2510.22963v4,arxiv_id,REC-03627
DE-06573,ARX:FORMAL-ARXIV-V12-Q-S0:2510.22620v2,ARX:FORMAL-ARXIV-V12-Q-D1:2510.22620v2,arxiv_id,REC-07663
DE-06574,ARX:FORMAL-ARXIV-V12-Q-S0:2510.21236v3,ARX:FORMAL-ARXIV-V12-Q-B4:2510.21236v3,arxiv_id,REC-04236
DE-06575,ARX:FORMAL-ARXIV-V12-Q-S0:2510.20333v3,ARX:FORMAL-ARXIV-V12-Q-A2S:2510.20333v3,arxiv_id,REC-03299
DE-06576,ARX:FORMAL-ARXIV-V12-Q-S0:2510.19420v2,ARX:FORMAL-ARXIV-V12-Q-C2:2510.19420v2,arxiv_id,REC-05364
DE-06577,ARX:FORMAL-ARXIV-V12-Q-S0:2510.19324v1,ARX:FORMAL-ARXIV-V12-Q-C3:2510.19324v1,arxiv_id,REC-06437
DE-06578,ARX:FORMAL-ARXIV-V12-Q-S0:2510.18563v1,ARX:FORMAL-ARXIV-V12-Q-C2:2510.18563v1,arxiv_id,REC-05366
DE-06579,ARX:FORMAL-ARXIV-V12-Q-S0:2510.18314v2,ARX:FORMAL-ARXIV-V12-Q-A1:2510.18314v2,arxiv_id,REC-02963
DE-06580,ARX:FORMAL-ARXIV-V12-Q-S0:2510.18123v1,ARX:FORMAL-ARXIV-V12-Q-C2:2510.18123v1,arxiv_id,REC-05370
DE-06581,ARX:FORMAL-ARXIV-V12-Q-S0:2510.17521v1,ARX:FORMAL-ARXIV-V12-Q-D2:2510.17521v1,arxiv_id,REC-08547
DE-06582,ARX:FORMAL-ARXIV-V12-Q-S0:2510.17276v2,ARX:FORMAL-ARXIV-V12-Q-B3:2510.17276v2,arxiv_id,REC-04002
DE-06583,ARX:FORMAL-ARXIV-V12-Q-S0:2510.16492v4,ARX:FORMAL-ARXIV-V12-Q-D2:2510.16492v4,arxiv_id,REC-08549
DE-06584,ARX:FORMAL-ARXIV-V12-Q-S0:2510.16219v3,ARX:FORMAL-ARXIV-V12-Q-C2:2510.16219v3,arxiv_id,REC-05372
DE-06585,ARX:FORMAL-ARXIV-V12-Q-S0:2510.15739v1,ARX:FORMAL-ARXIV-V12-Q-D2:2510.15739v1,arxiv_id,REC-08551
DE-06586,ARX:FORMAL-ARXIV-V12-Q-S0:2510.14312v1,ARX:FORMAL-ARXIV-V12-Q-C2:2510.14312v1,arxiv_id,REC-05377
DE-06587,ARX:FORMAL-ARXIV-V12-Q-S0:2510.14207v3,ARX:FORMAL-ARXIV-V12-Q-D2:2510.14207v3,arxiv_id,REC-08556
DE-06588,ARX:FORMAL-ARXIV-V12-Q-S0:2510.14133v2,GS:GS-C2-02-030,arxiv_id,REC-01820
DE-06589,ARX:FORMAL-ARXIV-V12-Q-S0:2510.13543v1,GS:GS-B1-02-074,arxiv_id,REC-01076
DE-06590,ARX:FORMAL-ARXIV-V12-Q-S0:2510.15994v2,ARX:FORMAL-ARXIV-V12-Q-B1:2510.15994v2,arxiv_id,REC-03631
DE-06591,ARX:FORMAL-ARXIV-V12-Q-S0:2510.12200v1,ARX:FORMAL-ARXIV-V12-Q-A1:2510.12200v1,arxiv_id,REC-02971
DE-06592,ARX:FORMAL-ARXIV-V12-Q-S0:2510.11414v1,ARX:FORMAL-ARXIV-V12-Q-C3:2510.11414v1,arxiv_id,REC-06443
DE-06593,ARX:FORMAL-ARXIV-V12-Q-S0:2510.11246v1,ARX:FORMAL-ARXIV-V12-Q-B2:2510.11246v1,arxiv_id,REC-03756
DE-06594,ARX:FORMAL-ARXIV-V12-Q-S0:2510.11203v1,GS:GS-B3-02-081,arxiv_id,REC-01299
DE-06595,ARX:FORMAL-ARXIV-V12-Q-S0:2510.10454v2,ARX:FORMAL-ARXIV-V12-Q-C1:2510.10454v2,arxiv_id,REC-04661
DE-06596,ARX:FORMAL-ARXIV-V12-Q-S0:2510.10185v3,ARX:FORMAL-ARXIV-V12-Q-C2:2510.10185v3,arxiv_id,REC-05380
DE-06597,ARX:FORMAL-ARXIV-V12-Q-S0:2510.10073v2,ARX:FORMAL-ARXIV-V12-Q-A1:2510.10073v2,arxiv_id,REC-02976
DE-06598,ARX:FORMAL-ARXIV-V12-Q-S0:2510.09781v1,ARX:FORMAL-ARXIV-V12-Q-D1:2510.09781v1,arxiv_id,REC-07689
DE-06599,ARX:FORMAL-ARXIV-V12-Q-S0:2510.09093v2,ARX:FORMAL-ARXIV-V12-Q-B1:2510.09093v2,arxiv_id,REC-03634
DE-06600,ARX:FORMAL-ARXIV-V12-Q-S0:2510.08829v1,ARX:FORMAL-ARXIV-V12-Q-B1:2510.08829v1,arxiv_id,REC-03635
DE-06601,ARX:FORMAL-ARXIV-V12-Q-S0:2510.08238v1,ARX:FORMAL-ARXIV-V12-Q-B2:2510.08238v1,arxiv_id,REC-03758
DE-06602,ARX:FORMAL-ARXIV-V12-Q-S0:2510.07809v4,GS:GS-B2-02-044,arxiv_id,REC-01200
DE-06603,ARX:FORMAL-ARXIV-V12-Q-S0:2510.07176v1,GS:GS-C3-01-070,arxiv_id,REC-01948
DE-06604,ARX:FORMAL-ARXIV-V12-Q-S0:2510.13825v1,GS:GS-C2-02-026,arxiv_id,REC-01817
DE-06605,ARX:FORMAL-ARXIV-V12-Q-S0:2510.06835v3,ARX:FORMAL-ARXIV-V12-Q-C2:2510.06835v3,arxiv_id,REC-05388
DE-06606,ARX:FORMAL-ARXIV-V12-Q-S0:2510.06445v3,GS:GS-B3-03-023,arxiv_id,REC-01323
DE-06607,ARX:FORMAL-ARXIV-V12-Q-S0:2510.08605v1,ARX:FORMAL-ARXIV-V12-Q-C2:2510.08605v1,arxiv_id,REC-05391
DE-06608,ARX:FORMAL-ARXIV-V12-Q-S0:2510.05442v1,ARX:FORMAL-ARXIV-V12-Q-B1:2510.05442v1,arxiv_id,REC-03636
DE-06609,ARX:FORMAL-ARXIV-V12-Q-S0:2510.04257v1,GS:GS-A2W-02-072,arxiv_id,REC-00793
DE-06610,ARX:FORMAL-ARXIV-V12-Q-S0:2510.05156v1,GS:GS-C1-02-086,arxiv_id,REC-01656
DE-06611,ARX:FORMAL-ARXIV-V12-Q-S0:2510.02677v1,ARX:FORMAL-ARXIV-V12-Q-B4:2510.02677v1,arxiv_id,REC-04242
DE-06612,ARX:FORMAL-ARXIV-V12-Q-S0:2510.02554v1,GS:GS-B3-02-019,arxiv_id,REC-01247
DE-06613,ARX:FORMAL-ARXIV-V12-Q-S0:2510.01780v1,ARX:FORMAL-ARXIV-V12-Q-B4:2510.01780v1,arxiv_id,REC-04243
DE-06614,ARX:FORMAL-ARXIV-V12-Q-S0:2510.01654v1,ARX:FORMAL-ARXIV-V12-Q-D2:2510.01654v1,arxiv_id,REC-08588
DE-06615,ARX:FORMAL-ARXIV-V12-Q-S0:2510.01586v1,ARX:FORMAL-ARXIV-V12-Q-B1:2510.01586v1,arxiv_id,REC-03638
DE-06616,ARX:FORMAL-ARXIV-V12-Q-S0:2510.01359v2,ARX:FORMAL-ARXIV-V12-Q-D2:2510.01359v2,arxiv_id,REC-08589
DE-06617,ARX:FORMAL-ARXIV-V12-Q-S0:2510.01354v1,GS:GS-B2-01-015,arxiv_id,REC-01125
DE-06618,ARX:FORMAL-ARXIV-V12-Q-S0:2509.26354v2,ARX:FORMAL-ARXIV-V12-Q-D2:2509.26354v2,arxiv_id,REC-08592
DE-06619,ARX:FORMAL-ARXIV-V12-Q-S0:2509.25974v1,ARX:FORMAL-ARXIV-V12-Q-C3:2509.25974v1,arxiv_id,REC-06457
DE-06620,ARX:FORMAL-ARXIV-V12-Q-S0:2509.25885v1,ARX:FORMAL-ARXIV-V12-Q-D2:2509.25885v1,arxiv_id,REC-08594
DE-06621,ARX:FORMAL-ARXIV-V12-Q-S0:2509.25302v2,ARX:FORMAL-ARXIV-V12-Q-D2:2509.25302v2,arxiv_id,REC-08597
DE-06622,ARX:FORMAL-ARXIV-V12-Q-S0:2510.02373v1,GS:GS-C1-01-040,arxiv_id,REC-01587
DE-06623,ARX:FORMAL-ARXIV-V12-Q-S0:2509.24408v2,GS:GS-C1-01-086,arxiv_id,REC-01625
DE-06624,ARX:FORMAL-ARXIV-V12-Q-S0:2509.24272v1,GS:GS-B3-02-068,arxiv_id,REC-01288
DE-06625,ARX:FORMAL-ARXIV-V12-Q-S0:2509.24240v1,GS:GS-B3-02-053,arxiv_id,REC-01273
DE-06626,ARX:FORMAL-ARXIV-V12-Q-S0:2509.23994v2,ARX:FORMAL-ARXIV-V12-Q-B1:2509.23994v2,arxiv_id,REC-03642
DE-06627,ARX:FORMAL-ARXIV-V12-Q-S0:2509.22830v3,ARX:FORMAL-ARXIV-V12-Q-B1:2509.22830v3,arxiv_id,REC-03644
DE-06628,ARX:FORMAL-ARXIV-V12-Q-S0:2509.22256v4,GS:GS-A1-01-028,arxiv_id,REC-00027
DE-06629,ARX:FORMAL-ARXIV-V12-Q-S0:2509.22041v3,ARX:FORMAL-ARXIV-V12-Q-B3:2509.22041v3,arxiv_id,REC-04009
DE-06630,ARX:FORMAL-ARXIV-V12-Q-S0:2509.22040v2,ARX:FORMAL-ARXIV-V12-Q-B1:2509.22040v2,arxiv_id,REC-03645
DE-06631,ARX:FORMAL-ARXIV-V12-Q-S0:2509.21982v2,ARX:FORMAL-ARXIV-V12-Q-A1:2509.21982v2,arxiv_id,REC-03004
DE-06632,ARX:FORMAL-ARXIV-V12-Q-S0:2509.21891v2,ARX:FORMAL-ARXIV-V12-Q-C3:2509.21891v2,arxiv_id,REC-06463
DE-06633,ARX:FORMAL-ARXIV-V12-Q-S0:2509.20705v1,ARX:FORMAL-ARXIV-V12-Q-D2:2509.20705v1,arxiv_id,REC-08606
DE-06634,ARX:FORMAL-ARXIV-V12-Q-S0:2509.16950v2,ARX:FORMAL-ARXIV-V12-Q-B2:2509.16950v2,arxiv_id,REC-03761
DE-06635,ARX:FORMAL-ARXIV-V12-Q-S0:2509.14956v1,GS:GS-C2-01-084,arxiv_id,REC-01786
DE-06636,ARX:FORMAL-ARXIV-V12-Q-S0:2510.09620v1,ARX:FORMAL-ARXIV-V12-Q-D2:2510.09620v1,arxiv_id,REC-08612
DE-06637,ARX:FORMAL-ARXIV-V12-Q-S0:2509.13597v1,ARX:FORMAL-ARXIV-V12-Q-B1:2509.13597v1,arxiv_id,REC-03648
DE-06638,ARX:FORMAL-ARXIV-V12-Q-S0:2509.14285v4,ARX:FORMAL-ARXIV-V12-Q-B1:2509.14285v4,arxiv_id,REC-03649
DE-06639,ARX:FORMAL-ARXIV-V12-Q-S0:2509.14284v1,ARX:FORMAL-ARXIV-V12-Q-C2:2509.14284v1,arxiv_id,REC-05426
DE-06640,ARX:FORMAL-ARXIV-V12-Q-S0:2509.11431v1,ARX:FORMAL-ARXIV-V12-Q-B1:2509.11431v1,arxiv_id,REC-03650
DE-06641,ARX:FORMAL-ARXIV-V12-Q-S0:2509.11250v2,GS:GS-B2-02-010,arxiv_id,REC-01191
DE-06642,ARX:FORMAL-ARXIV-V12-Q-S0:2509.09970v1,ARX:FORMAL-ARXIV-V12-Q-D2:2509.09970v1,arxiv_id,REC-08622
DE-06643,ARX:FORMAL-ARXIV-V12-Q-S0:2510.15898v1,ARX:FORMAL-ARXIV-V12-Q-C3:2510.15898v1,arxiv_id,REC-06476
DE-06644,ARX:FORMAL-ARXIV-V12-Q-S0:2509.08646v1,GS:GS-B3-03-049,arxiv_id,REC-01335
DE-06645,ARX:FORMAL-ARXIV-V12-Q-S0:2509.08324v1,ARX:FORMAL-ARXIV-V12-Q-C2:2509.08324v1,arxiv_id,REC-05428
DE-06646,ARX:FORMAL-ARXIV-V12-Q-S0:2509.07764v1,ARX:FORMAL-ARXIV-V12-Q-A1:2509.07764v1,arxiv_id,REC-03027
DE-06647,ARX:FORMAL-ARXIV-V12-Q-S0:2509.07131v1,ARX:FORMAL-ARXIV-V12-Q-C3:2509.07131v1,arxiv_id,REC-06477
DE-06648,ARX:FORMAL-ARXIV-V12-Q-S0:2509.06572v5,ARX:FORMAL-ARXIV-V12-Q-B4:2509.06572v5,arxiv_id,REC-04250
DE-06649,ARX:FORMAL-ARXIV-V12-Q-S0:2509.05755v6,GS:GS-B3-03-031,arxiv_id,REC-01326
DE-06650,ARX:FORMAL-ARXIV-V12-Q-S0:2509.01835v2,ARX:FORMAL-ARXIV-V12-Q-C2:2509.01835v2,arxiv_id,REC-05436
DE-06651,ARX:FORMAL-ARXIV-V12-Q-S0:2509.01211v2,ARX:FORMAL-ARXIV-V12-Q-C2:2509.01211v2,arxiv_id,REC-05437
DE-06652,ARX:FORMAL-ARXIV-V12-Q-S0:2509.00124v1,ARX:FORMAL-ARXIV-V12-Q-B1:2509.00124v1,arxiv_id,REC-03652
DE-06653,ARX:FORMAL-ARXIV-V12-Q-S0:2508.20866v6,ARX:FORMAL-ARXIV-V12-Q-D2:2508.20866v6,arxiv_id,REC-08640
DE-06654,ARX:FORMAL-ARXIV-V12-Q-S0:2508.20412v3,GS:GS-B3-02-002,arxiv_id,REC-01238
DE-06655,ARX:FORMAL-ARXIV-V12-Q-S0:2508.19870v1,GS:GS-C2-03-042,arxiv_id,REC-01882
DE-06656,ARX:FORMAL-ARXIV-V12-Q-S0:2508.17674v2,ARX:FORMAL-ARXIV-V12-Q-D1:2508.17674v2,arxiv_id,REC-07740
DE-06657,ARX:FORMAL-ARXIV-V12-Q-S0:2508.19267v1,ARX:FORMAL-ARXIV-V12-Q-B3:2508.19267v1,arxiv_id,REC-04024
DE-06658,ARX:FORMAL-ARXIV-V12-Q-S0:2508.15310v1,ARX:FORMAL-ARXIV-V12-Q-B1:2508.15310v1,arxiv_id,REC-03654
DE-06659,ARX:FORMAL-ARXIV-V12-Q-S0:2508.15066v3,ARX:FORMAL-ARXIV-V12-Q-B3:2508.15066v3,arxiv_id,REC-04025
DE-06660,ARX:FORMAL-ARXIV-V12-Q-S0:2508.14031v2,ARX:FORMAL-ARXIV-V12-Q-A2W:2508.14031v2,arxiv_id,REC-03382
DE-06661,ARX:FORMAL-ARXIV-V12-Q-S0:2508.14925v1,ARX:FORMAL-ARXIV-V12-Q-B3:2508.14925v1,arxiv_id,REC-04026
DE-06662,ARX:FORMAL-ARXIV-V12-Q-S0:2508.11030v3,ARX:FORMAL-ARXIV-V12-Q-D2:2508.11030v3,arxiv_id,REC-08654
DE-06663,ARX:FORMAL-ARXIV-V12-Q-S0:2508.10991v4,ARX:FORMAL-ARXIV-V12-Q-B1:2508.10991v4,arxiv_id,REC-03658
DE-06664,ARX:FORMAL-ARXIV-V12-Q-S0:2508.10880v3,ARX:FORMAL-ARXIV-V12-Q-D2:2508.10880v3,arxiv_id,REC-08655
DE-06665,ARX:FORMAL-ARXIV-V12-Q-S0:2508.09815v1,GS:GS-C2-02-033,arxiv_id,REC-01821
DE-06666,ARX:FORMAL-ARXIV-V12-Q-S0:2508.10052v1,ARX:FORMAL-ARXIV-V12-Q-D2:2508.10052v1,arxiv_id,REC-08658
DE-06667,ARX:FORMAL-ARXIV-V12-Q-S0:2508.10043v1,GS:GS-C1-01-069,arxiv_id,REC-01612
DE-06668,ARX:FORMAL-ARXIV-V12-Q-S0:2508.08127v2,ARX:FORMAL-ARXIV-V12-Q-B1:2508.08127v2,arxiv_id,REC-03659
DE-06669,ARX:FORMAL-ARXIV-V12-Q-S0:2508.05687v1,GS:GS-C2-01-039,arxiv_id,REC-01755
DE-06670,ARX:FORMAL-ARXIV-V12-Q-S0:2508.04010v1,GS:GS-B1-03-014,arxiv_id,REC-01107
DE-06671,ARX:FORMAL-ARXIV-V12-Q-S0:2508.03864v2,ARX:FORMAL-ARXIV-V12-Q-C2:2508.03864v2,arxiv_id,REC-05453
DE-06672,ARX:FORMAL-ARXIV-V12-Q-S0:2508.03125v1,ARX:FORMAL-ARXIV-V12-Q-C2:2508.03125v1,arxiv_id,REC-05454
DE-06673,ARX:FORMAL-ARXIV-V12-Q-S0:2508.02110v2,ARX:FORMAL-ARXIV-V12-Q-B1:2508.02110v2,arxiv_id,REC-03662
DE-06674,ARX:FORMAL-ARXIV-V12-Q-S0:2508.01332v3,GS:GS-C2-02-005,arxiv_id,REC-01803
DE-06675,ARX:FORMAL-ARXIV-V12-Q-S0:2508.01249v3,GS:GS-B1-02-048,arxiv_id,REC-01052
DE-06676,ARX:FORMAL-ARXIV-V12-Q-S0:2508.00500v4,GS:GS-C3-01-098,arxiv_id,REC-01961
DE-06677,ARX:FORMAL-ARXIV-V12-Q-S0:2507.20526v1,ARX:FORMAL-ARXIV-V12-Q-B1:2507.20526v1,arxiv_id,REC-03664
DE-06678,ARX:FORMAL-ARXIV-V12-Q-S0:2507.21146v1,GS:GS-C2-02-025,arxiv_id,REC-01816
DE-06679,ARX:FORMAL-ARXIV-V12-Q-S0:2507.16203v1,ARX:FORMAL-ARXIV-V12-Q-D1:2507.16203v1,arxiv_id,REC-07773
DE-06680,ARX:FORMAL-ARXIV-V12-Q-S0:2507.14799v1,GS:GS-A1-06-011,arxiv_id,REC-00430
DE-06681,ARX:FORMAL-ARXIV-V12-Q-S0:2507.14660v2,ARX:FORMAL-ARXIV-V12-Q-C2:2507.14660v2,arxiv_id,REC-05474
DE-06682,ARX:FORMAL-ARXIV-V12-Q-S0:2507.14293v1,ARX:FORMAL-ARXIV-V12-Q-A1:2507.14293v1,arxiv_id,REC-03063
DE-06683,ARX:FORMAL-ARXIV-V12-Q-S0:2507.13038v1,ARX:FORMAL-ARXIV-V12-Q-B1:2507.13038v1,arxiv_id,REC-03667
DE-06684,ARX:FORMAL-ARXIV-V12-Q-S0:2507.10457v2,ARX:FORMAL-ARXIV-V12-Q-C1:2507.10457v2,arxiv_id,REC-04702
DE-06685,ARX:FORMAL-ARXIV-V12-Q-S0:2507.10610v3,ARX:FORMAL-ARXIV-V12-Q-A1:2507.10610v3,arxiv_id,REC-03065
DE-06686,ARX:FORMAL-ARXIV-V12-Q-S0:2507.08270v1,ARX:FORMAL-ARXIV-V12-Q-D2:2507.08270v1,arxiv_id,REC-08691
DE-06687,ARX:FORMAL-ARXIV-V12-Q-S0:2507.08207v2,ARX:FORMAL-ARXIV-V12-Q-D2:2507.08207v2,arxiv_id,REC-08693
DE-06688,ARX:FORMAL-ARXIV-V12-Q-S0:2507.06899v2,GS:GS-B2-02-005,arxiv_id,REC-01190
DE-06689,ARX:FORMAL-ARXIV-V12-Q-S0:2507.06850v6,GS:GS-B1-02-099,arxiv_id,REC-01098
DE-06690,ARX:FORMAL-ARXIV-V12-Q-S0:2507.06323v1,ARX:FORMAL-ARXIV-V12-Q-B1:2507.06323v1,arxiv_id,REC-03668
DE-06691,ARX:FORMAL-ARXIV-V12-Q-S0:2507.06134v2,ARX:FORMAL-ARXIV-V12-Q-D2:2507.06134v2,arxiv_id,REC-08695
DE-06692,ARX:FORMAL-ARXIV-V12-Q-S0:2507.05558v4,ARX:FORMAL-ARXIV-V12-Q-D2:2507.05558v4,arxiv_id,REC-08697
DE-06693,ARX:FORMAL-ARXIV-V12-Q-S0:2507.05445v1,GS:GS-A1-01-041,arxiv_id,REC-00040
DE-06694,ARX:FORMAL-ARXIV-V12-Q-S0:2507.04724v2,GS:GS-C2-01-024,arxiv_id,REC-01741
DE-06695,ARX:FORMAL-ARXIV-V12-Q-S0:2507.06250v1,ARX:FORMAL-ARXIV-V12-Q-B4:2507.06250v1,arxiv_id,REC-04260
DE-06696,ARX:FORMAL-ARXIV-V12-Q-S0:2507.10562v1,GS:GS-C1-03-007,arxiv_id,REC-01665
DE-06697,ARX:FORMAL-ARXIV-V12-Q-S0:2507.02699v1,GS:GS-C3-01-061,arxiv_id,REC-01943
DE-06698,ARX:FORMAL-ARXIV-V12-Q-S0:2507.02424v2,ARX:FORMAL-ARXIV-V12-Q-D2:2507.02424v2,arxiv_id,REC-08703
DE-06699,ARX:FORMAL-ARXIV-V12-Q-S0:2507.00979v1,ARX:FORMAL-ARXIV-V12-Q-D2:2507.00979v1,arxiv_id,REC-08704
DE-06700,ARX:FORMAL-ARXIV-V12-Q-S0:2507.02986v2,ARX:FORMAL-ARXIV-V12-Q-D2:2507.02986v2,arxiv_id,REC-08705
DE-06701,ARX:FORMAL-ARXIV-V12-Q-S0:2506.23844v1,ARX:FORMAL-ARXIV-V12-Q-C1:2506.23844v1,arxiv_id,REC-04712
DE-06702,ARX:FORMAL-ARXIV-V12-Q-S0:2506.23576v1,ARX:FORMAL-ARXIV-V12-Q-C2:2506.23576v1,arxiv_id,REC-05482
DE-06703,ARX:FORMAL-ARXIV-V12-Q-S0:2506.23260v2,ARX:FORMAL-ARXIV-V12-Q-B1:2506.23260v2,arxiv_id,REC-03670
DE-06704,ARX:FORMAL-ARXIV-V12-Q-S0:2506.21252v1,ARX:FORMAL-ARXIV-V12-Q-A2W:2506.21252v1,arxiv_id,REC-03389
DE-06705,ARX:FORMAL-ARXIV-V12-Q-S0:2506.20415v1,ARX:FORMAL-ARXIV-V12-Q-C2:2506.20415v1,arxiv_id,REC-05487
DE-06706,ARX:FORMAL-ARXIV-V12-Q-S0:2506.20000v1,ARX:FORMAL-ARXIV-V12-Q-D1:2506.20000v1,arxiv_id,REC-07789
DE-06707,ARX:FORMAL-ARXIV-V12-Q-S0:2506.19676v4,GS:GS-B1-02-090,arxiv_id,REC-01089
DE-06708,ARX:FORMAL-ARXIV-V12-Q-S0:2506.17318v1,GS:GS-A1-05-076,arxiv_id,REC-00400
DE-06709,ARX:FORMAL-ARXIV-V12-Q-S0:2506.15253v1,ARX:FORMAL-ARXIV-V12-Q-B4:2506.15253v1,arxiv_id,REC-04264
DE-06710,ARX:FORMAL-ARXIV-V12-Q-S0:2506.14866v2,ARX:FORMAL-ARXIV-V12-Q-A1:2506.14866v2,arxiv_id,REC-03083
DE-06711,ARX:FORMAL-ARXIV-V12-Q-S0:2506.14539v2,ARX:FORMAL-ARXIV-V12-Q-D2:2506.14539v2,arxiv_id,REC-08717
DE-06712,ARX:FORMAL-ARXIV-V12-Q-S0:2506.13666v1,GS:GS-B3-02-075,arxiv_id,REC-01294
DE-06713,ARX:FORMAL-ARXIV-V12-Q-S0:2506.13538v5,ARX:FORMAL-ARXIV-V12-Q-B4:2506.13538v5,arxiv_id,REC-04265
DE-06714,ARX:FORMAL-ARXIV-V12-Q-S0:2506.13205v6,ARX:FORMAL-ARXIV-V12-Q-B2:2506.13205v6,arxiv_id,REC-03771
DE-06715,ARX:FORMAL-ARXIV-V12-Q-S0:2506.17283v1,ARX:FORMAL-ARXIV-V12-Q-C2:2506.17283v1,arxiv_id,REC-05495
DE-06716,ARX:FORMAL-ARXIV-V12-Q-S0:2506.12482v2,GS:GS-D3-03-027,arxiv_id,REC-02273
DE-06717,ARX:FORMAL-ARXIV-V12-Q-S0:2506.12202v1,ARX:FORMAL-ARXIV-V12-Q-D2:2506.12202v1,arxiv_id,REC-08723
DE-06718,ARX:FORMAL-ARXIV-V12-Q-S0:2506.12104v3,ARX:FORMAL-ARXIV-V12-Q-B1:2506.12104v3,arxiv_id,REC-03673
DE-06719,ARX:FORMAL-ARXIV-V12-Q-S0:2506.08837v3,GS:GS-B1-02-073,arxiv_id,REC-01075
DE-06720,ARX:FORMAL-ARXIV-V12-Q-S0:2506.17266v1,ARX:FORMAL-ARXIV-V12-Q-C2:2506.17266v1,arxiv_id,REC-05499
DE-06721,ARX:FORMAL-ARXIV-V12-Q-S0:2506.08336v2,GS:GS-A1-04-066,arxiv_id,REC-00295
DE-06722,ARX:FORMAL-ARXIV-V12-Q-S0:2506.13774v2,ARX:FORMAL-ARXIV-V12-Q-B4:2506.13774v2,arxiv_id,REC-04266
DE-06723,ARX:FORMAL-ARXIV-V12-Q-S0:2506.05739v1,ARX:FORMAL-ARXIV-V12-Q-B1:2506.05739v1,arxiv_id,REC-03674
DE-06724,ARX:FORMAL-ARXIV-V12-Q-S0:2506.04572v1,GS:GS-C2-03-073,arxiv_id,REC-01899
DE-06725,ARX:FORMAL-ARXIV-V12-Q-S0:2506.04133v5,ARX:FORMAL-ARXIV-V12-Q-C2:2506.04133v5,arxiv_id,REC-05503
DE-06726,ARX:FORMAL-ARXIV-V12-Q-S0:2506.02859v1,ARX:FORMAL-ARXIV-V12-Q-B1:2506.02859v1,arxiv_id,REC-03676
DE-06727,ARX:FORMAL-ARXIV-V12-Q-S0:2506.02456v2,ARX:FORMAL-ARXIV-V12-Q-A1:2506.02456v2,arxiv_id,REC-03098
DE-06728,ARX:FORMAL-ARXIV-V12-Q-S0:2506.02357v2,ARX:FORMAL-ARXIV-V12-Q-D1:2506.02357v2,arxiv_id,REC-07812
DE-06729,ARX:FORMAL-ARXIV-V12-Q-S0:2506.01900v1,ARX:FORMAL-ARXIV-V12-Q-C2:2506.01900v1,arxiv_id,REC-05504
DE-06730,ARX:FORMAL-ARXIV-V12-Q-S0:2506.01333v1,ARX:FORMAL-ARXIV-V12-Q-B4:2506.01333v1,arxiv_id,REC-04268
DE-06731,ARX:FORMAL-ARXIV-V12-Q-S0:2506.01055v1,GS:GS-B1-02-028,arxiv_id,REC-01033
DE-06732,ARX:FORMAL-ARXIV-V12-Q-S0:2506.00641v3,ARX:FORMAL-ARXIV-V12-Q-D1:2506.00641v3,arxiv_id,REC-07815
DE-06733,ARX:FORMAL-ARXIV-V12-Q-S0:2506.00618v3,ARX:FORMAL-ARXIV-V12-Q-A1:2506.00618v3,arxiv_id,REC-03100
DE-06734,ARX:FORMAL-ARXIV-V12-Q-S0:2506.02040v4,ARX:FORMAL-ARXIV-V12-Q-B3:2506.02040v4,arxiv_id,REC-04046
DE-06735,ARX:FORMAL-ARXIV-V12-Q-S0:2505.24019v1,GS:GS-B3-03-012,arxiv_id,REC-01318
DE-06736,ARX:FORMAL-ARXIV-V12-Q-S0:2505.23643v2,ARX:FORMAL-ARXIV-V12-Q-B1:2505.23643v2,arxiv_id,REC-03677
DE-06737,ARX:FORMAL-ARXIV-V12-Q-S0:2505.23634v1,GS:GS-B4-04-065,arxiv_id,REC-01540
DE-06738,ARX:FORMAL-ARXIV-V12-Q-S0:2505.23559v1,ARX:FORMAL-ARXIV-V12-Q-C2:2505.23559v1,arxiv_id,REC-05512
DE-06739,ARX:FORMAL-ARXIV-V12-Q-S0:2505.23436v4,ARX:FORMAL-ARXIV-V12-Q-D1:2505.23436v4,arxiv_id,REC-07817
DE-06740,ARX:FORMAL-ARXIV-V12-Q-S0:2505.22967v1,ARX:FORMAL-ARXIV-V12-Q-D1:2505.22967v1,arxiv_id,REC-07819
DE-06741,ARX:FORMAL-ARXIV-V12-Q-S0:2505.23847v5,ARX:FORMAL-ARXIV-V12-Q-C2:2505.23847v5,arxiv_id,REC-05516
DE-06742,ARX:FORMAL-ARXIV-V12-Q-S0:2505.22531v2,ARX:FORMAL-ARXIV-V12-Q-D2:2505.22531v2,arxiv_id,REC-08738
DE-06743,ARX:FORMAL-ARXIV-V12-Q-S0:2505.21784v1,ARX:FORMAL-ARXIV-V12-Q-D2:2505.21784v1,arxiv_id,REC-08740
DE-06744,ARX:FORMAL-ARXIV-V12-Q-S0:2505.21499v1,ARX:FORMAL-ARXIV-V12-Q-A1:2505.21499v1,arxiv_id,REC-03107
DE-06745,ARX:FORMAL-ARXIV-V12-Q-S0:2505.21425v3,ARX:FORMAL-ARXIV-V12-Q-B2:2505.21425v3,arxiv_id,REC-03777
DE-06746,ARX:FORMAL-ARXIV-V12-Q-S0:2505.20824v1,GS:GS-C2-01-034,arxiv_id,REC-01750
DE-06747,ARX:FORMAL-ARXIV-V12-Q-S0:2505.19260v2,ARX:FORMAL-ARXIV-V12-Q-D1:2505.19260v2,arxiv_id,REC-07825
DE-06748,ARX:FORMAL-ARXIV-V12-Q-S0:2505.19234v2,ARX:FORMAL-ARXIV-V12-Q-C2:2505.19234v2,arxiv_id,REC-05523
DE-06749,ARX:FORMAL-ARXIV-V12-Q-S0:2506.04236v2,ARX:FORMAL-ARXIV-V12-Q-D3:2506.04236v2,arxiv_id,REC-09323
DE-06750,ARX:FORMAL-ARXIV-V12-Q-S0:2505.18572v1,ARX:FORMAL-ARXIV-V12-Q-B3:2505.18572v1,arxiv_id,REC-04049
DE-06751,ARX:FORMAL-ARXIV-V12-Q-S0:2505.17735v2,ARX:FORMAL-ARXIV-V12-Q-D1:2505.17735v2,arxiv_id,REC-07827
DE-06752,ARX:FORMAL-ARXIV-V12-Q-S0:2505.15935v3,ARX:FORMAL-ARXIV-V12-Q-D1:2505.15935v3,arxiv_id,REC-07833
DE-06753,ARX:FORMAL-ARXIV-V12-Q-S0:2505.15216v3,ARX:FORMAL-ARXIV-V12-Q-D2:2505.15216v3,arxiv_id,REC-08751
DE-06754,ARX:FORMAL-ARXIV-V12-Q-S0:2505.14590v7,ARX:FORMAL-ARXIV-V12-Q-B4:2505.14590v7,arxiv_id,REC-04272
DE-06755,ARX:FORMAL-ARXIV-V12-Q-S0:2505.14473v2,ARX:FORMAL-ARXIV-V12-Q-C2:2505.14473v2,arxiv_id,REC-05530
DE-06756,ARX:FORMAL-ARXIV-V12-Q-S0:2505.14418v3,ARX:FORMAL-ARXIV-V12-Q-A1:2505.14418v3,arxiv_id,REC-03120
DE-06757,ARX:FORMAL-ARXIV-V12-Q-S0:2505.14289v2,ARX:FORMAL-ARXIV-V12-Q-A1:2505.14289v2,arxiv_id,REC-03121
DE-06758,ARX:FORMAL-ARXIV-V12-Q-S0:2505.14215v3,ARX:FORMAL-ARXIV-V12-Q-D2:2505.14215v3,arxiv_id,REC-08754
DE-06759,ARX:FORMAL-ARXIV-V12-Q-S0:2505.12981v2,GS:GS-A2W-03-014,arxiv_id,REC-00822
DE-06760,ARX:FORMAL-ARXIV-V12-Q-S0:2505.12442v3,GS:GS-C2-03-070,arxiv_id,REC-01897
DE-06761,ARX:FORMAL-ARXIV-V12-Q-S0:2505.11717v4,ARX:FORMAL-ARXIV-V12-Q-A1:2505.11717v4,arxiv_id,REC-03130
DE-06762,ARX:FORMAL-ARXIV-V12-Q-S0:2505.11642v2,ARX:FORMAL-ARXIV-V12-Q-B2:2505.11642v2,arxiv_id,REC-03782
DE-06763,ARX:FORMAL-ARXIV-V12-Q-S0:2505.11063v3,GS:GS-B1-03-017,arxiv_id,REC-01109
DE-06764,ARX:FORMAL-ARXIV-V12-Q-S0:2505.10924v4,GS:GS-A1-02-028,arxiv_id,REC-00108
DE-06765,ARX:FORMAL-ARXIV-V12-Q-S0:2505.10732v1,ARX:FORMAL-ARXIV-V12-Q-D1:2505.10732v1,arxiv_id,REC-07836
DE-06766,ARX:FORMAL-ARXIV-V12-Q-S0:2505.10670v1,ARX:FORMAL-ARXIV-V12-Q-D2:2505.10670v1,arxiv_id,REC-08759
DE-06767,ARX:FORMAL-ARXIV-V12-Q-S0:2505.10609v1,ARX:FORMAL-ARXIV-V12-Q-C2:2505.10609v1,arxiv_id,REC-05537
DE-06768,ARX:FORMAL-ARXIV-V12-Q-S0:2505.09875v2,GS:GS-A1-03-032,arxiv_id,REC-00186
DE-06769,ARX:FORMAL-ARXIV-V12-Q-S0:2505.08807v1,ARX:FORMAL-ARXIV-V12-Q-D2:2505.08807v1,arxiv_id,REC-08763
DE-06770,ARX:FORMAL-ARXIV-V12-Q-S0:2505.05849v4,ARX:FORMAL-ARXIV-V12-Q-B1:2505.05849v4,arxiv_id,REC-03681
DE-06771,ARX:FORMAL-ARXIV-V12-Q-S0:2505.03574v1,GS:GS-D2-03-085,arxiv_id,REC-02186
DE-06772,ARX:FORMAL-ARXIV-V12-Q-S0:2505.02077v2,GS:GS-B3-02-058,arxiv_id,REC-01278
DE-06773,ARX:FORMAL-ARXIV-V12-Q-S0:2504.20965v2,ARX:FORMAL-ARXIV-V12-Q-D2:2504.20965v2,arxiv_id,REC-08780
DE-06774,ARX:FORMAL-ARXIV-V12-Q-S0:2504.19997v1,GS:GS-B4-03-026,arxiv_id,REC-01480
DE-06775,ARX:FORMAL-ARXIV-V12-Q-S0:2504.19956v2,ARX:FORMAL-ARXIV-V12-Q-C1:2504.19956v2,arxiv_id,REC-04740
DE-06776,ARX:FORMAL-ARXIV-V12-Q-S0:2504.19951v1,ARX:FORMAL-ARXIV-V12-Q-B4:2504.19951v1,arxiv_id,REC-04276
DE-06777,ARX:FORMAL-ARXIV-V12-Q-S0:2504.19793v3,GS:GS-B1-02-052,arxiv_id,REC-01056
DE-06778,ARX:FORMAL-ARXIV-V12-Q-S0:2504.21034v2,GS:GS-C2-02-027,arxiv_id,REC-01818
DE-06779,ARX:FORMAL-ARXIV-V12-Q-S0:2504.16902v2,GS:GS-C2-02-003,arxiv_id,REC-01802
DE-06780,ARX:FORMAL-ARXIV-V12-Q-S0:2504.16489v1,ARX:FORMAL-ARXIV-V12-Q-C2:2504.16489v1,arxiv_id,REC-05547
DE-06781,ARX:FORMAL-ARXIV-V12-Q-S0:2504.18575v3,ARX:FORMAL-ARXIV-V12-Q-A1:2504.18575v3,arxiv_id,REC-03135
DE-06782,ARX:FORMAL-ARXIV-V12-Q-S0:2504.15585v4,GS:GS-D2-02-018,arxiv_id,REC-02104
DE-06783,ARX:FORMAL-ARXIV-V12-Q-S0:2504.14874v1,ARX:FORMAL-ARXIV-V12-Q-C2:2504.14874v1,arxiv_id,REC-05548
DE-06784,ARX:FORMAL-ARXIV-V12-Q-S0:2504.14348v4,ARX:FORMAL-ARXIV-V12-Q-B1:2504.14348v4,arxiv_id,REC-03687
DE-06785,ARX:FORMAL-ARXIV-V12-Q-S0:2504.14064v3,GS:GS-A2S-01-027,arxiv_id,REC-00518
DE-06786,ARX:FORMAL-ARXIV-V12-Q-S0:2504.12865v2,ARX:FORMAL-ARXIV-V12-Q-C3:2504.12865v2,arxiv_id,REC-06528
DE-06787,ARX:FORMAL-ARXIV-V12-Q-S0:2504.12757v2,GS:GS-B4-03-002,arxiv_id,REC-01463
DE-06788,ARX:FORMAL-ARXIV-V12-Q-S0:2504.11703v3,GS:GS-B3-02-045,arxiv_id,REC-01267
DE-06789,ARX:FORMAL-ARXIV-V12-Q-S0:2504.11281v1,ARX:FORMAL-ARXIV-V12-Q-A1:2504.11281v1,arxiv_id,REC-03140
DE-06790,ARX:FORMAL-ARXIV-V12-Q-S0:2504.09841v1,ARX:FORMAL-ARXIV-V12-Q-B1:2504.09841v1,arxiv_id,REC-03689
DE-06791,ARX:FORMAL-ARXIV-V12-Q-S0:2504.08623v2,ARX:FORMAL-ARXIV-V12-Q-B4:2504.08623v2,arxiv_id,REC-04279
DE-06792,ARX:FORMAL-ARXIV-V12-Q-S0:2504.03767v2,GS:GS-B4-01-026,arxiv_id,REC-01385
DE-06793,ARX:FORMAL-ARXIV-V12-Q-S0:2504.03759v1,ARX:FORMAL-ARXIV-V12-Q-C2:2504.03759v1,arxiv_id,REC-05558
DE-06794,ARX:FORMAL-ARXIV-V12-Q-S0:2504.00218v2,GS:GS-C2-03-019,arxiv_id,REC-01875
DE-06795,ARX:FORMAL-ARXIV-V12-Q-S0:2504.03726v1,ARX:FORMAL-ARXIV-V12-Q-D2:2504.03726v1,arxiv_id,REC-08807
DE-06796,ARX:FORMAL-ARXIV-V12-Q-S0:2503.23278v3,ARX:FORMAL-ARXIV-V12-Q-B4:2503.23278v3,arxiv_id,REC-04280
DE-06797,ARX:FORMAL-ARXIV-V12-Q-S0:2503.22738v2,ARX:FORMAL-ARXIV-V12-Q-A2W:2503.22738v2,arxiv_id,REC-03406
DE-06798,ARX:FORMAL-ARXIV-V12-Q-S0:2503.18492v2,ARX:FORMAL-ARXIV-V12-Q-A1:2503.18492v2,arxiv_id,REC-03153
DE-06799,ARX:FORMAL-ARXIV-V12-Q-S0:2503.17332v4,ARX:FORMAL-ARXIV-V12-Q-D2:2503.17332v4,arxiv_id,REC-08811
DE-06800,ARX:FORMAL-ARXIV-V12-Q-S0:2503.16248v3,ARX:FORMAL-ARXIV-V12-Q-B1:2503.16248v3,arxiv_id,REC-03690
DE-06801,ARX:FORMAL-ARXIV-V12-Q-S0:2503.15552v2,ARX:FORMAL-ARXIV-V12-Q-D2:2503.15552v2,arxiv_id,REC-08814
DE-06802,ARX:FORMAL-ARXIV-V12-Q-S0:2503.15547v2,GS:GS-B1-02-084,arxiv_id,REC-01083
DE-06803,ARX:FORMAL-ARXIV-V12-Q-S0:2503.12188v2,GS:GS-B1-01-048,arxiv_id,REC-00973
DE-06804,ARX:FORMAL-ARXIV-V12-Q-S0:2503.11517v1,ARX:FORMAL-ARXIV-V12-Q-B1:2503.11517v1,arxiv_id,REC-03691
DE-06805,ARX:FORMAL-ARXIV-V12-Q-S0:2503.10809v3,ARX:FORMAL-ARXIV-V12-Q-A1:2503.10809v3,arxiv_id,REC-03157
DE-06806,ARX:FORMAL-ARXIV-V12-Q-S0:2503.09241v1,GS:GS-B2-02-057,arxiv_id,REC-01203
DE-06807,ARX:FORMAL-ARXIV-V12-Q-S0:2503.09621v1,ARX:FORMAL-ARXIV-V12-Q-C2:2503.09621v1,arxiv_id,REC-05573
DE-06808,ARX:FORMAL-ARXIV-V12-Q-S0:2503.04957v1,ARX:FORMAL-ARXIV-V12-Q-A1:2503.04957v1,arxiv_id,REC-03159
DE-06809,ARX:FORMAL-ARXIV-V12-Q-S0:2503.04392v2,GS:GS-C1-01-043,arxiv_id,REC-01590
DE-06810,ARX:FORMAL-ARXIV-V12-Q-S0:2503.03704v5,ARX:FORMAL-ARXIV-V12-Q-C1:2503.03704v5,arxiv_id,REC-04771
DE-06811,ARX:FORMAL-ARXIV-V12-Q-S0:2503.01908v3,GS:GS-B1-01-093,arxiv_id,REC-01002
DE-06812,ARX:FORMAL-ARXIV-V12-Q-S0:2503.00164v1,ARX:FORMAL-ARXIV-V12-Q-D2:2503.00164v1,arxiv_id,REC-08827
DE-06813,ARX:FORMAL-ARXIV-V12-Q-S0:2502.20383v3,GS:GS-A1-06-100,arxiv_id,REC-00498
DE-06814,ARX:FORMAL-ARXIV-V12-Q-S0:2503.00061v2,ARX:FORMAL-ARXIV-V12-Q-B1:2503.00061v2,arxiv_id,REC-03693
DE-06815,ARX:FORMAL-ARXIV-V12-Q-S0:2502.19145v2,ARX:FORMAL-ARXIV-V12-Q-C1:2502.19145v2,arxiv_id,REC-04776
DE-06816,ARX:FORMAL-ARXIV-V12-Q-S0:2502.15657v2,ARX:FORMAL-ARXIV-V12-Q-D2:2502.15657v2,arxiv_id,REC-08831
DE-06817,ARX:FORMAL-ARXIV-V12-Q-S0:2502.15865v2,ARX:FORMAL-ARXIV-V12-Q-D1:2502.15865v2,arxiv_id,REC-07861
DE-06818,ARX:FORMAL-ARXIV-V12-Q-S0:2502.14847v2,ARX:FORMAL-ARXIV-V12-Q-C2:2502.14847v2,arxiv_id,REC-05582
DE-06819,ARX:FORMAL-ARXIV-V12-Q-S0:2502.14529v1,ARX:FORMAL-ARXIV-V12-Q-C2:2502.14529v1,arxiv_id,REC-05583
DE-06820,ARX:FORMAL-ARXIV-V12-Q-S0:2502.14143v1,ARX:FORMAL-ARXIV-V12-Q-C2:2502.14143v1,arxiv_id,REC-05584
DE-06821,ARX:FORMAL-ARXIV-V12-Q-S0:2502.13053v3,ARX:FORMAL-ARXIV-V12-Q-A2S:2502.13053v3,arxiv_id,REC-03308
DE-06822,ARX:FORMAL-ARXIV-V12-Q-S0:2502.12630v1,ARX:FORMAL-ARXIV-V12-Q-C2:2502.12630v1,arxiv_id,REC-05586
DE-06823,ARX:FORMAL-ARXIV-V12-Q-S0:2502.12575v2,ARX:FORMAL-ARXIV-V12-Q-B2:2502.12575v2,arxiv_id,REC-03790
DE-06824,ARX:FORMAL-ARXIV-V12-Q-S0:2502.13172v2,ARX:FORMAL-ARXIV-V12-Q-C1:2502.13172v2,arxiv_id,REC-04782
DE-06825,ARX:FORMAL-ARXIV-V12-Q-S0:2502.11448v2,ARX:FORMAL-ARXIV-V12-Q-D2:2502.11448v2,arxiv_id,REC-08832
DE-06826,ARX:FORMAL-ARXIV-V12-Q-S0:2502.11355v3,ARX:FORMAL-ARXIV-V12-Q-D2:2502.11355v3,arxiv_id,REC-08833
DE-06827,ARX:FORMAL-ARXIV-V12-Q-S0:2502.11127v1,ARX:FORMAL-ARXIV-V12-Q-B1:2502.11127v1,arxiv_id,REC-03695
DE-06828,ARX:FORMAL-ARXIV-V12-Q-S0:2502.10931v2,ARX:FORMAL-ARXIV-V12-Q-C2:2502.10931v2,arxiv_id,REC-05587
DE-06829,ARX:FORMAL-ARXIV-V12-Q-S0:2502.09809v1,GS:GS-B3-03-064,arxiv_id,REC-01345
DE-06830,ARX:FORMAL-ARXIV-V12-Q-S0:2502.08966v2,ARX:FORMAL-ARXIV-V12-Q-B1:2502.08966v2,arxiv_id,REC-03696
DE-06831,ARX:FORMAL-ARXIV-V12-Q-S0:2502.08586v1,GS:GS-B1-01-043,arxiv_id,REC-00969
DE-06832,ARX:FORMAL-ARXIV-V12-Q-S0:2502.05439v2,ARX:FORMAL-ARXIV-V12-Q-D2:2502.05439v2,arxiv_id,REC-08839
DE-06833,ARX:FORMAL-ARXIV-V12-Q-S0:2502.05174v4,GS:GS-B1-02-003,arxiv_id,REC-01010
DE-06834,ARX:FORMAL-ARXIV-V12-Q-S0:2502.01822v7,ARX:FORMAL-ARXIV-V12-Q-C2:2502.01822v7,arxiv_id,REC-05594
DE-06835,ARX:FORMAL-ARXIV-V12-Q-S0:2502.05206v6,ARX:FORMAL-ARXIV-V12-Q-B1:2502.05206v6,arxiv_id,REC-03697
DE-06836,ARX:FORMAL-ARXIV-V12-Q-S0:2501.17070v3,ARX:FORMAL-ARXIV-V12-Q-C3:2501.17070v3,arxiv_id,REC-06553
DE-06837,ARX:FORMAL-ARXIV-V12-Q-S0:2501.11739v2,ARX:FORMAL-ARXIV-V12-Q-D2:2501.11739v2,arxiv_id,REC-08853
DE-06838,ARX:FORMAL-ARXIV-V12-Q-S0:2501.09674v1,ARX:FORMAL-ARXIV-V12-Q-C3:2501.09674v1,arxiv_id,REC-06558
DE-06839,ARX:FORMAL-ARXIV-V12-Q-S0:2501.05501v2,ARX:FORMAL-ARXIV-V12-Q-D2:2501.05501v2,arxiv_id,REC-08861
DE-06840,ARX:FORMAL-ARXIV-V12-Q-S0:2501.03496v1,ARX:FORMAL-ARXIV-V12-Q-C2:2501.03496v1,arxiv_id,REC-05601
DE-06841,ARX:FORMAL-ARXIV-V12-Q-S0:2501.01593v2,ARX:FORMAL-ARXIV-V12-Q-B2:2501.01593v2,arxiv_id,REC-03793
DE-06842,ARX:FORMAL-ARXIV-V12-Q-S0:2501.00990v2,ARX:FORMAL-ARXIV-V12-Q-C2:2501.00990v2,arxiv_id,REC-05602
DE-06843,ARX:FORMAL-ARXIV-V12-Q-S0:2501.00973v2,ARX:FORMAL-ARXIV-V12-Q-C2:2501.00973v2,arxiv_id,REC-05603
DE-06844,ARX:FORMAL-ARXIV-V12-Q-S0:2501.00872v1,ARX:FORMAL-ARXIV-V12-Q-C2:2501.00872v1,arxiv_id,REC-05604
DE-06845,ARX:FORMAL-ARXIV-V12-Q-S0:2412.20154v1,ARX:FORMAL-ARXIV-V12-Q-D2:2412.20154v1,arxiv_id,REC-08864
DE-06846,ARX:FORMAL-ARXIV-V12-Q-S0:2412.16682v1,ARX:FORMAL-ARXIV-V12-Q-B1:2412.16682v1,arxiv_id,REC-03698
DE-06847,ARX:FORMAL-ARXIV-V12-Q-S0:2412.14490v1,ARX:FORMAL-ARXIV-V12-Q-C3:2412.14490v1,arxiv_id,REC-06564
DE-06848,ARX:FORMAL-ARXIV-V12-Q-S0:2412.14470v2,ARX:FORMAL-ARXIV-V12-Q-D1:2412.14470v2,arxiv_id,REC-07871
DE-06849,ARX:FORMAL-ARXIV-V12-Q-S0:2412.10807v2,ARX:FORMAL-ARXIV-V12-Q-B1:2412.10807v2,arxiv_id,REC-03699
DE-06850,ARX:FORMAL-ARXIV-V12-Q-S0:2412.12196v1,ARX:FORMAL-ARXIV-V12-Q-C2:2412.12196v1,arxiv_id,REC-05611
DE-06851,ARX:FORMAL-ARXIV-V12-Q-S0:2412.04415v1,ARX:FORMAL-ARXIV-V12-Q-D2:2412.04415v1,arxiv_id,REC-08877
DE-06852,ARX:FORMAL-ARXIV-V12-Q-S0:2411.13874v1,ARX:FORMAL-ARXIV-V12-Q-D2:2411.13874v1,arxiv_id,REC-08885
DE-06853,ARX:FORMAL-ARXIV-V12-Q-S0:2411.09523v1,GS:GS-B2-01-096,arxiv_id,REC-01182
DE-06854,ARX:FORMAL-ARXIV-V12-Q-S0:2411.02391v2,ARX:FORMAL-ARXIV-V12-Q-A1:2411.02391v2,arxiv_id,REC-03190
DE-06855,ARX:FORMAL-ARXIV-V12-Q-S0:2410.18440v1,ARX:FORMAL-ARXIV-V12-Q-C2:2410.18440v1,arxiv_id,REC-05631
DE-06856,ARX:FORMAL-ARXIV-V12-Q-S0:2410.17520v3,ARX:FORMAL-ARXIV-V12-Q-A2W:2410.17520v3,arxiv_id,REC-03419
DE-06857,ARX:FORMAL-ARXIV-V12-Q-S0:2410.16950v1,ARX:FORMAL-ARXIV-V12-Q-B1:2410.16950v1,arxiv_id,REC-03703
DE-06858,ARX:FORMAL-ARXIV-V12-Q-S0:2410.15894v2,ARX:FORMAL-ARXIV-V12-Q-D2:2410.15894v2,arxiv_id,REC-08900
DE-06859,ARX:FORMAL-ARXIV-V12-Q-S0:2410.15686v1,GS:GS-C2-01-096,arxiv_id,REC-01796
DE-06860,ARX:FORMAL-ARXIV-V12-Q-S0:2410.15489v1,ARX:FORMAL-ARXIV-V12-Q-D2:2410.15489v1,arxiv_id,REC-08901
DE-06861,ARX:FORMAL-ARXIV-V12-Q-S0:2410.08776v2,ARX:FORMAL-ARXIV-V12-Q-B1:2410.08776v2,arxiv_id,REC-03707
DE-06862,ARX:FORMAL-ARXIV-V12-Q-S0:2410.07283v1,ARX:FORMAL-ARXIV-V12-Q-B1:2410.07283v1,arxiv_id,REC-03708
DE-06863,ARX:FORMAL-ARXIV-V12-Q-S0:2410.06703v7,ARX:FORMAL-ARXIV-V12-Q-A1:2410.06703v7,arxiv_id,REC-03209
DE-06864,ARX:FORMAL-ARXIV-V12-Q-S0:2410.05434v1,ARX:FORMAL-ARXIV-V12-Q-A2W:2410.05434v1,arxiv_id,REC-03421
DE-06865,ARX:FORMAL-ARXIV-V12-Q-S0:2410.02644v4,ARX:FORMAL-ARXIV-V12-Q-B1:2410.02644v4,arxiv_id,REC-03709
DE-06866,ARX:FORMAL-ARXIV-V12-Q-S0:2410.01927v1,ARX:FORMAL-ARXIV-V12-Q-C3:2410.01927v1,arxiv_id,REC-06581
DE-06867,ARX:FORMAL-ARXIV-V12-Q-S0:2410.00081v5,ARX:FORMAL-ARXIV-V12-Q-D1:2410.00081v5,arxiv_id,REC-07891
DE-06868,ARX:FORMAL-ARXIV-V12-Q-S0:2409.16165v3,ARX:FORMAL-ARXIV-V12-Q-C2:2409.16165v3,arxiv_id,REC-05646
DE-06869,ARX:FORMAL-ARXIV-V12-Q-S0:2409.14488v1,ARX:FORMAL-ARXIV-V12-Q-D2:2409.14488v1,arxiv_id,REC-08920
DE-06870,ARX:FORMAL-ARXIV-V12-Q-S0:2409.14457v3,ARX:FORMAL-ARXIV-V12-Q-C2:2409.14457v3,arxiv_id,REC-05648
DE-06871,ARX:FORMAL-ARXIV-V12-Q-S0:2409.12882v2,ARX:FORMAL-ARXIV-V12-Q-C2:2409.12882v2,arxiv_id,REC-05649
DE-06872,ARX:FORMAL-ARXIV-V12-Q-S0:2409.11690v3,ARX:FORMAL-ARXIV-V12-Q-C2:2409.11690v3,arxiv_id,REC-05650
DE-06873,ARX:FORMAL-ARXIV-V12-Q-S0:2409.11295v5,ARX:FORMAL-ARXIV-V12-Q-A1:2409.11295v5,arxiv_id,REC-03212
DE-06874,ARX:FORMAL-ARXIV-V12-Q-S0:2409.11276v1,ARX:FORMAL-ARXIV-V12-Q-D1:2409.11276v1,arxiv_id,REC-07897
DE-06875,ARX:FORMAL-ARXIV-V12-Q-S0:2409.10737v2,GS:GS-C2-01-004,arxiv_id,REC-01724
DE-06876,ARX:FORMAL-ARXIV-V12-Q-S0:2409.08963v1,ARX:FORMAL-ARXIV-V12-Q-D2:2409.08963v1,arxiv_id,REC-08924
DE-06877,ARX:FORMAL-ARXIV-V12-Q-S0:2409.07775v1,ARX:FORMAL-ARXIV-V12-Q-B2:2409.07775v1,arxiv_id,REC-03800
DE-06878,ARX:FORMAL-ARXIV-V12-Q-S0:2409.03793v3,ARX:FORMAL-ARXIV-V12-Q-D1:2409.03793v3,arxiv_id,REC-07899
DE-06879,ARX:FORMAL-ARXIV-V12-Q-S0:2408.14972v1,GS:GS-C2-01-056,arxiv_id,REC-01765
DE-06880,ARX:FORMAL-ARXIV-V12-Q-S0:2408.04449v5,ARX:FORMAL-ARXIV-V12-Q-D1:2408.04449v5,arxiv_id,REC-07902
DE-06881,ARX:FORMAL-ARXIV-V12-Q-S0:2408.02882v1,ARX:FORMAL-ARXIV-V12-Q-B2:2408.02882v1,arxiv_id,REC-03802
DE-06882,ARX:FORMAL-ARXIV-V12-Q-S0:2407.20983v2,ARX:FORMAL-ARXIV-V12-Q-C3:2407.20983v2,arxiv_id,REC-06593
DE-06883,ARX:FORMAL-ARXIV-V12-Q-S0:2407.19354v2,ARX:FORMAL-ARXIV-V12-Q-D2:2407.19354v2,arxiv_id,REC-08937
DE-06884,ARX:FORMAL-ARXIV-V12-Q-S0:2407.16362v1,ARX:FORMAL-ARXIV-V12-Q-D2:2407.16362v1,arxiv_id,REC-08939
DE-06885,ARX:FORMAL-ARXIV-V12-Q-S0:2407.12784v1,ARX:FORMAL-ARXIV-V12-Q-B2:2407.12784v1,arxiv_id,REC-03803
DE-06886,ARX:FORMAL-ARXIV-V12-Q-S0:2407.09295v3,GS:GS-B2-02-011,arxiv_id,REC-01192
DE-06887,ARX:FORMAL-ARXIV-V12-Q-S0:2406.13352v3,ARX:FORMAL-ARXIV-V12-Q-B1:2406.13352v3,arxiv_id,REC-03710
DE-06888,ARX:FORMAL-ARXIV-V12-Q-S0:2406.09187v3,GS:GS-C3-01-037,arxiv_id,REC-01929
DE-06889,ARX:FORMAL-ARXIV-V12-Q-S0:2406.08689v3,ARX:FORMAL-ARXIV-V12-Q-D2:2406.08689v3,arxiv_id,REC-08943
DE-06890,ARX:FORMAL-ARXIV-V12-Q-S0:2406.03007v1,ARX:FORMAL-ARXIV-V12-Q-B2:2406.03007v1,arxiv_id,REC-03805
DE-06891,ARX:FORMAL-ARXIV-V12-Q-S0:2406.02630v2,ARX:FORMAL-ARXIV-V12-Q-D2:2406.02630v2,arxiv_id,REC-08946
DE-06892,ARX:FORMAL-ARXIV-V12-Q-S0:2406.16903v1,ARX:FORMAL-ARXIV-V12-Q-C3:2406.16903v1,arxiv_id,REC-06607
DE-06893,ARX:FORMAL-ARXIV-V12-Q-S0:2405.20539v2,ARX:FORMAL-ARXIV-V12-Q-B2:2405.20539v2,arxiv_id,REC-03806
DE-06894,ARX:FORMAL-ARXIV-V12-Q-S0:2405.20774v3,ARX:FORMAL-ARXIV-V12-Q-B2:2405.20774v3,arxiv_id,REC-03808
DE-06895,ARX:FORMAL-ARXIV-V12-Q-S0:2406.07561v1,ARX:FORMAL-ARXIV-V12-Q-D2:2406.07561v1,arxiv_id,REC-08954
DE-06896,ARX:FORMAL-ARXIV-V12-Q-S0:2404.17053v1,ARX:FORMAL-ARXIV-V12-Q-C3:2404.17053v1,arxiv_id,REC-06615
DE-06897,ARX:FORMAL-ARXIV-V12-Q-S0:2403.02691v3,ARX:FORMAL-ARXIV-V12-Q-B1:2403.02691v3,arxiv_id,REC-03713
DE-06898,ARX:FORMAL-ARXIV-V12-Q-S0:2403.04783v2,GS:GS-C2-01-067,arxiv_id,REC-01773
DE-06899,ARX:FORMAL-ARXIV-V12-Q-S0:2402.11208v2,ARX:FORMAL-ARXIV-V12-Q-B2:2402.11208v2,arxiv_id,REC-03813
DE-06900,ARX:FORMAL-ARXIV-V12-Q-S0:2401.11880v3,ARX:FORMAL-ARXIV-V12-Q-C2:2401.11880v3,arxiv_id,REC-05691
DE-06901,ARX:FORMAL-ARXIV-V12-Q-S0:2401.10019v3,ARX:FORMAL-ARXIV-V12-Q-D1:2401.10019v3,arxiv_id,REC-07931
DE-06902,ARX:FORMAL-ARXIV-V12-Q-S0:2401.05459v2,GS:GS-A2W-03-029,arxiv_id,REC-00832
DE-06903,ARX:FORMAL-ARXIV-V12-Q-S0:2312.11545v1,ARX:FORMAL-ARXIV-V12-Q-C2:2312.11545v1,arxiv_id,REC-05696
DE-06904,ARX:FORMAL-ARXIV-V12-Q-S0:2311.01584v2,ARX:FORMAL-ARXIV-V12-Q-C2:2311.01584v2,arxiv_id,REC-05704
DE-06905,ARX:FORMAL-ARXIV-V12-Q-S0:2311.00859v1,ARX:FORMAL-ARXIV-V12-Q-C2:2311.00859v1,arxiv_id,REC-05705
DE-06906,ARX:FORMAL-ARXIV-V12-Q-S0:2311.00263v1,ARX:FORMAL-ARXIV-V12-Q-C2:2311.00263v1,arxiv_id,REC-05706
DE-06907,ARX:FORMAL-ARXIV-V12-Q-S0:2310.13565v1,ARX:FORMAL-ARXIV-V12-Q-D2:2310.13565v1,arxiv_id,REC-08998
DE-06908,ARX:FORMAL-ARXIV-V12-Q-S0:2310.11901v2,ARX:FORMAL-ARXIV-V12-Q-C2:2310.11901v2,arxiv_id,REC-05708
DE-06909,ARX:FORMAL-ARXIV-V12-Q-S0:2309.17411v1,ARX:FORMAL-ARXIV-V12-Q-C2:2309.17411v1,arxiv_id,REC-05713
DE-06910,ARX:FORMAL-ARXIV-V12-Q-S0:2309.09919v3,ARX:FORMAL-ARXIV-V12-Q-D1:2309.09919v3,arxiv_id,REC-07944
DE-06911,ARX:FORMAL-ARXIV-V12-Q-S0:2303.15299v1,ARX:FORMAL-ARXIV-V12-Q-C2:2303.15299v1,arxiv_id,REC-05736
DE-06912,ARX:FORMAL-ARXIV-V12-Q-S0:2303.12823v1,ARX:FORMAL-ARXIV-V12-Q-C2:2303.12823v1,arxiv_id,REC-05737
DE-06913,ARX:FORMAL-ARXIV-V12-Q-S0:2301.07823v1,ARX:FORMAL-ARXIV-V12-Q-C2:2301.07823v1,arxiv_id,REC-05748
DE-06914,ARX:FORMAL-ARXIV-V12-Q-S1:2607.28165v2,GS:GS-B1-03-020,arxiv_id,REC-01112
DE-06915,ARX:FORMAL-ARXIV-V12-Q-S1:2607.14611v1,GS:GS-C1-03-031,arxiv_id,REC-01680
DE-06916,ARX:FORMAL-ARXIV-V12-Q-S1:2607.14493v1,GS:GS-C3-04-079,arxiv_id,REC-02055
DE-06917,ARX:FORMAL-ARXIV-V12-Q-S1:2607.12624v1,ARX:FORMAL-ARXIV-V12-Q-B1:2607.12624v1,arxiv_id,REC-03452
DE-06918,ARX:FORMAL-ARXIV-V12-Q-S1:2607.10490v1,GS:GS-B1-02-027,arxiv_id,REC-01032
DE-06919,ARX:FORMAL-ARXIV-V12-Q-S1:2607.10269v1,GS:GS-B2-01-022,arxiv_id,REC-01128
DE-06920,ARX:FORMAL-ARXIV-V12-Q-S1:2607.08147v1,ARX:FORMAL-ARXIV-V12-Q-A1:2607.08147v1,arxiv_id,REC-02666
DE-06921,ARX:FORMAL-ARXIV-V12-Q-S1:2607.03821v1,ARX:FORMAL-ARXIV-V12-Q-B1:2607.03821v1,arxiv_id,REC-03458
DE-06922,ARX:FORMAL-ARXIV-V12-Q-S1:2606.26479v1,GS:GS-B1-02-032,arxiv_id,REC-01037
DE-06923,ARX:FORMAL-ARXIV-V12-Q-S1:2606.22864v1,GS:GS-B1-01-022,arxiv_id,REC-00963
DE-06924,ARX:FORMAL-ARXIV-V12-Q-S1:2606.20746v1,ARX:FORMAL-ARXIV-V12-Q-B1:2606.20746v1,arxiv_id,REC-03470
DE-06925,ARX:FORMAL-ARXIV-V12-Q-S1:2606.19235v1,ARX:FORMAL-ARXIV-V12-Q-B1:2606.19235v1,arxiv_id,REC-03472
DE-06926,ARX:FORMAL-ARXIV-V12-Q-S1:2606.20717v1,GS:GS-B2-01-006,arxiv_id,REC-01119
DE-06927,ARX:FORMAL-ARXIV-V12-Q-S1:2606.15441v1,ARX:FORMAL-ARXIV-V12-Q-B1:2606.15441v1,arxiv_id,REC-03476
DE-06928,ARX:FORMAL-ARXIV-V12-Q-S1:2606.13385v2,ARX:FORMAL-ARXIV-V12-Q-A1:2606.13385v2,arxiv_id,REC-02696
DE-06929,ARX:FORMAL-ARXIV-V12-Q-S1:2606.12737v1,ARX:FORMAL-ARXIV-V12-Q-B1:2606.12737v1,arxiv_id,REC-03482
DE-06930,ARX:FORMAL-ARXIV-V12-Q-S1:2606.10525v1,GS:GS-B1-02-039,arxiv_id,REC-01044
DE-06931,ARX:FORMAL-ARXIV-V12-Q-S1:2606.09315v1,ARX:FORMAL-ARXIV-V12-Q-B1:2606.09315v1,arxiv_id,REC-03485
DE-06932,ARX:FORMAL-ARXIV-V12-Q-S1:2606.09935v1,ARX:FORMAL-ARXIV-V12-Q-B1:2606.09935v1,arxiv_id,REC-03486
DE-06933,ARX:FORMAL-ARXIV-V12-Q-S1:2606.04425v2,GS:GS-B1-02-050,arxiv_id,REC-01054
DE-06934,ARX:FORMAL-ARXIV-V12-Q-S1:2605.31042v1,ARX:FORMAL-ARXIV-V12-Q-B1:2605.31042v1,arxiv_id,REC-03494
DE-06935,ARX:FORMAL-ARXIV-V12-Q-S1:2605.30837v2,ARX:FORMAL-ARXIV-V12-Q-B1:2605.30837v2,arxiv_id,REC-03495
DE-06936,ARX:FORMAL-ARXIV-V12-Q-S1:2605.30686v1,ARX:FORMAL-ARXIV-V12-Q-B1:2605.30686v1,arxiv_id,REC-03496
DE-06937,ARX:FORMAL-ARXIV-V12-Q-S1:2605.30677v1,ARX:FORMAL-ARXIV-V12-Q-B1:2605.30677v1,arxiv_id,REC-03497
DE-06938,ARX:FORMAL-ARXIV-V12-Q-S1:2605.30534v1,ARX:FORMAL-ARXIV-V12-Q-B1:2605.30534v1,arxiv_id,REC-03499
DE-06939,ARX:FORMAL-ARXIV-V12-Q-S1:2605.28116v1,GS:GS-B2-01-029,arxiv_id,REC-01133
DE-06940,ARX:FORMAL-ARXIV-V12-Q-S1:2605.26269v1,GS:GS-B1-02-040,arxiv_id,REC-01045
DE-06941,ARX:FORMAL-ARXIV-V12-Q-S1:2605.25194v1,GS:GS-B2-01-040,arxiv_id,REC-01143
DE-06942,ARX:FORMAL-ARXIV-V12-Q-S1:2605.24659v1,GS:GS-B1-02-017,arxiv_id,REC-01022
DE-06943,ARX:FORMAL-ARXIV-V12-Q-S1:2605.24421v1,ARX:FORMAL-ARXIV-V12-Q-B1:2605.24421v1,arxiv_id,REC-03504
DE-06944,ARX:FORMAL-ARXIV-V12-Q-S1:2605.18133v1,ARX:FORMAL-ARXIV-V12-Q-B1:2605.18133v1,arxiv_id,REC-03507
DE-06945,ARX:FORMAL-ARXIV-V12-Q-S1:2605.17986v3,ARX:FORMAL-ARXIV-V12-Q-B1:2605.17986v3,arxiv_id,REC-03508
DE-06946,ARX:FORMAL-ARXIV-V12-Q-S1:2605.18918v1,ARX:FORMAL-ARXIV-V12-Q-B1:2605.18918v1,arxiv_id,REC-03509
DE-06947,ARX:FORMAL-ARXIV-V12-Q-S1:2605.17634v1,ARX:FORMAL-ARXIV-V12-Q-B1:2605.17634v1,arxiv_id,REC-03510
DE-06948,ARX:FORMAL-ARXIV-V12-Q-S1:2605.17324v1,ARX:FORMAL-ARXIV-V12-Q-B1:2605.17324v1,arxiv_id,REC-03512
DE-06949,ARX:FORMAL-ARXIV-V12-Q-S1:2605.15030v1,GS:GS-B1-01-011,arxiv_id,REC-00959
DE-06950,ARX:FORMAL-ARXIV-V12-Q-S1:2605.13471v1,ARX:FORMAL-ARXIV-V12-Q-B1:2605.13471v1,arxiv_id,REC-03514
DE-06951,ARX:FORMAL-ARXIV-V12-Q-S1:2605.11868v1,ARX:FORMAL-ARXIV-V12-Q-B1:2605.11868v1,arxiv_id,REC-03518
DE-06952,ARX:FORMAL-ARXIV-V12-Q-S1:2607.22545v1,ARX:FORMAL-ARXIV-V12-Q-B1:2607.22545v1,arxiv_id,REC-03527
DE-06953,ARX:FORMAL-ARXIV-V12-Q-S1:2605.03378v2,GS:GS-B1-02-069,arxiv_id,REC-01071
DE-06954,ARX:FORMAL-ARXIV-V12-Q-S1:2605.01462v1,ARX:FORMAL-ARXIV-V12-Q-B1:2605.01462v1,arxiv_id,REC-03530
DE-06955,ARX:FORMAL-ARXIV-V12-Q-S1:2604.28157v1,ARX:FORMAL-ARXIV-V12-Q-B1:2604.28157v1,arxiv_id,REC-03532
DE-06956,ARX:FORMAL-ARXIV-V12-Q-S1:2607.16199v1,GS:GS-C2-03-056,arxiv_id,REC-01890
DE-06957,ARX:FORMAL-ARXIV-V12-Q-S1:2604.27202v1,ARX:FORMAL-ARXIV-V12-Q-B1:2604.27202v1,arxiv_id,REC-03533
DE-06958,ARX:FORMAL-ARXIV-V12-Q-S1:2604.25562v1,GS:GS-B1-01-023,arxiv_id,REC-00964
DE-06959,ARX:FORMAL-ARXIV-V12-Q-S1:2604.24118v1,ARX:FORMAL-ARXIV-V12-Q-B1:2604.24118v1,arxiv_id,REC-03535
DE-06960,ARX:FORMAL-ARXIV-V12-Q-S1:2604.17125v1,GS:GS-B4-04-044,arxiv_id,REC-01532
DE-06961,ARX:FORMAL-ARXIV-V12-Q-S1:2604.14604v1,ARX:FORMAL-ARXIV-V12-Q-B1:2604.14604v1,arxiv_id,REC-03546
DE-06962,ARX:FORMAL-ARXIV-V12-Q-S1:2604.15368v1,ARX:FORMAL-ARXIV-V12-Q-B1:2604.15368v1,arxiv_id,REC-03547
DE-06963,ARX:FORMAL-ARXIV-V12-Q-S1:2604.12284v1,ARX:FORMAL-ARXIV-V12-Q-A1:2604.12284v1,arxiv_id,REC-02791
DE-06964,ARX:FORMAL-ARXIV-V12-Q-S1:2604.11790v2,GS:GS-B1-02-010,arxiv_id,REC-01015
DE-06965,ARX:FORMAL-ARXIV-V12-Q-S1:2604.10134v1,ARX:FORMAL-ARXIV-V12-Q-B1:2604.10134v1,arxiv_id,REC-03550
DE-06966,ARX:FORMAL-ARXIV-V12-Q-S1:2604.01194v2,GS:GS-B1-02-064,arxiv_id,REC-01066
DE-06967,ARX:FORMAL-ARXIV-V12-Q-S1:2603.30016v1,GS:GS-B1-02-024,arxiv_id,REC-01029
DE-06968,ARX:FORMAL-ARXIV-V12-Q-S1:2603.29418v2,GS:GS-B2-01-024,arxiv_id,REC-01130
DE-06969,ARX:FORMAL-ARXIV-V12-Q-S1:2603.28013v3,ARX:FORMAL-ARXIV-V12-Q-B1:2603.28013v3,arxiv_id,REC-03555
DE-06970,ARX:FORMAL-ARXIV-V12-Q-S1:2603.23791v1,GS:GS-A1-05-039,arxiv_id,REC-00364
DE-06971,ARX:FORMAL-ARXIV-V12-Q-S1:2603.22489v1,ARX:FORMAL-ARXIV-V12-Q-B1:2603.22489v1,arxiv_id,REC-03559
DE-06972,ARX:FORMAL-ARXIV-V12-Q-S1:2603.21642v1,GS:GS-B4-04-052,arxiv_id,REC-01534
DE-06973,ARX:FORMAL-ARXIV-V12-Q-S1:2603.15714v1,GS:GS-B1-01-005,arxiv_id,REC-00957
DE-06974,ARX:FORMAL-ARXIV-V12-Q-S1:2603.13026v2,ARX:FORMAL-ARXIV-V12-Q-B1:2603.13026v2,arxiv_id,REC-03566
DE-06975,ARX:FORMAL-ARXIV-V12-Q-S1:2603.13424v1,ARX:FORMAL-ARXIV-V12-Q-B1:2603.13424v1,arxiv_id,REC-03568
DE-06976,ARX:FORMAL-ARXIV-V12-Q-S1:2603.10749v2,GS:GS-B1-02-013,arxiv_id,REC-01018
DE-06977,ARX:FORMAL-ARXIV-V12-Q-S1:2602.22724v1,GS:GS-B1-02-009,arxiv_id,REC-01014
DE-06978,ARX:FORMAL-ARXIV-V12-Q-S1:2602.22450v1,GS:GS-B1-02-021,arxiv_id,REC-01026
DE-06979,ARX:FORMAL-ARXIV-V12-Q-S1:2602.20720v1,ARX:FORMAL-ARXIV-V12-Q-B1:2602.20720v1,arxiv_id,REC-03578
DE-06980,ARX:FORMAL-ARXIV-V12-Q-S1:2602.20708v1,GS:GS-B1-02-014,arxiv_id,REC-01019
DE-06981,ARX:FORMAL-ARXIV-V12-Q-S1:2603.12277v6,ARX:FORMAL-ARXIV-V12-Q-B1:2603.12277v6,arxiv_id,REC-03581
DE-06982,ARX:FORMAL-ARXIV-V12-Q-S1:2602.14211v3,GS:GS-B1-02-089,arxiv_id,REC-01088
DE-06983,ARX:FORMAL-ARXIV-V12-Q-S1:2602.10453v1,GS:GS-B1-02-034,arxiv_id,REC-01039
DE-06984,ARX:FORMAL-ARXIV-V12-Q-S1:2602.09222v2,GS:GS-B1-02-022,arxiv_id,REC-01027
DE-06985,ARX:FORMAL-ARXIV-V12-Q-S1:2602.07918v1,ARX:FORMAL-ARXIV-V12-Q-B1:2602.07918v1,arxiv_id,REC-03588
DE-06986,ARX:FORMAL-ARXIV-V12-Q-S1:2602.07104v1,ARX:FORMAL-ARXIV-V12-Q-B1:2602.07104v1,arxiv_id,REC-03590
DE-06987,ARX:FORMAL-ARXIV-V12-Q-S1:2602.05746v2,GS:GS-B1-02-087,arxiv_id,REC-01086
DE-06988,ARX:FORMAL-ARXIV-V12-Q-S1:2602.03792v1,GS:GS-B1-01-006,arxiv_id,REC-00958
DE-06989,ARX:FORMAL-ARXIV-V12-Q-S1:2601.22569v2,ARX:FORMAL-ARXIV-V12-Q-B1:2601.22569v2,arxiv_id,REC-03594
DE-06990,ARX:FORMAL-ARXIV-V12-Q-S1:2601.17549v1,GS:GS-B1-02-100,arxiv_id,REC-01099
DE-06991,ARX:FORMAL-ARXIV-V12-Q-S1:2601.17548v1,ARX:FORMAL-ARXIV-V12-Q-B1:2601.17548v1,arxiv_id,REC-03597
DE-06992,ARX:FORMAL-ARXIV-V12-Q-S1:2601.17383v1,GS:GS-B2-01-004,arxiv_id,REC-01117
DE-06993,ARX:FORMAL-ARXIV-V12-Q-S1:2601.13612v1,ARX:FORMAL-ARXIV-V12-Q-B1:2601.13612v1,arxiv_id,REC-03599
DE-06994,ARX:FORMAL-ARXIV-V12-Q-S1:2601.13186v1,ARX:FORMAL-ARXIV-V12-Q-B1:2601.13186v1,arxiv_id,REC-03600
DE-06995,ARX:FORMAL-ARXIV-V12-Q-S1:2601.10173v1,ARX:FORMAL-ARXIV-V12-Q-B1:2601.10173v1,arxiv_id,REC-03602
DE-06996,ARX:FORMAL-ARXIV-V12-Q-S1:2601.09625v2,GS:GS-B2-01-034,arxiv_id,REC-01137
DE-06997,ARX:FORMAL-ARXIV-V12-Q-S1:2601.07072v1,ARX:FORMAL-ARXIV-V12-Q-B1:2601.07072v1,arxiv_id,REC-03604
DE-06998,ARX:FORMAL-ARXIV-V12-Q-S1:2601.04795v1,GS:GS-B1-02-031,arxiv_id,REC-01036
DE-06999,ARX:FORMAL-ARXIV-V12-Q-S1:2512.23557v1,GS:GS-B2-01-005,arxiv_id,REC-01118
DE-07000,ARX:FORMAL-ARXIV-V12-Q-S1:2512.20986v1,ARX:FORMAL-ARXIV-V12-Q-B1:2512.20986v1,arxiv_id,REC-03610
DE-07001,ARX:FORMAL-ARXIV-V12-Q-S1:2512.09321v3,ARX:FORMAL-ARXIV-V12-Q-B1:2512.09321v3,arxiv_id,REC-03615
DE-07002,ARX:FORMAL-ARXIV-V12-Q-S1:2512.08417v3,ARX:FORMAL-ARXIV-V12-Q-A1:2512.08417v3,arxiv_id,REC-02923
DE-07003,ARX:FORMAL-ARXIV-V12-Q-S1:2512.06716v3,ARX:FORMAL-ARXIV-V12-Q-B1:2512.06716v3,arxiv_id,REC-03616
DE-07004,ARX:FORMAL-ARXIV-V12-Q-S1:2512.04895v1,GS:GS-B2-01-007,arxiv_id,REC-01120
DE-07005,ARX:FORMAL-ARXIV-V12-Q-S1:2512.00966v1,ARX:FORMAL-ARXIV-V12-Q-B1:2512.00966v1,arxiv_id,REC-03618
DE-07006,ARX:FORMAL-ARXIV-V12-Q-S1:2511.20597v2,GS:GS-A1-05-050,arxiv_id,REC-00375
DE-07007,ARX:FORMAL-ARXIV-V12-Q-S1:2511.15759v1,ARX:FORMAL-ARXIV-V12-Q-B1:2511.15759v1,arxiv_id,REC-03623
DE-07008,ARX:FORMAL-ARXIV-V12-Q-S1:2510.26328v1,ARX:FORMAL-ARXIV-V12-Q-B1:2510.26328v1,arxiv_id,REC-03625
DE-07009,ARX:FORMAL-ARXIV-V12-Q-S1:2510.26212v1,ARX:FORMAL-ARXIV-V12-Q-B1:2510.26212v1,arxiv_id,REC-03626
DE-07010,ARX:FORMAL-ARXIV-V12-Q-S1:2510.23675v3,GS:GS-B1-02-067,arxiv_id,REC-01069
DE-07011,ARX:FORMAL-ARXIV-V12-Q-S1:2510.19207v2,ARX:FORMAL-ARXIV-V12-Q-B1:2510.19207v2,arxiv_id,REC-03629
DE-07012,ARX:FORMAL-ARXIV-V12-Q-S1:2510.13543v1,GS:GS-B1-02-074,arxiv_id,REC-01076
DE-07013,ARX:FORMAL-ARXIV-V12-Q-S1:2510.05244v2,GS:GS-B1-02-033,arxiv_id,REC-01038
DE-07014,ARX:FORMAL-ARXIV-V12-Q-S1:2510.04885v1,ARX:FORMAL-ARXIV-V12-Q-B1:2510.04885v1,arxiv_id,REC-03637
DE-07015,ARX:FORMAL-ARXIV-V12-Q-S1:2510.04257v1,GS:GS-A2W-02-072,arxiv_id,REC-00793
DE-07016,ARX:FORMAL-ARXIV-V12-Q-S1:2510.01354v1,GS:GS-B2-01-015,arxiv_id,REC-01125
DE-07017,ARX:FORMAL-ARXIV-V12-Q-S1:2509.25926v2,ARX:FORMAL-ARXIV-V12-Q-B1:2509.25926v2,arxiv_id,REC-03641
DE-07018,ARX:FORMAL-ARXIV-V12-Q-S1:2509.22830v3,ARX:FORMAL-ARXIV-V12-Q-B1:2509.22830v3,arxiv_id,REC-03644
DE-07019,ARX:FORMAL-ARXIV-V12-Q-S1:2509.22040v2,ARX:FORMAL-ARXIV-V12-Q-B1:2509.22040v2,arxiv_id,REC-03645
DE-07020,ARX:FORMAL-ARXIV-V12-Q-S1:2509.14285v4,ARX:FORMAL-ARXIV-V12-Q-B1:2509.14285v4,arxiv_id,REC-03649
DE-07021,ARX:FORMAL-ARXIV-V12-Q-S1:2509.05883v1,GS:GS-B2-01-017,arxiv_id,REC-01126
DE-07022,ARX:FORMAL-ARXIV-V12-Q-S1:2508.21669v2,ARX:FORMAL-ARXIV-V12-Q-B1:2508.21669v2,arxiv_id,REC-03651
DE-07023,ARX:FORMAL-ARXIV-V12-Q-S1:2508.20890v2,ARX:FORMAL-ARXIV-V12-Q-B1:2508.20890v2,arxiv_id,REC-03653
DE-07024,ARX:FORMAL-ARXIV-V12-Q-S1:2508.15310v1,ARX:FORMAL-ARXIV-V12-Q-B1:2508.15310v1,arxiv_id,REC-03654
DE-07025,ARX:FORMAL-ARXIV-V12-Q-S1:2508.03793v3,ARX:FORMAL-ARXIV-V12-Q-B1:2508.03793v3,arxiv_id,REC-03661
DE-07026,ARX:FORMAL-ARXIV-V12-Q-S1:2508.01249v3,GS:GS-B1-02-048,arxiv_id,REC-01052
DE-07027,ARX:FORMAL-ARXIV-V12-Q-S1:2507.15219v1,ARX:FORMAL-ARXIV-V12-Q-B1:2507.15219v1,arxiv_id,REC-03665
DE-07028,ARX:FORMAL-ARXIV-V12-Q-S1:2507.14799v1,GS:GS-A1-06-011,arxiv_id,REC-00430
DE-07029,ARX:FORMAL-ARXIV-V12-Q-S1:2507.13169v1,ARX:FORMAL-ARXIV-V12-Q-B1:2507.13169v1,arxiv_id,REC-03666
DE-07030,ARX:FORMAL-ARXIV-V12-Q-S1:2507.13038v1,ARX:FORMAL-ARXIV-V12-Q-B1:2507.13038v1,arxiv_id,REC-03667
DE-07031,ARX:FORMAL-ARXIV-V12-Q-S1:2507.05630v3,ARX:FORMAL-ARXIV-V12-Q-B1:2507.05630v3,arxiv_id,REC-03669
DE-07032,ARX:FORMAL-ARXIV-V12-Q-S1:2507.02735v3,GS:GS-B1-02-076,arxiv_id,REC-01077
DE-07033,ARX:FORMAL-ARXIV-V12-Q-S1:2506.23260v2,ARX:FORMAL-ARXIV-V12-Q-B1:2506.23260v2,arxiv_id,REC-03670
DE-07034,ARX:FORMAL-ARXIV-V12-Q-S1:2506.08837v3,GS:GS-B1-02-073,arxiv_id,REC-01075
DE-07035,ARX:FORMAL-ARXIV-V12-Q-S1:2506.05739v1,ARX:FORMAL-ARXIV-V12-Q-B1:2506.05739v1,arxiv_id,REC-03674
DE-07036,ARX:FORMAL-ARXIV-V12-Q-S1:2506.02456v2,ARX:FORMAL-ARXIV-V12-Q-A1:2506.02456v2,arxiv_id,REC-03098
DE-07037,ARX:FORMAL-ARXIV-V12-Q-S1:2506.01055v1,GS:GS-B1-02-028,arxiv_id,REC-01033
DE-07038,ARX:FORMAL-ARXIV-V12-Q-S1:2505.15738v2,ARX:FORMAL-ARXIV-V12-Q-B1:2505.15738v2,arxiv_id,REC-03679
DE-07039,ARX:FORMAL-ARXIV-V12-Q-S1:2505.11717v4,ARX:FORMAL-ARXIV-V12-Q-A1:2505.11717v4,arxiv_id,REC-03130
DE-07040,ARX:FORMAL-ARXIV-V12-Q-S1:2505.05849v4,ARX:FORMAL-ARXIV-V12-Q-B1:2505.05849v4,arxiv_id,REC-03681
DE-07041,ARX:FORMAL-ARXIV-V12-Q-S1:2504.19793v3,GS:GS-B1-02-052,arxiv_id,REC-01056
DE-07042,ARX:FORMAL-ARXIV-V12-Q-S1:2504.18575v3,ARX:FORMAL-ARXIV-V12-Q-A1:2504.18575v3,arxiv_id,REC-03135
DE-07043,ARX:FORMAL-ARXIV-V12-Q-S1:2504.16125v1,ARX:FORMAL-ARXIV-V12-Q-B1:2504.16125v1,arxiv_id,REC-03686
DE-07044,ARX:FORMAL-ARXIV-V12-Q-S1:2504.14348v4,ARX:FORMAL-ARXIV-V12-Q-B1:2504.14348v4,arxiv_id,REC-03687
DE-07045,ARX:FORMAL-ARXIV-V12-Q-S1:2504.11358v4,ARX:FORMAL-ARXIV-V12-Q-B1:2504.11358v4,arxiv_id,REC-03688
DE-07046,ARX:FORMAL-ARXIV-V12-Q-S1:2503.18813v2,GS:GS-B1-02-063,arxiv_id,REC-01065
DE-07047,ARX:FORMAL-ARXIV-V12-Q-S1:2503.11519v4,GS:GS-B2-01-013,arxiv_id,REC-01124
DE-07048,ARX:FORMAL-ARXIV-V12-Q-S1:2503.11517v1,ARX:FORMAL-ARXIV-V12-Q-B1:2503.11517v1,arxiv_id,REC-03691
DE-07049,ARX:FORMAL-ARXIV-V12-Q-S1:2503.00061v2,ARX:FORMAL-ARXIV-V12-Q-B1:2503.00061v2,arxiv_id,REC-03693
DE-07050,ARX:FORMAL-ARXIV-V12-Q-S1:2502.16580v5,ARX:FORMAL-ARXIV-V12-Q-B1:2502.16580v5,arxiv_id,REC-03694
DE-07051,ARX:FORMAL-ARXIV-V12-Q-S1:2502.08966v2,ARX:FORMAL-ARXIV-V12-Q-B1:2502.08966v2,arxiv_id,REC-03696
DE-07052,ARX:FORMAL-ARXIV-V12-Q-S1:2502.05174v4,GS:GS-B1-02-003,arxiv_id,REC-01010
DE-07053,ARX:FORMAL-ARXIV-V12-Q-S1:2412.16682v1,ARX:FORMAL-ARXIV-V12-Q-B1:2412.16682v1,arxiv_id,REC-03698
DE-07054,ARX:FORMAL-ARXIV-V12-Q-S1:2410.20911v2,GS:GS-B1-02-036,arxiv_id,REC-01041
DE-07055,ARX:FORMAL-ARXIV-V12-Q-S1:2410.08776v2,ARX:FORMAL-ARXIV-V12-Q-B1:2410.08776v2,arxiv_id,REC-03707
DE-07056,ARX:FORMAL-ARXIV-V12-Q-S1:2410.07283v1,ARX:FORMAL-ARXIV-V12-Q-B1:2410.07283v1,arxiv_id,REC-03708
DE-07057,ARX:FORMAL-ARXIV-V12-Q-S1:2408.03554v1,ARX:FORMAL-ARXIV-V12-Q-B2:2408.03554v1,arxiv_id,REC-03801
DE-07058,ARX:FORMAL-ARXIV-V12-Q-S1:2406.13352v3,ARX:FORMAL-ARXIV-V12-Q-B1:2406.13352v3,arxiv_id,REC-03710
DE-07059,ARX:FORMAL-ARXIV-V12-Q-S1:2403.02691v3,ARX:FORMAL-ARXIV-V12-Q-B1:2403.02691v3,arxiv_id,REC-03713
DE-07060,ARX:FORMAL-ARXIV-V12-Q-S2:2607.21962v1,ARX:FORMAL-ARXIV-V12-Q-C1:2607.21962v1,arxiv_id,REC-04293
DE-07061,ARX:FORMAL-ARXIV-V12-Q-S2:2607.14611v1,GS:GS-C1-03-031,arxiv_id,REC-01680
DE-07062,ARX:FORMAL-ARXIV-V12-Q-S2:2607.01071v2,ARX:FORMAL-ARXIV-V12-Q-C1:2607.01071v2,arxiv_id,REC-04321
DE-07063,ARX:FORMAL-ARXIV-V12-Q-S2:2606.26403v1,ARX:FORMAL-ARXIV-V12-Q-D1:2606.26403v1,arxiv_id,REC-06904
DE-07064,ARX:FORMAL-ARXIV-V12-Q-S2:2606.23195v2,ARX:FORMAL-ARXIV-V12-Q-C3:2606.23195v2,arxiv_id,REC-05906
DE-07065,ARX:FORMAL-ARXIV-V12-Q-S2:2606.18829v1,ARX:FORMAL-ARXIV-V12-Q-C1:2606.18829v1,arxiv_id,REC-04345
DE-07066,ARX:FORMAL-ARXIV-V12-Q-S2:2608.00009v1,ARX:FORMAL-ARXIV-V12-Q-C1:2608.00009v1,arxiv_id,REC-04346
DE-07067,ARX:FORMAL-ARXIV-V12-Q-S2:2606.09461v1,ARX:FORMAL-ARXIV-V12-Q-D3:2606.09461v1,arxiv_id,REC-09105
DE-07068,ARX:FORMAL-ARXIV-V12-Q-S2:2606.05761v2,ARX:FORMAL-ARXIV-V12-Q-D3:2606.05761v2,arxiv_id,REC-09112
DE-07069,ARX:FORMAL-ARXIV-V12-Q-S2:2606.00832v1,ARX:FORMAL-ARXIV-V12-Q-C1:2606.00832v1,arxiv_id,REC-04380
DE-07070,ARX:FORMAL-ARXIV-V12-Q-S2:2605.29341v2,GS:GS-A2S-02-060,arxiv_id,REC-00569
DE-07071,ARX:FORMAL-ARXIV-V12-Q-S2:2605.27366v2,ARX:FORMAL-ARXIV-V12-Q-C3:2605.27366v2,arxiv_id,REC-06022
DE-07072,ARX:FORMAL-ARXIV-V12-Q-S2:2608.02613v1,ARX:FORMAL-ARXIV-V12-Q-C3:2608.02613v1,arxiv_id,REC-06050
DE-07073,ARX:FORMAL-ARXIV-V12-Q-S2:2605.12493v1,ARX:FORMAL-ARXIV-V12-Q-A1:2605.12493v1,arxiv_id,REC-02752
DE-07074,ARX:FORMAL-ARXIV-V12-Q-S2:2605.08442v5,GS:GS-C1-03-024,arxiv_id,REC-01676
DE-07075,ARX:FORMAL-ARXIV-V12-Q-S2:2604.15774v2,ARX:FORMAL-ARXIV-V12-Q-C1:2604.15774v2,arxiv_id,REC-04445
DE-07076,ARX:FORMAL-ARXIV-V12-Q-S2:2602.16313v1,GS:GS-A2W-02-038,arxiv_id,REC-00768
DE-07077,ARX:FORMAL-ARXIV-V12-Q-S2:2602.06075v2,GS:GS-A2W-03-026,arxiv_id,REC-00829
DE-07078,ARX:FORMAL-ARXIV-V12-Q-S2:2602.03224v2,ARX:FORMAL-ARXIV-V12-Q-C1:2602.03224v2,arxiv_id,REC-04538
DE-07079,ARX:FORMAL-ARXIV-V12-Q-S2:2512.12856v1,ARX:FORMAL-ARXIV-V12-Q-C1:2512.12856v1,arxiv_id,REC-04598
DE-07080,ARX:FORMAL-ARXIV-V12-Q-S2:2510.01353v1,ARX:FORMAL-ARXIV-V12-Q-C1:2510.01353v1,arxiv_id,REC-04669
DE-07081,ARX:FORMAL-ARXIV-V12-Q-S2:2506.15635v2,ARX:FORMAL-ARXIV-V12-Q-C1:2506.15635v2,arxiv_id,REC-04719
DE-07082,ARX:FORMAL-ARXIV-V12-Q-S2:2402.17753v1,ARX:FORMAL-ARXIV-V12-Q-D1:2402.17753v1,arxiv_id,REC-07925
DE-07083,ACL:FORMAL-ACL-V12-Q-S0:namboothiri-2026-authorization,ACL:FORMAL-ACL-V12-Q-C3:namboothiri-2026-authorization,acl_id,REC-02321
DE-07084,ACL:FORMAL-ACL-V12-Q-S0:schlor-etal-2026-towards,ACL:FORMAL-ACL-V12-Q-B4:schlor-etal-2026-towards,acl_id,REC-02331
DE-07085,ACL:FORMAL-ACL-V12-Q-A2W:liu-quan-2026-econwebarena,ACL:FORMAL-ACL-V12-Q-A1:liu-quan-2026-econwebarena,acl_id,REC-00720
DE-07086,ACL:FORMAL-ACL-V12-Q-A3:liu-quan-2026-econwebarena,ACL:FORMAL-ACL-V12-Q-A1:liu-quan-2026-econwebarena,acl_id,REC-00720
DE-07087,ACL:FORMAL-ACL-V12-Q-A2W:zhuang-etal-2026-workforceagent,ACL:FORMAL-ACL-V12-Q-A1:zhuang-etal-2026-workforceagent,acl_id,REC-02332
DE-07088,ACL:FORMAL-ACL-V12-Q-A3:zhuang-etal-2026-workforceagent,ACL:FORMAL-ACL-V12-Q-A1:zhuang-etal-2026-workforceagent,acl_id,REC-02332
DE-07089,ACL:FORMAL-ACL-V12-Q-S0:hofman-etal-2026-maps,ACL:FORMAL-ACL-V12-Q-D1:hofman-etal-2026-maps,acl_id,REC-02334
DE-07090,ACL:FORMAL-ACL-V12-Q-A3:jandial-etal-2026-gui,ACL:FORMAL-ACL-V12-Q-A1:jandial-etal-2026-gui,acl_id,REC-02335
DE-07091,ACL:FORMAL-ACL-V12-Q-S0:gomaa-etal-2026-converse,ACL:FORMAL-ACL-V12-Q-C2:gomaa-etal-2026-converse,acl_id,REC-01806
DE-07092,ACL:FORMAL-ACL-V12-Q-A3:kartha-etal-2026-dashboardqa,ACL:FORMAL-ACL-V12-Q-A1:kartha-etal-2026-dashboardqa,acl_id,REC-02338
DE-07093,ACL:FORMAL-ACL-V12-Q-A3:ou-etal-2026-browseconf,ACL:FORMAL-ACL-V12-Q-A1:ou-etal-2026-browseconf,acl_id,REC-02341
DE-07094,ACL:FORMAL-ACL-V12-Q-A3:chai-etal-2026-a3,ACL:FORMAL-ACL-V12-Q-A1:chai-etal-2026-a3,acl_id,REC-02347
DE-07095,ACL:FORMAL-ACL-V12-Q-B4:xing-etal-2026-mcp,ACL:FORMAL-ACL-V12-Q-B1:xing-etal-2026-mcp,acl_id,REC-01414
DE-07096,ACL:FORMAL-ACL-V12-Q-D2:xing-etal-2026-mcp,ACL:FORMAL-ACL-V12-Q-B1:xing-etal-2026-mcp,acl_id,REC-01414
DE-07097,ACL:FORMAL-ACL-V12-Q-S0:xing-etal-2026-mcp,ACL:FORMAL-ACL-V12-Q-B1:xing-etal-2026-mcp,acl_id,REC-01414
DE-07098,ACL:FORMAL-ACL-V12-Q-S0:zhou-etal-2026-corba,ACL:FORMAL-ACL-V12-Q-C2:zhou-etal-2026-corba,acl_id,REC-01903
DE-07099,ACL:FORMAL-ACL-V12-Q-A3:chuang-etal-2026-imitation,ACL:FORMAL-ACL-V12-Q-A1:chuang-etal-2026-imitation,acl_id,REC-02351
DE-07100,ACL:FORMAL-ACL-V12-Q-A3:zhang-etal-2026-chain,ACL:FORMAL-ACL-V12-Q-A1:zhang-etal-2026-chain,acl_id,REC-02353
DE-07101,ACL:FORMAL-ACL-V12-Q-S0:huang-etal-2026-toposhield,ACL:FORMAL-ACL-V12-Q-C2:huang-etal-2026-toposhield,acl_id,REC-02354
DE-07102,ACL:FORMAL-ACL-V12-Q-B4:zhan-etal-2026-adversarial,ACL:FORMAL-ACL-V12-Q-B1:zhan-etal-2026-adversarial,acl_id,REC-02357
DE-07103,ACL:FORMAL-ACL-V12-Q-A3:zhu-etal-2026-hybrid,ACL:FORMAL-ACL-V12-Q-A1:zhu-etal-2026-hybrid,acl_id,REC-02358
DE-07104,ACL:FORMAL-ACL-V12-Q-S0:wu-etal-2026-inferpilot,ACL:FORMAL-ACL-V12-Q-D1:wu-etal-2026-inferpilot,acl_id,REC-02360
DE-07105,ACL:FORMAL-ACL-V12-Q-A3:ying-etal-2026-securewebarena,ACL:FORMAL-ACL-V12-Q-A1:ying-etal-2026-securewebarena,acl_id,REC-02362
DE-07106,ACL:FORMAL-ACL-V12-Q-D1:ying-etal-2026-securewebarena,ACL:FORMAL-ACL-V12-Q-A1:ying-etal-2026-securewebarena,acl_id,REC-02362
DE-07107,ACL:FORMAL-ACL-V12-Q-S0:ying-etal-2026-securewebarena,ACL:FORMAL-ACL-V12-Q-A1:ying-etal-2026-securewebarena,acl_id,REC-02362
DE-07108,ACL:FORMAL-ACL-V12-Q-A3:zhang-etal-2026-webuncertainty,ACL:FORMAL-ACL-V12-Q-A1:zhang-etal-2026-webuncertainty,acl_id,REC-02363
DE-07109,ACL:FORMAL-ACL-V12-Q-A3:wu-etal-2026-mobilebench,ACL:FORMAL-ACL-V12-Q-A1:wu-etal-2026-mobilebench,acl_id,REC-00932
DE-07110,ACL:FORMAL-ACL-V12-Q-S0:kong-etal-2026-web,ACL:FORMAL-ACL-V12-Q-C2:kong-etal-2026-web,acl_id,REC-01746
DE-07111,ACL:FORMAL-ACL-V12-Q-A3:kong-etal-2026-malurlbench,ACL:FORMAL-ACL-V12-Q-A1:kong-etal-2026-malurlbench,acl_id,REC-02364
DE-07112,ACL:FORMAL-ACL-V12-Q-D2:kong-etal-2026-malurlbench,ACL:FORMAL-ACL-V12-Q-A1:kong-etal-2026-malurlbench,acl_id,REC-02364
DE-07113,ACL:FORMAL-ACL-V12-Q-A2S:tang-etal-2026-lpo,ACL:FORMAL-ACL-V12-Q-A1:tang-etal-2026-lpo,acl_id,REC-02365
DE-07114,ACL:FORMAL-ACL-V12-Q-A3:tang-etal-2026-lpo,ACL:FORMAL-ACL-V12-Q-A1:tang-etal-2026-lpo,acl_id,REC-02365
DE-07115,ACL:FORMAL-ACL-V12-Q-S1:yang-etal-2026-rap,ACL:FORMAL-ACL-V12-Q-B1:yang-etal-2026-rap,acl_id,REC-02368
DE-07116,ACL:FORMAL-ACL-V12-Q-A3:li-etal-2026-windowsworld,ACL:FORMAL-ACL-V12-Q-A1:li-etal-2026-windowsworld,acl_id,REC-02369
DE-07117,ACL:FORMAL-ACL-V12-Q-S0:feng-etal-2026-backdooragent,ACL:FORMAL-ACL-V12-Q-B2:feng-etal-2026-backdooragent,acl_id,REC-01641
DE-07118,ACL:FORMAL-ACL-V12-Q-S0:jiang-tang-2026-agents,ACL:FORMAL-ACL-V12-Q-D2:jiang-tang-2026-agents,acl_id,REC-02371
DE-07119,ACL:FORMAL-ACL-V12-Q-A3:gao-etal-2026-guitester,ACL:FORMAL-ACL-V12-Q-A1:gao-etal-2026-guitester,acl_id,REC-00907
DE-07120,ACL:FORMAL-ACL-V12-Q-C2:shen-etal-2026-metacognitive,ACL:FORMAL-ACL-V12-Q-B3:shen-etal-2026-metacognitive,acl_id,REC-02377
DE-07121,ACL:FORMAL-ACL-V12-Q-A3:wang-etal-2026-solar,ACL:FORMAL-ACL-V12-Q-A1:wang-etal-2026-solar,acl_id,REC-02380
DE-07122,ACL:FORMAL-ACL-V12-Q-B1:lu-etal-2026-eva,ACL:FORMAL-ACL-V12-Q-A1:lu-etal-2026-eva,acl_id,REC-00939
DE-07123,ACL:FORMAL-ACL-V12-Q-D1:lu-etal-2026-eva,ACL:FORMAL-ACL-V12-Q-A1:lu-etal-2026-eva,acl_id,REC-00939
DE-07124,ACL:FORMAL-ACL-V12-Q-S0:lu-etal-2026-eva,ACL:FORMAL-ACL-V12-Q-A1:lu-etal-2026-eva,acl_id,REC-00939
DE-07125,ACL:FORMAL-ACL-V12-Q-D2:zhang-pei-2026-llm,ACL:FORMAL-ACL-V12-Q-B2:zhang-pei-2026-llm,acl_id,REC-02381
DE-07126,ACL:FORMAL-ACL-V12-Q-S0:zhang-pei-2026-llm,ACL:FORMAL-ACL-V12-Q-B2:zhang-pei-2026-llm,acl_id,REC-02381
DE-07127,ACL:FORMAL-ACL-V12-Q-D2:wan-etal-2026-lco,ACL:FORMAL-ACL-V12-Q-D1:wan-etal-2026-lco,acl_id,REC-02384
DE-07128,ACL:FORMAL-ACL-V12-Q-D1:van-etal-2026-memorai,ACL:FORMAL-ACL-V12-Q-C1:van-etal-2026-memorai,acl_id,REC-02385
DE-07129,ACL:FORMAL-ACL-V12-Q-A3:wang-etal-2026-fedgui,ACL:FORMAL-ACL-V12-Q-A1:wang-etal-2026-fedgui,acl_id,REC-02386
DE-07130,ACL:FORMAL-ACL-V12-Q-A3:zhang-etal-2026-expseek,ACL:FORMAL-ACL-V12-Q-A1:zhang-etal-2026-expseek,acl_id,REC-02387
DE-07131,ACL:FORMAL-ACL-V12-Q-A3:zhang-etal-2026-web,ACL:FORMAL-ACL-V12-Q-A1:zhang-etal-2026-web,acl_id,REC-00487
DE-07132,ACL:FORMAL-ACL-V12-Q-A3:liu-etal-2026-learnact,ACL:FORMAL-ACL-V12-Q-A1:liu-etal-2026-learnact,acl_id,REC-02389
DE-07133,ACL:FORMAL-ACL-V12-Q-A3:jiang-huang-2026-openphone,ACL:FORMAL-ACL-V12-Q-A1:jiang-huang-2026-openphone,acl_id,REC-02390
DE-07134,ACL:FORMAL-ACL-V12-Q-D2:bin-etal-2026-safety,ACL:FORMAL-ACL-V12-Q-D1:bin-etal-2026-safety,acl_id,REC-02391
DE-07135,ACL:FORMAL-ACL-V12-Q-S0:bin-etal-2026-safety,ACL:FORMAL-ACL-V12-Q-D1:bin-etal-2026-safety,acl_id,REC-02391
DE-07136,ACL:FORMAL-ACL-V12-Q-A3:yu-etal-2026-visual,ACL:FORMAL-ACL-V12-Q-A1:yu-etal-2026-visual,acl_id,REC-01006
DE-07137,ACL:FORMAL-ACL-V12-Q-D2:mou-etal-2026-toolsafe,ACL:FORMAL-ACL-V12-Q-B1:mou-etal-2026-toolsafe,acl_id,REC-02396
DE-07138,ACL:FORMAL-ACL-V12-Q-S0:mou-etal-2026-toolsafe,ACL:FORMAL-ACL-V12-Q-B1:mou-etal-2026-toolsafe,acl_id,REC-02396
DE-07139,ACL:FORMAL-ACL-V12-Q-D2:torres-fonseca-etal-2026-safetyalfred,ACL:FORMAL-ACL-V12-Q-D1:torres-fonseca-etal-2026-safetyalfred,acl_id,REC-02397
DE-07140,ACL:FORMAL-ACL-V12-Q-S0:chen-etal-2026-tasks,ACL:FORMAL-ACL-V12-Q-D1:chen-etal-2026-tasks,acl_id,REC-02398
DE-07141,ACL:FORMAL-ACL-V12-Q-C2:liu-etal-2026-topology,ACL:FORMAL-ACL-V12-Q-C1:liu-etal-2026-topology,acl_id,REC-01634
DE-07142,ACL:FORMAL-ACL-V12-Q-C3:liu-etal-2026-topology,ACL:FORMAL-ACL-V12-Q-C1:liu-etal-2026-topology,acl_id,REC-01634
DE-07143,ACL:FORMAL-ACL-V12-Q-A3:liu-etal-2026-infiguiagent,ACL:FORMAL-ACL-V12-Q-A1:liu-etal-2026-infiguiagent,acl_id,REC-00166
DE-07144,ACL:FORMAL-ACL-V12-Q-A3:toles-etal-2026-formgym,ACL:FORMAL-ACL-V12-Q-A1:toles-etal-2026-formgym,acl_id,REC-02406
DE-07145,ACL:FORMAL-ACL-V12-Q-A3:zhang-etal-2026-webrollback,ACL:FORMAL-ACL-V12-Q-A1:zhang-etal-2026-webrollback,acl_id,REC-00753
DE-07146,ACL:FORMAL-ACL-V12-Q-D3:zhang-etal-2026-webrollback,ACL:FORMAL-ACL-V12-Q-A1:zhang-etal-2026-webrollback,acl_id,REC-00753
DE-07147,ACL:FORMAL-ACL-V12-Q-A3:hsiung-etal-2026-pgga,ACL:FORMAL-ACL-V12-Q-A1:hsiung-etal-2026-pgga,acl_id,REC-00235
DE-07148,ACL:FORMAL-ACL-V12-Q-A3:zhang-etal-2026-functionality,ACL:FORMAL-ACL-V12-Q-A1:zhang-etal-2026-functionality,acl_id,REC-02415
DE-07149,ACL:FORMAL-ACL-V12-Q-A3:zhang-etal-2026-dont-click,ACL:FORMAL-ACL-V12-Q-A1:zhang-etal-2026-dont-click,acl_id,REC-02419
DE-07150,ACL:FORMAL-ACL-V12-Q-B2:zhang-etal-2026-dont-click,ACL:FORMAL-ACL-V12-Q-A1:zhang-etal-2026-dont-click,acl_id,REC-02419
DE-07151,ACL:FORMAL-ACL-V12-Q-D2:zhang-etal-2026-dont-click,ACL:FORMAL-ACL-V12-Q-A1:zhang-etal-2026-dont-click,acl_id,REC-02419
DE-07152,ACL:FORMAL-ACL-V12-Q-A3:zhao-etal-2026-mas,ACL:FORMAL-ACL-V12-Q-A1:zhao-etal-2026-mas,acl_id,REC-02420
DE-07153,ACL:FORMAL-ACL-V12-Q-A3:lu-etal-2026-experience,ACL:FORMAL-ACL-V12-Q-A1:lu-etal-2026-experience,acl_id,REC-02425
DE-07154,ACL:FORMAL-ACL-V12-Q-A3:sun-etal-2026-os,ACL:FORMAL-ACL-V12-Q-A1:sun-etal-2026-os,acl_id,REC-00140
DE-07155,ACL:FORMAL-ACL-V12-Q-D1:sun-etal-2026-os,ACL:FORMAL-ACL-V12-Q-A1:sun-etal-2026-os,acl_id,REC-00140
DE-07156,ACL:FORMAL-ACL-V12-Q-D2:sun-etal-2026-os,ACL:FORMAL-ACL-V12-Q-A1:sun-etal-2026-os,acl_id,REC-00140
DE-07157,ACL:FORMAL-ACL-V12-Q-S0:sun-etal-2026-os,ACL:FORMAL-ACL-V12-Q-A1:sun-etal-2026-os,acl_id,REC-00140
DE-07158,ACL:FORMAL-ACL-V12-Q-D2:lin-etal-2026-vigil,ACL:FORMAL-ACL-V12-Q-B1:lin-etal-2026-vigil,acl_id,REC-01152
DE-07159,ACL:FORMAL-ACL-V12-Q-S0:lin-etal-2026-vigil,ACL:FORMAL-ACL-V12-Q-B1:lin-etal-2026-vigil,acl_id,REC-01152
DE-07160,ACL:FORMAL-ACL-V12-Q-S0:an-etal-2026-aciarena,ACL:FORMAL-ACL-V12-Q-C2:an-etal-2026-aciarena,acl_id,REC-02427
DE-07161,ACL:FORMAL-ACL-V12-Q-D2:wang-etal-2026-safemcp,ACL:FORMAL-ACL-V12-Q-B4:wang-etal-2026-safemcp,acl_id,REC-02429
DE-07162,ACL:FORMAL-ACL-V12-Q-S0:wang-etal-2026-safemcp,ACL:FORMAL-ACL-V12-Q-B4:wang-etal-2026-safemcp,acl_id,REC-02429
DE-07163,ACL:FORMAL-ACL-V12-Q-C2:liu-etal-2026-closing,ACL:FORMAL-ACL-V12-Q-A1:liu-etal-2026-closing,acl_id,REC-02432
DE-07164,ACL:FORMAL-ACL-V12-Q-A3:wei-etal-2026-anchor,ACL:FORMAL-ACL-V12-Q-A1:wei-etal-2026-anchor,acl_id,REC-02437
DE-07165,ACL:FORMAL-ACL-V12-Q-D1:wei-etal-2026-anchor,ACL:FORMAL-ACL-V12-Q-A1:wei-etal-2026-anchor,acl_id,REC-02437
DE-07166,ACL:FORMAL-ACL-V12-Q-A2W:he-etal-2026-branch,ACL:FORMAL-ACL-V12-Q-A1:he-etal-2026-branch,acl_id,REC-02438
DE-07167,ACL:FORMAL-ACL-V12-Q-A3:he-etal-2026-branch,ACL:FORMAL-ACL-V12-Q-A1:he-etal-2026-branch,acl_id,REC-02438
DE-07168,ACL:FORMAL-ACL-V12-Q-A3:huang-etal-2026-gta,ACL:FORMAL-ACL-V12-Q-A1:huang-etal-2026-gta,acl_id,REC-02439
DE-07169,ACL:FORMAL-ACL-V12-Q-A2W:lu-etal-2026-ui,ACL:FORMAL-ACL-V12-Q-A1:lu-etal-2026-ui,acl_id,REC-02440
DE-07170,ACL:FORMAL-ACL-V12-Q-A3:lu-etal-2026-ui,ACL:FORMAL-ACL-V12-Q-A1:lu-etal-2026-ui,acl_id,REC-02440
DE-07171,ACL:FORMAL-ACL-V12-Q-C1:qian-2026-visual,ACL:FORMAL-ACL-V12-Q-B1:qian-2026-visual,acl_id,REC-01559
DE-07172,ACL:FORMAL-ACL-V12-Q-D1:qian-2026-visual,ACL:FORMAL-ACL-V12-Q-B1:qian-2026-visual,acl_id,REC-01559
DE-07173,ACL:FORMAL-ACL-V12-Q-D2:qian-2026-visual,ACL:FORMAL-ACL-V12-Q-B1:qian-2026-visual,acl_id,REC-01559
DE-07174,ACL:FORMAL-ACL-V12-Q-S0:qian-2026-visual,ACL:FORMAL-ACL-V12-Q-B1:qian-2026-visual,acl_id,REC-01559
DE-07175,ACL:FORMAL-ACL-V12-Q-A3:shi-etal-2026-benchmarking,ACL:FORMAL-ACL-V12-Q-A1:shi-etal-2026-benchmarking,acl_id,REC-02442
DE-07176,ACL:FORMAL-ACL-V12-Q-B2:shi-etal-2026-benchmarking,ACL:FORMAL-ACL-V12-Q-A1:shi-etal-2026-benchmarking,acl_id,REC-02442
DE-07177,ACL:FORMAL-ACL-V12-Q-S0:shi-etal-2026-benchmarking,ACL:FORMAL-ACL-V12-Q-A1:shi-etal-2026-benchmarking,acl_id,REC-02442
DE-07178,ACL:FORMAL-ACL-V12-Q-A2W:yang-etal-2026-os,ACL:FORMAL-ACL-V12-Q-A1:yang-etal-2026-os,acl_id,REC-00111
DE-07179,ACL:FORMAL-ACL-V12-Q-A3:yang-etal-2026-os,ACL:FORMAL-ACL-V12-Q-A1:yang-etal-2026-os,acl_id,REC-00111
DE-07180,ACL:FORMAL-ACL-V12-Q-D2:yang-etal-2026-os,ACL:FORMAL-ACL-V12-Q-A1:yang-etal-2026-os,acl_id,REC-00111
DE-07181,ACL:FORMAL-ACL-V12-Q-A3:wang-etal-2026-policy,ACL:FORMAL-ACL-V12-Q-A1:wang-etal-2026-policy,acl_id,REC-02443
DE-07182,ACL:FORMAL-ACL-V12-Q-S0:mao-etal-2026-stop,ACL:FORMAL-ACL-V12-Q-D1:mao-etal-2026-stop,acl_id,REC-02449
DE-07183,ACL:FORMAL-ACL-V12-Q-D3:pham-etal-2026-liveculturebench,ACL:FORMAL-ACL-V12-Q-D1:pham-etal-2026-liveculturebench,acl_id,REC-02450
DE-07184,ACL:FORMAL-ACL-V12-Q-S0:guo-etal-2026-personalization,ACL:FORMAL-ACL-V12-Q-C1:guo-etal-2026-personalization,acl_id,REC-02451
DE-07185,ACL:FORMAL-ACL-V12-Q-A3:sun-etal-2026-magnet,ACL:FORMAL-ACL-V12-Q-A1:sun-etal-2026-magnet,acl_id,REC-02453
DE-07186,ACL:FORMAL-ACL-V12-Q-A3:zhang-etal-2026-dont-act,ACL:FORMAL-ACL-V12-Q-A1:zhang-etal-2026-dont-act,acl_id,REC-02454
DE-07187,ACL:FORMAL-ACL-V12-Q-D3:zhang-etal-2026-dont-act,ACL:FORMAL-ACL-V12-Q-A1:zhang-etal-2026-dont-act,acl_id,REC-02454
DE-07188,ACL:FORMAL-ACL-V12-Q-A3:chen-etal-2026-mpr,ACL:FORMAL-ACL-V12-Q-A1:chen-etal-2026-mpr,acl_id,REC-02456
DE-07189,ACL:FORMAL-ACL-V12-Q-S0:pan-etal-2026-explainable,ACL:FORMAL-ACL-V12-Q-C2:pan-etal-2026-explainable,acl_id,REC-01781
DE-07190,ACL:FORMAL-ACL-V12-Q-A3:wu-etal-2026-mirrorcaptcha,ACL:FORMAL-ACL-V12-Q-A1:wu-etal-2026-mirrorcaptcha,acl_id,REC-01236
DE-07191,ACL:FORMAL-ACL-V12-Q-D2:kavathekar-etal-2026-tamas,ACL:FORMAL-ACL-V12-Q-C2:kavathekar-etal-2026-tamas,acl_id,REC-01723
DE-07192,ACL:FORMAL-ACL-V12-Q-S0:kavathekar-etal-2026-tamas,ACL:FORMAL-ACL-V12-Q-C2:kavathekar-etal-2026-tamas,acl_id,REC-01723
DE-07193,ACL:FORMAL-ACL-V12-Q-A3:aghzal-etal-2026-llm,ACL:FORMAL-ACL-V12-Q-A1:aghzal-etal-2026-llm,acl_id,REC-02458
DE-07194,ACL:FORMAL-ACL-V12-Q-D3:aghzal-etal-2026-llm,ACL:FORMAL-ACL-V12-Q-A1:aghzal-etal-2026-llm,acl_id,REC-02458
DE-07195,ACL:FORMAL-ACL-V12-Q-D2:zhou-etal-2026-safeagent,ACL:FORMAL-ACL-V12-Q-D1:zhou-etal-2026-safeagent,acl_id,REC-02292
DE-07196,ACL:FORMAL-ACL-V12-Q-S0:zhou-etal-2026-safeagent,ACL:FORMAL-ACL-V12-Q-D1:zhou-etal-2026-safeagent,acl_id,REC-02292
DE-07197,ACL:FORMAL-ACL-V12-Q-S0:arif-etal-2026-conjunctive,ACL:FORMAL-ACL-V12-Q-C2:arif-etal-2026-conjunctive,acl_id,REC-01873
DE-07198,ACL:FORMAL-ACL-V12-Q-A3:lyu-etal-2026-personalalign,ACL:FORMAL-ACL-V12-Q-A1:lyu-etal-2026-personalalign,acl_id,REC-02465
DE-07199,ACL:FORMAL-ACL-V12-Q-A3:men-etal-2026-empowering,ACL:FORMAL-ACL-V12-Q-A1:men-etal-2026-empowering,acl_id,REC-02466
DE-07200,ACL:FORMAL-ACL-V12-Q-A3:chen-etal-2026-risk,ACL:FORMAL-ACL-V12-Q-A1:chen-etal-2026-risk,acl_id,REC-02469
DE-07201,ACL:FORMAL-ACL-V12-Q-S0:chen-etal-2026-risk,ACL:FORMAL-ACL-V12-Q-A1:chen-etal-2026-risk,acl_id,REC-02469
DE-07202,ACL:FORMAL-ACL-V12-Q-S0:miao-etal-2026-blindguard,ACL:FORMAL-ACL-V12-Q-C2:miao-etal-2026-blindguard,acl_id,REC-01725
DE-07203,ACL:FORMAL-ACL-V12-Q-A3:xi-etal-2026-c,ACL:FORMAL-ACL-V12-Q-A1:xi-etal-2026-c,acl_id,REC-00006
DE-07204,ACL:FORMAL-ACL-V12-Q-A3:wang-etal-2026-gui0,ACL:FORMAL-ACL-V12-Q-A1:wang-etal-2026-gui0,acl_id,REC-02473
DE-07205,ACL:FORMAL-ACL-V12-Q-A3:zhang-etal-2026-dac,ACL:FORMAL-ACL-V12-Q-A1:zhang-etal-2026-dac,acl_id,REC-02474
DE-07206,ACL:FORMAL-ACL-V12-Q-A2W:chen-etal-2026-jarvis,ACL:FORMAL-ACL-V12-Q-A1:chen-etal-2026-jarvis,acl_id,REC-00110
DE-07207,ACL:FORMAL-ACL-V12-Q-A3:chen-etal-2026-jarvis,ACL:FORMAL-ACL-V12-Q-A1:chen-etal-2026-jarvis,acl_id,REC-00110
DE-07208,ACL:FORMAL-ACL-V12-Q-S0:chen-etal-2026-jarvis,ACL:FORMAL-ACL-V12-Q-A1:chen-etal-2026-jarvis,acl_id,REC-00110
DE-07209,ACL:FORMAL-ACL-V12-Q-A3:zheng-etal-2026-naturalgaia,ACL:FORMAL-ACL-V12-Q-A1:zheng-etal-2026-naturalgaia,acl_id,REC-02477
DE-07210,ACL:FORMAL-ACL-V12-Q-S0:jiang-etal-2026-risklab,ACL:FORMAL-ACL-V12-Q-C2:jiang-etal-2026-risklab,acl_id,REC-02481
DE-07211,ACL:FORMAL-ACL-V12-Q-S0:luo-laban-2026-dialogguard,ACL:FORMAL-ACL-V12-Q-D1:luo-laban-2026-dialogguard,acl_id,REC-02482
DE-07212,ACL:FORMAL-ACL-V12-Q-D3:liu-etal-2026-gardener,ACL:FORMAL-ACL-V12-Q-D1:liu-etal-2026-gardener,acl_id,REC-02483
DE-07213,ACL:FORMAL-ACL-V12-Q-A3:takeshita-etal-2026-a11y,ACL:FORMAL-ACL-V12-Q-A1:takeshita-etal-2026-a11y,acl_id,REC-02485
DE-07214,ACL:FORMAL-ACL-V12-Q-D2:takeshita-etal-2026-a11y,ACL:FORMAL-ACL-V12-Q-A1:takeshita-etal-2026-a11y,acl_id,REC-02485
DE-07215,ACL:FORMAL-ACL-V12-Q-A2W:wang-etal-2026-colorbrowseragent,ACL:FORMAL-ACL-V12-Q-A1:wang-etal-2026-colorbrowseragent,acl_id,REC-00394
DE-07216,ACL:FORMAL-ACL-V12-Q-A3:wang-etal-2026-colorbrowseragent,ACL:FORMAL-ACL-V12-Q-A1:wang-etal-2026-colorbrowseragent,acl_id,REC-00394
DE-07217,ACL:FORMAL-ACL-V12-Q-B3:yergattikar-2026-securing,ACL:FORMAL-ACL-V12-Q-B1:yergattikar-2026-securing,acl_id,REC-01248
DE-07218,ACL:FORMAL-ACL-V12-Q-B4:yergattikar-2026-securing,ACL:FORMAL-ACL-V12-Q-B1:yergattikar-2026-securing,acl_id,REC-01248
DE-07219,ACL:FORMAL-ACL-V12-Q-D1:yergattikar-2026-securing,ACL:FORMAL-ACL-V12-Q-B1:yergattikar-2026-securing,acl_id,REC-01248
DE-07220,ACL:FORMAL-ACL-V12-Q-D2:yergattikar-2026-securing,ACL:FORMAL-ACL-V12-Q-B1:yergattikar-2026-securing,acl_id,REC-01248
DE-07221,ACL:FORMAL-ACL-V12-Q-A2W:hoscilowicz-janicki-2025-clickagent,ACL:FORMAL-ACL-V12-Q-A2S:hoscilowicz-janicki-2025-clickagent,acl_id,REC-02494
DE-07222,ACL:FORMAL-ACL-V12-Q-D2:gabison-xian-2025-inherent,ACL:FORMAL-ACL-V12-Q-D1:gabison-xian-2025-inherent,acl_id,REC-02265
DE-07223,ACL:FORMAL-ACL-V12-Q-A3:xu-etal-2025-turkingbench,ACL:FORMAL-ACL-V12-Q-A1:xu-etal-2025-turkingbench,acl_id,REC-02503
DE-07224,ACL:FORMAL-ACL-V12-Q-S0:zhang-etal-2025-trendsim,ACL:FORMAL-ACL-V12-Q-C2:zhang-etal-2025-trendsim,acl_id,REC-02521
DE-07225,ACL:FORMAL-ACL-V12-Q-A3:qiu-etal-2025-evaluating,ACL:FORMAL-ACL-V12-Q-A1:qiu-etal-2025-evaluating,acl_id,REC-02522
DE-07226,ACL:FORMAL-ACL-V12-Q-A3:gangi-reddy-etal-2025-infogent,ACL:FORMAL-ACL-V12-Q-A1:gangi-reddy-etal-2025-infogent,acl_id,REC-02523
DE-07227,ACL:FORMAL-ACL-V12-Q-S0:nakash-etal-2025-breaking,ACL:FORMAL-ACL-V12-Q-B1:nakash-etal-2025-breaking,acl_id,REC-02524
DE-07228,ACL:FORMAL-ACL-V12-Q-D2:zhan-etal-2025-adaptive,ACL:FORMAL-ACL-V12-Q-B1:zhan-etal-2025-adaptive,acl_id,REC-01008
DE-07229,ACL:FORMAL-ACL-V12-Q-S0:zhan-etal-2025-adaptive,ACL:FORMAL-ACL-V12-Q-B1:zhan-etal-2025-adaptive,acl_id,REC-01008
DE-07230,ACL:FORMAL-ACL-V12-Q-S1:zhan-etal-2025-adaptive,ACL:FORMAL-ACL-V12-Q-B1:zhan-etal-2025-adaptive,acl_id,REC-01008
DE-07231,ACL:FORMAL-ACL-V12-Q-A3:wang-etal-2025-ponder,ACL:FORMAL-ACL-V12-Q-A1:wang-etal-2025-ponder,acl_id,REC-00165
DE-07232,ACL:FORMAL-ACL-V12-Q-S0:yu-etal-2025-netsafe,ACL:FORMAL-ACL-V12-Q-C2:yu-etal-2025-netsafe,acl_id,REC-02527
DE-07233,ACL:FORMAL-ACL-V12-Q-A3:pahuja-etal-2025-explorer,ACL:FORMAL-ACL-V12-Q-A1:pahuja-etal-2025-explorer,acl_id,REC-02529
DE-07234,ACL:FORMAL-ACL-V12-Q-A3:cheng-etal-2025-os,ACL:FORMAL-ACL-V12-Q-A1:cheng-etal-2025-os,acl_id,REC-02530
DE-07235,ACL:FORMAL-ACL-V12-Q-S0:he-etal-2025-red,ACL:FORMAL-ACL-V12-Q-C2:he-etal-2025-red,acl_id,REC-01727
DE-07236,ACL:FORMAL-ACL-V12-Q-A3:park-etal-2025-r,ACL:FORMAL-ACL-V12-Q-A1:park-etal-2025-r,acl_id,REC-02531
DE-07237,ACL:FORMAL-ACL-V12-Q-D2:park-etal-2025-r,ACL:FORMAL-ACL-V12-Q-A1:park-etal-2025-r,acl_id,REC-02531
DE-07238,ACL:FORMAL-ACL-V12-Q-A3:song-etal-2025-beyond,ACL:FORMAL-ACL-V12-Q-A1:song-etal-2025-beyond,acl_id,REC-00474
DE-07239,ACL:FORMAL-ACL-V12-Q-A3:lu-etal-2025-transbench,ACL:FORMAL-ACL-V12-Q-A1:lu-etal-2025-transbench,acl_id,REC-02532
DE-07240,ACL:FORMAL-ACL-V12-Q-A3:tian-etal-2025-mmina,ACL:FORMAL-ACL-V12-Q-A1:tian-etal-2025-mmina,acl_id,REC-02533
DE-07241,ACL:FORMAL-ACL-V12-Q-A3:nguyen-etal-2025-gui,ACL:FORMAL-ACL-V12-Q-A1:nguyen-etal-2025-gui,acl_id,REC-00162
DE-07242,ACL:FORMAL-ACL-V12-Q-S0:zhu-etal-2025-demonagent,ACL:FORMAL-ACL-V12-Q-B2:zhu-etal-2025-demonagent,acl_id,REC-02540
DE-07243,ACL:FORMAL-ACL-V12-Q-A3:hu-etal-2025-webcot,ACL:FORMAL-ACL-V12-Q-A1:hu-etal-2025-webcot,acl_id,REC-02542
DE-07244,ACL:FORMAL-ACL-V12-Q-D3:hu-etal-2025-webcot,ACL:FORMAL-ACL-V12-Q-A1:hu-etal-2025-webcot,acl_id,REC-02542
DE-07245,ACL:FORMAL-ACL-V12-Q-S0:zhang-etal-2025-allies-turn,ACL:FORMAL-ACL-V12-Q-C2:zhang-etal-2025-allies-turn,acl_id,REC-02543
DE-07246,ACL:FORMAL-ACL-V12-Q-B2:cheng-etal-2025-hidden,ACL:FORMAL-ACL-V12-Q-A1:cheng-etal-2025-hidden,acl_id,REC-02547
DE-07247,ACL:FORMAL-ACL-V12-Q-D1:cheng-etal-2025-hidden,ACL:FORMAL-ACL-V12-Q-A1:cheng-etal-2025-hidden,acl_id,REC-02547
DE-07248,ACL:FORMAL-ACL-V12-Q-D2:cheng-etal-2025-hidden,ACL:FORMAL-ACL-V12-Q-A1:cheng-etal-2025-hidden,acl_id,REC-02547
DE-07249,ACL:FORMAL-ACL-V12-Q-S0:cheng-etal-2025-hidden,ACL:FORMAL-ACL-V12-Q-A1:cheng-etal-2025-hidden,acl_id,REC-02547
DE-07250,ACL:FORMAL-ACL-V12-Q-S0:zhu-etal-2025-master,ACL:FORMAL-ACL-V12-Q-C2:zhu-etal-2025-master,acl_id,REC-02550
DE-07251,ACL:FORMAL-ACL-V12-Q-C2:wang-etal-2025-privacy,ACL:FORMAL-ACL-V12-Q-B4:wang-etal-2025-privacy,acl_id,REC-02551
DE-07252,ACL:FORMAL-ACL-V12-Q-D2:wang-etal-2025-privacy,ACL:FORMAL-ACL-V12-Q-B4:wang-etal-2025-privacy,acl_id,REC-02551
DE-07253,ACL:FORMAL-ACL-V12-Q-D2:xiang-etal-2025-alrphfs,ACL:FORMAL-ACL-V12-Q-D1:xiang-etal-2025-alrphfs,acl_id,REC-02553
DE-07254,ACL:FORMAL-ACL-V12-Q-S0:xiang-etal-2025-alrphfs,ACL:FORMAL-ACL-V12-Q-D1:xiang-etal-2025-alrphfs,acl_id,REC-02553
DE-07255,ACL:FORMAL-ACL-V12-Q-D1:wang-etal-2025-agentvigil,ACL:FORMAL-ACL-V12-Q-B1:wang-etal-2025-agentvigil,acl_id,REC-02554
DE-07256,ACL:FORMAL-ACL-V12-Q-D2:wang-etal-2025-agentvigil,ACL:FORMAL-ACL-V12-Q-B1:wang-etal-2025-agentvigil,acl_id,REC-02554
DE-07257,ACL:FORMAL-ACL-V12-Q-S0:wang-etal-2025-agentvigil,ACL:FORMAL-ACL-V12-Q-B1:wang-etal-2025-agentvigil,acl_id,REC-02554
DE-07258,ACL:FORMAL-ACL-V12-Q-S1:wang-etal-2025-agentvigil,ACL:FORMAL-ACL-V12-Q-B1:wang-etal-2025-agentvigil,acl_id,REC-02554
DE-07259,ACL:FORMAL-ACL-V12-Q-A3:tao-etal-2025-understanding,ACL:FORMAL-ACL-V12-Q-A1:tao-etal-2025-understanding,acl_id,REC-02555
DE-07260,ACL:FORMAL-ACL-V12-Q-B3:an-etal-2025-ipiguard,ACL:FORMAL-ACL-V12-Q-B1:an-etal-2025-ipiguard,acl_id,REC-01013
DE-07261,ACL:FORMAL-ACL-V12-Q-D2:an-etal-2025-ipiguard,ACL:FORMAL-ACL-V12-Q-B1:an-etal-2025-ipiguard,acl_id,REC-01013
DE-07262,ACL:FORMAL-ACL-V12-Q-S0:an-etal-2025-ipiguard,ACL:FORMAL-ACL-V12-Q-B1:an-etal-2025-ipiguard,acl_id,REC-01013
DE-07263,ACL:FORMAL-ACL-V12-Q-S1:an-etal-2025-ipiguard,ACL:FORMAL-ACL-V12-Q-B1:an-etal-2025-ipiguard,acl_id,REC-01013
DE-07264,ACL:FORMAL-ACL-V12-Q-S0:jing-etal-2025-mcip,ACL:FORMAL-ACL-V12-Q-B4:jing-etal-2025-mcip,acl_id,REC-01428
DE-07265,ACL:FORMAL-ACL-V12-Q-B1:wang-etal-2025-webinject,ACL:FORMAL-ACL-V12-Q-A1:wang-etal-2025-webinject,acl_id,REC-02561
DE-07266,ACL:FORMAL-ACL-V12-Q-S0:wang-etal-2025-webinject,ACL:FORMAL-ACL-V12-Q-A1:wang-etal-2025-webinject,acl_id,REC-02561
DE-07267,ACL:FORMAL-ACL-V12-Q-S1:wang-etal-2025-webinject,ACL:FORMAL-ACL-V12-Q-A1:wang-etal-2025-webinject,acl_id,REC-02561
DE-07268,ACL:FORMAL-ACL-V12-Q-A3:wu-etal-2025-backtrackagent,ACL:FORMAL-ACL-V12-Q-A1:wu-etal-2025-backtrackagent,acl_id,REC-00934
DE-07269,ACL:FORMAL-ACL-V12-Q-D1:wu-etal-2025-backtrackagent,ACL:FORMAL-ACL-V12-Q-A1:wu-etal-2025-backtrackagent,acl_id,REC-00934
DE-07270,ACL:FORMAL-ACL-V12-Q-D2:wu-etal-2025-backtrackagent,ACL:FORMAL-ACL-V12-Q-A1:wu-etal-2025-backtrackagent,acl_id,REC-00934
DE-07271,ACL:FORMAL-ACL-V12-Q-D3:wu-etal-2025-backtrackagent,ACL:FORMAL-ACL-V12-Q-A1:wu-etal-2025-backtrackagent,acl_id,REC-00934
DE-07272,ACL:FORMAL-ACL-V12-Q-A2W:zhao-etal-2025-cola,ACL:FORMAL-ACL-V12-Q-A1:zhao-etal-2025-cola,acl_id,REC-00224
DE-07273,ACL:FORMAL-ACL-V12-Q-D3:zhao-etal-2025-cola,ACL:FORMAL-ACL-V12-Q-A1:zhao-etal-2025-cola,acl_id,REC-00224
DE-07274,ACL:FORMAL-ACL-V12-Q-A3:guan-etal-2025-kg,ACL:FORMAL-ACL-V12-Q-A1:guan-etal-2025-kg,acl_id,REC-02563
DE-07275,ACL:FORMAL-ACL-V12-Q-A3:wei-etal-2025-webagent,ACL:FORMAL-ACL-V12-Q-A1:wei-etal-2025-webagent,acl_id,REC-02565
DE-07276,ACL:FORMAL-ACL-V12-Q-D2:schlichtkrull-2025-attacks,ACL:FORMAL-ACL-V12-Q-B1:schlichtkrull-2025-attacks,acl_id,REC-02566
DE-07277,ACL:FORMAL-ACL-V12-Q-D2:vishwakarma-etal-2025-llms,ACL:FORMAL-ACL-V12-Q-C3:vishwakarma-etal-2025-llms,acl_id,REC-00750
DE-07278,ACL:FORMAL-ACL-V12-Q-D3:li-etal-2025-generator,ACL:FORMAL-ACL-V12-Q-D2:li-etal-2025-generator,acl_id,REC-00769
DE-07279,ACL:FORMAL-ACL-V12-Q-A3:zhang-etal-2025-ui,ACL:FORMAL-ACL-V12-Q-A1:zhang-etal-2025-ui,acl_id,REC-02577
DE-07280,ACL:FORMAL-ACL-V12-Q-B4:faghih-etal-2025-tool,ACL:FORMAL-ACL-V12-Q-B3:faghih-etal-2025-tool,acl_id,REC-02579
DE-07281,ACL:FORMAL-ACL-V12-Q-A3:ahn-etal-2025-flashadventure,ACL:FORMAL-ACL-V12-Q-A1:ahn-etal-2025-flashadventure,acl_id,REC-02581
DE-07282,ACL:FORMAL-ACL-V12-Q-A3:awal-etal-2025-webmmu,ACL:FORMAL-ACL-V12-Q-A1:awal-etal-2025-webmmu,acl_id,REC-02582
DE-07283,ACL:FORMAL-ACL-V12-Q-D2:liu-etal-2025-stepwise,ACL:FORMAL-ACL-V12-Q-D1:liu-etal-2025-stepwise,acl_id,REC-02583
DE-07284,ACL:FORMAL-ACL-V12-Q-A3:wang-etal-2025-fedmabench,ACL:FORMAL-ACL-V12-Q-A1:wang-etal-2025-fedmabench,acl_id,REC-02584
DE-07285,ACL:FORMAL-ACL-V12-Q-A3:zhang-etal-2025-agentcpm,ACL:FORMAL-ACL-V12-Q-A1:zhang-etal-2025-agentcpm,acl_id,REC-00201
DE-07286,ACL:FORMAL-ACL-V12-Q-D3:zhang-etal-2025-agentcpm,ACL:FORMAL-ACL-V12-Q-A1:zhang-etal-2025-agentcpm,acl_id,REC-00201
DE-07287,ACL:FORMAL-ACL-V12-Q-A2W:johnson-etal-2025-dangers,ACL:FORMAL-ACL-V12-Q-A1:johnson-etal-2025-dangers,acl_id,REC-00348
DE-07288,ACL:FORMAL-ACL-V12-Q-B1:johnson-etal-2025-dangers,ACL:FORMAL-ACL-V12-Q-A1:johnson-etal-2025-dangers,acl_id,REC-00348
DE-07289,ACL:FORMAL-ACL-V12-Q-D2:johnson-etal-2025-dangers,ACL:FORMAL-ACL-V12-Q-A1:johnson-etal-2025-dangers,acl_id,REC-00348
DE-07290,ACL:FORMAL-ACL-V12-Q-S0:johnson-etal-2025-dangers,ACL:FORMAL-ACL-V12-Q-A1:johnson-etal-2025-dangers,acl_id,REC-00348
DE-07291,ACL:FORMAL-ACL-V12-Q-S1:johnson-etal-2025-dangers,ACL:FORMAL-ACL-V12-Q-A1:johnson-etal-2025-dangers,acl_id,REC-00348
DE-07292,ACL:FORMAL-ACL-V12-Q-D2:kulkarni-etal-2025-agent,ACL:FORMAL-ACL-V12-Q-D1:kulkarni-etal-2025-agent,acl_id,REC-02590
DE-07293,ACL:FORMAL-ACL-V12-Q-A2W:xu-etal-2025-androidlab,ACL:FORMAL-ACL-V12-Q-A1:xu-etal-2025-androidlab,acl_id,REC-00818
DE-07294,ACL:FORMAL-ACL-V12-Q-A3:xu-etal-2025-androidlab,ACL:FORMAL-ACL-V12-Q-A1:xu-etal-2025-androidlab,acl_id,REC-00818
DE-07295,ACL:FORMAL-ACL-V12-Q-A3:sun-etal-2025-os,ACL:FORMAL-ACL-V12-Q-A1:sun-etal-2025-os,acl_id,REC-00208
DE-07296,ACL:FORMAL-ACL-V12-Q-C2:wang-etal-2025-g,ACL:FORMAL-ACL-V12-Q-B1:wang-etal-2025-g,acl_id,REC-01721
DE-07297,ACL:FORMAL-ACL-V12-Q-S0:wang-etal-2025-g,ACL:FORMAL-ACL-V12-Q-B1:wang-etal-2025-g,acl_id,REC-01721
DE-07298,ACL:FORMAL-ACL-V12-Q-A2W:hu-etal-2025-os,ACL:FORMAL-ACL-V12-Q-A1:hu-etal-2025-os,acl_id,REC-00233
DE-07299,ACL:FORMAL-ACL-V12-Q-A3:hu-etal-2025-os,ACL:FORMAL-ACL-V12-Q-A1:hu-etal-2025-os,acl_id,REC-00233
DE-07300,ACL:FORMAL-ACL-V12-Q-S0:luo-etal-2025-agrail,ACL:FORMAL-ACL-V12-Q-D2:luo-etal-2025-agrail,acl_id,REC-00271
DE-07301,ACL:FORMAL-ACL-V12-Q-B2:zhang-etal-2025-attacking,ACL:FORMAL-ACL-V12-Q-A1:zhang-etal-2025-attacking,acl_id,REC-02597
DE-07302,ACL:FORMAL-ACL-V12-Q-D2:zhang-etal-2025-attacking,ACL:FORMAL-ACL-V12-Q-A1:zhang-etal-2025-attacking,acl_id,REC-02597
DE-07303,ACL:FORMAL-ACL-V12-Q-S0:zhang-etal-2025-attacking,ACL:FORMAL-ACL-V12-Q-A1:zhang-etal-2025-attacking,acl_id,REC-02597
DE-07304,ACL:FORMAL-ACL-V12-Q-A3:xu-yan-2025-triplefact,ACL:FORMAL-ACL-V12-Q-A1:xu-yan-2025-triplefact,acl_id,REC-02598
DE-07305,ACL:FORMAL-ACL-V12-Q-D2:xu-yan-2025-triplefact,ACL:FORMAL-ACL-V12-Q-A1:xu-yan-2025-triplefact,acl_id,REC-02598
DE-07306,ACL:FORMAL-ACL-V12-Q-S0:shahroz-etal-2025-agents,ACL:FORMAL-ACL-V12-Q-C2:shahroz-etal-2025-agents,acl_id,REC-01744
DE-07307,ACL:FORMAL-ACL-V12-Q-A3:luo-etal-2025-browsing,ACL:FORMAL-ACL-V12-Q-A1:luo-etal-2025-browsing,acl_id,REC-02600
DE-07308,ACL:FORMAL-ACL-V12-Q-S0:men-etal-2025-agent,ACL:FORMAL-ACL-V12-Q-A2W:men-etal-2025-agent,acl_id,REC-00540
DE-07309,ACL:FORMAL-ACL-V12-Q-S1:chen-etal-2025-indirect,ACL:FORMAL-ACL-V12-Q-B1:chen-etal-2025-indirect,acl_id,REC-02603
DE-07310,ACL:FORMAL-ACL-V12-Q-A3:verma-etal-2025-adaptagent,ACL:FORMAL-ACL-V12-Q-A1:verma-etal-2025-adaptagent,acl_id,REC-02606
DE-07311,ACL:FORMAL-ACL-V12-Q-D2:wang-etal-2025-unveiling-privacy,ACL:FORMAL-ACL-V12-Q-C1:wang-etal-2025-unveiling-privacy,acl_id,REC-02609
DE-07312,ACL:FORMAL-ACL-V12-Q-S0:wang-etal-2025-unveiling-privacy,ACL:FORMAL-ACL-V12-Q-C1:wang-etal-2025-unveiling-privacy,acl_id,REC-02609
DE-07313,ACL:FORMAL-ACL-V12-Q-D2:jia-etal-2025-task,ACL:FORMAL-ACL-V12-Q-B1:jia-etal-2025-task,acl_id,REC-01009
DE-07314,ACL:FORMAL-ACL-V12-Q-S0:jia-etal-2025-task,ACL:FORMAL-ACL-V12-Q-B1:jia-etal-2025-task,acl_id,REC-01009
DE-07315,ACL:FORMAL-ACL-V12-Q-S1:jia-etal-2025-task,ACL:FORMAL-ACL-V12-Q-B1:jia-etal-2025-task,acl_id,REC-01009
DE-07316,ACL:FORMAL-ACL-V12-Q-A3:huang-etal-2025-r2d2,ACL:FORMAL-ACL-V12-Q-A1:huang-etal-2025-r2d2,acl_id,REC-02612
DE-07317,ACL:FORMAL-ACL-V12-Q-A3:hui-etal-2025-winspot,ACL:FORMAL-ACL-V12-Q-A1:hui-etal-2025-winspot,acl_id,REC-02614
DE-07318,ACL:FORMAL-ACL-V12-Q-D2:lee-etal-2025-sudo,ACL:FORMAL-ACL-V12-Q-A1:lee-etal-2025-sudo,acl_id,REC-00980
DE-07319,ACL:FORMAL-ACL-V12-Q-S0:lee-etal-2025-sudo,ACL:FORMAL-ACL-V12-Q-A1:lee-etal-2025-sudo,acl_id,REC-00980
DE-07320,ACL:FORMAL-ACL-V12-Q-S0:wang-etal-2024-reinforcement-learning,ACL:FORMAL-ACL-V12-Q-D2:wang-etal-2024-reinforcement-learning,acl_id,REC-02620
DE-07321,ACL:FORMAL-ACL-V12-Q-A2S:ma-etal-2024-coco,ACL:FORMAL-ACL-V12-Q-A1:ma-etal-2024-coco,acl_id,REC-00596
DE-07322,ACL:FORMAL-ACL-V12-Q-A2W:ma-etal-2024-coco,ACL:FORMAL-ACL-V12-Q-A1:ma-etal-2024-coco,acl_id,REC-00596
DE-07323,ACL:FORMAL-ACL-V12-Q-A3:ma-etal-2024-coco,ACL:FORMAL-ACL-V12-Q-A1:ma-etal-2024-coco,acl_id,REC-00596
DE-07324,ACL:FORMAL-ACL-V12-Q-S0:zhan-etal-2024-injecagent,ACL:FORMAL-ACL-V12-Q-B1:zhan-etal-2024-injecagent,acl_id,REC-01028
DE-07325,ACL:FORMAL-ACL-V12-Q-S1:zhan-etal-2024-injecagent,ACL:FORMAL-ACL-V12-Q-B1:zhan-etal-2024-injecagent,acl_id,REC-01028
DE-07326,ACL:FORMAL-ACL-V12-Q-A3:kim-etal-2024-rada,ACL:FORMAL-ACL-V12-Q-A1:kim-etal-2024-rada,acl_id,REC-02623
DE-07327,ACL:FORMAL-ACL-V12-Q-A2W:zhang-etal-2024-dynamic,ACL:FORMAL-ACL-V12-Q-A1:zhang-etal-2024-dynamic,acl_id,REC-02624
DE-07328,ACL:FORMAL-ACL-V12-Q-S0:yuan-etal-2024-r,ACL:FORMAL-ACL-V12-Q-D1:yuan-etal-2024-r,acl_id,REC-02625
DE-07329,ACL:FORMAL-ACL-V12-Q-A2W:kim-etal-2024-auto,ACL:FORMAL-ACL-V12-Q-A1:kim-etal-2024-auto,acl_id,REC-02627
DE-07330,ACL:FORMAL-ACL-V12-Q-A3:kim-etal-2024-auto,ACL:FORMAL-ACL-V12-Q-A1:kim-etal-2024-auto,acl_id,REC-02627
DE-07331,ACL:FORMAL-ACL-V12-Q-A3:yoran-etal-2024-assistantbench,ACL:FORMAL-ACL-V12-Q-A1:yoran-etal-2024-assistantbench,acl_id,REC-02631
DE-07332,ACL:FORMAL-ACL-V12-Q-C3:pandey-etal-2024-advancing,ACL:FORMAL-ACL-V12-Q-C2:pandey-etal-2024-advancing,acl_id,REC-02639
DE-07333,ACL:FORMAL-ACL-V12-Q-A3:koh-etal-2024-visualwebarena,ACL:FORMAL-ACL-V12-Q-A1:koh-etal-2024-visualwebarena,acl_id,REC-00534
DE-07334,ACL:FORMAL-ACL-V12-Q-A3:he-etal-2024-webvoyager,ACL:FORMAL-ACL-V12-Q-A1:he-etal-2024-webvoyager,acl_id,REC-02641
DE-07335,ACL:FORMAL-ACL-V12-Q-A2W:deng-etal-2024-multi,ACL:FORMAL-ACL-V12-Q-A1:deng-etal-2024-multi,acl_id,REC-02642
DE-07336,ACL:FORMAL-ACL-V12-Q-A3:deng-etal-2024-multi,ACL:FORMAL-ACL-V12-Q-A1:deng-etal-2024-multi,acl_id,REC-02642
DE-07337,ACL:FORMAL-ACL-V12-Q-A3:cheng-etal-2024-seeclick,ACL:FORMAL-ACL-V12-Q-A1:cheng-etal-2024-seeclick,acl_id,REC-02643
DE-07338,ACL:FORMAL-ACL-V12-Q-C3:wang-etal-2024-badagent,ACL:FORMAL-ACL-V12-Q-B2:wang-etal-2024-badagent,acl_id,REC-00270
DE-07339,ACL:FORMAL-ACL-V12-Q-S0:wang-etal-2024-badagent,ACL:FORMAL-ACL-V12-Q-B2:wang-etal-2024-badagent,acl_id,REC-00270
DE-07340,ACL:FORMAL-ACL-V12-Q-S0:zhang-etal-2024-psysafe,ACL:FORMAL-ACL-V12-Q-C2:zhang-etal-2024-psysafe,acl_id,REC-02644
DE-07341,GS:GS-A1-02-002,GS:GS-A1-01-047,canonical_report_url,REC-00045
DE-07342,GS:GS-A1-02-004,GS:GS-A1-01-008,canonical_report_url,REC-00008
DE-07343,GS:GS-A1-02-005,GS:GS-A1-01-007,canonical_report_url,REC-00007
DE-07344,GS:GS-A1-02-011,GS:GS-A1-01-038,canonical_report_url,REC-00037
DE-07345,GS:GS-A1-02-014,GS:GS-A1-01-010,canonical_report_url,REC-00010
DE-07346,GS:GS-A1-02-019,GS:GS-A1-01-044,canonical_report_url,REC-00043
DE-07347,GS:GS-A1-02-022,GS:GS-A1-01-061,canonical_report_url,REC-00059
DE-07348,GS:GS-A1-02-025,GS:GS-A1-01-040,canonical_report_url,REC-00039
DE-07349,GS:GS-A1-02-077,GS:GS-A1-01-048,canonical_report_url,REC-00046
DE-07350,GS:GS-A1-02-087,GS:GS-A1-01-094,canonical_report_url,REC-00089
DE-07351,GS:GS-A1-02-095,GS:GS-A1-01-081,canonical_report_url,REC-00078
DE-07352,GS:GS-A1-02-099,GS:GS-A1-01-004,canonical_report_url,REC-00004
DE-07353,GS:GS-A1-03-010,GS:GS-A1-02-038,canonical_report_url,REC-00113
DE-07354,GS:GS-A1-03-018,GS:GS-A1-01-050,canonical_report_url,REC-00048
DE-07355,GS:GS-A1-03-052,GS:GS-A1-01-003,canonical_report_url,REC-00003
DE-07356,GS:GS-A1-03-061,GS:GS-A1-02-010,canonical_report_url,REC-00100
DE-07357,GS:GS-A1-03-071,GS:GS-A1-01-044,canonical_report_url,REC-00043
DE-07358,GS:GS-A1-03-074,GS:GS-A1-01-070,canonical_report_url,REC-00067
DE-07359,GS:GS-A1-03-080,GS:GS-A1-01-020,canonical_report_url,REC-00019
DE-07360,GS:GS-A1-03-086,GS:GS-A1-02-092,canonical_report_url,REC-00156
DE-07361,GS:GS-A1-03-097,GS:GS-A1-01-001,canonical_report_url,REC-00001
DE-07362,GS:GS-A1-03-099,GS:GS-A1-01-080,canonical_report_url,REC-00077
DE-07363,GS:GS-A1-04-002,GS:GS-A1-03-090,canonical_report_url,REC-00233
DE-07364,GS:GS-A1-04-021,GS:GS-A1-03-068,canonical_report_url,REC-00215
DE-07365,GS:GS-A1-04-055,GS:GS-A1-01-044,canonical_report_url,REC-00043
DE-07366,GS:GS-A1-05-010,GS:GS-A1-02-066,canonical_report_url,REC-00136
DE-07367,GS:GS-A1-05-035,GS:GS-A1-03-068,canonical_report_url,REC-00215
DE-07368,GS:GS-A1-05-079,GS:GS-A1-01-060,canonical_report_url,REC-00058
DE-07369,GS:GS-A1-06-002,GS:GS-A1-05-004,canonical_report_url,REC-00333
DE-07370,GS:GS-A1-06-012,GS:GS-A1-05-002,canonical_report_url,REC-00331
DE-07371,GS:GS-A1-06-013,GS:GS-A1-04-057,canonical_report_url,REC-00286
DE-07372,GS:GS-A1-06-028,GS:GS-A1-05-017,canonical_report_url,REC-00344
DE-07373,GS:GS-A1-06-035,GS:GS-A1-05-016,canonical_report_url,REC-00343
DE-07374,GS:GS-A1-06-040,GS:GS-A1-03-090,canonical_report_url,REC-00233
DE-07375,GS:GS-A1-06-049,GS:GS-A1-05-018,canonical_report_url,REC-00345
DE-07376,GS:GS-A1-06-054,GS:GS-A1-05-022,canonical_report_url,REC-00349
DE-07377,GS:GS-A1-06-056,GS:GS-A1-05-001,canonical_report_url,REC-00330
DE-07378,GS:GS-A1-06-066,GS:GS-A1-05-020,canonical_report_url,REC-00347
DE-07379,GS:GS-A1-06-071,GS:GS-A1-05-021,canonical_report_url,REC-00348
DE-07380,GS:GS-A1-06-081,GS:GS-A1-05-038,canonical_report_url,REC-00363
DE-07381,GS:GS-A1-06-091,GS:GS-A1-05-024,canonical_report_url,REC-00351
DE-07382,GS:GS-A2S-01-014,GS:GS-A1-01-047,canonical_report_url,REC-00045
DE-07383,GS:GS-A2S-01-015,GS:GS-A1-06-051,canonical_report_url,REC-00458
DE-07384,GS:GS-A2S-01-019,GS:GS-A1-04-005,canonical_report_url,REC-00243
DE-07385,GS:GS-A2S-01-021,GS:GS-A1-04-061,canonical_report_url,REC-00290
DE-07386,GS:GS-A2S-01-034,GS:GS-A1-04-063,canonical_report_url,REC-00292
DE-07387,GS:GS-A2S-01-035,GS:GS-A1-02-050,canonical_report_url,REC-00124
DE-07388,GS:GS-A2S-02-005,GS:GS-A1-02-053,canonical_report_url,REC-00126
DE-07389,GS:GS-A2S-02-009,GS:GS-A1-02-038,canonical_report_url,REC-00113
DE-07390,GS:GS-A2S-02-010,GS:GS-A1-03-024,canonical_report_url,REC-00179
DE-07391,GS:GS-A2S-02-011,GS:GS-A1-04-057,canonical_report_url,REC-00286
DE-07392,GS:GS-A2S-02-017,GS:GS-A1-02-008,canonical_report_url,REC-00098
DE-07393,GS:GS-A2S-02-028,GS:GS-A1-03-051,canonical_report_url,REC-00202
DE-07394,GS:GS-A2S-02-036,GS:GS-A1-01-055,canonical_report_url,REC-00053
DE-07395,GS:GS-A2S-03-001,GS:GS-A2S-02-016,canonical_report_url,REC-00536
DE-07396,GS:GS-A2S-03-004,GS:GS-A2S-01-016,canonical_report_url,REC-00510
DE-07397,GS:GS-A2S-03-008,GS:GS-A2S-01-009,canonical_report_url,REC-00506
DE-07398,GS:GS-A2S-03-041,GS:GS-A2S-01-002,canonical_report_url,REC-00500
DE-07399,GS:GS-A2S-03-055,GS:GS-A1-01-080,canonical_report_url,REC-00077
DE-07400,GS:GS-A2S-03-057,GS:GS-A1-05-058,canonical_report_url,REC-00383
DE-07401,GS:GS-A2S-03-064,GS:GS-A1-06-051,canonical_report_url,REC-00458
DE-07402,GS:GS-A2W-01-003,GS:GS-A1-06-004,canonical_report_url,REC-00425
DE-07403,GS:GS-A2W-01-006,GS:GS-A1-06-070,canonical_report_url,REC-00472
DE-07404,GS:GS-A2W-01-010,GS:GS-A1-06-030,canonical_report_url,REC-00445
DE-07405,GS:GS-A2W-01-015,GS:GS-A1-04-057,canonical_report_url,REC-00286
DE-07406,GS:GS-A2W-01-021,GS:GS-A1-06-033,canonical_report_url,REC-00448
DE-07407,GS:GS-A2W-01-032,GS:GS-A1-06-080,canonical_report_url,REC-00480
DE-07408,GS:GS-A2W-01-033,GS:GS-A2S-01-016,canonical_report_url,REC-00510
DE-07409,GS:GS-A2W-01-034,GS:GS-A1-06-051,canonical_report_url,REC-00458
DE-07410,GS:GS-A2W-01-036,GS:GS-A1-06-016,canonical_report_url,REC-00433
DE-07411,GS:GS-A2W-01-040,GS:GS-A2S-02-096,canonical_report_url,REC-00604
DE-07412,GS:GS-A2W-01-041,GS:GS-A1-06-072,canonical_report_url,REC-00473
DE-07413,GS:GS-A2W-01-045,GS:GS-A1-06-082,canonical_report_url,REC-00481
DE-07414,GS:GS-A2W-01-048,GS:GS-A1-06-019,canonical_report_url,REC-00436
DE-07415,GS:GS-A2W-01-056,GS:GS-A1-06-055,canonical_report_url,REC-00461
DE-07416,GS:GS-A2W-01-058,GS:GS-A1-06-023,canonical_report_url,REC-00440
DE-07417,GS:GS-A2W-01-060,GS:GS-A1-06-059,canonical_report_url,REC-00464
DE-07418,GS:GS-A2W-01-061,GS:GS-A1-06-064,canonical_report_url,REC-00468
DE-07419,GS:GS-A2W-01-074,GS:GS-A1-05-024,canonical_report_url,REC-00351
DE-07420,GS:GS-A2W-01-093,GS:GS-A1-06-050,canonical_report_url,REC-00457
DE-07421,GS:GS-A2W-02-004,GS:GS-A1-06-051,canonical_report_url,REC-00458
DE-07422,GS:GS-A2W-02-007,GS:GS-A2S-03-040,canonical_report_url,REC-00642
DE-07423,GS:GS-A2W-02-009,GS:GS-A2S-01-009,canonical_report_url,REC-00506
DE-07424,GS:GS-A2W-02-013,GS:GS-A2S-03-032,canonical_report_url,REC-00634
DE-07425,GS:GS-A2W-02-014,GS:GS-A2S-03-094,canonical_report_url,REC-00692
DE-07426,GS:GS-A2W-02-015,GS:GS-A1-05-058,canonical_report_url,REC-00383
DE-07427,GS:GS-A2W-02-017,GS:GS-A2S-03-092,canonical_report_url,REC-00690
DE-07428,GS:GS-A2W-02-018,GS:GS-A2S-03-011,canonical_report_url,REC-00613
DE-07429,GS:GS-A2W-02-019,GS:GS-A1-06-016,canonical_report_url,REC-00433
DE-07430,GS:GS-A2W-02-022,GS:GS-A2S-03-007,canonical_report_url,REC-00610
DE-07431,GS:GS-A2W-02-025,GS:GS-A2S-03-091,canonical_report_url,REC-00689
DE-07432,GS:GS-A2W-02-026,GS:GS-A2S-03-074,canonical_report_url,REC-00672
DE-07433,GS:GS-A2W-02-028,GS:GS-A2S-03-054,canonical_report_url,REC-00655
DE-07434,GS:GS-A2W-02-034,GS:GS-A2S-02-016,canonical_report_url,REC-00536
DE-07435,GS:GS-A2W-02-042,GS:GS-A2S-01-016,canonical_report_url,REC-00510
DE-07436,GS:GS-A2W-02-048,GS:GS-A2S-02-019,canonical_report_url,REC-00538
DE-07437,GS:GS-A2W-02-065,GS:GS-A2S-02-018,canonical_report_url,REC-00537
DE-07438,GS:GS-A2W-02-067,GS:GS-A2S-03-061,canonical_report_url,REC-00660
DE-07439,GS:GS-A2W-02-080,GS:GS-A1-02-020,canonical_report_url,REC-00104
DE-07440,GS:GS-A2W-02-098,GS:GS-A2S-03-085,canonical_report_url,REC-00683
DE-07441,GS:GS-A2W-03-002,GS:GS-A2W-01-092,canonical_report_url,REC-00745
DE-07442,GS:GS-A2W-03-004,GS:GS-A2S-03-016,canonical_report_url,REC-00618
DE-07443,GS:GS-A2W-03-008,GS:GS-A1-03-090,canonical_report_url,REC-00233
DE-07444,GS:GS-A2W-03-012,GS:GS-A1-04-057,canonical_report_url,REC-00286
DE-07445,GS:GS-A2W-03-018,GS:GS-A2W-01-086,canonical_report_url,REC-00739
DE-07446,GS:GS-A2W-03-030,GS:GS-A1-03-040,canonical_report_url,REC-00193
DE-07447,GS:GS-A2W-03-053,GS:GS-A1-02-054,canonical_report_url,REC-00127
DE-07448,GS:GS-A3-01-001,GS:GS-A1-01-048,canonical_report_url,REC-00046
DE-07449,GS:GS-A3-01-002,GS:GS-A1-01-007,canonical_report_url,REC-00007
DE-07450,GS:GS-A3-01-003,GS:GS-A1-01-001,canonical_report_url,REC-00001
DE-07451,GS:GS-A3-01-004,GS:GS-A1-01-055,canonical_report_url,REC-00053
DE-07452,GS:GS-A3-01-005,GS:GS-A1-01-003,canonical_report_url,REC-00003
DE-07453,GS:GS-A3-01-008,GS:GS-A1-01-008,canonical_report_url,REC-00008
DE-07454,GS:GS-A3-01-025,GS:GS-A1-01-042,canonical_report_url,REC-00041
DE-07455,GS:GS-A3-01-028,GS:GS-A1-01-010,canonical_report_url,REC-00010
DE-07456,GS:GS-A3-01-029,GS:GS-A1-01-006,canonical_report_url,REC-00006
DE-07457,GS:GS-A3-01-033,GS:GS-A1-01-040,canonical_report_url,REC-00039
DE-07458,GS:GS-A3-01-040,GS:GS-A1-01-020,canonical_report_url,REC-00019
DE-07459,GS:GS-A3-01-044,GS:GS-A1-03-075,canonical_report_url,REC-00220
DE-07460,GS:GS-A3-01-047,GS:GS-A1-01-044,canonical_report_url,REC-00043
DE-07461,GS:GS-A3-01-048,GS:GS-A1-01-033,canonical_report_url,REC-00032
DE-07462,GS:GS-A3-01-049,GS:GS-A1-01-060,canonical_report_url,REC-00058
DE-07463,GS:GS-A3-01-056,GS:GS-A1-01-050,canonical_report_url,REC-00048
DE-07464,GS:GS-A3-01-064,GS:GS-A1-02-093,canonical_report_url,REC-00157
DE-07465,GS:GS-A3-01-066,GS:GS-A1-01-047,canonical_report_url,REC-00045
DE-07466,GS:GS-A3-01-072,GS:GS-A1-01-038,canonical_report_url,REC-00037
DE-07467,GS:GS-A3-01-075,GS:GS-A1-01-081,canonical_report_url,REC-00078
DE-07468,GS:GS-A3-01-078,GS:GS-A1-01-094,canonical_report_url,REC-00089
DE-07469,GS:GS-A3-01-079,GS:GS-A1-01-004,canonical_report_url,REC-00004
DE-07470,GS:GS-A3-01-080,GS:GS-A1-01-073,canonical_report_url,REC-00070
DE-07471,GS:GS-A3-01-081,GS:GS-A1-01-077,canonical_report_url,REC-00074
DE-07472,GS:GS-A3-01-082,GS:GS-A1-01-087,canonical_report_url,REC-00083
DE-07473,GS:GS-A3-01-084,GS:GS-A1-01-069,canonical_report_url,REC-00066
DE-07474,GS:GS-A3-01-085,GS:GS-A1-03-068,canonical_report_url,REC-00215
DE-07475,GS:GS-A3-01-096,GS:GS-A1-01-076,canonical_report_url,REC-00073
DE-07476,GS:GS-A3-01-097,GS:GS-A1-01-070,canonical_report_url,REC-00067
DE-07477,GS:GS-A3-01-099,GS:GS-A1-01-078,canonical_report_url,REC-00075
DE-07478,GS:GS-A3-02-003,GS:GS-A1-03-064,canonical_report_url,REC-00211
DE-07479,GS:GS-A3-02-004,GS:GS-A2S-02-040,canonical_report_url,REC-00554
DE-07480,GS:GS-A3-02-006,GS:GS-A1-03-001,canonical_report_url,REC-00162
DE-07481,GS:GS-A3-02-007,GS:GS-A1-02-038,canonical_report_url,REC-00113
DE-07482,GS:GS-A3-02-010,GS:GS-A1-03-068,canonical_report_url,REC-00215
DE-07483,GS:GS-A3-02-011,GS:GS-A1-03-075,canonical_report_url,REC-00220
DE-07484,GS:GS-A3-02-015,GS:GS-A1-03-091,canonical_report_url,REC-00234
DE-07485,GS:GS-A3-02-021,GS:GS-A1-03-040,canonical_report_url,REC-00193
DE-07486,GS:GS-A3-02-027,GS:GS-A1-02-092,canonical_report_url,REC-00156
DE-07487,GS:GS-A3-02-032,GS:GS-A1-01-050,canonical_report_url,REC-00048
DE-07488,GS:GS-A3-02-044,GS:GS-A1-03-054,canonical_report_url,REC-00028
DE-07489,GS:GS-A3-02-051,GS:GS-A1-03-025,canonical_report_url,REC-00180
DE-07490,GS:GS-A3-02-059,GS:GS-A1-03-056,canonical_report_url,REC-00204
DE-07491,GS:GS-A3-02-060,GS:GS-A1-03-017,canonical_report_url,REC-00174
DE-07492,GS:GS-A3-02-064,GS:GS-A1-03-014,canonical_report_url,REC-00172
DE-07493,GS:GS-A3-02-071,GS:GS-A1-01-055,canonical_report_url,REC-00053
DE-07494,GS:GS-A3-02-072,GS:GS-A2S-02-002,canonical_report_url,REC-00528
DE-07495,GS:GS-A3-02-077,GS:GS-A1-03-049,canonical_report_url,REC-00201
DE-07496,GS:GS-A3-02-087,GS:GS-A1-01-060,canonical_report_url,REC-00058
DE-07497,GS:GS-A3-02-090,GS:GS-A1-01-042,canonical_report_url,REC-00041
DE-07498,GS:GS-A3-02-091,GS:GS-A2W-03-013,canonical_report_url,REC-00821
DE-07499,GS:GS-A3-03-001,GS:GS-A1-03-090,canonical_report_url,REC-00233
DE-07500,GS:GS-A3-03-007,GS:GS-A1-04-048,canonical_report_url,REC-00279
DE-07501,GS:GS-A3-03-010,GS:GS-A1-04-025,canonical_report_url,REC-00259
DE-07502,GS:GS-A3-03-011,GS:GS-A1-04-012,canonical_report_url,REC-00249
DE-07503,GS:GS-A3-03-012,GS:GS-A1-03-068,canonical_report_url,REC-00215
DE-07504,GS:GS-A3-03-018,GS:GS-A1-04-100,canonical_report_url,REC-00329
DE-07505,GS:GS-A3-03-021,GS:GS-A1-04-061,canonical_report_url,REC-00290
DE-07506,GS:GS-A3-03-023,GS:GS-A1-04-043,canonical_report_url,REC-00275
DE-07507,GS:GS-A3-03-024,GS:GS-A1-04-024,canonical_report_url,REC-00258
DE-07508,GS:GS-A3-03-025,GS:GS-A1-04-039,canonical_report_url,REC-00271
DE-07509,GS:GS-A3-03-026,GS:GS-A1-04-031,canonical_report_url,REC-00264
DE-07510,GS:GS-A3-03-029,GS:GS-A1-04-029,canonical_report_url,REC-00262
DE-07511,GS:GS-A3-03-030,GS:GS-A1-04-057,canonical_report_url,REC-00286
DE-07512,GS:GS-A3-03-031,GS:GS-A1-04-030,canonical_report_url,REC-00263
DE-07513,GS:GS-A3-03-032,GS:GS-A1-04-099,canonical_report_url,REC-00328
DE-07514,GS:GS-A3-03-033,GS:GS-A1-04-063,canonical_report_url,REC-00292
DE-07515,GS:GS-A3-03-035,GS:GS-A1-04-051,canonical_report_url,REC-00282
DE-07516,GS:GS-A3-03-037,GS:GS-A2W-03-076,canonical_report_url,REC-00870
DE-07517,GS:GS-A3-03-040,GS:GS-A1-04-042,canonical_report_url,REC-00274
DE-07518,GS:GS-A3-03-044,GS:GS-A1-04-080,canonical_report_url,REC-00309
DE-07519,GS:GS-A3-03-046,GS:GS-A1-04-067,canonical_report_url,REC-00296
DE-07520,GS:GS-A3-03-047,GS:GS-A1-05-070,canonical_report_url,REC-00394
DE-07521,GS:GS-A3-03-048,GS:GS-A1-04-032,canonical_report_url,REC-00265
DE-07522,GS:GS-A3-03-050,GS:GS-A1-04-035,canonical_report_url,REC-00267
DE-07523,GS:GS-A3-03-051,GS:GS-A1-04-084,canonical_report_url,REC-00313
DE-07524,GS:GS-A3-03-057,GS:GS-A1-01-044,canonical_report_url,REC-00043
DE-07525,GS:GS-A3-03-060,GS:GS-A1-04-064,canonical_report_url,REC-00293
DE-07526,GS:GS-A3-03-066,GS:GS-A1-04-088,canonical_report_url,REC-00317
DE-07527,GS:GS-A3-03-073,GS:GS-A1-04-094,canonical_report_url,REC-00323
DE-07528,GS:GS-A3-03-075,GS:GS-A1-04-090,canonical_report_url,REC-00319
DE-07529,GS:GS-A3-03-077,GS:GS-A1-04-081,canonical_report_url,REC-00310
DE-07530,GS:GS-B1-01-001,GS:GS-A2S-03-040,canonical_report_url,REC-00642
DE-07531,GS:GS-B1-01-002,GS:GS-A1-01-048,canonical_report_url,REC-00046
DE-07532,GS:GS-B1-01-003,GS:GS-A1-01-087,canonical_report_url,REC-00083
DE-07533,GS:GS-B1-01-004,GS:GS-A1-01-094,canonical_report_url,REC-00089
DE-07534,GS:GS-B1-01-008,GS:GS-A1-01-010,canonical_report_url,REC-00010
DE-07535,GS:GS-B1-01-015,GS:GS-A1-01-060,canonical_report_url,REC-00058
DE-07536,GS:GS-B1-01-016,GS:GS-A3-01-051,canonical_report_url,REC-00894
DE-07537,GS:GS-B1-01-019,GS:GS-A1-04-035,canonical_report_url,REC-00267
DE-07538,GS:GS-B1-01-024,GS:GS-A1-04-012,canonical_report_url,REC-00249
DE-07539,GS:GS-B1-01-028,GS:GS-A1-01-078,canonical_report_url,REC-00075
DE-07540,GS:GS-B1-01-032,GS:GS-A1-01-033,canonical_report_url,REC-00032
DE-07541,GS:GS-B1-01-036,GS:GS-A1-01-038,canonical_report_url,REC-00037
DE-07542,GS:GS-B1-01-039,GS:GS-A1-03-040,canonical_report_url,REC-00193
DE-07543,GS:GS-B1-01-040,GS:GS-A2W-02-029,canonical_report_url,REC-00761
DE-07544,GS:GS-B1-01-041,GS:GS-A1-01-001,canonical_report_url,REC-00001
DE-07545,GS:GS-B1-01-061,GS:GS-A1-03-068,canonical_report_url,REC-00215
DE-07546,GS:GS-B1-01-065,GS:GS-A2W-03-084,canonical_report_url,REC-00878
DE-07547,GS:GS-B1-01-072,GS:GS-A1-01-004,canonical_report_url,REC-00004
DE-07548,GS:GS-B1-01-074,GS:GS-A1-04-025,canonical_report_url,REC-00259
DE-07549,GS:GS-B1-01-094,GS:GS-A1-05-066,canonical_report_url,REC-00391
DE-07550,GS:GS-B1-02-008,GS:GS-A1-05-021,canonical_report_url,REC-00348
DE-07551,GS:GS-B1-02-047,GS:GS-A1-05-042,canonical_report_url,REC-00367
DE-07552,GS:GS-B1-02-075,GS:GS-A2W-02-066,canonical_report_url,REC-00788
DE-07553,GS:GS-B1-03-016,GS:GS-A1-04-061,canonical_report_url,REC-00290
DE-07554,GS:GS-B2-01-001,GS:GS-A1-01-087,canonical_report_url,REC-00083
DE-07555,GS:GS-B2-01-012,GS:GS-B1-01-017,canonical_report_url,REC-00961
DE-07556,GS:GS-B2-01-026,GS:GS-B1-02-042,canonical_report_url,REC-01047
DE-07557,GS:GS-B2-01-027,GS:GS-A1-05-042,canonical_report_url,REC-00367
DE-07558,GS:GS-B2-01-043,GS:GS-B1-02-049,canonical_report_url,REC-01053
DE-07559,GS:GS-B2-01-047,GS:GS-B1-01-014,canonical_report_url,REC-00960
DE-07560,GS:GS-B2-01-049,GS:GS-A1-02-032,canonical_report_url,REC-00110
DE-07561,GS:GS-B2-01-050,GS:GS-B1-01-047,canonical_report_url,REC-00972
DE-07562,GS:GS-B2-01-076,GS:GS-A1-01-060,canonical_report_url,REC-00058
DE-07563,GS:GS-B2-01-093,GS:GS-A1-01-078,canonical_report_url,REC-00075
DE-07564,GS:GS-B2-02-006,GS:GS-A3-02-040,canonical_report_url,REC-00914
DE-07565,GS:GS-B2-02-007,GS:GS-A1-03-040,canonical_report_url,REC-00193
DE-07566,GS:GS-B2-02-008,GS:GS-A2W-02-029,canonical_report_url,REC-00761
DE-07567,GS:GS-B2-02-009,GS:GS-A3-03-016,canonical_report_url,REC-00939
DE-07568,GS:GS-B2-02-012,GS:GS-B2-01-064,canonical_report_url,REC-01157
DE-07569,GS:GS-B2-02-014,GS:GS-A1-01-087,canonical_report_url,REC-00083
DE-07570,GS:GS-B2-02-019,GS:GS-A1-01-010,canonical_report_url,REC-00010
DE-07571,GS:GS-B2-02-022,GS:GS-A1-04-048,canonical_report_url,REC-00279
DE-07572,GS:GS-B2-02-025,GS:GS-A1-02-032,canonical_report_url,REC-00110
DE-07573,GS:GS-B2-02-028,GS:GS-A1-01-033,canonical_report_url,REC-00032
DE-07574,GS:GS-B2-02-029,GS:GS-A1-03-077,canonical_report_url,REC-00222
DE-07575,GS:GS-B2-02-032,GS:GS-A1-03-068,canonical_report_url,REC-00215
DE-07576,GS:GS-B2-02-034,GS:GS-A3-02-073,canonical_report_url,REC-00928
DE-07577,GS:GS-B2-02-035,GS:GS-A1-01-060,canonical_report_url,REC-00058
DE-07578,GS:GS-B2-02-038,GS:GS-A1-01-094,canonical_report_url,REC-00089
DE-07579,GS:GS-B2-02-043,GS:GS-A1-04-100,canonical_report_url,REC-00329
DE-07580,GS:GS-B2-02-046,GS:GS-A3-02-005,canonical_report_url,REC-00903
DE-07581,GS:GS-B2-02-049,GS:GS-B1-01-047,canonical_report_url,REC-00972
DE-07582,GS:GS-B2-02-050,GS:GS-B1-01-097,canonical_report_url,REC-01005
DE-07583,GS:GS-B2-02-052,GS:GS-B1-01-033,canonical_report_url,REC-00966
DE-07584,GS:GS-B2-02-056,GS:GS-A1-04-012,canonical_report_url,REC-00249
DE-07585,GS:GS-B2-02-061,GS:GS-A1-03-075,canonical_report_url,REC-00220
DE-07586,GS:GS-B2-02-063,GS:GS-A1-04-025,canonical_report_url,REC-00259
DE-07587,GS:GS-B2-02-064,GS:GS-A1-04-024,canonical_report_url,REC-00258
DE-07588,GS:GS-B2-02-069,GS:GS-A1-03-012,canonical_report_url,REC-00171
DE-07589,GS:GS-B2-02-070,GS:GS-A1-03-038,canonical_report_url,REC-00191
DE-07590,GS:GS-B2-02-074,GS:GS-A2W-02-066,canonical_report_url,REC-00788
DE-07591,GS:GS-B2-02-079,GS:GS-A1-02-070,canonical_report_url,REC-00140
DE-07592,GS:GS-B2-02-088,GS:GS-A1-03-030,canonical_report_url,REC-00184
DE-07593,GS:GS-B2-02-098,GS:GS-A1-03-090,canonical_report_url,REC-00233
DE-07594,GS:GS-B2-03-001,GS:GS-A1-01-087,canonical_report_url,REC-00083
DE-07595,GS:GS-B2-03-006,GS:GS-A1-01-033,canonical_report_url,REC-00032
DE-07596,GS:GS-B2-03-008,GS:GS-A1-01-060,canonical_report_url,REC-00058
DE-07597,GS:GS-B2-03-009,GS:GS-A1-01-078,canonical_report_url,REC-00075
DE-07598,GS:GS-B2-03-010,GS:GS-B1-01-047,canonical_report_url,REC-00972
DE-07599,GS:GS-B2-03-011,GS:GS-A1-04-012,canonical_report_url,REC-00249
DE-07600,GS:GS-B2-03-012,GS:GS-B1-01-033,canonical_report_url,REC-00966
DE-07601,GS:GS-B2-03-015,GS:GS-A1-01-094,canonical_report_url,REC-00089
DE-07602,GS:GS-B2-03-018,GS:GS-A1-01-010,canonical_report_url,REC-00010
DE-07603,GS:GS-B2-03-021,GS:GS-B1-01-017,canonical_report_url,REC-00961
DE-07604,GS:GS-B2-03-022,GS:GS-A1-01-048,canonical_report_url,REC-00046
DE-07605,GS:GS-B2-03-023,GS:GS-A3-01-051,canonical_report_url,REC-00894
DE-07606,GS:GS-B2-03-024,GS:GS-A1-01-001,canonical_report_url,REC-00001
DE-07607,GS:GS-B2-03-025,GS:GS-A1-01-038,canonical_report_url,REC-00037
DE-07608,GS:GS-B2-03-026,GS:GS-A2W-02-029,canonical_report_url,REC-00761
DE-07609,GS:GS-B2-03-027,GS:GS-A1-04-035,canonical_report_url,REC-00267
DE-07610,GS:GS-B2-03-029,GS:GS-A1-04-025,canonical_report_url,REC-00259
DE-07611,GS:GS-B2-03-031,GS:GS-A2S-03-040,canonical_report_url,REC-00642
DE-07612,GS:GS-B2-03-032,GS:GS-A1-03-040,canonical_report_url,REC-00193
DE-07613,GS:GS-B2-03-033,GS:GS-B2-02-002,canonical_report_url,REC-01188
DE-07614,GS:GS-B2-03-036,GS:GS-B1-01-099,canonical_report_url,REC-01006
DE-07615,GS:GS-B2-03-038,GS:GS-B1-01-097,canonical_report_url,REC-01005
DE-07616,GS:GS-B2-03-045,GS:GS-B1-01-053,canonical_report_url,REC-00976
DE-07617,GS:GS-B2-03-048,GS:GS-B1-01-045,canonical_report_url,REC-00970
DE-07618,GS:GS-B2-03-052,GS:GS-B1-01-014,canonical_report_url,REC-00960
DE-07619,GS:GS-B2-03-053,GS:GS-A1-01-081,canonical_report_url,REC-00078
DE-07620,GS:GS-B2-03-058,GS:GS-A1-03-068,canonical_report_url,REC-00215
DE-07621,GS:GS-B2-03-059,GS:GS-A1-03-075,canonical_report_url,REC-00220
DE-07622,GS:GS-B2-03-062,GS:GS-B1-01-057,canonical_report_url,REC-00980
DE-07623,GS:GS-B2-03-063,GS:GS-A1-01-055,canonical_report_url,REC-00053
DE-07624,GS:GS-B2-03-065,GS:GS-B1-01-055,canonical_report_url,REC-00978
DE-07625,GS:GS-B2-03-075,GS:GS-A1-01-044,canonical_report_url,REC-00043
DE-07626,GS:GS-B2-03-080,GS:GS-A1-02-096,canonical_report_url,REC-00159
DE-07627,GS:GS-B2-03-084,GS:GS-A1-05-066,canonical_report_url,REC-00391
DE-07628,GS:GS-B2-03-085,GS:GS-B1-01-085,canonical_report_url,REC-00994
DE-07629,GS:GS-B2-03-089,GS:GS-B1-01-018,canonical_report_url,REC-00962
DE-07630,GS:GS-B2-03-090,GS:GS-A2W-03-084,canonical_report_url,REC-00878
DE-07631,GS:GS-B2-03-093,GS:GS-B1-01-062,canonical_report_url,REC-00982
DE-07632,GS:GS-B2-03-100,GS:GS-A1-01-080,canonical_report_url,REC-00077
DE-07633,GS:GS-B3-02-003,GS:GS-B1-02-043,canonical_report_url,REC-01048
DE-07634,GS:GS-B3-02-015,GS:GS-B1-02-056,canonical_report_url,REC-01060
DE-07635,GS:GS-B3-02-020,GS:GS-B1-02-088,canonical_report_url,REC-01087
DE-07636,GS:GS-B3-02-023,GS:GS-B1-02-077,canonical_report_url,REC-01078
DE-07637,GS:GS-B3-02-072,GS:GS-A1-04-098,canonical_report_url,REC-00327
DE-07638,GS:GS-B3-02-083,GS:GS-A2W-02-044,canonical_report_url,REC-00772
DE-07639,GS:GS-B3-03-002,GS:GS-B1-02-091,canonical_report_url,REC-01090
DE-07640,GS:GS-B3-03-005,GS:GS-B1-02-078,canonical_report_url,REC-01079
DE-07641,GS:GS-B3-03-010,GS:GS-B1-02-061,canonical_report_url,REC-01064
DE-07642,GS:GS-B3-03-011,GS:GS-B1-02-092,canonical_report_url,REC-01091
DE-07643,GS:GS-B3-03-018,GS:GS-B1-02-088,canonical_report_url,REC-01087
DE-07644,GS:GS-B3-03-019,GS:GS-B1-02-056,canonical_report_url,REC-01060
DE-07645,GS:GS-B3-03-020,GS:GS-B1-02-044,canonical_report_url,REC-01049
DE-07646,GS:GS-B3-03-026,GS:GS-B3-02-012,canonical_report_url,REC-01243
DE-07647,GS:GS-B3-03-030,GS:GS-B1-02-043,canonical_report_url,REC-01048
DE-07648,GS:GS-B3-03-033,GS:GS-B1-02-046,canonical_report_url,REC-01051
DE-07649,GS:GS-B3-03-035,GS:GS-B3-02-036,canonical_report_url,REC-01260
DE-07650,GS:GS-B3-03-036,GS:GS-B1-02-051,canonical_report_url,REC-01055
DE-07651,GS:GS-B3-03-048,GS:GS-B1-02-072,canonical_report_url,REC-01074
DE-07652,GS:GS-B3-03-066,GS:GS-B3-02-031,canonical_report_url,REC-01256
DE-07653,GS:GS-B3-03-071,GS:GS-B1-02-007,canonical_report_url,REC-01013
DE-07654,GS:GS-B3-03-072,GS:GS-A1-05-042,canonical_report_url,REC-00367
DE-07655,GS:GS-B3-03-075,GS:GS-B3-02-052,canonical_report_url,REC-01272
DE-07656,GS:GS-B3-03-078,GS:GS-B3-02-042,canonical_report_url,REC-01265
DE-07657,GS:GS-B3-03-085,GS:GS-B3-02-018,canonical_report_url,REC-01246
DE-07658,GS:GS-B3-03-086,GS:GS-B1-02-006,canonical_report_url,REC-01012
DE-07659,GS:GS-B3-03-087,GS:GS-B3-02-050,canonical_report_url,REC-01270
DE-07660,GS:GS-B3-03-090,GS:GS-B3-02-001,canonical_report_url,REC-01237
DE-07661,GS:GS-B3-03-091,GS:GS-B3-02-073,canonical_report_url,REC-01292
DE-07662,GS:GS-B3-03-095,GS:GS-A1-03-040,canonical_report_url,REC-00193
DE-07663,GS:GS-B4-01-005,GS:GS-B3-02-076,canonical_report_url,REC-01295
DE-07664,GS:GS-B4-01-009,GS:GS-B3-02-073,canonical_report_url,REC-01292
DE-07665,GS:GS-B4-01-027,GS:GS-B3-02-088,canonical_report_url,REC-01305
DE-07666,GS:GS-B4-01-029,GS:GS-B3-02-036,canonical_report_url,REC-01260
DE-07667,GS:GS-B4-01-038,GS:GS-B3-02-077,canonical_report_url,REC-01296
DE-07668,GS:GS-B4-01-040,GS:GS-B3-02-043,canonical_report_url,REC-01266
DE-07669,GS:GS-B4-01-061,GS:GS-B3-02-021,canonical_report_url,REC-01248
DE-07670,GS:GS-B4-01-075,GS:GS-B1-02-046,canonical_report_url,REC-01051
DE-07671,GS:GS-B4-01-079,GS:GS-B3-02-046,canonical_report_url,REC-01268
DE-07672,GS:GS-B4-02-001,GS:GS-B4-01-001,canonical_report_url,REC-01364
DE-07673,GS:GS-B4-02-002,GS:GS-B3-02-076,canonical_report_url,REC-01295
DE-07674,GS:GS-B4-02-003,GS:GS-B4-01-089,canonical_report_url,REC-01439
DE-07675,GS:GS-B4-02-004,GS:GS-B4-01-003,canonical_report_url,REC-01366
DE-07676,GS:GS-B4-02-005,GS:GS-B3-02-036,canonical_report_url,REC-01260
DE-07677,GS:GS-B4-02-007,GS:GS-B4-01-006,canonical_report_url,REC-01368
DE-07678,GS:GS-B4-02-009,GS:GS-B3-02-073,canonical_report_url,REC-01292
DE-07679,GS:GS-B4-02-010,GS:GS-B4-01-014,canonical_report_url,REC-01373
DE-07680,GS:GS-B4-02-012,GS:GS-B3-02-077,canonical_report_url,REC-01296
DE-07681,GS:GS-B4-02-014,GS:GS-B3-02-088,canonical_report_url,REC-01305
DE-07682,GS:GS-B4-02-015,GS:GS-B4-01-002,canonical_report_url,REC-01365
DE-07683,GS:GS-B4-02-017,GS:GS-B4-01-016,canonical_report_url,REC-01375
DE-07684,GS:GS-B4-02-018,GS:GS-B4-01-021,canonical_report_url,REC-01380
DE-07685,GS:GS-B4-02-019,GS:GS-B4-01-004,canonical_report_url,REC-01367
DE-07686,GS:GS-B4-02-020,GS:GS-B4-01-019,canonical_report_url,REC-01378
DE-07687,GS:GS-B4-02-021,GS:GS-B4-01-017,canonical_report_url,REC-01376
DE-07688,GS:GS-B4-02-022,GS:GS-B4-01-015,canonical_report_url,REC-01374
DE-07689,GS:GS-B4-02-025,GS:GS-B4-01-018,canonical_report_url,REC-01377
DE-07690,GS:GS-B4-02-027,GS:GS-B1-02-046,canonical_report_url,REC-01051
DE-07691,GS:GS-B4-02-028,GS:GS-B4-01-042,canonical_report_url,REC-01396
DE-07692,GS:GS-B4-02-031,GS:GS-B4-01-023,canonical_report_url,REC-01382
DE-07693,GS:GS-B4-02-034,GS:GS-B4-01-060,canonical_report_url,REC-01413
DE-07694,GS:GS-B4-02-036,GS:GS-B4-01-037,canonical_report_url,REC-01393
DE-07695,GS:GS-B4-02-038,GS:GS-B3-02-021,canonical_report_url,REC-01248
DE-07696,GS:GS-B4-02-039,GS:GS-B4-01-066,canonical_report_url,REC-01418
DE-07697,GS:GS-B4-02-040,GS:GS-B4-01-059,canonical_report_url,REC-01412
DE-07698,GS:GS-B4-02-041,GS:GS-B4-01-025,canonical_report_url,REC-01384
DE-07699,GS:GS-B4-02-042,GS:GS-B4-01-062,canonical_report_url,REC-01414
DE-07700,GS:GS-B4-02-043,GS:GS-B3-02-046,canonical_report_url,REC-01268
DE-07701,GS:GS-B4-02-044,GS:GS-B4-01-053,canonical_report_url,REC-01406
DE-07702,GS:GS-B4-02-046,GS:GS-B4-01-039,canonical_report_url,REC-01394
DE-07703,GS:GS-B4-02-048,GS:GS-B4-01-045,canonical_report_url,REC-01399
DE-07704,GS:GS-B4-02-049,GS:GS-B4-01-048,canonical_report_url,REC-01402
DE-07705,GS:GS-B4-02-050,GS:GS-B3-02-043,canonical_report_url,REC-01266
DE-07706,GS:GS-B4-02-051,GS:GS-B4-01-047,canonical_report_url,REC-01401
DE-07707,GS:GS-B4-02-052,GS:GS-B4-01-020,canonical_report_url,REC-01379
DE-07708,GS:GS-B4-02-053,GS:GS-B4-01-046,canonical_report_url,REC-01400
DE-07709,GS:GS-B4-02-055,GS:GS-B4-01-034,canonical_report_url,REC-01390
DE-07710,GS:GS-B4-02-057,GS:GS-B4-01-100,canonical_report_url,REC-01450
DE-07711,GS:GS-B4-02-058,GS:GS-B4-01-043,canonical_report_url,REC-01397
DE-07712,GS:GS-B4-02-059,GS:GS-B4-01-035,canonical_report_url,REC-01391
DE-07713,GS:GS-B4-02-062,GS:GS-B4-01-096,canonical_report_url,REC-01446
DE-07714,GS:GS-B4-02-064,GS:GS-B4-01-065,canonical_report_url,REC-01417
DE-07715,GS:GS-B4-02-065,GS:GS-B4-01-068,canonical_report_url,REC-01420
DE-07716,GS:GS-B4-02-067,GS:GS-B4-01-077,canonical_report_url,REC-01428
DE-07717,GS:GS-B4-02-068,GS:GS-B4-01-064,canonical_report_url,REC-01416
DE-07718,GS:GS-B4-02-069,GS:GS-B4-01-069,canonical_report_url,REC-01421
DE-07719,GS:GS-B4-02-071,GS:GS-B4-01-088,canonical_report_url,REC-01438
DE-07720,GS:GS-B4-02-072,GS:GS-B4-01-054,canonical_report_url,REC-01407
DE-07721,GS:GS-B4-02-074,GS:GS-B4-01-097,canonical_report_url,REC-01447
DE-07722,GS:GS-B4-02-075,GS:GS-B4-01-076,canonical_report_url,REC-01427
DE-07723,GS:GS-B4-02-079,GS:GS-B4-01-055,canonical_report_url,REC-01408
DE-07724,GS:GS-B4-02-081,GS:GS-B4-01-074,canonical_report_url,REC-01426
DE-07725,GS:GS-B4-02-084,GS:GS-B4-01-050,canonical_report_url,REC-01403
DE-07726,GS:GS-B4-02-089,GS:GS-B4-01-091,canonical_report_url,REC-01441
DE-07727,GS:GS-B4-03-006,GS:GS-B4-01-016,canonical_report_url,REC-01375
DE-07728,GS:GS-B4-03-012,GS:GS-B4-01-001,canonical_report_url,REC-01364
DE-07729,GS:GS-B4-03-017,GS:GS-B4-01-002,canonical_report_url,REC-01365
DE-07730,GS:GS-B4-03-028,GS:GS-B4-01-006,canonical_report_url,REC-01368
DE-07731,GS:GS-B4-03-037,GS:GS-B3-03-045,canonical_report_url,REC-01333
DE-07732,GS:GS-B4-03-038,GS:GS-B4-01-046,canonical_report_url,REC-01400
DE-07733,GS:GS-B4-03-040,GS:GS-B3-02-076,canonical_report_url,REC-01295
DE-07734,GS:GS-B4-03-051,GS:GS-B4-01-088,canonical_report_url,REC-01438
DE-07735,GS:GS-B4-03-052,GS:GS-B4-02-100,canonical_report_url,REC-01462
DE-07736,GS:GS-B4-03-054,GS:GS-B3-02-095,canonical_report_url,REC-01311
DE-07737,GS:GS-B4-03-066,GS:GS-B4-01-019,canonical_report_url,REC-01378
DE-07738,GS:GS-B4-03-070,GS:GS-B3-02-001,canonical_report_url,REC-01237
DE-07739,GS:GS-B4-03-078,GS:GS-B3-02-036,canonical_report_url,REC-01260
DE-07740,GS:GS-B4-03-081,GS:GS-B3-02-041,canonical_report_url,REC-01264
DE-07741,GS:GS-B4-03-082,GS:GS-B4-01-045,canonical_report_url,REC-01399
DE-07742,GS:GS-B4-03-083,GS:GS-B4-01-068,canonical_report_url,REC-01420
DE-07743,GS:GS-B4-03-086,GS:GS-B4-01-047,canonical_report_url,REC-01401
DE-07744,GS:GS-B4-03-092,GS:GS-B4-01-059,canonical_report_url,REC-01412
DE-07745,GS:GS-B4-04-001,GS:GS-B4-01-002,canonical_report_url,REC-01365
DE-07746,GS:GS-B4-04-002,GS:GS-B4-01-003,canonical_report_url,REC-01366
DE-07747,GS:GS-B4-04-003,GS:GS-B3-02-001,canonical_report_url,REC-01237
DE-07748,GS:GS-B4-04-004,GS:GS-B3-02-076,canonical_report_url,REC-01295
DE-07749,GS:GS-B4-04-007,GS:GS-B3-02-073,canonical_report_url,REC-01292
DE-07750,GS:GS-B4-04-008,GS:GS-B3-02-009,canonical_report_url,REC-01241
DE-07751,GS:GS-B4-04-009,GS:GS-B3-02-008,canonical_report_url,REC-01240
DE-07752,GS:GS-B4-04-011,GS:GS-B4-03-031,canonical_report_url,REC-01483
DE-07753,GS:GS-B4-04-012,GS:GS-B3-02-012,canonical_report_url,REC-01243
DE-07754,GS:GS-B4-04-013,GS:GS-B4-01-046,canonical_report_url,REC-01400
DE-07755,GS:GS-B4-04-015,GS:GS-B3-02-021,canonical_report_url,REC-01248
DE-07756,GS:GS-B4-04-019,GS:GS-B4-03-019,canonical_report_url,REC-01474
DE-07757,GS:GS-B4-04-024,GS:GS-B3-02-095,canonical_report_url,REC-01311
DE-07758,GS:GS-B4-04-028,GS:GS-B4-03-008,canonical_report_url,REC-01466
DE-07759,GS:GS-B4-04-029,GS:GS-B4-01-001,canonical_report_url,REC-01364
DE-07760,GS:GS-B4-04-035,GS:GS-B3-02-077,canonical_report_url,REC-01296
DE-07761,GS:GS-B4-04-037,GS:GS-B4-03-004,canonical_report_url,REC-01464
DE-07762,GS:GS-B4-04-040,GS:GS-B4-03-079,canonical_report_url,REC-01512
DE-07763,GS:GS-B4-04-047,GS:GS-A1-01-055,canonical_report_url,REC-00053
DE-07764,GS:GS-B4-04-048,GS:GS-B4-02-100,canonical_report_url,REC-01462
DE-07765,GS:GS-B4-04-051,GS:GS-B3-03-028,canonical_report_url,REC-01325
DE-07766,GS:GS-B4-04-053,GS:GS-B4-03-009,canonical_report_url,REC-01467
DE-07767,GS:GS-B4-04-057,GS:GS-B4-03-015,canonical_report_url,REC-01471
DE-07768,GS:GS-B4-04-058,GS:GS-B4-01-066,canonical_report_url,REC-01418
DE-07769,GS:GS-B4-04-059,GS:GS-B4-03-027,canonical_report_url,REC-01481
DE-07770,GS:GS-B4-04-061,GS:GS-B4-02-085,canonical_report_url,REC-01454
DE-07771,GS:GS-B4-04-063,GS:GS-B4-01-018,canonical_report_url,REC-01377
DE-07772,GS:GS-B4-04-064,GS:GS-B3-03-045,canonical_report_url,REC-01333
DE-07773,GS:GS-B4-04-067,GS:GS-B3-02-088,canonical_report_url,REC-01305
DE-07774,GS:GS-B4-04-068,GS:GS-B4-03-034,canonical_report_url,REC-01486
DE-07775,GS:GS-B4-04-070,GS:GS-B4-03-100,canonical_report_url,REC-01526
DE-07776,GS:GS-B4-04-073,GS:GS-B4-01-062,canonical_report_url,REC-01414
DE-07777,GS:GS-B4-04-078,GS:GS-B4-03-043,canonical_report_url,REC-01491
DE-07778,GS:GS-B4-04-079,GS:GS-B3-02-041,canonical_report_url,REC-01264
DE-07779,GS:GS-B4-04-082,GS:GS-B4-01-019,canonical_report_url,REC-01378
DE-07780,GS:GS-B4-04-085,GS:GS-B1-02-043,canonical_report_url,REC-01048
DE-07781,GS:GS-B4-04-088,GS:GS-B4-01-045,canonical_report_url,REC-01399
DE-07782,GS:GS-B4-04-091,GS:GS-B4-03-033,canonical_report_url,REC-01485
DE-07783,GS:GS-B4-04-095,GS:GS-B3-02-066,canonical_report_url,REC-01286
DE-07784,GS:GS-B4-04-098,GS:GS-B4-01-017,canonical_report_url,REC-01376
DE-07785,GS:GS-B4-04-099,GS:GS-B4-03-068,canonical_report_url,REC-01506
DE-07786,GS:GS-C1-01-033,GS:GS-B1-02-091,canonical_report_url,REC-01090
DE-07787,GS:GS-C1-01-049,GS:GS-A1-04-100,canonical_report_url,REC-00329
DE-07788,GS:GS-C1-01-068,GS:GS-B4-01-017,canonical_report_url,REC-01376
DE-07789,GS:GS-C1-01-097,GS:GS-B2-01-073,canonical_report_url,REC-01162
DE-07790,GS:GS-C1-02-001,GS:GS-B1-02-091,canonical_report_url,REC-01090
DE-07791,GS:GS-C1-02-002,GS:GS-B3-03-001,canonical_report_url,REC-01316
DE-07792,GS:GS-C1-02-008,GS:GS-C1-01-023,canonical_report_url,REC-01574
DE-07793,GS:GS-C1-02-013,GS:GS-C1-01-039,canonical_report_url,REC-01586
DE-07794,GS:GS-C1-02-021,GS:GS-C1-01-064,canonical_report_url,REC-01608
DE-07795,GS:GS-C1-02-022,GS:GS-C1-01-060,canonical_report_url,REC-01604
DE-07796,GS:GS-C1-02-024,GS:GS-C1-01-051,canonical_report_url,REC-01595
DE-07797,GS:GS-C1-02-027,GS:GS-C1-01-042,canonical_report_url,REC-01589
DE-07798,GS:GS-C1-02-032,GS:GS-C1-01-036,canonical_report_url,REC-01584
DE-07799,GS:GS-C1-02-038,GS:GS-C1-01-025,canonical_report_url,REC-01576
DE-07800,GS:GS-C1-02-045,GS:GS-B1-02-056,canonical_report_url,REC-01060
DE-07801,GS:GS-C1-02-046,GS:GS-B3-03-014,canonical_report_url,REC-01320
DE-07802,GS:GS-C1-02-048,GS:GS-B1-02-094,canonical_report_url,REC-01093
DE-07803,GS:GS-C1-02-049,GS:GS-B1-02-061,canonical_report_url,REC-01064
DE-07804,GS:GS-C1-02-060,GS:GS-B1-02-077,canonical_report_url,REC-01078
DE-07805,GS:GS-C1-02-064,GS:GS-B3-03-040,canonical_report_url,REC-01330
DE-07806,GS:GS-C1-02-069,GS:GS-B1-03-005,canonical_report_url,REC-01101
DE-07807,GS:GS-C1-02-071,GS:GS-B2-01-079,canonical_report_url,REC-01167
DE-07808,GS:GS-C1-02-073,GS:GS-B2-01-073,canonical_report_url,REC-01162
DE-07809,GS:GS-C1-02-077,GS:GS-C1-01-044,canonical_report_url,REC-01591
DE-07810,GS:GS-C1-02-081,GS:GS-C1-01-048,canonical_report_url,REC-01593
DE-07811,GS:GS-C1-02-082,GS:GS-B1-02-088,canonical_report_url,REC-01087
DE-07812,GS:GS-C1-02-091,GS:GS-B3-02-032,canonical_report_url,REC-01257
DE-07813,GS:GS-C1-02-092,GS:GS-C1-01-065,canonical_report_url,REC-01609
DE-07814,GS:GS-C1-02-093,GS:GS-B3-03-073,canonical_report_url,REC-01349
DE-07815,GS:GS-C1-02-099,GS:GS-C1-01-028,canonical_report_url,REC-01579
DE-07816,GS:GS-C1-02-100,GS:GS-C1-01-057,canonical_report_url,REC-01601
DE-07817,GS:GS-C1-03-015,GS:GS-B2-01-073,canonical_report_url,REC-01162
DE-07818,GS:GS-C1-03-037,GS:GS-C1-01-053,canonical_report_url,REC-01597
DE-07819,GS:GS-C1-03-053,GS:GS-C1-01-023,canonical_report_url,REC-01574
DE-07820,GS:GS-C1-03-060,GS:GS-C1-01-020,canonical_report_url,REC-01571
DE-07821,GS:GS-C1-03-072,GS:GS-C1-01-063,canonical_report_url,REC-01607
DE-07822,GS:GS-C1-03-073,GS:GS-C1-01-056,canonical_report_url,REC-01600
DE-07823,GS:GS-C1-03-088,GS:GS-B4-01-017,canonical_report_url,REC-01376
DE-07824,GS:GS-C2-01-009,GS:GS-B1-02-020,canonical_report_url,REC-01025
DE-07825,GS:GS-C2-01-011,GS:GS-B3-03-044,canonical_report_url,REC-01332
DE-07826,GS:GS-C2-01-022,GS:GS-B1-02-025,canonical_report_url,REC-01030
DE-07827,GS:GS-C2-01-051,GS:GS-B1-02-056,canonical_report_url,REC-01060
DE-07828,GS:GS-C2-01-053,GS:GS-B3-03-014,canonical_report_url,REC-01320
DE-07829,GS:GS-C2-01-055,GS:GS-B1-02-094,canonical_report_url,REC-01093
DE-07830,GS:GS-C2-01-057,GS:GS-B1-02-060,canonical_report_url,REC-01063
DE-07831,GS:GS-C2-01-059,GS:GS-C1-02-089,canonical_report_url,REC-01659
DE-07832,GS:GS-C2-01-064,GS:GS-A2W-01-069,canonical_report_url,REC-00728
DE-07833,GS:GS-C2-01-075,GS:GS-B1-02-077,canonical_report_url,REC-01078
DE-07834,GS:GS-C2-01-091,GS:GS-C1-03-071,canonical_report_url,REC-01699
DE-07835,GS:GS-C2-02-009,GS:GS-B4-02-098,canonical_report_url,REC-01461
DE-07836,GS:GS-C2-02-015,GS:GS-B3-02-046,canonical_report_url,REC-01268
DE-07837,GS:GS-C2-02-031,GS:GS-B3-02-056,canonical_report_url,REC-01276
DE-07838,GS:GS-C2-02-034,GS:GS-B4-01-068,canonical_report_url,REC-01420
DE-07839,GS:GS-C2-02-035,GS:GS-C1-03-038,canonical_report_url,REC-01685
DE-07840,GS:GS-C2-02-036,GS:GS-C2-01-010,canonical_report_url,REC-01729
DE-07841,GS:GS-C2-02-039,GS:GS-C1-03-099,canonical_report_url,REC-01719
DE-07842,GS:GS-C2-02-040,GS:GS-A1-04-064,canonical_report_url,REC-00293
DE-07843,GS:GS-C2-02-048,GS:GS-A1-04-013,canonical_report_url,REC-00250
DE-07844,GS:GS-C2-02-049,GS:GS-C1-01-085,canonical_report_url,REC-01624
DE-07845,GS:GS-C2-02-061,GS:GS-B4-03-021,canonical_report_url,REC-01476
DE-07846,GS:GS-C2-02-063,GS:GS-B4-01-069,canonical_report_url,REC-01421
DE-07847,GS:GS-C2-02-066,GS:GS-A1-04-061,canonical_report_url,REC-00290
DE-07848,GS:GS-C2-02-080,GS:GS-C1-01-099,canonical_report_url,REC-01633
DE-07849,GS:GS-C2-03-002,GS:GS-C2-01-007,canonical_report_url,REC-01727
DE-07850,GS:GS-C2-03-003,GS:GS-C2-01-028,canonical_report_url,REC-01744
DE-07851,GS:GS-C2-03-005,GS:GS-B1-02-078,canonical_report_url,REC-01079
DE-07852,GS:GS-C2-03-006,GS:GS-C2-01-016,canonical_report_url,REC-01734
DE-07853,GS:GS-C2-03-007,GS:GS-C2-01-049,canonical_report_url,REC-01763
DE-07854,GS:GS-C2-03-010,GS:GS-B3-03-044,canonical_report_url,REC-01332
DE-07855,GS:GS-C2-03-013,GS:GS-B1-02-061,canonical_report_url,REC-01064
DE-07856,GS:GS-C2-03-015,GS:GS-B3-03-014,canonical_report_url,REC-01320
DE-07857,GS:GS-C2-03-016,GS:GS-B1-02-077,canonical_report_url,REC-01078
DE-07858,GS:GS-C2-03-021,GS:GS-B3-02-046,canonical_report_url,REC-01268
DE-07859,GS:GS-C2-03-022,GS:GS-C2-02-020,canonical_report_url,REC-01811
DE-07860,GS:GS-C2-03-024,GS:GS-B1-02-020,canonical_report_url,REC-01025
DE-07861,GS:GS-C2-03-026,GS:GS-B1-02-094,canonical_report_url,REC-01093
DE-07862,GS:GS-C2-03-027,GS:GS-C2-01-013,canonical_report_url,REC-01731
DE-07863,GS:GS-C2-03-029,GS:GS-A2W-01-069,canonical_report_url,REC-00728
DE-07864,GS:GS-C2-03-031,GS:GS-C2-01-005,canonical_report_url,REC-01725
DE-07865,GS:GS-C2-03-033,GS:GS-C2-01-072,canonical_report_url,REC-01778
DE-07866,GS:GS-C2-03-034,GS:GS-B1-02-060,canonical_report_url,REC-01063
DE-07867,GS:GS-C2-03-036,GS:GS-B3-03-001,canonical_report_url,REC-01316
DE-07868,GS:GS-C2-03-037,GS:GS-B3-03-043,canonical_report_url,REC-01331
DE-07869,GS:GS-C2-03-038,GS:GS-C2-02-016,canonical_report_url,REC-01807
DE-07870,GS:GS-C2-03-041,GS:GS-B3-02-056,canonical_report_url,REC-01276
DE-07871,GS:GS-C2-03-047,GS:GS-C2-02-069,canonical_report_url,REC-01844
DE-07872,GS:GS-C2-03-057,GS:GS-C2-01-037,canonical_report_url,REC-01753
DE-07873,GS:GS-C2-03-068,GS:GS-B3-03-053,canonical_report_url,REC-01339
DE-07874,GS:GS-C2-03-072,GS:GS-A1-04-100,canonical_report_url,REC-00329
DE-07875,GS:GS-C2-03-076,GS:GS-C2-01-071,canonical_report_url,REC-01777
DE-07876,GS:GS-C2-03-078,GS:GS-C1-02-080,canonical_report_url,REC-01653
DE-07877,GS:GS-C2-03-083,GS:GS-C1-01-012,canonical_report_url,REC-01564
DE-07878,GS:GS-C2-03-085,GS:GS-A1-04-064,canonical_report_url,REC-00293
DE-07879,GS:GS-C2-03-086,GS:GS-C2-01-001,canonical_report_url,REC-01721
DE-07880,GS:GS-C2-03-088,GS:GS-C2-01-030,canonical_report_url,REC-01746
DE-07881,GS:GS-C2-03-092,GS:GS-A1-01-010,canonical_report_url,REC-00010
DE-07882,GS:GS-C2-03-093,GS:GS-C2-02-007,canonical_report_url,REC-01805
DE-07883,GS:GS-C2-03-097,GS:GS-B3-03-073,canonical_report_url,REC-01349
DE-07884,GS:GS-C3-01-011,GS:GS-C2-02-069,canonical_report_url,REC-01844
DE-07885,GS:GS-C3-01-019,GS:GS-B1-02-094,canonical_report_url,REC-01093
DE-07886,GS:GS-C3-01-022,GS:GS-A1-04-043,canonical_report_url,REC-00275
DE-07887,GS:GS-C3-01-023,GS:GS-C1-02-080,canonical_report_url,REC-01653
DE-07888,GS:GS-C3-01-042,GS:GS-C1-02-089,canonical_report_url,REC-01659
DE-07889,GS:GS-C3-01-053,GS:GS-C2-03-080,canonical_report_url,REC-01902
DE-07890,GS:GS-C3-01-057,GS:GS-B1-02-088,canonical_report_url,REC-01087
DE-07891,GS:GS-C3-01-059,GS:GS-B1-02-077,canonical_report_url,REC-01078
DE-07892,GS:GS-C3-01-066,GS:GS-B1-02-092,canonical_report_url,REC-01091
DE-07893,GS:GS-C3-01-075,GS:GS-B1-02-061,canonical_report_url,REC-01064
DE-07894,GS:GS-C3-01-082,GS:GS-A2W-03-056,canonical_report_url,REC-00855
DE-07895,GS:GS-C3-01-083,GS:GS-B3-03-001,canonical_report_url,REC-01316
DE-07896,GS:GS-C3-01-085,GS:GS-C2-01-027,canonical_report_url,REC-01743
DE-07897,GS:GS-C3-02-010,GS:GS-A2W-01-046,canonical_report_url,REC-00717
DE-07898,GS:GS-C3-02-017,GS:GS-A1-04-100,canonical_report_url,REC-00329
DE-07899,GS:GS-C3-02-035,GS:GS-B2-01-079,canonical_report_url,REC-01167
DE-07900,GS:GS-C3-03-005,GS:GS-B3-03-045,canonical_report_url,REC-01333
DE-07901,GS:GS-C3-03-010,GS:GS-B1-02-035,canonical_report_url,REC-01040
DE-07902,GS:GS-C3-03-015,GS:GS-C2-03-080,canonical_report_url,REC-01902
DE-07903,GS:GS-C3-03-016,GS:GS-C2-02-069,canonical_report_url,REC-01844
DE-07904,GS:GS-C3-03-017,GS:GS-B1-02-092,canonical_report_url,REC-01091
DE-07905,GS:GS-C3-03-018,GS:GS-C1-02-080,canonical_report_url,REC-01653
DE-07906,GS:GS-C3-03-019,GS:GS-B1-02-088,canonical_report_url,REC-01087
DE-07907,GS:GS-C3-03-021,GS:GS-B1-02-094,canonical_report_url,REC-01093
DE-07908,GS:GS-C3-03-022,GS:GS-B1-02-056,canonical_report_url,REC-01060
DE-07909,GS:GS-C3-03-027,GS:GS-B1-02-061,canonical_report_url,REC-01064
DE-07910,GS:GS-C3-03-030,GS:GS-C2-03-028,canonical_report_url,REC-01878
DE-07911,GS:GS-C3-03-034,GS:GS-B3-03-014,canonical_report_url,REC-01320
DE-07912,GS:GS-C3-03-035,GS:GS-C3-01-026,canonical_report_url,REC-01921
DE-07913,GS:GS-C3-03-038,GS:GS-B1-02-077,canonical_report_url,REC-01078
DE-07914,GS:GS-C3-03-039,GS:GS-C3-01-012,canonical_report_url,REC-01916
DE-07915,GS:GS-C3-03-041,GS:GS-B1-02-026,canonical_report_url,REC-01031
DE-07916,GS:GS-C3-03-048,GS:GS-C3-01-007,canonical_report_url,REC-01913
DE-07917,GS:GS-C3-03-051,GS:GS-B3-02-032,canonical_report_url,REC-01257
DE-07918,GS:GS-C3-03-060,GS:GS-A2W-01-046,canonical_report_url,REC-00717
DE-07919,GS:GS-C3-03-062,GS:GS-C2-03-011,canonical_report_url,REC-01873
DE-07920,GS:GS-C3-03-067,GS:GS-A1-04-013,canonical_report_url,REC-00250
DE-07921,GS:GS-C3-03-068,GS:GS-C3-01-049,canonical_report_url,REC-01937
DE-07922,GS:GS-C3-03-070,GS:GS-C3-01-033,canonical_report_url,REC-01926
DE-07923,GS:GS-C3-03-075,GS:GS-B1-02-043,canonical_report_url,REC-01048
DE-07924,GS:GS-C3-03-077,GS:GS-B3-02-041,canonical_report_url,REC-01264
DE-07925,GS:GS-C3-03-078,GS:GS-B3-02-043,canonical_report_url,REC-01266
DE-07926,GS:GS-C3-03-088,GS:GS-A1-05-042,canonical_report_url,REC-00367
DE-07927,GS:GS-C3-03-089,GS:GS-B3-02-054,canonical_report_url,REC-01274
DE-07928,GS:GS-C3-03-095,GS:GS-B1-02-066,canonical_report_url,REC-01068
DE-07929,GS:GS-C3-04-007,GS:GS-B1-02-092,canonical_report_url,REC-01091
DE-07930,GS:GS-C3-04-008,GS:GS-B3-02-077,canonical_report_url,REC-01296
DE-07931,GS:GS-C3-04-010,GS:GS-C2-02-069,canonical_report_url,REC-01844
DE-07932,GS:GS-C3-04-011,GS:GS-C3-01-012,canonical_report_url,REC-01916
DE-07933,GS:GS-C3-04-012,GS:GS-B1-02-056,canonical_report_url,REC-01060
DE-07934,GS:GS-C3-04-013,GS:GS-C3-01-013,canonical_report_url,REC-01917
DE-07935,GS:GS-C3-04-017,GS:GS-A1-01-060,canonical_report_url,REC-00058
DE-07936,GS:GS-C3-04-020,GS:GS-C2-02-019,canonical_report_url,REC-01810
DE-07937,GS:GS-C3-04-022,GS:GS-B3-02-046,canonical_report_url,REC-01268
DE-07938,GS:GS-C3-04-023,GS:GS-B1-03-005,canonical_report_url,REC-01101
DE-07939,GS:GS-C3-04-040,GS:GS-B3-02-043,canonical_report_url,REC-01266
DE-07940,GS:GS-C3-04-043,GS:GS-C3-01-049,canonical_report_url,REC-01937
DE-07941,GS:GS-C3-04-044,GS:GS-C3-03-025,canonical_report_url,REC-02012
DE-07942,GS:GS-C3-04-045,GS:GS-C3-01-099,canonical_report_url,REC-01962
DE-07943,GS:GS-C3-04-046,GS:GS-B3-02-050,canonical_report_url,REC-01270
DE-07944,GS:GS-C3-04-048,GS:GS-B3-02-082,canonical_report_url,REC-01300
DE-07945,GS:GS-C3-04-050,GS:GS-C1-01-012,canonical_report_url,REC-01564
DE-07946,GS:GS-C3-04-051,GS:GS-B3-03-028,canonical_report_url,REC-01325
DE-07947,GS:GS-C3-04-056,GS:GS-B1-02-057,canonical_report_url,REC-01061
DE-07948,GS:GS-C3-04-059,GS:GS-B3-02-100,canonical_report_url,REC-01315
DE-07949,GS:GS-C3-04-061,GS:GS-C3-02-008,canonical_report_url,REC-01969
DE-07950,GS:GS-C3-04-062,GS:GS-A1-05-042,canonical_report_url,REC-00367
DE-07951,GS:GS-C3-04-069,GS:GS-A1-04-098,canonical_report_url,REC-00327
DE-07952,GS:GS-C3-04-077,GS:GS-B2-01-028,canonical_report_url,REC-01132
DE-07953,GS:GS-C3-04-093,GS:GS-B3-02-087,canonical_report_url,REC-01304
DE-07954,GS:GS-C3-04-096,GS:GS-B1-02-054,canonical_report_url,REC-01058
DE-07955,GS:GS-D1-01-001,GS:GS-A2S-03-040,canonical_report_url,REC-00642
DE-07956,GS:GS-D1-01-002,GS:GS-A1-01-048,canonical_report_url,REC-00046
DE-07957,GS:GS-D1-01-004,GS:GS-A1-01-010,canonical_report_url,REC-00010
DE-07958,GS:GS-D1-01-006,GS:GS-A1-01-033,canonical_report_url,REC-00032
DE-07959,GS:GS-D1-01-012,GS:GS-A1-01-060,canonical_report_url,REC-00058
DE-07960,GS:GS-D1-01-014,GS:GS-A3-01-051,canonical_report_url,REC-00894
DE-07961,GS:GS-D1-01-016,GS:GS-A1-01-003,canonical_report_url,REC-00003
DE-07962,GS:GS-D1-01-017,GS:GS-A1-01-055,canonical_report_url,REC-00053
DE-07963,GS:GS-D1-01-018,GS:GS-B1-01-029,canonical_report_url,REC-00965
DE-07964,GS:GS-D1-01-023,GS:GS-A1-01-094,canonical_report_url,REC-00089
DE-07965,GS:GS-D1-01-026,GS:GS-A1-01-001,canonical_report_url,REC-00001
DE-07966,GS:GS-D1-01-027,GS:GS-A1-01-087,canonical_report_url,REC-00083
DE-07967,GS:GS-D1-01-029,GS:GS-A1-01-078,canonical_report_url,REC-00075
DE-07968,GS:GS-D1-01-034,GS:GS-B1-01-047,canonical_report_url,REC-00972
DE-07969,GS:GS-D1-01-038,GS:GS-A1-04-035,canonical_report_url,REC-00267
DE-07970,GS:GS-D1-01-039,GS:GS-A1-02-093,canonical_report_url,REC-00157
DE-07971,GS:GS-D1-01-040,GS:GS-A1-03-075,canonical_report_url,REC-00220
DE-07972,GS:GS-D1-01-043,GS:GS-A1-04-012,canonical_report_url,REC-00249
DE-07973,GS:GS-D1-01-045,GS:GS-A1-01-077,canonical_report_url,REC-00074
DE-07974,GS:GS-D1-01-046,GS:GS-A3-01-053,canonical_report_url,REC-00895
DE-07975,GS:GS-D1-01-049,GS:GS-A1-03-040,canonical_report_url,REC-00193
DE-07976,GS:GS-D1-01-051,GS:GS-A1-03-068,canonical_report_url,REC-00215
DE-07977,GS:GS-D1-01-054,GS:GS-A1-01-040,canonical_report_url,REC-00039
DE-07978,GS:GS-D1-01-055,GS:GS-B1-01-033,canonical_report_url,REC-00966
DE-07979,GS:GS-D1-01-059,GS:GS-B2-03-096,canonical_report_url,REC-01234
DE-07980,GS:GS-D1-01-060,GS:GS-A1-01-038,canonical_report_url,REC-00037
DE-07981,GS:GS-D1-01-062,GS:GS-A1-01-047,canonical_report_url,REC-00045
DE-07982,GS:GS-D1-01-066,GS:GS-B1-01-017,canonical_report_url,REC-00961
DE-07983,GS:GS-D1-01-069,GS:GS-A1-01-081,canonical_report_url,REC-00078
DE-07984,GS:GS-D1-01-074,GS:GS-A1-01-088,canonical_report_url,REC-00084
DE-07985,GS:GS-D1-01-075,GS:GS-B1-01-085,canonical_report_url,REC-00994
DE-07986,GS:GS-D1-01-076,GS:GS-B1-01-057,canonical_report_url,REC-00980
DE-07987,GS:GS-D1-01-079,GS:GS-B1-01-049,canonical_report_url,REC-00974
DE-07988,GS:GS-D1-01-082,GS:GS-B2-02-002,canonical_report_url,REC-01188
DE-07989,GS:GS-D1-01-083,GS:GS-B1-01-050,canonical_report_url,REC-00975
DE-07990,GS:GS-D1-01-084,GS:GS-B1-01-014,canonical_report_url,REC-00960
DE-07991,GS:GS-D1-01-092,GS:GS-B1-01-053,canonical_report_url,REC-00976
DE-07992,GS:GS-D1-01-094,GS:GS-A1-01-073,canonical_report_url,REC-00070
DE-07993,GS:GS-D1-01-096,GS:GS-B1-01-062,canonical_report_url,REC-00982
DE-07994,GS:GS-D1-01-100,GS:GS-B1-01-018,canonical_report_url,REC-00962
DE-07995,GS:GS-D1-02-001,GS:GS-A1-01-094,canonical_report_url,REC-00089
DE-07996,GS:GS-D1-02-006,GS:GS-A1-01-078,canonical_report_url,REC-00075
DE-07997,GS:GS-D1-02-011,GS:GS-B1-01-029,canonical_report_url,REC-00965
DE-07998,GS:GS-D1-02-012,GS:GS-A1-01-060,canonical_report_url,REC-00058
DE-07999,GS:GS-D1-02-014,GS:GS-B1-01-050,canonical_report_url,REC-00975
DE-08000,GS:GS-D1-02-017,GS:GS-A1-01-003,canonical_report_url,REC-00003
DE-08001,GS:GS-D1-02-018,GS:GS-A1-01-020,canonical_report_url,REC-00019
DE-08002,GS:GS-D1-02-021,GS:GS-A3-01-051,canonical_report_url,REC-00894
DE-08003,GS:GS-D1-02-024,GS:GS-B1-01-087,canonical_report_url,REC-00996
DE-08004,GS:GS-D1-02-025,GS:GS-B1-01-033,canonical_report_url,REC-00966
DE-08005,GS:GS-D1-02-026,GS:GS-A1-04-035,canonical_report_url,REC-00267
DE-08006,GS:GS-D1-02-027,GS:GS-A1-01-087,canonical_report_url,REC-00083
DE-08007,GS:GS-D1-02-031,GS:GS-A1-01-048,canonical_report_url,REC-00046
DE-08008,GS:GS-D1-02-035,GS:GS-A1-01-038,canonical_report_url,REC-00037
DE-08009,GS:GS-D1-02-037,GS:GS-B1-01-047,canonical_report_url,REC-00972
DE-08010,GS:GS-D1-02-038,GS:GS-A1-01-001,canonical_report_url,REC-00001
DE-08011,GS:GS-D1-02-039,GS:GS-A1-01-081,canonical_report_url,REC-00078
DE-08012,GS:GS-D1-02-040,GS:GS-A1-01-008,canonical_report_url,REC-00008
DE-08013,GS:GS-D1-02-043,GS:GS-A1-01-047,canonical_report_url,REC-00045
DE-08014,GS:GS-D1-02-044,GS:GS-A1-02-093,canonical_report_url,REC-00157
DE-08015,GS:GS-D1-02-047,GS:GS-A1-01-076,canonical_report_url,REC-00073
DE-08016,GS:GS-D1-02-057,GS:GS-A2S-03-040,canonical_report_url,REC-00642
DE-08017,GS:GS-D1-02-058,GS:GS-B1-01-057,canonical_report_url,REC-00980
DE-08018,GS:GS-D1-02-064,GS:GS-A1-01-077,canonical_report_url,REC-00074
DE-08019,GS:GS-D1-02-067,GS:GS-B1-01-085,canonical_report_url,REC-00994
DE-08020,GS:GS-D1-02-072,GS:GS-A1-03-075,canonical_report_url,REC-00220
DE-08021,GS:GS-D1-02-075,GS:GS-B1-01-097,canonical_report_url,REC-01005
DE-08022,GS:GS-D1-02-080,GS:GS-A1-05-066,canonical_report_url,REC-00391
DE-08023,GS:GS-D1-02-083,GS:GS-A1-01-050,canonical_report_url,REC-00048
DE-08024,GS:GS-D1-02-084,GS:GS-A2W-03-084,canonical_report_url,REC-00878
DE-08025,GS:GS-D1-02-085,GS:GS-A1-04-025,canonical_report_url,REC-00259
DE-08026,GS:GS-D1-02-087,GS:GS-A1-03-068,canonical_report_url,REC-00215
DE-08027,GS:GS-D1-02-091,GS:GS-A1-02-035,canonical_report_url,REC-00111
DE-08028,GS:GS-D1-02-092,GS:GS-B1-01-062,canonical_report_url,REC-00982
DE-08029,GS:GS-D1-02-095,GS:GS-B3-02-033,canonical_report_url,REC-01258
DE-08030,GS:GS-D2-01-001,GS:GS-A1-01-010,canonical_report_url,REC-00010
DE-08031,GS:GS-D2-01-007,GS:GS-A1-01-087,canonical_report_url,REC-00083
DE-08032,GS:GS-D2-01-009,GS:GS-A1-01-094,canonical_report_url,REC-00089
DE-08033,GS:GS-D2-01-012,GS:GS-A1-01-048,canonical_report_url,REC-00046
DE-08034,GS:GS-D2-01-013,GS:GS-B1-01-047,canonical_report_url,REC-00972
DE-08035,GS:GS-D2-01-014,GS:GS-B1-01-033,canonical_report_url,REC-00966
DE-08036,GS:GS-D2-01-015,GS:GS-A1-01-060,canonical_report_url,REC-00058
DE-08037,GS:GS-D2-01-016,GS:GS-A1-01-078,canonical_report_url,REC-00075
DE-08038,GS:GS-D2-01-018,GS:GS-A1-01-033,canonical_report_url,REC-00032
DE-08039,GS:GS-D2-01-020,GS:GS-A1-01-001,canonical_report_url,REC-00001
DE-08040,GS:GS-D2-01-021,GS:GS-A1-04-035,canonical_report_url,REC-00267
DE-08041,GS:GS-D2-01-022,GS:GS-A1-01-038,canonical_report_url,REC-00037
DE-08042,GS:GS-D2-01-029,GS:GS-A1-04-012,canonical_report_url,REC-00249
DE-08043,GS:GS-D2-01-030,GS:GS-B1-01-029,canonical_report_url,REC-00965
DE-08044,GS:GS-D2-01-035,GS:GS-A1-01-004,canonical_report_url,REC-00004
DE-08045,GS:GS-D2-01-036,GS:GS-A1-03-040,canonical_report_url,REC-00193
DE-08046,GS:GS-D2-01-037,GS:GS-B1-01-057,canonical_report_url,REC-00980
DE-08047,GS:GS-D2-01-038,GS:GS-B1-01-014,canonical_report_url,REC-00960
DE-08048,GS:GS-D2-01-039,GS:GS-B1-01-017,canonical_report_url,REC-00961
DE-08049,GS:GS-D2-01-041,GS:GS-A1-01-081,canonical_report_url,REC-00078
DE-08050,GS:GS-D2-01-042,GS:GS-B1-01-053,canonical_report_url,REC-00976
DE-08051,GS:GS-D2-01-046,GS:GS-B1-01-049,canonical_report_url,REC-00974
DE-08052,GS:GS-D2-01-047,GS:GS-A2S-03-040,canonical_report_url,REC-00642
DE-08053,GS:GS-D2-01-055,GS:GS-B1-01-085,canonical_report_url,REC-00994
DE-08054,GS:GS-D2-01-058,GS:GS-B1-01-045,canonical_report_url,REC-00970
DE-08055,GS:GS-D2-01-066,GS:GS-A1-03-075,canonical_report_url,REC-00220
DE-08056,GS:GS-D2-01-068,GS:GS-A2W-03-084,canonical_report_url,REC-00878
DE-08057,GS:GS-D2-01-069,GS:GS-A1-05-066,canonical_report_url,REC-00391
DE-08058,GS:GS-D2-01-070,GS:GS-B1-01-018,canonical_report_url,REC-00962
DE-08059,GS:GS-D2-01-072,GS:GS-B1-01-062,canonical_report_url,REC-00982
DE-08060,GS:GS-D2-01-074,GS:GS-B2-03-096,canonical_report_url,REC-01234
DE-08061,GS:GS-D2-01-079,GS:GS-A1-02-035,canonical_report_url,REC-00111
DE-08062,GS:GS-D2-01-083,GS:GS-B1-01-087,canonical_report_url,REC-00996
DE-08063,GS:GS-D2-01-084,GS:GS-A1-04-025,canonical_report_url,REC-00259
DE-08064,GS:GS-D2-01-085,GS:GS-A3-01-053,canonical_report_url,REC-00895
DE-08065,GS:GS-D2-01-086,GS:GS-B1-01-055,canonical_report_url,REC-00978
DE-08066,GS:GS-D2-01-090,GS:GS-B3-02-033,canonical_report_url,REC-01258
DE-08067,GS:GS-D2-01-092,GS:GS-A2W-02-029,canonical_report_url,REC-00761
DE-08068,GS:GS-D2-01-093,GS:GS-B2-03-099,canonical_report_url,REC-01236
DE-08069,GS:GS-D2-01-094,GS:GS-B1-01-097,canonical_report_url,REC-01005
DE-08070,GS:GS-D2-01-097,GS:GS-A1-01-080,canonical_report_url,REC-00077
DE-08071,GS:GS-D2-02-009,GS:GS-B1-02-092,canonical_report_url,REC-01091
DE-08072,GS:GS-D2-02-012,GS:GS-C1-02-080,canonical_report_url,REC-01653
DE-08073,GS:GS-D2-02-014,GS:GS-B1-02-094,canonical_report_url,REC-01093
DE-08074,GS:GS-D2-02-016,GS:GS-A2W-01-046,canonical_report_url,REC-00717
DE-08075,GS:GS-D2-02-019,GS:GS-C3-01-026,canonical_report_url,REC-01921
DE-08076,GS:GS-D2-02-028,GS:GS-A1-04-061,canonical_report_url,REC-00290
DE-08077,GS:GS-D2-02-029,GS:GS-C1-01-079,canonical_report_url,REC-01619
DE-08078,GS:GS-D2-02-033,GS:GS-A1-01-060,canonical_report_url,REC-00058
DE-08079,GS:GS-D2-02-043,GS:GS-A2W-03-021,canonical_report_url,REC-00825
DE-08080,GS:GS-D2-02-045,GS:GS-C3-03-055,canonical_report_url,REC-02020
DE-08081,GS:GS-D2-02-047,GS:GS-C3-04-053,canonical_report_url,REC-02044
DE-08082,GS:GS-D2-02-053,GS:GS-B4-01-050,canonical_report_url,REC-01403
DE-08083,GS:GS-D2-02-075,GS:GS-B4-01-047,canonical_report_url,REC-01401
DE-08084,GS:GS-D2-02-080,GS:GS-A1-05-042,canonical_report_url,REC-00367
DE-08085,GS:GS-D2-02-086,GS:GS-B3-02-042,canonical_report_url,REC-01265
DE-08086,GS:GS-D2-03-008,GS:GS-B3-02-041,canonical_report_url,REC-01264
DE-08087,GS:GS-D2-03-014,GS:GS-A2W-01-046,canonical_report_url,REC-00717
DE-08088,GS:GS-D2-03-016,GS:GS-C3-01-012,canonical_report_url,REC-01916
DE-08089,GS:GS-D2-03-019,GS:GS-C1-02-080,canonical_report_url,REC-01653
DE-08090,GS:GS-D2-03-021,GS:GS-A1-02-097,canonical_report_url,REC-00160
DE-08091,GS:GS-D2-03-022,GS:GS-C2-02-069,canonical_report_url,REC-01844
DE-08092,GS:GS-D2-03-031,GS:GS-D2-02-048,canonical_report_url,REC-02116
DE-08093,GS:GS-D2-03-038,GS:GS-C1-02-079,canonical_report_url,REC-01652
DE-08094,GS:GS-D2-03-039,GS:GS-C3-01-026,canonical_report_url,REC-01921
DE-08095,GS:GS-D2-03-045,GS:GS-B1-02-088,canonical_report_url,REC-01087
DE-08096,GS:GS-D2-03-046,GS:GS-B3-03-044,canonical_report_url,REC-01332
DE-08097,GS:GS-D2-03-047,GS:GS-B4-03-080,canonical_report_url,REC-01513
DE-08098,GS:GS-D2-03-049,GS:GS-A2W-03-084,canonical_report_url,REC-00878
DE-08099,GS:GS-D2-03-050,GS:GS-C3-03-049,canonical_report_url,REC-02018
DE-08100,GS:GS-D2-03-058,GS:GS-C3-01-045,canonical_report_url,REC-01935
DE-08101,GS:GS-D2-03-062,GS:GS-A1-04-013,canonical_report_url,REC-00250
DE-08102,GS:GS-D2-03-066,GS:GS-B3-02-065,canonical_report_url,REC-01285
DE-08103,GS:GS-D2-03-070,GS:GS-C3-03-042,canonical_report_url,REC-02015
DE-08104,GS:GS-D2-03-072,GS:GS-B3-03-014,canonical_report_url,REC-01320
DE-08105,GS:GS-D2-03-073,GS:GS-D2-02-046,canonical_report_url,REC-02115
DE-08106,GS:GS-D2-03-076,GS:GS-D2-02-084,canonical_report_url,REC-02137
DE-08107,GS:GS-D2-03-079,GS:GS-C3-04-054,canonical_report_url,REC-02045
DE-08108,GS:GS-D2-03-086,GS:GS-C3-01-038,canonical_report_url,REC-01930
DE-08109,GS:GS-D2-03-095,GS:GS-D2-02-008,canonical_report_url,REC-02101
DE-08110,GS:GS-D2-03-096,GS:GS-C3-03-057,canonical_report_url,REC-02021
DE-08111,GS:GS-D2-03-099,GS:GS-C3-04-074,canonical_report_url,REC-02052
DE-08112,GS:GS-D3-01-009,GS:GS-A1-01-044,canonical_report_url,REC-00043
DE-08113,GS:GS-D3-01-010,GS:GS-A1-01-001,canonical_report_url,REC-00001
DE-08114,GS:GS-D3-01-011,GS:GS-A1-01-003,canonical_report_url,REC-00003
DE-08115,GS:GS-D3-01-013,GS:GS-A1-01-060,canonical_report_url,REC-00058
DE-08116,GS:GS-D3-01-015,GS:GS-A1-01-033,canonical_report_url,REC-00032
DE-08117,GS:GS-D3-01-016,GS:GS-A1-01-008,canonical_report_url,REC-00008
DE-08118,GS:GS-D3-01-018,GS:GS-A1-01-020,canonical_report_url,REC-00019
DE-08119,GS:GS-D3-01-020,GS:GS-A1-01-007,canonical_report_url,REC-00007
DE-08120,GS:GS-D3-01-022,GS:GS-A1-01-004,canonical_report_url,REC-00004
DE-08121,GS:GS-D3-01-023,GS:GS-A1-01-048,canonical_report_url,REC-00046
DE-08122,GS:GS-D3-01-025,GS:GS-A1-04-012,canonical_report_url,REC-00249
DE-08123,GS:GS-D3-01-028,GS:GS-A1-01-006,canonical_report_url,REC-00006
DE-08124,GS:GS-D3-01-029,GS:GS-A1-01-047,canonical_report_url,REC-00045
DE-08125,GS:GS-D3-01-032,GS:GS-A1-01-042,canonical_report_url,REC-00041
DE-08126,GS:GS-D3-01-036,GS:GS-A1-01-076,canonical_report_url,REC-00073
DE-08127,GS:GS-D3-01-040,GS:GS-A1-01-069,canonical_report_url,REC-00066
DE-08128,GS:GS-D3-01-042,GS:GS-A1-01-040,canonical_report_url,REC-00039
DE-08129,GS:GS-D3-01-048,GS:GS-A1-04-035,canonical_report_url,REC-00267
DE-08130,GS:GS-D3-01-049,GS:GS-D1-01-088,canonical_report_url,REC-02071
DE-08131,GS:GS-D3-01-060,GS:GS-A1-01-077,canonical_report_url,REC-00074
DE-08132,GS:GS-D3-01-067,GS:GS-D1-02-089,canonical_report_url,REC-02080
DE-08133,GS:GS-D3-01-070,GS:GS-D1-01-098,canonical_report_url,REC-02075
DE-08134,GS:GS-D3-01-087,GS:GS-A2S-03-040,canonical_report_url,REC-00642
DE-08135,GS:GS-D3-01-090,GS:GS-A1-01-073,canonical_report_url,REC-00070
DE-08136,GS:GS-D3-01-091,GS:GS-A3-01-053,canonical_report_url,REC-00895
DE-08137,GS:GS-D3-01-100,GS:GS-A1-02-080,canonical_report_url,REC-00146
DE-08138,GS:GS-D3-02-002,GS:GS-A2W-02-039,canonical_report_url,REC-00769
DE-08139,GS:GS-D3-02-007,GS:GS-C3-02-041,canonical_report_url,REC-01994
DE-08140,GS:GS-D3-02-012,GS:GS-B3-02-018,canonical_report_url,REC-01246
DE-08141,GS:GS-D3-02-020,GS:GS-A1-04-043,canonical_report_url,REC-00275
DE-08142,GS:GS-D3-02-021,GS:GS-A2W-01-016,canonical_report_url,REC-00703
DE-08143,GS:GS-D3-02-022,GS:GS-B3-03-093,canonical_report_url,REC-01359
DE-08144,GS:GS-D3-02-025,GS:GS-A1-04-013,canonical_report_url,REC-00250
DE-08145,GS:GS-D3-02-032,GS:GS-B1-02-094,canonical_report_url,REC-01093
DE-08146,GS:GS-D3-02-034,GS:GS-C3-01-028,canonical_report_url,REC-01923
DE-08147,GS:GS-D3-02-040,GS:GS-A2W-03-063,canonical_report_url,REC-00861
DE-08148,GS:GS-D3-02-050,GS:GS-A2W-01-069,canonical_report_url,REC-00728
DE-08149,GS:GS-D3-02-068,GS:GS-A1-04-067,canonical_report_url,REC-00296
DE-08150,GS:GS-D3-02-069,GS:GS-D2-03-029,canonical_report_url,REC-02162
DE-08151,GS:GS-D3-02-074,GS:GS-D2-02-048,canonical_report_url,REC-02116
DE-08152,GS:GS-D3-02-078,GS:GS-B3-02-033,canonical_report_url,REC-01258
DE-08153,GS:GS-D3-02-081,GS:GS-C3-01-064,canonical_report_url,REC-01923
DE-08154,GS:GS-D3-02-083,GS:GS-A2W-03-084,canonical_report_url,REC-00878
DE-08155,GS:GS-D3-02-086,GS:GS-A1-06-004,canonical_report_url,REC-00425
DE-08156,GS:GS-D3-02-087,GS:GS-C3-03-042,canonical_report_url,REC-02015
DE-08157,GS:GS-D3-02-090,GS:GS-B1-02-092,canonical_report_url,REC-01091
DE-08158,GS:GS-D3-02-096,GS:GS-D2-03-033,canonical_report_url,REC-02164
DE-08159,GS:GS-D3-02-100,GS:GS-B1-01-082,canonical_report_url,REC-00992
DE-08160,GS:GS-D3-03-001,GS:GS-A2W-02-087,canonical_report_url,REC-00805
DE-08161,GS:GS-D3-03-004,GS:GS-B1-01-097,canonical_report_url,REC-01005
DE-08162,GS:GS-D3-03-005,GS:GS-D2-03-052,canonical_report_url,REC-02171
DE-08163,GS:GS-D3-03-007,GS:GS-D2-03-034,canonical_report_url,REC-02165
DE-08164,GS:GS-D3-03-015,GS:GS-C1-02-080,canonical_report_url,REC-01653
DE-08165,GS:GS-D3-03-016,GS:GS-A2W-01-046,canonical_report_url,REC-00717
DE-08166,GS:GS-D3-03-017,GS:GS-A1-01-060,canonical_report_url,REC-00058
DE-08167,GS:GS-D3-03-019,GS:GS-B1-02-094,canonical_report_url,REC-01093
DE-08168,GS:GS-D3-03-025,GS:GS-C3-02-006,canonical_report_url,REC-01967
DE-08169,GS:GS-D3-03-028,GS:GS-D2-03-013,canonical_report_url,REC-02155
DE-08170,GS:GS-D3-03-029,GS:GS-D2-03-033,canonical_report_url,REC-02164
DE-08171,GS:GS-D3-03-036,GS:GS-A2S-01-016,canonical_report_url,REC-00510
DE-08172,GS:GS-D3-03-038,GS:GS-B1-01-087,canonical_report_url,REC-00996
DE-08173,GS:GS-D3-03-051,GS:GS-D2-03-056,canonical_report_url,REC-02172
DE-08174,GS:GS-D3-03-053,GS:GS-B1-02-088,canonical_report_url,REC-01087
DE-08175,GS:GS-D3-03-056,GS:GS-C3-01-099,canonical_report_url,REC-01962
DE-08176,GS:GS-D3-03-062,GS:GS-C3-01-071,canonical_report_url,REC-01949
DE-08177,GS:GS-D3-03-065,GS:GS-D2-02-042,canonical_report_url,REC-02113
DE-08178,GS:GS-D3-03-073,GS:GS-A1-04-067,canonical_report_url,REC-00296
DE-08179,GS:GS-D3-03-075,GS:GS-D2-03-044,canonical_report_url,REC-02168
DE-08180,GS:GS-D3-03-080,GS:GS-D2-02-046,canonical_report_url,REC-02115
DE-08181,GS:GS-D3-03-081,GS:GS-A1-04-013,canonical_report_url,REC-00250
DE-08182,GS:GS-D3-03-082,GS:GS-D2-03-075,canonical_report_url,REC-02179
DE-08183,GS:GS-D3-03-088,GS:GS-A2W-01-069,canonical_report_url,REC-00728
DE-08184,GS:GS-D3-03-091,GS:GS-D2-03-063,canonical_report_url,REC-02175
DE-08185,GS:GS-D3-03-092,GS:GS-A1-02-097,canonical_report_url,REC-00160
DE-08186,GS:GS-D3-03-100,GS:GS-D2-03-029,canonical_report_url,REC-02162
DE-08187,ACL:FORMAL-ACL-V12-Q-A1:liu-quan-2026-econwebarena,GS:GS-A2W-01-052,canonical_report_url,REC-00720
DE-08188,ACL:FORMAL-ACL-V12-Q-C2:gomaa-etal-2026-converse,GS:GS-C2-02-008,canonical_report_url,REC-01806
DE-08189,ACL:FORMAL-ACL-V12-Q-A1:cheng-etal-2026-apeiron,GS:GS-D1-02-094,canonical_report_url,REC-02081
DE-08190,ACL:FORMAL-ACL-V12-Q-B1:xing-etal-2026-mcp,GS:GS-B4-01-062,canonical_report_url,REC-01414
DE-08191,ACL:FORMAL-ACL-V12-Q-C2:zhou-etal-2026-corba,GS:GS-C2-03-082,canonical_report_url,REC-01903
DE-08192,ACL:FORMAL-ACL-V12-Q-D2:song-etal-2026-envscaler,GS:GS-A2S-03-095,canonical_report_url,REC-00693
DE-08193,ACL:FORMAL-ACL-V12-Q-A1:wu-etal-2026-mobilebench,GS:GS-A3-02-081,canonical_report_url,REC-00932
DE-08194,ACL:FORMAL-ACL-V12-Q-C2:kong-etal-2026-web,GS:GS-C2-01-030,canonical_report_url,REC-01746
DE-08195,ACL:FORMAL-ACL-V12-Q-B2:feng-etal-2026-backdooragent,GS:GS-C1-02-044,canonical_report_url,REC-01641
DE-08196,ACL:FORMAL-ACL-V12-Q-A1:gao-etal-2026-guitester,GS:GS-A3-02-022,canonical_report_url,REC-00907
DE-08197,ACL:FORMAL-ACL-V12-Q-A1:lu-etal-2026-eva,GS:GS-A3-03-016,canonical_report_url,REC-00939
DE-08198,ACL:FORMAL-ACL-V12-Q-A1:zhang-etal-2026-web,GS:GS-A1-06-088,canonical_report_url,REC-00487
DE-08199,ACL:FORMAL-ACL-V12-Q-A1:yu-etal-2026-visual,GS:GS-B1-01-099,canonical_report_url,REC-01006
DE-08200,ACL:FORMAL-ACL-V12-Q-C1:liu-etal-2026-topology,GS:GS-C1-01-100,canonical_report_url,REC-01634
DE-08201,ACL:FORMAL-ACL-V12-Q-A2S:tang-etal-2026-autoagent,GS:GS-A1-06-052,canonical_report_url,REC-00459
DE-08202,ACL:FORMAL-ACL-V12-Q-A1:liu-etal-2026-infiguiagent,GS:GS-A1-03-006,canonical_report_url,REC-00166
DE-08203,ACL:FORMAL-ACL-V12-Q-A2W:son-etal-2026-automating,GS:GS-A2W-03-010,canonical_report_url,REC-00820
DE-08204,ACL:FORMAL-ACL-V12-Q-A1:zhang-etal-2026-webrollback,GS:GS-A2W-02-005,canonical_report_url,REC-00753
DE-08205,ACL:FORMAL-ACL-V12-Q-A1:hsiung-etal-2026-pgga,GS:GS-A1-03-092,canonical_report_url,REC-00235
DE-08206,ACL:FORMAL-ACL-V12-Q-A1:he-etal-2026-webstar,GS:GS-D3-01-065,canonical_report_url,REC-02199
DE-08207,ACL:FORMAL-ACL-V12-Q-A2W:kong-etal-2026-mobileworld,GS:GS-A3-02-076,canonical_report_url,REC-00931
DE-08208,ACL:FORMAL-ACL-V12-Q-A1:sun-etal-2026-os,GS:GS-A1-02-070,canonical_report_url,REC-00140
DE-08209,ACL:FORMAL-ACL-V12-Q-B1:lin-etal-2026-vigil,GS:GS-B2-01-058,canonical_report_url,REC-01152
DE-08210,ACL:FORMAL-ACL-V12-Q-D2:oh-etal-2026-uncertainty,GS:GS-A2W-02-096,canonical_report_url,REC-00814
DE-08211,ACL:FORMAL-ACL-V12-Q-C2:wu-etal-2026-cia,GS:GS-C2-01-049,canonical_report_url,REC-01763
DE-08212,ACL:FORMAL-ACL-V12-Q-B1:qian-2026-visual,GS:GS-C1-01-007,canonical_report_url,REC-01559
DE-08213,ACL:FORMAL-ACL-V12-Q-A1:yang-etal-2026-os,GS:GS-A1-02-035,canonical_report_url,REC-00111
DE-08214,ACL:FORMAL-ACL-V12-Q-A1:zhang-etal-2026-infiniteweb,GS:GS-A2W-01-012,canonical_report_url,REC-00700
DE-08215,ACL:FORMAL-ACL-V12-Q-C2:pan-etal-2026-explainable,GS:GS-C2-01-076,canonical_report_url,REC-01781
DE-08216,ACL:FORMAL-ACL-V12-Q-A1:wu-etal-2026-mirrorcaptcha,GS:GS-B2-03-099,canonical_report_url,REC-01236
DE-08217,ACL:FORMAL-ACL-V12-Q-C2:kavathekar-etal-2026-tamas,GS:GS-C2-01-003,canonical_report_url,REC-01723
DE-08218,ACL:FORMAL-ACL-V12-Q-D1:zhou-etal-2026-safeagent,GS:GS-D3-03-052,canonical_report_url,REC-02292
DE-08219,ACL:FORMAL-ACL-V12-Q-C2:arif-etal-2026-conjunctive,GS:GS-C2-03-011,canonical_report_url,REC-01873
DE-08220,ACL:FORMAL-ACL-V12-Q-C2:miao-etal-2026-blindguard,GS:GS-C2-01-005,canonical_report_url,REC-01725
DE-08221,ACL:FORMAL-ACL-V12-Q-A1:xi-etal-2026-c,GS:GS-A1-01-006,canonical_report_url,REC-00006
DE-08222,ACL:FORMAL-ACL-V12-Q-A1:chen-etal-2026-jarvis,GS:GS-A1-02-032,canonical_report_url,REC-00110
DE-08223,ACL:FORMAL-ACL-V12-Q-A1:wang-etal-2026-colorbrowseragent,GS:GS-A1-05-070,canonical_report_url,REC-00394
DE-08224,ACL:FORMAL-ACL-V12-Q-B1:yergattikar-2026-securing,GS:GS-B3-02-021,canonical_report_url,REC-01248
DE-08225,ACL:FORMAL-ACL-V12-Q-D2:chen-etal-2026-memophishagent,GS:GS-D1-03-006,canonical_report_url,REC-02087
DE-08226,ACL:FORMAL-ACL-V12-Q-D1:gabison-xian-2025-inherent,GS:GS-D3-03-013,canonical_report_url,REC-02265
DE-08227,ACL:FORMAL-ACL-V12-Q-A1:zhang-etal-2025-litewebagent,GS:GS-A1-06-087,canonical_report_url,REC-00486
DE-08228,ACL:FORMAL-ACL-V12-Q-C2:li-etal-2025-1,GS:GS-C2-01-079,canonical_report_url,REC-01783
DE-08229,ACL:FORMAL-ACL-V12-Q-B1:zhan-etal-2025-adaptive,GS:GS-B1-02-001,canonical_report_url,REC-01008
DE-08230,ACL:FORMAL-ACL-V12-Q-A1:wang-etal-2025-ponder,GS:GS-A1-03-005,canonical_report_url,REC-00165
DE-08231,ACL:FORMAL-ACL-V12-Q-C2:he-etal-2025-red,GS:GS-C2-01-007,canonical_report_url,REC-01727
DE-08232,ACL:FORMAL-ACL-V12-Q-A1:song-etal-2025-beyond,GS:GS-A1-06-073,canonical_report_url,REC-00474
DE-08233,ACL:FORMAL-ACL-V12-Q-A1:nguyen-etal-2025-gui,GS:GS-A1-03-001,canonical_report_url,REC-00162
DE-08234,ACL:FORMAL-ACL-V12-Q-B1:an-etal-2025-ipiguard,GS:GS-B1-02-007,canonical_report_url,REC-01013
DE-08235,ACL:FORMAL-ACL-V12-Q-B4:jing-etal-2025-mcip,GS:GS-B4-01-077,canonical_report_url,REC-01428
DE-08236,ACL:FORMAL-ACL-V12-Q-A1:wu-etal-2025-backtrackagent,GS:GS-A3-02-088,canonical_report_url,REC-00934
DE-08237,ACL:FORMAL-ACL-V12-Q-A1:zhao-etal-2025-cola,GS:GS-A1-03-079,canonical_report_url,REC-00224
DE-08238,ACL:FORMAL-ACL-V12-Q-A1:fang-etal-2025-webevolver,GS:GS-A1-06-064,canonical_report_url,REC-00468
DE-08239,ACL:FORMAL-ACL-V12-Q-C3:vishwakarma-etal-2025-llms,GS:GS-A2W-01-098,canonical_report_url,REC-00750
DE-08240,ACL:FORMAL-ACL-V12-Q-D2:li-etal-2025-generator,GS:GS-A2W-02-039,canonical_report_url,REC-00769
DE-08241,ACL:FORMAL-ACL-V12-Q-A1:zhang-etal-2025-agentcpm,GS:GS-A1-03-049,canonical_report_url,REC-00201
DE-08242,ACL:FORMAL-ACL-V12-Q-A1:johnson-etal-2025-dangers,GS:GS-A1-05-021,canonical_report_url,REC-00348
DE-08243,ACL:FORMAL-ACL-V12-Q-A1:xu-etal-2025-androidlab,GS:GS-A2W-03-001,canonical_report_url,REC-00818
DE-08244,ACL:FORMAL-ACL-V12-Q-A1:sun-etal-2025-os,GS:GS-A1-03-060,canonical_report_url,REC-00208
DE-08245,ACL:FORMAL-ACL-V12-Q-A1:xie-etal-2025-gui,GS:GS-A1-03-038,canonical_report_url,REC-00191
DE-08246,ACL:FORMAL-ACL-V12-Q-B1:wang-etal-2025-g,GS:GS-C2-01-001,canonical_report_url,REC-01721
DE-08247,ACL:FORMAL-ACL-V12-Q-A1:hu-etal-2025-os,GS:GS-A1-03-090,canonical_report_url,REC-00233
DE-08248,ACL:FORMAL-ACL-V12-Q-D2:luo-etal-2025-agrail,GS:GS-A1-04-039,canonical_report_url,REC-00271
DE-08249,ACL:FORMAL-ACL-V12-Q-C2:shahroz-etal-2025-agents,GS:GS-C2-01-028,canonical_report_url,REC-01744
DE-08250,ACL:FORMAL-ACL-V12-Q-A2W:men-etal-2025-agent,GS:GS-A2S-02-021,canonical_report_url,REC-00540
DE-08251,ACL:FORMAL-ACL-V12-Q-A1:chen-etal-2025-guicourse,GS:GS-A1-03-023,canonical_report_url,REC-00178
DE-08252,ACL:FORMAL-ACL-V12-Q-A1:ma-etal-2025-caution,GS:GS-B2-02-094,canonical_report_url,REC-01221
DE-08253,ACL:FORMAL-ACL-V12-Q-B1:jia-etal-2025-task,GS:GS-B1-02-002,canonical_report_url,REC-01009
DE-08254,ACL:FORMAL-ACL-V12-Q-A1:lee-etal-2025-sudo,GS:GS-B1-01-057,canonical_report_url,REC-00980
DE-08255,ACL:FORMAL-ACL-V12-Q-A1:ma-etal-2024-coco,GS:GS-A2S-02-088,canonical_report_url,REC-00596
DE-08256,ACL:FORMAL-ACL-V12-Q-B1:zhan-etal-2024-injecagent,GS:GS-B1-02-023,canonical_report_url,REC-01028
DE-08257,ACL:FORMAL-ACL-V12-Q-A1:koh-etal-2024-visualwebarena,GS:GS-A2S-02-014,canonical_report_url,REC-00534
DE-08258,ACL:FORMAL-ACL-V12-Q-B2:wang-etal-2024-badagent,GS:GS-A1-04-038,canonical_report_url,REC-00270
DE-08259,ACL:FORMAL-ACL-V12-Q-A1:iong-etal-2024-openwebagent,GS:GS-A1-06-058,canonical_report_url,REC-00463
DE-08260,GS:GS-D2-02-052,GS:GS-D3-03-055,exact_title_generic_report_copy,REC-02118
DE-08261,GS:GS-C2-01-090,GS:GS-C2-03-095,manual_same_report_copy,REC-01791
DE-08262,GS:GS-B3-02-091,GS:GS-B4-01-030,exact_title_generic_report_copy,REC-01308
DE-08263,GS:GS-B3-02-091,GS:GS-B4-02-032,exact_title_generic_report_copy,REC-01308
DE-08264,GS:GS-B3-02-091,GS:GS-B4-03-041,exact_title_generic_report_copy,REC-01308
DE-08265,GS:GS-B3-02-091,GS:GS-D2-02-051,exact_title_generic_report_copy,REC-01308
DE-08266,GS:GS-C3-01-035,GS:GS-C3-03-058,exact_title_generic_report_copy,REC-01927
DE-08267,GS:GS-A2S-02-100,GS:GS-A2S-02-079,exact_title_generic_report_copy,REC-00587
DE-08268,GS:GS-C3-01-006,GS:GS-C3-04-078,exact_title_generic_report_copy,REC-01912
DE-08269,GS:GS-B1-02-068,GS:GS-B3-02-078,exact_title_generic_report_copy,REC-01070
DE-08270,GS:GS-B1-02-068,GS:GS-D2-02-063,exact_title_generic_report_copy,REC-01070
DE-08271,GS:GS-A1-02-052,GS:GS-A1-02-059,exact_title_generic_report_copy,REC-00125
DE-08272,GS:GS-B4-03-036,GS:GS-B4-04-049,exact_title_generic_report_copy,REC-01488
DE-08273,GS:GS-A1-02-021,GS:GS-A3-01-091,exact_title_generic_report_copy,REC-00105
DE-08274,GS:GS-A1-02-021,GS:GS-D3-01-053,exact_title_generic_report_copy,REC-00105
DE-08275,GS:GS-B4-01-057,GS:GS-B4-02-078,exact_title_generic_report_copy,REC-01410
DE-08276,GS:GS-A1-01-029,GS:GS-A1-03-054,exact_title_generic_report_copy,REC-00028
DE-08277,GS:GS-A1-04-034,GS:GS-A1-04-033,exact_title_generic_report_copy,REC-00266
DE-08278,GS:GS-B4-04-083,GS:GS-B4-04-086,exact_title_generic_report_copy,REC-01545
DE-08279,GS:GS-B3-02-097,GS:GS-B4-03-062,exact_title_generic_report_copy,REC-01313
DE-08280,GS:GS-B3-02-097,GS:GS-B4-04-027,exact_title_generic_report_copy,REC-01313
DE-08281,GS:GS-C3-01-028,GS:GS-C3-01-064,manual_same_report_copy,REC-01923
