record_id,representative_occurrence_id,removed_occurrence_id,source,query_id
REC-00001,GS:GS-A1-01-001,GS:GS-A1-03-097,Google Scholar,GS-A1-03
REC-00001,GS:GS-A1-01-001,GS:GS-A3-01-003,Google Scholar,GS-A3-01
REC-00001,GS:GS-A1-01-001,GS:GS-B1-01-041,Google Scholar,GS-B1-01
REC-00001,GS:GS-A1-01-001,GS:GS-B2-03-024,Google Scholar,GS-B2-03
REC-00001,GS:GS-A1-01-001,GS:GS-D1-01-026,Google Scholar,GS-D1-01
REC-00001,GS:GS-A1-01-001,GS:GS-D1-02-038,Google Scholar,GS-D1-02
REC-00001,GS:GS-A1-01-001,GS:GS-D2-01-020,Google Scholar,GS-D2-01
REC-00001,GS:GS-A1-01-001,GS:GS-D3-01-010,Google Scholar,GS-D3-01
REC-00002,GS:GS-A1-01-002,GS:GS-A1-02-003,Google Scholar,GS-A1-02
REC-00002,GS:GS-A1-01-002,GS:GS-A1-03-034,Google Scholar,GS-A1-03
REC-00002,GS:GS-A1-01-002,GS:GS-A3-01-021,Google Scholar,GS-A3-01
REC-00002,GS:GS-A1-01-002,GS:GS-D1-02-019,Google Scholar,GS-D1-02
REC-00002,GS:GS-A1-01-002,ARX:FORMAL-ARXIV-V12-Q-A1:2508.04700v2,arXiv,Q-A1
REC-00003,GS:GS-A1-01-003,GS:GS-A1-03-052,Google Scholar,GS-A1-03
REC-00003,GS:GS-A1-01-003,GS:GS-A3-01-005,Google Scholar,GS-A3-01
REC-00003,GS:GS-A1-01-003,GS:GS-D1-01-016,Google Scholar,GS-D1-01
REC-00003,GS:GS-A1-01-003,GS:GS-D1-02-017,Google Scholar,GS-D1-02
REC-00003,GS:GS-A1-01-003,GS:GS-D3-01-011,Google Scholar,GS-D3-01
REC-00004,GS:GS-A1-01-004,GS:GS-A1-02-099,Google Scholar,GS-A1-02
REC-00004,GS:GS-A1-01-004,GS:GS-A3-01-079,Google Scholar,GS-A3-01
REC-00004,GS:GS-A1-01-004,GS:GS-B1-01-072,Google Scholar,GS-B1-01
REC-00004,GS:GS-A1-01-004,GS:GS-D2-01-035,Google Scholar,GS-D2-01
REC-00004,GS:GS-A1-01-004,GS:GS-D3-01-022,Google Scholar,GS-D3-01
REC-00005,GS:GS-A1-01-005,GS:GS-A2S-01-004,Google Scholar,GS-A2S-01
REC-00005,GS:GS-A1-01-005,GS:GS-A3-01-022,Google Scholar,GS-A3-01
REC-00005,GS:GS-A1-01-005,GS:GS-D1-01-035,Google Scholar,GS-D1-01
REC-00005,GS:GS-A1-01-005,ARX:FORMAL-ARXIV-V12-Q-A1:2505.18829v2,arXiv,Q-A1
REC-00005,GS:GS-A1-01-005,ARX:FORMAL-ARXIV-V12-Q-A2S:2505.18829v2,arXiv,Q-A2S
REC-00005,GS:GS-A1-01-005,ARX:FORMAL-ARXIV-V12-Q-A3:2505.18829v2,arXiv,Q-A3
REC-00006,GS:GS-A1-01-006,GS:GS-A3-01-029,Google Scholar,GS-A3-01
REC-00006,GS:GS-A1-01-006,GS:GS-D3-01-028,Google Scholar,GS-D3-01
REC-00006,GS:GS-A1-01-006,ACL:FORMAL-ACL-V12-Q-A1:xi-etal-2026-c,ACL Anthology,Q-A1
REC-00006,GS:GS-A1-01-006,ACL:FORMAL-ACL-V12-Q-A3:xi-etal-2026-c,ACL Anthology,Q-A3
REC-00007,GS:GS-A1-01-007,GS:GS-A1-02-005,Google Scholar,GS-A1-02
REC-00007,GS:GS-A1-01-007,GS:GS-A3-01-002,Google Scholar,GS-A3-01
REC-00007,GS:GS-A1-01-007,GS:GS-D3-01-020,Google Scholar,GS-D3-01
REC-00008,GS:GS-A1-01-008,GS:GS-A1-02-004,Google Scholar,GS-A1-02
REC-00008,GS:GS-A1-01-008,GS:GS-A3-01-008,Google Scholar,GS-A3-01
REC-00008,GS:GS-A1-01-008,GS:GS-D1-02-040,Google Scholar,GS-D1-02
REC-00008,GS:GS-A1-01-008,GS:GS-D3-01-016,Google Scholar,GS-D3-01
REC-00009,GS:GS-A1-01-009,GS:GS-A1-02-001,Google Scholar,GS-A1-02
REC-00009,GS:GS-A1-01-009,GS:GS-A1-03-021,Google Scholar,GS-A1-03
REC-00009,GS:GS-A1-01-009,GS:GS-A1-04-017,Google Scholar,GS-A1-04
REC-00009,GS:GS-A1-01-009,GS:GS-A3-01-015,Google Scholar,GS-A3-01
REC-00009,GS:GS-A1-01-009,GS:GS-A3-03-028,Google Scholar,GS-A3-03
REC-00009,GS:GS-A1-01-009,GS:GS-B2-03-043,Google Scholar,GS-B2-03
REC-00009,GS:GS-A1-01-009,GS:GS-D3-01-001,Google Scholar,GS-D3-01
REC-00009,GS:GS-A1-01-009,ARX:FORMAL-ARXIV-V12-Q-A1:2601.21123v2,arXiv,Q-A1
REC-00009,GS:GS-A1-01-009,ARX:FORMAL-ARXIV-V12-Q-A3:2601.21123v2,arXiv,Q-A3
REC-00009,GS:GS-A1-01-009,ARX:FORMAL-ARXIV-V12-Q-D3:2601.21123v2,arXiv,Q-D3
REC-00010,GS:GS-A1-01-010,GS:GS-A1-02-014,Google Scholar,GS-A1-02
REC-00010,GS:GS-A1-01-010,GS:GS-A3-01-028,Google Scholar,GS-A3-01
REC-00010,GS:GS-A1-01-010,GS:GS-B1-01-008,Google Scholar,GS-B1-01
REC-00010,GS:GS-A1-01-010,GS:GS-B2-02-019,Google Scholar,GS-B2-02
REC-00010,GS:GS-A1-01-010,GS:GS-B2-03-018,Google Scholar,GS-B2-03
REC-00010,GS:GS-A1-01-010,GS:GS-C2-03-092,Google Scholar,GS-C2-03
REC-00010,GS:GS-A1-01-010,GS:GS-D1-01-004,Google Scholar,GS-D1-01
REC-00010,GS:GS-A1-01-010,GS:GS-D2-01-001,Google Scholar,GS-D2-01
REC-00011,GS:GS-A1-01-011,GS:GS-A3-01-071,Google Scholar,GS-A3-01
REC-00011,GS:GS-A1-01-011,ARX:FORMAL-ARXIV-V12-Q-A1:2503.12532v2,arXiv,Q-A1
REC-00011,GS:GS-A1-01-011,ARX:FORMAL-ARXIV-V12-Q-D1:2503.12532v2,arXiv,Q-D1
REC-00012,GS:GS-A1-01-012,GS:GS-A1-01-065,Google Scholar,GS-A1-01
REC-00012,GS:GS-A1-01-012,GS:GS-A2S-02-059,Google Scholar,GS-A2S-02
REC-00012,GS:GS-A1-01-012,GS:GS-A3-01-061,Google Scholar,GS-A3-01
REC-00012,GS:GS-A1-01-012,GS:GS-B2-03-044,Google Scholar,GS-B2-03
REC-00012,GS:GS-A1-01-012,ARX:FORMAL-ARXIV-V12-Q-A1:2508.04037v2,arXiv,Q-A1
REC-00012,GS:GS-A1-01-012,ARX:FORMAL-ARXIV-V12-Q-A3:2508.04037v2,arXiv,Q-A3
REC-00012,GS:GS-A1-01-012,ARX:FORMAL-ARXIV-V12-Q-D1:2508.04037v2,arXiv,Q-D1
REC-00013,GS:GS-A1-01-013,GS:GS-A1-02-075,Google Scholar,GS-A1-02
REC-00013,GS:GS-A1-01-013,GS:GS-A1-04-011,Google Scholar,GS-A1-04
REC-00013,GS:GS-A1-01-013,GS:GS-A3-01-007,Google Scholar,GS-A3-01
REC-00013,GS:GS-A1-01-013,GS:GS-A3-03-005,Google Scholar,GS-A3-03
REC-00013,GS:GS-A1-01-013,GS:GS-B1-01-012,Google Scholar,GS-B1-01
REC-00013,GS:GS-A1-01-013,GS:GS-B2-03-017,Google Scholar,GS-B2-03
REC-00013,GS:GS-A1-01-013,GS:GS-D1-01-005,Google Scholar,GS-D1-01
REC-00013,GS:GS-A1-01-013,GS:GS-D1-02-007,Google Scholar,GS-D1-02
REC-00013,GS:GS-A1-01-013,GS:GS-D2-01-004,Google Scholar,GS-D2-01
REC-00013,GS:GS-A1-01-013,GS:GS-D3-01-035,Google Scholar,GS-D3-01
REC-00013,GS:GS-A1-01-013,ARX:FORMAL-ARXIV-V12-Q-A1:2510.06607v2,arXiv,Q-A1
REC-00013,GS:GS-A1-01-013,ARX:FORMAL-ARXIV-V12-Q-A3:2510.06607v2,arXiv,Q-A3
REC-00013,GS:GS-A1-01-013,ARX:FORMAL-ARXIV-V12-Q-D2:2510.06607v2,arXiv,Q-D2
REC-00014,GS:GS-A1-01-014,GS:GS-A3-01-016,Google Scholar,GS-A3-01
REC-00014,GS:GS-A1-01-014,GS:GS-D1-01-020,Google Scholar,GS-D1-01
REC-00014,GS:GS-A1-01-014,GS:GS-D1-02-020,Google Scholar,GS-D1-02
REC-00014,GS:GS-A1-01-014,GS:GS-D3-01-008,Google Scholar,GS-D3-01
REC-00014,GS:GS-A1-01-014,ARX:FORMAL-ARXIV-V12-Q-A1:2606.01533v1,arXiv,Q-A1
REC-00014,GS:GS-A1-01-014,ARX:FORMAL-ARXIV-V12-Q-A3:2606.01533v1,arXiv,Q-A3
REC-00015,GS:GS-A1-01-015,GS:GS-A1-02-016,Google Scholar,GS-A1-02
REC-00015,GS:GS-A1-01-015,GS:GS-A2S-02-024,Google Scholar,GS-A2S-02
REC-00015,GS:GS-A1-01-015,GS:GS-A3-01-038,Google Scholar,GS-A3-01
REC-00015,GS:GS-A1-01-015,ARX:FORMAL-ARXIV-V12-Q-A1:2606.18448v1,arXiv,Q-A1
REC-00015,GS:GS-A1-01-015,ARX:FORMAL-ARXIV-V12-Q-A3:2606.18448v1,arXiv,Q-A3
REC-00015,GS:GS-A1-01-015,ARX:FORMAL-ARXIV-V12-Q-B4:2606.18448v1,arXiv,Q-B4
REC-00015,GS:GS-A1-01-015,ARX:FORMAL-ARXIV-V12-Q-C3:2606.18448v1,arXiv,Q-C3
REC-00015,GS:GS-A1-01-015,ARX:FORMAL-ARXIV-V12-Q-D1:2606.18448v1,arXiv,Q-D1
REC-00016,GS:GS-A1-01-016,GS:GS-A3-01-035,Google Scholar,GS-A3-01
REC-00016,GS:GS-A1-01-016,GS:GS-D2-01-024,Google Scholar,GS-D2-01
REC-00016,GS:GS-A1-01-016,GS:GS-D3-01-012,Google Scholar,GS-D3-01
REC-00016,GS:GS-A1-01-016,ARX:FORMAL-ARXIV-V12-Q-A1:2604.17849v1,arXiv,Q-A1
REC-00016,GS:GS-A1-01-016,ARX:FORMAL-ARXIV-V12-Q-A3:2604.17849v1,arXiv,Q-A3
REC-00017,GS:GS-A1-01-017,GS:GS-A1-02-036,Google Scholar,GS-A1-02
REC-00017,GS:GS-A1-01-017,GS:GS-A3-01-026,Google Scholar,GS-A3-01
REC-00017,GS:GS-A1-01-017,GS:GS-D1-02-046,Google Scholar,GS-D1-02
REC-00017,GS:GS-A1-01-017,ARX:FORMAL-ARXIV-V12-Q-A1:2604.06240v1,arXiv,Q-A1
REC-00017,GS:GS-A1-01-017,ARX:FORMAL-ARXIV-V12-Q-A3:2604.06240v1,arXiv,Q-A3
REC-00017,GS:GS-A1-01-017,ARX:FORMAL-ARXIV-V12-Q-D1:2604.06240v1,arXiv,Q-D1
REC-00018,GS:GS-A1-01-018,GS:GS-A3-01-011,Google Scholar,GS-A3-01
REC-00018,GS:GS-A1-01-018,GS:GS-B1-01-031,Google Scholar,GS-B1-01
REC-00018,GS:GS-A1-01-018,GS:GS-B2-02-059,Google Scholar,GS-B2-02
REC-00018,GS:GS-A1-01-018,GS:GS-B2-03-005,Google Scholar,GS-B2-03
REC-00018,GS:GS-A1-01-018,GS:GS-D1-01-013,Google Scholar,GS-D1-01
REC-00018,GS:GS-A1-01-018,GS:GS-D1-02-016,Google Scholar,GS-D1-02
REC-00018,GS:GS-A1-01-018,GS:GS-D3-01-043,Google Scholar,GS-D3-01
REC-00018,GS:GS-A1-01-018,ARX:FORMAL-ARXIV-V12-Q-A1:2605.25707v1,arXiv,Q-A1
REC-00018,GS:GS-A1-01-018,ARX:FORMAL-ARXIV-V12-Q-A3:2605.25707v1,arXiv,Q-A3
REC-00019,GS:GS-A1-01-020,GS:GS-A1-03-080,Google Scholar,GS-A1-03
REC-00019,GS:GS-A1-01-020,GS:GS-A3-01-040,Google Scholar,GS-A3-01
REC-00019,GS:GS-A1-01-020,GS:GS-D1-02-018,Google Scholar,GS-D1-02
REC-00019,GS:GS-A1-01-020,GS:GS-D3-01-018,Google Scholar,GS-D3-01
REC-00020,GS:GS-A1-01-021,GS:GS-A3-01-031,Google Scholar,GS-A3-01
REC-00020,GS:GS-A1-01-021,GS:GS-D3-01-006,Google Scholar,GS-D3-01
REC-00020,GS:GS-A1-01-021,ARX:FORMAL-ARXIV-V12-Q-A1:2603.07978v1,arXiv,Q-A1
REC-00020,GS:GS-A1-01-021,ARX:FORMAL-ARXIV-V12-Q-A3:2603.07978v1,arXiv,Q-A3
REC-00020,GS:GS-A1-01-021,ARX:FORMAL-ARXIV-V12-Q-D1:2603.07978v1,arXiv,Q-D1
REC-00021,GS:GS-A1-01-022,GS:GS-A3-01-036,Google Scholar,GS-A3-01
REC-00021,GS:GS-A1-01-022,GS:GS-B1-01-007,Google Scholar,GS-B1-01
REC-00021,GS:GS-A1-01-022,GS:GS-B1-03-003,Google Scholar,GS-B1-03
REC-00021,GS:GS-A1-01-022,GS:GS-B2-03-003,Google Scholar,GS-B2-03
REC-00021,GS:GS-A1-01-022,GS:GS-D1-01-003,Google Scholar,GS-D1-01
REC-00021,GS:GS-A1-01-022,GS:GS-D2-01-002,Google Scholar,GS-D2-01
REC-00021,GS:GS-A1-01-022,GS:GS-D3-01-024,Google Scholar,GS-D3-01
REC-00021,GS:GS-A1-01-022,ARX:FORMAL-ARXIV-V12-Q-A1:2601.09923v3,arXiv,Q-A1
REC-00021,GS:GS-A1-01-022,ARX:FORMAL-ARXIV-V12-Q-B1:2601.09923v3,arXiv,Q-B1
REC-00021,GS:GS-A1-01-022,ARX:FORMAL-ARXIV-V12-Q-D2:2601.09923v3,arXiv,Q-D2
REC-00021,GS:GS-A1-01-022,ARX:FORMAL-ARXIV-V12-Q-S0:2601.09923v3,arXiv,Q-S0
REC-00022,GS:GS-A1-01-023,GS:GS-A3-01-012,Google Scholar,GS-A3-01
REC-00022,GS:GS-A1-01-023,GS:GS-D3-01-033,Google Scholar,GS-D3-01
REC-00022,GS:GS-A1-01-023,ARX:FORMAL-ARXIV-V12-Q-A1:2511.17131v1,arXiv,Q-A1
REC-00022,GS:GS-A1-01-023,ARX:FORMAL-ARXIV-V12-Q-A3:2511.17131v1,arXiv,Q-A3
REC-00023,GS:GS-A1-01-024,GS:GS-A3-01-041,Google Scholar,GS-A3-01
REC-00023,GS:GS-A1-01-024,GS:GS-D3-01-054,Google Scholar,GS-D3-01
REC-00023,GS:GS-A1-01-024,ARX:FORMAL-ARXIV-V12-Q-A1:2604.09937v1,arXiv,Q-A1
REC-00023,GS:GS-A1-01-024,ARX:FORMAL-ARXIV-V12-Q-A3:2604.09937v1,arXiv,Q-A3
REC-00023,GS:GS-A1-01-024,ARX:FORMAL-ARXIV-V12-Q-C3:2604.09937v1,arXiv,Q-C3
REC-00023,GS:GS-A1-01-024,ARX:FORMAL-ARXIV-V12-Q-D1:2604.09937v1,arXiv,Q-D1
REC-00024,GS:GS-A1-01-025,GS:GS-B1-01-042,Google Scholar,GS-B1-01
REC-00024,GS:GS-A1-01-025,GS:GS-B2-03-016,Google Scholar,GS-B2-03
REC-00024,GS:GS-A1-01-025,GS:GS-D3-01-014,Google Scholar,GS-D3-01
REC-00024,GS:GS-A1-01-025,GS:GS-D3-03-002,Google Scholar,GS-D3-03
REC-00024,GS:GS-A1-01-025,ARX:FORMAL-ARXIV-V12-Q-A1:2604.04918v1,arXiv,Q-A1
REC-00024,GS:GS-A1-01-025,ARX:FORMAL-ARXIV-V12-Q-A3:2604.04918v1,arXiv,Q-A3
REC-00024,GS:GS-A1-01-025,ARX:FORMAL-ARXIV-V12-Q-D3:2604.04918v1,arXiv,Q-D3
REC-00025,GS:GS-A1-01-026,GS:GS-A3-01-023,Google Scholar,GS-A3-01
REC-00025,GS:GS-A1-01-026,GS:GS-B1-01-058,Google Scholar,GS-B1-01
REC-00025,GS:GS-A1-01-026,GS:GS-D1-01-037,Google Scholar,GS-D1-01
REC-00025,GS:GS-A1-01-026,GS:GS-D2-01-031,Google Scholar,GS-D2-01
REC-00025,GS:GS-A1-01-026,GS:GS-D3-01-007,Google Scholar,GS-D3-01
REC-00025,GS:GS-A1-01-026,ARX:FORMAL-ARXIV-V12-Q-A1:2511.19663v1,arXiv,Q-A1
REC-00025,GS:GS-A1-01-026,ARX:FORMAL-ARXIV-V12-Q-A3:2511.19663v1,arXiv,Q-A3
REC-00025,GS:GS-A1-01-026,ARX:FORMAL-ARXIV-V12-Q-D1:2511.19663v1,arXiv,Q-D1
REC-00026,GS:GS-A1-01-027,GS:GS-A3-01-034,Google Scholar,GS-A3-01
REC-00026,GS:GS-A1-01-027,ARX:FORMAL-ARXIV-V12-Q-A1:2510.02250v2,arXiv,Q-A1
REC-00026,GS:GS-A1-01-027,ARX:FORMAL-ARXIV-V12-Q-A3:2510.02250v2,arXiv,Q-A3
REC-00027,GS:GS-A1-01-028,GS:GS-A1-02-012,Google Scholar,GS-A1-02
REC-00027,GS:GS-A1-01-028,GS:GS-A1-04-014,Google Scholar,GS-A1-04
REC-00027,GS:GS-A1-01-028,GS:GS-A2W-03-055,Google Scholar,GS-A2W-03
REC-00027,GS:GS-A1-01-028,GS:GS-A3-01-046,Google Scholar,GS-A3-01
REC-00027,GS:GS-A1-01-028,GS:GS-B1-01-010,Google Scholar,GS-B1-01
REC-00027,GS:GS-A1-01-028,GS:GS-B2-02-037,Google Scholar,GS-B2-02
REC-00027,GS:GS-A1-01-028,GS:GS-B2-03-019,Google Scholar,GS-B2-03
REC-00027,GS:GS-A1-01-028,GS:GS-C3-03-064,Google Scholar,GS-C3-03
REC-00027,GS:GS-A1-01-028,GS:GS-D1-01-008,Google Scholar,GS-D1-01
REC-00027,GS:GS-A1-01-028,GS:GS-D2-01-003,Google Scholar,GS-D2-01
REC-00027,GS:GS-A1-01-028,GS:GS-D2-03-087,Google Scholar,GS-D2-03
REC-00027,GS:GS-A1-01-028,ARX:FORMAL-ARXIV-V12-Q-A1:2509.22256v4,arXiv,Q-A1
REC-00027,GS:GS-A1-01-028,ARX:FORMAL-ARXIV-V12-Q-A3:2509.22256v4,arXiv,Q-A3
REC-00027,GS:GS-A1-01-028,ARX:FORMAL-ARXIV-V12-Q-C3:2509.22256v4,arXiv,Q-C3
REC-00027,GS:GS-A1-01-028,ARX:FORMAL-ARXIV-V12-Q-D2:2509.22256v4,arXiv,Q-D2
REC-00027,GS:GS-A1-01-028,ARX:FORMAL-ARXIV-V12-Q-S0:2509.22256v4,arXiv,Q-S0
REC-00028,GS:GS-A1-01-029,GS:GS-A1-03-050,Google Scholar,GS-A1-03
REC-00028,GS:GS-A1-01-029,GS:GS-A1-03-054,Google Scholar,GS-A1-03
REC-00028,GS:GS-A1-01-029,GS:GS-A3-01-042,Google Scholar,GS-A3-01
REC-00028,GS:GS-A1-01-029,GS:GS-A3-02-044,Google Scholar,GS-A3-02
REC-00028,GS:GS-A1-01-029,GS:GS-A3-02-092,Google Scholar,GS-A3-02
REC-00028,GS:GS-A1-01-029,GS:GS-D1-02-051,Google Scholar,GS-D1-02
REC-00028,GS:GS-A1-01-029,ARX:FORMAL-ARXIV-V12-Q-A1:2511.15567v1,arXiv,Q-A1
REC-00028,GS:GS-A1-01-029,ARX:FORMAL-ARXIV-V12-Q-A3:2511.15567v1,arXiv,Q-A3
REC-00028,GS:GS-A1-01-029,ARX:FORMAL-ARXIV-V12-Q-D1:2511.15567v1,arXiv,Q-D1
REC-00029,GS:GS-A1-01-030,GS:GS-A1-02-045,Google Scholar,GS-A1-02
REC-00029,GS:GS-A1-01-030,GS:GS-A3-01-055,Google Scholar,GS-A3-01
REC-00029,GS:GS-A1-01-030,GS:GS-D1-01-050,Google Scholar,GS-D1-01
REC-00029,GS:GS-A1-01-030,GS:GS-D3-01-021,Google Scholar,GS-D3-01
REC-00029,GS:GS-A1-01-030,ARX:FORMAL-ARXIV-V12-Q-A1:2505.21964v2,arXiv,Q-A1
REC-00029,GS:GS-A1-01-030,ARX:FORMAL-ARXIV-V12-Q-A3:2505.21964v2,arXiv,Q-A3
REC-00030,GS:GS-A1-01-031,GS:GS-A1-02-018,Google Scholar,GS-A1-02
REC-00030,GS:GS-A1-01-031,GS:GS-A1-03-055,Google Scholar,GS-A1-03
REC-00030,GS:GS-A1-01-031,GS:GS-A3-01-050,Google Scholar,GS-A3-01
REC-00030,GS:GS-A1-01-031,GS:GS-D1-01-048,Google Scholar,GS-D1-01
REC-00030,GS:GS-A1-01-031,GS:GS-D1-02-060,Google Scholar,GS-D1-02
REC-00031,GS:GS-A1-01-032,GS:GS-A3-01-077,Google Scholar,GS-A3-01
REC-00031,GS:GS-A1-01-032,GS:GS-B1-01-051,Google Scholar,GS-B1-01
REC-00031,GS:GS-A1-01-032,GS:GS-B2-03-020,Google Scholar,GS-B2-03
REC-00031,GS:GS-A1-01-032,GS:GS-D1-01-033,Google Scholar,GS-D1-01
REC-00031,GS:GS-A1-01-032,GS:GS-D1-02-009,Google Scholar,GS-D1-02
REC-00031,GS:GS-A1-01-032,GS:GS-D2-01-019,Google Scholar,GS-D2-01
REC-00031,GS:GS-A1-01-032,GS:GS-D3-01-005,Google Scholar,GS-D3-01
REC-00031,GS:GS-A1-01-032,ARX:FORMAL-ARXIV-V12-Q-A1:2603.28551v2,arXiv,Q-A1
REC-00031,GS:GS-A1-01-032,ARX:FORMAL-ARXIV-V12-Q-B3:2603.28551v2,arXiv,Q-B3
REC-00031,GS:GS-A1-01-032,ARX:FORMAL-ARXIV-V12-Q-C3:2603.28551v2,arXiv,Q-C3
REC-00031,GS:GS-A1-01-032,ARX:FORMAL-ARXIV-V12-Q-D1:2603.28551v2,arXiv,Q-D1
REC-00031,GS:GS-A1-01-032,ARX:FORMAL-ARXIV-V12-Q-D2:2603.28551v2,arXiv,Q-D2
REC-00031,GS:GS-A1-01-032,ARX:FORMAL-ARXIV-V12-Q-S0:2603.28551v2,arXiv,Q-S0
REC-00032,GS:GS-A1-01-033,GS:GS-A3-01-048,Google Scholar,GS-A3-01
REC-00032,GS:GS-A1-01-033,GS:GS-B1-01-032,Google Scholar,GS-B1-01
REC-00032,GS:GS-A1-01-033,GS:GS-B2-02-028,Google Scholar,GS-B2-02
REC-00032,GS:GS-A1-01-033,GS:GS-B2-03-006,Google Scholar,GS-B2-03
REC-00032,GS:GS-A1-01-033,GS:GS-D1-01-006,Google Scholar,GS-D1-01
REC-00032,GS:GS-A1-01-033,GS:GS-D2-01-018,Google Scholar,GS-D2-01
REC-00032,GS:GS-A1-01-033,GS:GS-D3-01-015,Google Scholar,GS-D3-01
REC-00033,GS:GS-A1-01-034,GS:GS-A3-01-059,Google Scholar,GS-A3-01
REC-00033,GS:GS-A1-01-034,ARX:FORMAL-ARXIV-V12-Q-A1:2510.17790v3,arXiv,Q-A1
REC-00033,GS:GS-A1-01-034,ARX:FORMAL-ARXIV-V12-Q-A3:2510.17790v3,arXiv,Q-A3
REC-00033,GS:GS-A1-01-034,ARX:FORMAL-ARXIV-V12-Q-D1:2510.17790v3,arXiv,Q-D1
REC-00034,GS:GS-A1-01-035,GS:GS-A1-05-069,Google Scholar,GS-A1-05
REC-00034,GS:GS-A1-01-035,GS:GS-A3-01-032,Google Scholar,GS-A3-01
REC-00034,GS:GS-A1-01-035,GS:GS-D1-01-041,Google Scholar,GS-D1-01
REC-00034,GS:GS-A1-01-035,GS:GS-D1-02-050,Google Scholar,GS-D1-02
REC-00034,GS:GS-A1-01-035,ARX:FORMAL-ARXIV-V12-Q-A1:2604.26020v1,arXiv,Q-A1
REC-00035,GS:GS-A1-01-036,GS:GS-A3-01-027,Google Scholar,GS-A3-01
REC-00035,GS:GS-A1-01-036,GS:GS-A3-02-080,Google Scholar,GS-A3-02
REC-00035,GS:GS-A1-01-036,ARX:FORMAL-ARXIV-V12-Q-A1:2605.19769v1,arXiv,Q-A1
REC-00035,GS:GS-A1-01-036,ARX:FORMAL-ARXIV-V12-Q-A3:2605.19769v1,arXiv,Q-A3
REC-00035,GS:GS-A1-01-036,ARX:FORMAL-ARXIV-V12-Q-D1:2605.19769v1,arXiv,Q-D1
REC-00036,GS:GS-A1-01-037,GS:GS-A3-01-052,Google Scholar,GS-A3-01
REC-00036,GS:GS-A1-01-037,GS:GS-B1-01-020,Google Scholar,GS-B1-01
REC-00036,GS:GS-A1-01-037,GS:GS-B2-03-014,Google Scholar,GS-B2-03
REC-00036,GS:GS-A1-01-037,GS:GS-D1-01-011,Google Scholar,GS-D1-01
REC-00036,GS:GS-A1-01-037,GS:GS-D1-02-008,Google Scholar,GS-D1-02
REC-00036,GS:GS-A1-01-037,GS:GS-D2-01-011,Google Scholar,GS-D2-01
REC-00036,GS:GS-A1-01-037,GS:GS-D3-01-019,Google Scholar,GS-D3-01
REC-00036,GS:GS-A1-01-037,ARX:FORMAL-ARXIV-V12-Q-A1:2606.23189v1,arXiv,Q-A1
REC-00037,GS:GS-A1-01-038,GS:GS-A1-02-011,Google Scholar,GS-A1-02
REC-00037,GS:GS-A1-01-038,GS:GS-A3-01-072,Google Scholar,GS-A3-01
REC-00037,GS:GS-A1-01-038,GS:GS-B1-01-036,Google Scholar,GS-B1-01
REC-00037,GS:GS-A1-01-038,GS:GS-B2-03-025,Google Scholar,GS-B2-03
REC-00037,GS:GS-A1-01-038,GS:GS-D1-01-060,Google Scholar,GS-D1-01
REC-00037,GS:GS-A1-01-038,GS:GS-D1-02-035,Google Scholar,GS-D1-02
REC-00037,GS:GS-A1-01-038,GS:GS-D2-01-022,Google Scholar,GS-D2-01
REC-00038,GS:GS-A1-01-039,GS:GS-A1-02-033,Google Scholar,GS-A1-02
REC-00038,GS:GS-A1-01-039,GS:GS-A3-01-063,Google Scholar,GS-A3-01
REC-00038,GS:GS-A1-01-039,GS:GS-B2-03-060,Google Scholar,GS-B2-03
REC-00038,GS:GS-A1-01-039,GS:GS-D2-01-045,Google Scholar,GS-D2-01
REC-00038,GS:GS-A1-01-039,GS:GS-D3-01-027,Google Scholar,GS-D3-01
REC-00038,GS:GS-A1-01-039,ARX:FORMAL-ARXIV-V12-Q-A1:2602.02995v1,arXiv,Q-A1
REC-00038,GS:GS-A1-01-039,ARX:FORMAL-ARXIV-V12-Q-A3:2602.02995v1,arXiv,Q-A3
REC-00038,GS:GS-A1-01-039,ARX:FORMAL-ARXIV-V12-Q-D2:2602.02995v1,arXiv,Q-D2
REC-00038,GS:GS-A1-01-039,ARX:FORMAL-ARXIV-V12-Q-D3:2602.02995v1,arXiv,Q-D3
REC-00039,GS:GS-A1-01-040,GS:GS-A1-02-025,Google Scholar,GS-A1-02
REC-00039,GS:GS-A1-01-040,GS:GS-A3-01-033,Google Scholar,GS-A3-01
REC-00039,GS:GS-A1-01-040,GS:GS-D1-01-054,Google Scholar,GS-D1-01
REC-00039,GS:GS-A1-01-040,GS:GS-D3-01-042,Google Scholar,GS-D3-01
REC-00040,GS:GS-A1-01-041,GS:GS-A1-02-058,Google Scholar,GS-A1-02
REC-00040,GS:GS-A1-01-041,GS:GS-A3-01-083,Google Scholar,GS-A3-01
REC-00040,GS:GS-A1-01-041,GS:GS-B1-01-009,Google Scholar,GS-B1-01
REC-00040,GS:GS-A1-01-041,GS:GS-B1-03-010,Google Scholar,GS-B1-03
REC-00040,GS:GS-A1-01-041,GS:GS-B2-01-063,Google Scholar,GS-B2-01
REC-00040,GS:GS-A1-01-041,GS:GS-B2-03-002,Google Scholar,GS-B2-03
REC-00040,GS:GS-A1-01-041,GS:GS-D1-01-015,Google Scholar,GS-D1-01
REC-00040,GS:GS-A1-01-041,GS:GS-D1-02-003,Google Scholar,GS-D1-02
REC-00040,GS:GS-A1-01-041,GS:GS-D2-01-010,Google Scholar,GS-D2-01
REC-00040,GS:GS-A1-01-041,ARX:FORMAL-ARXIV-V12-Q-A1:2507.05445v1,arXiv,Q-A1
REC-00040,GS:GS-A1-01-041,ARX:FORMAL-ARXIV-V12-Q-B1:2507.05445v1,arXiv,Q-B1
REC-00040,GS:GS-A1-01-041,ARX:FORMAL-ARXIV-V12-Q-C1:2507.05445v1,arXiv,Q-C1
REC-00040,GS:GS-A1-01-041,ARX:FORMAL-ARXIV-V12-Q-D1:2507.05445v1,arXiv,Q-D1
REC-00040,GS:GS-A1-01-041,ARX:FORMAL-ARXIV-V12-Q-S0:2507.05445v1,arXiv,Q-S0
REC-00041,GS:GS-A1-01-042,GS:GS-A3-01-025,Google Scholar,GS-A3-01
REC-00041,GS:GS-A1-01-042,GS:GS-A3-02-090,Google Scholar,GS-A3-02
REC-00041,GS:GS-A1-01-042,GS:GS-D3-01-032,Google Scholar,GS-D3-01
REC-00042,GS:GS-A1-01-043,GS:GS-A3-01-010,Google Scholar,GS-A3-01
REC-00042,GS:GS-A1-01-043,GS:GS-B1-01-030,Google Scholar,GS-B1-01
REC-00042,GS:GS-A1-01-043,GS:GS-D1-01-007,Google Scholar,GS-D1-01
REC-00042,GS:GS-A1-01-043,GS:GS-D1-02-010,Google Scholar,GS-D1-02
REC-00042,GS:GS-A1-01-043,GS:GS-D2-01-023,Google Scholar,GS-D2-01
REC-00042,GS:GS-A1-01-043,ARX:FORMAL-ARXIV-V12-Q-A1:2604.02947v1,arXiv,Q-A1
REC-00042,GS:GS-A1-01-043,ARX:FORMAL-ARXIV-V12-Q-A2S:2604.02947v1,arXiv,Q-A2S
REC-00042,GS:GS-A1-01-043,ARX:FORMAL-ARXIV-V12-Q-A3:2604.02947v1,arXiv,Q-A3
REC-00042,GS:GS-A1-01-043,ARX:FORMAL-ARXIV-V12-Q-D1:2604.02947v1,arXiv,Q-D1
REC-00042,GS:GS-A1-01-043,ARX:FORMAL-ARXIV-V12-Q-D3:2604.02947v1,arXiv,Q-D3
REC-00043,GS:GS-A1-01-044,GS:GS-A1-02-019,Google Scholar,GS-A1-02
REC-00043,GS:GS-A1-01-044,GS:GS-A1-03-071,Google Scholar,GS-A1-03
REC-00043,GS:GS-A1-01-044,GS:GS-A1-04-055,Google Scholar,GS-A1-04
REC-00043,GS:GS-A1-01-044,GS:GS-A3-01-047,Google Scholar,GS-A3-01
REC-00043,GS:GS-A1-01-044,GS:GS-A3-03-057,Google Scholar,GS-A3-03
REC-00043,GS:GS-A1-01-044,GS:GS-B2-03-075,Google Scholar,GS-B2-03
REC-00043,GS:GS-A1-01-044,GS:GS-D3-01-009,Google Scholar,GS-D3-01
REC-00044,GS:GS-A1-01-045,GS:GS-A1-02-030,Google Scholar,GS-A1-02
REC-00044,GS:GS-A1-01-045,GS:GS-A2W-03-074,Google Scholar,GS-A2W-03
REC-00044,GS:GS-A1-01-045,GS:GS-A3-01-017,Google Scholar,GS-A3-01
REC-00044,GS:GS-A1-01-045,GS:GS-A3-02-019,Google Scholar,GS-A3-02
REC-00044,GS:GS-A1-01-045,GS:GS-D3-01-017,Google Scholar,GS-D3-01
REC-00044,GS:GS-A1-01-045,ARX:FORMAL-ARXIV-V12-Q-A1:2607.28367v1,arXiv,Q-A1
REC-00044,GS:GS-A1-01-045,ARX:FORMAL-ARXIV-V12-Q-A3:2607.28367v1,arXiv,Q-A3
REC-00044,GS:GS-A1-01-045,ARX:FORMAL-ARXIV-V12-Q-D1:2607.28367v1,arXiv,Q-D1
REC-00045,GS:GS-A1-01-047,GS:GS-A1-02-002,Google Scholar,GS-A1-02
REC-00045,GS:GS-A1-01-047,GS:GS-A2S-01-014,Google Scholar,GS-A2S-01
REC-00045,GS:GS-A1-01-047,GS:GS-A3-01-066,Google Scholar,GS-A3-01
REC-00045,GS:GS-A1-01-047,GS:GS-D1-01-062,Google Scholar,GS-D1-01
REC-00045,GS:GS-A1-01-047,GS:GS-D1-02-043,Google Scholar,GS-D1-02
REC-00045,GS:GS-A1-01-047,GS:GS-D3-01-029,Google Scholar,GS-D3-01
REC-00046,GS:GS-A1-01-048,GS:GS-A1-02-077,Google Scholar,GS-A1-02
REC-00046,GS:GS-A1-01-048,GS:GS-A3-01-001,Google Scholar,GS-A3-01
REC-00046,GS:GS-A1-01-048,GS:GS-B1-01-002,Google Scholar,GS-B1-01
REC-00046,GS:GS-A1-01-048,GS:GS-B2-03-022,Google Scholar,GS-B2-03
REC-00046,GS:GS-A1-01-048,GS:GS-D1-01-002,Google Scholar,GS-D1-01
REC-00046,GS:GS-A1-01-048,GS:GS-D1-02-031,Google Scholar,GS-D1-02
REC-00046,GS:GS-A1-01-048,GS:GS-D2-01-012,Google Scholar,GS-D2-01
REC-00046,GS:GS-A1-01-048,GS:GS-D3-01-023,Google Scholar,GS-D3-01
REC-00047,GS:GS-A1-01-049,GS:GS-A3-01-073,Google Scholar,GS-A3-01
REC-00047,GS:GS-A1-01-049,GS:GS-D3-01-003,Google Scholar,GS-D3-01
REC-00047,GS:GS-A1-01-049,ARX:FORMAL-ARXIV-V12-Q-A1:2604.27151v1,arXiv,Q-A1
REC-00047,GS:GS-A1-01-049,ARX:FORMAL-ARXIV-V12-Q-A3:2604.27151v1,arXiv,Q-A3
REC-00047,GS:GS-A1-01-049,ARX:FORMAL-ARXIV-V12-Q-D2:2604.27151v1,arXiv,Q-D2
REC-00047,GS:GS-A1-01-049,ARX:FORMAL-ARXIV-V12-Q-D3:2604.27151v1,arXiv,Q-D3
REC-00048,GS:GS-A1-01-050,GS:GS-A1-03-018,Google Scholar,GS-A1-03
REC-00048,GS:GS-A1-01-050,GS:GS-A3-01-056,Google Scholar,GS-A3-01
REC-00048,GS:GS-A1-01-050,GS:GS-A3-02-032,Google Scholar,GS-A3-02
REC-00048,GS:GS-A1-01-050,GS:GS-D1-02-083,Google Scholar,GS-D1-02
REC-00049,GS:GS-A1-01-051,GS:GS-A3-01-006,Google Scholar,GS-A3-01
REC-00049,GS:GS-A1-01-051,GS:GS-D1-01-019,Google Scholar,GS-D1-01
REC-00049,GS:GS-A1-01-051,GS:GS-D3-01-064,Google Scholar,GS-D3-01
REC-00049,GS:GS-A1-01-051,ARX:FORMAL-ARXIV-V12-Q-A1:2506.07672v1,arXiv,Q-A1
REC-00049,GS:GS-A1-01-051,ARX:FORMAL-ARXIV-V12-Q-A3:2506.07672v1,arXiv,Q-A3
REC-00049,GS:GS-A1-01-051,ARX:FORMAL-ARXIV-V12-Q-D1:2506.07672v1,arXiv,Q-D1
REC-00050,GS:GS-A1-01-052,GS:GS-A1-02-027,Google Scholar,GS-A1-02
REC-00050,GS:GS-A1-01-052,GS:GS-A3-01-062,Google Scholar,GS-A3-01
REC-00050,GS:GS-A1-01-052,ARX:FORMAL-ARXIV-V12-Q-A1:2511.20067v1,arXiv,Q-A1
REC-00050,GS:GS-A1-01-052,ARX:FORMAL-ARXIV-V12-Q-A3:2511.20067v1,arXiv,Q-A3
REC-00050,GS:GS-A1-01-052,ARX:FORMAL-ARXIV-V12-Q-D2:2511.20067v1,arXiv,Q-D2
REC-00051,GS:GS-A1-01-053,GS:GS-A1-02-023,Google Scholar,GS-A1-02
REC-00051,GS:GS-A1-01-053,GS:GS-A3-01-045,Google Scholar,GS-A3-01
REC-00051,GS:GS-A1-01-053,GS:GS-D3-01-038,Google Scholar,GS-D3-01
REC-00051,GS:GS-A1-01-053,ARX:FORMAL-ARXIV-V12-Q-A1:2606.24515v1,arXiv,Q-A1
REC-00051,GS:GS-A1-01-053,ARX:FORMAL-ARXIV-V12-Q-A3:2606.24515v1,arXiv,Q-A3
REC-00053,GS:GS-A1-01-055,GS:GS-A2S-02-036,Google Scholar,GS-A2S-02
REC-00053,GS:GS-A1-01-055,GS:GS-A3-01-004,Google Scholar,GS-A3-01
REC-00053,GS:GS-A1-01-055,GS:GS-A3-02-071,Google Scholar,GS-A3-02
REC-00053,GS:GS-A1-01-055,GS:GS-B2-03-063,Google Scholar,GS-B2-03
REC-00053,GS:GS-A1-01-055,GS:GS-B4-04-047,Google Scholar,GS-B4-04
REC-00053,GS:GS-A1-01-055,GS:GS-D1-01-017,Google Scholar,GS-D1-01
REC-00054,GS:GS-A1-01-056,GS:GS-A3-01-054,Google Scholar,GS-A3-01
REC-00054,GS:GS-A1-01-056,GS:GS-B1-01-064,Google Scholar,GS-B1-01
REC-00054,GS:GS-A1-01-056,GS:GS-B2-03-056,Google Scholar,GS-B2-03
REC-00054,GS:GS-A1-01-056,GS:GS-D1-01-042,Google Scholar,GS-D1-01
REC-00054,GS:GS-A1-01-056,GS:GS-D1-02-053,Google Scholar,GS-D1-02
REC-00054,GS:GS-A1-01-056,GS:GS-D3-01-031,Google Scholar,GS-D3-01
REC-00054,GS:GS-A1-01-056,ARX:FORMAL-ARXIV-V12-Q-A1:2606.20785v2,arXiv,Q-A1
REC-00054,GS:GS-A1-01-056,ARX:FORMAL-ARXIV-V12-Q-A3:2606.20785v2,arXiv,Q-A3
REC-00054,GS:GS-A1-01-056,ARX:FORMAL-ARXIV-V12-Q-D1:2606.20785v2,arXiv,Q-D1
REC-00055,GS:GS-A1-01-057,GS:GS-A1-02-029,Google Scholar,GS-A1-02
REC-00055,GS:GS-A1-01-057,GS:GS-A1-03-013,Google Scholar,GS-A1-03
REC-00055,GS:GS-A1-01-057,GS:GS-A3-01-076,Google Scholar,GS-A3-01
REC-00055,GS:GS-A1-01-057,GS:GS-A3-02-047,Google Scholar,GS-A3-02
REC-00055,GS:GS-A1-01-057,GS:GS-D1-02-061,Google Scholar,GS-D1-02
REC-00055,GS:GS-A1-01-057,ARX:FORMAL-ARXIV-V12-Q-A1:2605.12481v1,arXiv,Q-A1
REC-00056,GS:GS-A1-01-058,GS:GS-A3-01-086,Google Scholar,GS-A3-01
REC-00056,GS:GS-A1-01-058,GS:GS-D1-01-068,Google Scholar,GS-D1-01
REC-00056,GS:GS-A1-01-058,GS:GS-D3-01-037,Google Scholar,GS-D3-01
REC-00056,GS:GS-A1-01-058,ARX:FORMAL-ARXIV-V12-Q-A1:2605.02729v1,arXiv,Q-A1
REC-00056,GS:GS-A1-01-058,ARX:FORMAL-ARXIV-V12-Q-A3:2605.02729v1,arXiv,Q-A3
REC-00057,GS:GS-A1-01-059,GS:GS-A1-02-082,Google Scholar,GS-A1-02
REC-00057,GS:GS-A1-01-059,GS:GS-A3-01-065,Google Scholar,GS-A3-01
REC-00057,GS:GS-A1-01-059,GS:GS-D1-01-057,Google Scholar,GS-D1-01
REC-00057,GS:GS-A1-01-059,GS:GS-D3-01-056,Google Scholar,GS-D3-01
REC-00057,GS:GS-A1-01-059,ARX:FORMAL-ARXIV-V12-Q-A1:2601.15876v2,arXiv,Q-A1
REC-00057,GS:GS-A1-01-059,ARX:FORMAL-ARXIV-V12-Q-A3:2601.15876v2,arXiv,Q-A3
REC-00057,GS:GS-A1-01-059,ARX:FORMAL-ARXIV-V12-Q-D1:2601.15876v2,arXiv,Q-D1
REC-00057,GS:GS-A1-01-059,ARX:FORMAL-ARXIV-V12-Q-D2:2601.15876v2,arXiv,Q-D2
REC-00058,GS:GS-A1-01-060,GS:GS-A1-05-079,Google Scholar,GS-A1-05
REC-00058,GS:GS-A1-01-060,GS:GS-A3-01-049,Google Scholar,GS-A3-01
REC-00058,GS:GS-A1-01-060,GS:GS-A3-02-087,Google Scholar,GS-A3-02
REC-00058,GS:GS-A1-01-060,GS:GS-B1-01-015,Google Scholar,GS-B1-01
REC-00058,GS:GS-A1-01-060,GS:GS-B2-01-076,Google Scholar,GS-B2-01
REC-00058,GS:GS-A1-01-060,GS:GS-B2-02-035,Google Scholar,GS-B2-02
REC-00058,GS:GS-A1-01-060,GS:GS-B2-03-008,Google Scholar,GS-B2-03
REC-00058,GS:GS-A1-01-060,GS:GS-C3-04-017,Google Scholar,GS-C3-04
REC-00058,GS:GS-A1-01-060,GS:GS-D1-01-012,Google Scholar,GS-D1-01
REC-00058,GS:GS-A1-01-060,GS:GS-D1-02-012,Google Scholar,GS-D1-02
REC-00058,GS:GS-A1-01-060,GS:GS-D2-01-015,Google Scholar,GS-D2-01
REC-00058,GS:GS-A1-01-060,GS:GS-D2-02-033,Google Scholar,GS-D2-02
REC-00058,GS:GS-A1-01-060,GS:GS-D3-01-013,Google Scholar,GS-D3-01
REC-00058,GS:GS-A1-01-060,GS:GS-D3-03-017,Google Scholar,GS-D3-03
REC-00059,GS:GS-A1-01-061,GS:GS-A1-02-022,Google Scholar,GS-A1-02
REC-00060,GS:GS-A1-01-062,GS:GS-A3-01-014,Google Scholar,GS-A3-01
REC-00060,GS:GS-A1-01-062,GS:GS-B1-01-079,Google Scholar,GS-B1-01
REC-00060,GS:GS-A1-01-062,GS:GS-B2-03-067,Google Scholar,GS-B2-03
REC-00060,GS:GS-A1-01-062,GS:GS-D1-01-025,Google Scholar,GS-D1-01
REC-00060,GS:GS-A1-01-062,GS:GS-D2-01-059,Google Scholar,GS-D2-01
REC-00060,GS:GS-A1-01-062,GS:GS-D3-01-050,Google Scholar,GS-D3-01
REC-00060,GS:GS-A1-01-062,ARX:FORMAL-ARXIV-V12-Q-A1:2606.29537v2,arXiv,Q-A1
REC-00060,GS:GS-A1-01-062,ARX:FORMAL-ARXIV-V12-Q-A3:2606.29537v2,arXiv,Q-A3
REC-00060,GS:GS-A1-01-062,ARX:FORMAL-ARXIV-V12-Q-D1:2606.29537v2,arXiv,Q-D1
REC-00061,GS:GS-A1-01-063,ARX:FORMAL-ARXIV-V12-Q-A1:2508.20096v1,arXiv,Q-A1
REC-00061,GS:GS-A1-01-063,ARX:FORMAL-ARXIV-V12-Q-A2S:2508.20096v1,arXiv,Q-A2S
REC-00061,GS:GS-A1-01-063,ARX:FORMAL-ARXIV-V12-Q-A3:2508.20096v1,arXiv,Q-A3
REC-00062,GS:GS-A1-01-064,GS:GS-A1-02-051,Google Scholar,GS-A1-02
REC-00062,GS:GS-A1-01-064,GS:GS-A3-01-089,Google Scholar,GS-A3-01
REC-00062,GS:GS-A1-01-064,ARX:FORMAL-ARXIV-V12-Q-A1:2511.04137v1,arXiv,Q-A1
REC-00062,GS:GS-A1-01-064,ARX:FORMAL-ARXIV-V12-Q-A3:2511.04137v1,arXiv,Q-A3
REC-00063,GS:GS-A1-01-066,GS:GS-A3-01-020,Google Scholar,GS-A3-01
REC-00063,GS:GS-A1-01-066,GS:GS-D1-01-022,Google Scholar,GS-D1-01
REC-00063,GS:GS-A1-01-066,GS:GS-D1-02-073,Google Scholar,GS-D1-02
REC-00063,GS:GS-A1-01-066,GS:GS-D3-01-093,Google Scholar,GS-D3-01
REC-00063,GS:GS-A1-01-066,ARX:FORMAL-ARXIV-V12-Q-A1:2606.09426v3,arXiv,Q-A1
REC-00063,GS:GS-A1-01-066,ARX:FORMAL-ARXIV-V12-Q-A3:2606.09426v3,arXiv,Q-A3
REC-00063,GS:GS-A1-01-066,ARX:FORMAL-ARXIV-V12-Q-D1:2606.09426v3,arXiv,Q-D1
REC-00063,GS:GS-A1-01-066,ARX:FORMAL-ARXIV-V12-Q-D2:2606.09426v3,arXiv,Q-D2
REC-00064,GS:GS-A1-01-067,GS:GS-D1-02-030,Google Scholar,GS-D1-02
REC-00064,GS:GS-A1-01-067,GS:GS-D3-01-079,Google Scholar,GS-D3-01
REC-00064,GS:GS-A1-01-067,ARX:FORMAL-ARXIV-V12-Q-A1:2607.17527v1,arXiv,Q-A1
REC-00064,GS:GS-A1-01-067,ARX:FORMAL-ARXIV-V12-Q-A3:2607.17527v1,arXiv,Q-A3
REC-00064,GS:GS-A1-01-067,ARX:FORMAL-ARXIV-V12-Q-D1:2607.17527v1,arXiv,Q-D1
REC-00065,GS:GS-A1-01-068,GS:GS-B1-01-025,Google Scholar,GS-B1-01
REC-00065,GS:GS-A1-01-068,GS:GS-B2-01-071,Google Scholar,GS-B2-01
REC-00065,GS:GS-A1-01-068,GS:GS-B2-02-030,Google Scholar,GS-B2-02
REC-00065,GS:GS-A1-01-068,GS:GS-B2-03-013,Google Scholar,GS-B2-03
REC-00065,GS:GS-A1-01-068,GS:GS-D1-01-028,Google Scholar,GS-D1-01
REC-00065,GS:GS-A1-01-068,GS:GS-D1-02-022,Google Scholar,GS-D1-02
REC-00065,GS:GS-A1-01-068,GS:GS-D2-01-006,Google Scholar,GS-D2-01
REC-00065,GS:GS-A1-01-068,GS:GS-D3-01-044,Google Scholar,GS-D3-01
REC-00065,GS:GS-A1-01-068,ARX:FORMAL-ARXIV-V12-Q-A1:2604.10577v2,arXiv,Q-A1
REC-00065,GS:GS-A1-01-068,ARX:FORMAL-ARXIV-V12-Q-A2S:2604.10577v2,arXiv,Q-A2S
REC-00065,GS:GS-A1-01-068,ARX:FORMAL-ARXIV-V12-Q-A3:2604.10577v2,arXiv,Q-A3
REC-00065,GS:GS-A1-01-068,ARX:FORMAL-ARXIV-V12-Q-B1:2604.10577v2,arXiv,Q-B1
REC-00065,GS:GS-A1-01-068,ARX:FORMAL-ARXIV-V12-Q-C2:2604.10577v2,arXiv,Q-C2
REC-00065,GS:GS-A1-01-068,ARX:FORMAL-ARXIV-V12-Q-D1:2604.10577v2,arXiv,Q-D1
REC-00065,GS:GS-A1-01-068,ARX:FORMAL-ARXIV-V12-Q-D2:2604.10577v2,arXiv,Q-D2
REC-00065,GS:GS-A1-01-068,ARX:FORMAL-ARXIV-V12-Q-S0:2604.10577v2,arXiv,Q-S0
REC-00066,GS:GS-A1-01-069,GS:GS-A3-01-084,Google Scholar,GS-A3-01
REC-00066,GS:GS-A1-01-069,GS:GS-D3-01-040,Google Scholar,GS-D3-01
REC-00067,GS:GS-A1-01-070,GS:GS-A1-03-074,Google Scholar,GS-A1-03
REC-00067,GS:GS-A1-01-070,GS:GS-A3-01-097,Google Scholar,GS-A3-01
REC-00068,GS:GS-A1-01-071,GS:GS-A1-02-079,Google Scholar,GS-A1-02
REC-00068,GS:GS-A1-01-071,GS:GS-A1-04-046,Google Scholar,GS-A1-04
REC-00068,GS:GS-A1-01-071,GS:GS-B1-01-052,Google Scholar,GS-B1-01
REC-00068,GS:GS-A1-01-071,GS:GS-B2-03-039,Google Scholar,GS-B2-03
REC-00068,GS:GS-A1-01-071,GS:GS-D1-01-047,Google Scholar,GS-D1-01
REC-00068,GS:GS-A1-01-071,GS:GS-D2-01-025,Google Scholar,GS-D2-01
REC-00068,GS:GS-A1-01-071,GS:GS-D3-01-041,Google Scholar,GS-D3-01
REC-00068,GS:GS-A1-01-071,ARX:FORMAL-ARXIV-V12-Q-A1:2607.17951v1,arXiv,Q-A1
REC-00068,GS:GS-A1-01-071,ARX:FORMAL-ARXIV-V12-Q-B3:2607.17951v1,arXiv,Q-B3
REC-00068,GS:GS-A1-01-071,ARX:FORMAL-ARXIV-V12-Q-C3:2607.17951v1,arXiv,Q-C3
REC-00068,GS:GS-A1-01-071,ARX:FORMAL-ARXIV-V12-Q-D1:2607.17951v1,arXiv,Q-D1
REC-00069,GS:GS-A1-01-072,GS:GS-A3-01-070,Google Scholar,GS-A3-01
REC-00069,GS:GS-A1-01-072,GS:GS-B1-01-038,Google Scholar,GS-B1-01
REC-00069,GS:GS-A1-01-072,GS:GS-D1-01-010,Google Scholar,GS-D1-01
REC-00069,GS:GS-A1-01-072,GS:GS-D1-02-033,Google Scholar,GS-D1-02
REC-00069,GS:GS-A1-01-072,GS:GS-D2-01-005,Google Scholar,GS-D2-01
REC-00069,GS:GS-A1-01-072,ARX:FORMAL-ARXIV-V12-Q-A1:2606.01166v2,arXiv,Q-A1
REC-00069,GS:GS-A1-01-072,ARX:FORMAL-ARXIV-V12-Q-A3:2606.01166v2,arXiv,Q-A3
REC-00069,GS:GS-A1-01-072,ARX:FORMAL-ARXIV-V12-Q-D1:2606.01166v2,arXiv,Q-D1
REC-00069,GS:GS-A1-01-072,ARX:FORMAL-ARXIV-V12-Q-D2:2606.01166v2,arXiv,Q-D2
REC-00070,GS:GS-A1-01-073,GS:GS-A3-01-080,Google Scholar,GS-A3-01
REC-00070,GS:GS-A1-01-073,GS:GS-D1-01-094,Google Scholar,GS-D1-01
REC-00070,GS:GS-A1-01-073,GS:GS-D3-01-090,Google Scholar,GS-D3-01
REC-00071,GS:GS-A1-01-074,GS:GS-A1-04-056,Google Scholar,GS-A1-04
REC-00071,GS:GS-A1-01-074,GS:GS-A3-01-100,Google Scholar,GS-A3-01
REC-00071,GS:GS-A1-01-074,GS:GS-A3-03-014,Google Scholar,GS-A3-03
REC-00071,GS:GS-A1-01-074,GS:GS-B1-01-083,Google Scholar,GS-B1-01
REC-00071,GS:GS-A1-01-074,GS:GS-B2-02-091,Google Scholar,GS-B2-02
REC-00071,GS:GS-A1-01-074,GS:GS-B2-03-030,Google Scholar,GS-B2-03
REC-00071,GS:GS-A1-01-074,GS:GS-D1-01-036,Google Scholar,GS-D1-01
REC-00071,GS:GS-A1-01-074,GS:GS-D1-02-013,Google Scholar,GS-D1-02
REC-00071,GS:GS-A1-01-074,GS:GS-D2-01-008,Google Scholar,GS-D2-01
REC-00071,GS:GS-A1-01-074,GS:GS-D3-01-030,Google Scholar,GS-D3-01
REC-00071,GS:GS-A1-01-074,ARX:FORMAL-ARXIV-V12-Q-A1:2605.07110v1,arXiv,Q-A1
REC-00071,GS:GS-A1-01-074,ARX:FORMAL-ARXIV-V12-Q-A3:2605.07110v1,arXiv,Q-A3
REC-00071,GS:GS-A1-01-074,ARX:FORMAL-ARXIV-V12-Q-C3:2605.07110v1,arXiv,Q-C3
REC-00071,GS:GS-A1-01-074,ARX:FORMAL-ARXIV-V12-Q-D2:2605.07110v1,arXiv,Q-D2
REC-00071,GS:GS-A1-01-074,ARX:FORMAL-ARXIV-V12-Q-S0:2605.07110v1,arXiv,Q-S0
REC-00072,GS:GS-A1-01-075,GS:GS-A3-01-019,Google Scholar,GS-A3-01
REC-00072,GS:GS-A1-01-075,GS:GS-D1-01-031,Google Scholar,GS-D1-01
REC-00072,GS:GS-A1-01-075,GS:GS-D1-02-071,Google Scholar,GS-D1-02
REC-00072,GS:GS-A1-01-075,GS:GS-D3-01-088,Google Scholar,GS-D3-01
REC-00072,GS:GS-A1-01-075,ARX:FORMAL-ARXIV-V12-Q-A1:2606.16748v1,arXiv,Q-A1
REC-00072,GS:GS-A1-01-075,ARX:FORMAL-ARXIV-V12-Q-A3:2606.16748v1,arXiv,Q-A3
REC-00073,GS:GS-A1-01-076,GS:GS-A3-01-096,Google Scholar,GS-A3-01
REC-00073,GS:GS-A1-01-076,GS:GS-D1-02-047,Google Scholar,GS-D1-02
REC-00073,GS:GS-A1-01-076,GS:GS-D3-01-036,Google Scholar,GS-D3-01
REC-00074,GS:GS-A1-01-077,GS:GS-A3-01-081,Google Scholar,GS-A3-01
REC-00074,GS:GS-A1-01-077,GS:GS-D1-01-045,Google Scholar,GS-D1-01
REC-00074,GS:GS-A1-01-077,GS:GS-D1-02-064,Google Scholar,GS-D1-02
REC-00074,GS:GS-A1-01-077,GS:GS-D3-01-060,Google Scholar,GS-D3-01
REC-00075,GS:GS-A1-01-078,GS:GS-A3-01-099,Google Scholar,GS-A3-01
REC-00075,GS:GS-A1-01-078,GS:GS-B1-01-028,Google Scholar,GS-B1-01
REC-00075,GS:GS-A1-01-078,GS:GS-B2-01-093,Google Scholar,GS-B2-01
REC-00075,GS:GS-A1-01-078,GS:GS-B2-03-009,Google Scholar,GS-B2-03
REC-00075,GS:GS-A1-01-078,GS:GS-D1-01-029,Google Scholar,GS-D1-01
REC-00075,GS:GS-A1-01-078,GS:GS-D1-02-006,Google Scholar,GS-D1-02
REC-00075,GS:GS-A1-01-078,GS:GS-D2-01-016,Google Scholar,GS-D2-01
REC-00076,GS:GS-A1-01-079,GS:GS-A3-01-058,Google Scholar,GS-A3-01
REC-00076,GS:GS-A1-01-079,ARX:FORMAL-ARXIV-V12-Q-A1:2603.10577v2,arXiv,Q-A1
REC-00076,GS:GS-A1-01-079,ARX:FORMAL-ARXIV-V12-Q-A3:2603.10577v2,arXiv,Q-A3
REC-00076,GS:GS-A1-01-079,ARX:FORMAL-ARXIV-V12-Q-D1:2603.10577v2,arXiv,Q-D1
REC-00077,GS:GS-A1-01-080,GS:GS-A1-03-099,Google Scholar,GS-A1-03
REC-00077,GS:GS-A1-01-080,GS:GS-A2S-03-055,Google Scholar,GS-A2S-03
REC-00077,GS:GS-A1-01-080,GS:GS-B2-03-100,Google Scholar,GS-B2-03
REC-00077,GS:GS-A1-01-080,GS:GS-D2-01-097,Google Scholar,GS-D2-01
REC-00078,GS:GS-A1-01-081,GS:GS-A1-02-095,Google Scholar,GS-A1-02
REC-00078,GS:GS-A1-01-081,GS:GS-A3-01-075,Google Scholar,GS-A3-01
REC-00078,GS:GS-A1-01-081,GS:GS-B2-03-053,Google Scholar,GS-B2-03
REC-00078,GS:GS-A1-01-081,GS:GS-D1-01-069,Google Scholar,GS-D1-01
REC-00078,GS:GS-A1-01-081,GS:GS-D1-02-039,Google Scholar,GS-D1-02
REC-00078,GS:GS-A1-01-081,GS:GS-D2-01-041,Google Scholar,GS-D2-01
REC-00079,GS:GS-A1-01-083,GS:GS-A1-02-098,Google Scholar,GS-A1-02
REC-00079,GS:GS-A1-01-083,GS:GS-A3-01-090,Google Scholar,GS-A3-01
REC-00079,GS:GS-A1-01-083,GS:GS-D1-02-052,Google Scholar,GS-D1-02
REC-00079,GS:GS-A1-01-083,GS:GS-D3-01-034,Google Scholar,GS-D3-01
REC-00079,GS:GS-A1-01-083,ARX:FORMAL-ARXIV-V12-Q-A1:2511.11672v5,arXiv,Q-A1
REC-00079,GS:GS-A1-01-083,ARX:FORMAL-ARXIV-V12-Q-A3:2511.11672v5,arXiv,Q-A3
REC-00079,GS:GS-A1-01-083,ARX:FORMAL-ARXIV-V12-Q-D2:2511.11672v5,arXiv,Q-D2
REC-00079,GS:GS-A1-01-083,ARX:FORMAL-ARXIV-V12-Q-D3:2511.11672v5,arXiv,Q-D3
REC-00080,GS:GS-A1-01-084,GS:GS-A1-02-034,Google Scholar,GS-A1-02
REC-00080,GS:GS-A1-01-084,GS:GS-A1-03-096,Google Scholar,GS-A1-03
REC-00080,GS:GS-A1-01-084,GS:GS-A3-01-013,Google Scholar,GS-A3-01
REC-00080,GS:GS-A1-01-084,GS:GS-A3-02-030,Google Scholar,GS-A3-02
REC-00080,GS:GS-A1-01-084,GS:GS-D1-01-021,Google Scholar,GS-D1-01
REC-00080,GS:GS-A1-01-084,ARX:FORMAL-ARXIV-V12-Q-A1:2606.22557v1,arXiv,Q-A1
REC-00080,GS:GS-A1-01-084,ARX:FORMAL-ARXIV-V12-Q-A3:2606.22557v1,arXiv,Q-A3
REC-00080,GS:GS-A1-01-084,ARX:FORMAL-ARXIV-V12-Q-D3:2606.22557v1,arXiv,Q-D3
REC-00081,GS:GS-A1-01-085,GS:GS-A3-01-024,Google Scholar,GS-A3-01
REC-00081,GS:GS-A1-01-085,GS:GS-B2-03-064,Google Scholar,GS-B2-03
REC-00081,GS:GS-A1-01-085,GS:GS-D1-01-067,Google Scholar,GS-D1-01
REC-00081,GS:GS-A1-01-085,GS:GS-D2-01-049,Google Scholar,GS-D2-01
REC-00081,GS:GS-A1-01-085,GS:GS-D3-01-066,Google Scholar,GS-D3-01
REC-00082,GS:GS-A1-01-086,GS:GS-D1-01-071,Google Scholar,GS-D1-01
REC-00082,GS:GS-A1-01-086,GS:GS-D3-01-061,Google Scholar,GS-D3-01
REC-00082,GS:GS-A1-01-086,ARX:FORMAL-ARXIV-V12-Q-A1:2506.03095v1,arXiv,Q-A1
REC-00082,GS:GS-A1-01-086,ARX:FORMAL-ARXIV-V12-Q-A3:2506.03095v1,arXiv,Q-A3
REC-00083,GS:GS-A1-01-087,GS:GS-A3-01-082,Google Scholar,GS-A3-01
REC-00083,GS:GS-A1-01-087,GS:GS-B1-01-003,Google Scholar,GS-B1-01
REC-00083,GS:GS-A1-01-087,GS:GS-B2-01-001,Google Scholar,GS-B2-01
REC-00083,GS:GS-A1-01-087,GS:GS-B2-02-014,Google Scholar,GS-B2-02
REC-00083,GS:GS-A1-01-087,GS:GS-B2-03-001,Google Scholar,GS-B2-03
REC-00083,GS:GS-A1-01-087,GS:GS-D1-01-027,Google Scholar,GS-D1-01
REC-00083,GS:GS-A1-01-087,GS:GS-D1-02-027,Google Scholar,GS-D1-02
REC-00083,GS:GS-A1-01-087,GS:GS-D2-01-007,Google Scholar,GS-D2-01
REC-00084,GS:GS-A1-01-088,GS:GS-D1-01-074,Google Scholar,GS-D1-01
REC-00085,GS:GS-A1-01-089,GS:GS-D2-01-051,Google Scholar,GS-D2-01
REC-00085,GS:GS-A1-01-089,GS:GS-D3-01-062,Google Scholar,GS-D3-01
REC-00085,GS:GS-A1-01-089,ARX:FORMAL-ARXIV-V12-Q-A1:2607.22798v1,arXiv,Q-A1
REC-00085,GS:GS-A1-01-089,ARX:FORMAL-ARXIV-V12-Q-A3:2607.22798v1,arXiv,Q-A3
REC-00085,GS:GS-A1-01-089,ARX:FORMAL-ARXIV-V12-Q-D2:2607.22798v1,arXiv,Q-D2
REC-00086,GS:GS-A1-01-090,GS:GS-A3-01-067,Google Scholar,GS-A3-01
REC-00086,GS:GS-A1-01-090,GS:GS-D2-01-064,Google Scholar,GS-D2-01
REC-00086,GS:GS-A1-01-090,GS:GS-D3-01-086,Google Scholar,GS-D3-01
REC-00086,GS:GS-A1-01-090,ARX:FORMAL-ARXIV-V12-Q-A1:2604.05157v3,arXiv,Q-A1
REC-00086,GS:GS-A1-01-090,ARX:FORMAL-ARXIV-V12-Q-D3:2604.05157v3,arXiv,Q-D3
REC-00087,GS:GS-A1-01-092,GS:GS-B2-03-068,Google Scholar,GS-B2-03
REC-00087,GS:GS-A1-01-092,GS:GS-D1-02-054,Google Scholar,GS-D1-02
REC-00087,GS:GS-A1-01-092,GS:GS-D3-01-071,Google Scholar,GS-D3-01
REC-00087,GS:GS-A1-01-092,ARX:FORMAL-ARXIV-V12-Q-A1:2605.25624v2,arXiv,Q-A1
REC-00087,GS:GS-A1-01-092,ARX:FORMAL-ARXIV-V12-Q-A3:2605.25624v2,arXiv,Q-A3
REC-00087,GS:GS-A1-01-092,ARX:FORMAL-ARXIV-V12-Q-D1:2605.25624v2,arXiv,Q-D1
REC-00087,GS:GS-A1-01-092,ARX:FORMAL-ARXIV-V12-Q-D3:2605.25624v2,arXiv,Q-D3
REC-00088,GS:GS-A1-01-093,GS:GS-A3-01-074,Google Scholar,GS-A3-01
REC-00088,GS:GS-A1-01-093,ARX:FORMAL-ARXIV-V12-Q-A1:2603.25226v1,arXiv,Q-A1
REC-00088,GS:GS-A1-01-093,ARX:FORMAL-ARXIV-V12-Q-A3:2603.25226v1,arXiv,Q-A3
REC-00088,GS:GS-A1-01-093,ARX:FORMAL-ARXIV-V12-Q-D1:2603.25226v1,arXiv,Q-D1
REC-00088,GS:GS-A1-01-093,ARX:FORMAL-ARXIV-V12-Q-D2:2603.25226v1,arXiv,Q-D2
REC-00089,GS:GS-A1-01-094,GS:GS-A1-02-087,Google Scholar,GS-A1-02
REC-00089,GS:GS-A1-01-094,GS:GS-A3-01-078,Google Scholar,GS-A3-01
REC-00089,GS:GS-A1-01-094,GS:GS-B1-01-004,Google Scholar,GS-B1-01
REC-00089,GS:GS-A1-01-094,GS:GS-B2-02-038,Google Scholar,GS-B2-02
REC-00089,GS:GS-A1-01-094,GS:GS-B2-03-015,Google Scholar,GS-B2-03
REC-00089,GS:GS-A1-01-094,GS:GS-D1-01-023,Google Scholar,GS-D1-01
REC-00089,GS:GS-A1-01-094,GS:GS-D1-02-001,Google Scholar,GS-D1-02
REC-00089,GS:GS-A1-01-094,GS:GS-D2-01-009,Google Scholar,GS-D2-01
REC-00090,GS:GS-A1-01-095,GS:GS-A3-01-092,Google Scholar,GS-A3-01
REC-00090,GS:GS-A1-01-095,GS:GS-D3-01-026,Google Scholar,GS-D3-01
REC-00090,GS:GS-A1-01-095,ARX:FORMAL-ARXIV-V12-Q-A1:2606.31270v1,arXiv,Q-A1
REC-00090,GS:GS-A1-01-095,ARX:FORMAL-ARXIV-V12-Q-A3:2606.31270v1,arXiv,Q-A3
REC-00090,GS:GS-A1-01-095,ARX:FORMAL-ARXIV-V12-Q-D1:2606.31270v1,arXiv,Q-D1
REC-00091,GS:GS-A1-01-096,GS:GS-A1-02-073,Google Scholar,GS-A1-02
REC-00091,GS:GS-A1-01-096,GS:GS-A2S-03-002,Google Scholar,GS-A2S-03
REC-00091,GS:GS-A1-01-096,GS:GS-B1-01-035,Google Scholar,GS-B1-01
REC-00091,GS:GS-A1-01-096,GS:GS-B2-02-072,Google Scholar,GS-B2-02
REC-00091,GS:GS-A1-01-096,GS:GS-B2-03-057,Google Scholar,GS-B2-03
REC-00091,GS:GS-A1-01-096,GS:GS-C3-03-056,Google Scholar,GS-C3-03
REC-00091,GS:GS-A1-01-096,GS:GS-D1-01-030,Google Scholar,GS-D1-01
REC-00091,GS:GS-A1-01-096,GS:GS-D2-01-034,Google Scholar,GS-D2-01
REC-00091,GS:GS-A1-01-096,GS:GS-D2-02-056,Google Scholar,GS-D2-02
REC-00091,GS:GS-A1-01-096,GS:GS-D3-01-057,Google Scholar,GS-D3-01
REC-00091,GS:GS-A1-01-096,ARX:FORMAL-ARXIV-V12-Q-A1:2602.12430v4,arXiv,Q-A1
REC-00091,GS:GS-A1-01-096,ARX:FORMAL-ARXIV-V12-Q-A2S:2602.12430v4,arXiv,Q-A2S
REC-00091,GS:GS-A1-01-096,ARX:FORMAL-ARXIV-V12-Q-A3:2602.12430v4,arXiv,Q-A3
REC-00091,GS:GS-A1-01-096,ARX:FORMAL-ARXIV-V12-Q-B4:2602.12430v4,arXiv,Q-B4
REC-00091,GS:GS-A1-01-096,ARX:FORMAL-ARXIV-V12-Q-C3:2602.12430v4,arXiv,Q-C3
REC-00091,GS:GS-A1-01-096,ARX:FORMAL-ARXIV-V12-Q-D1:2602.12430v4,arXiv,Q-D1
REC-00091,GS:GS-A1-01-096,ARX:FORMAL-ARXIV-V12-Q-D3:2602.12430v4,arXiv,Q-D3
REC-00091,GS:GS-A1-01-096,ARX:FORMAL-ARXIV-V12-Q-S0:2602.12430v4,arXiv,Q-S0
REC-00092,GS:GS-A1-01-097,GS:GS-A3-01-009,Google Scholar,GS-A3-01
REC-00092,GS:GS-A1-01-097,ARX:FORMAL-ARXIV-V12-Q-A1:2601.20650v2,arXiv,Q-A1
REC-00092,GS:GS-A1-01-097,ARX:FORMAL-ARXIV-V12-Q-A3:2601.20650v2,arXiv,Q-A3
REC-00093,GS:GS-A1-01-098,GS:GS-A3-01-018,Google Scholar,GS-A3-01
REC-00093,GS:GS-A1-01-098,GS:GS-A3-02-089,Google Scholar,GS-A3-02
REC-00093,GS:GS-A1-01-098,GS:GS-D3-01-069,Google Scholar,GS-D3-01
REC-00093,GS:GS-A1-01-098,ARX:FORMAL-ARXIV-V12-Q-A1:2606.16802v1,arXiv,Q-A1
REC-00093,GS:GS-A1-01-098,ARX:FORMAL-ARXIV-V12-Q-A2S:2606.16802v1,arXiv,Q-A2S
REC-00093,GS:GS-A1-01-098,ARX:FORMAL-ARXIV-V12-Q-A2W:2606.16802v1,arXiv,Q-A2W
REC-00093,GS:GS-A1-01-098,ARX:FORMAL-ARXIV-V12-Q-A3:2606.16802v1,arXiv,Q-A3
REC-00094,GS:GS-A1-01-099,ARX:FORMAL-ARXIV-V12-Q-A1:2602.10356v2,arXiv,Q-A1
REC-00094,GS:GS-A1-01-099,ARX:FORMAL-ARXIV-V12-Q-A3:2602.10356v2,arXiv,Q-A3
REC-00094,GS:GS-A1-01-099,ARX:FORMAL-ARXIV-V12-Q-D2:2602.10356v2,arXiv,Q-D2
REC-00095,GS:GS-A1-01-100,GS:GS-D3-01-076,Google Scholar,GS-D3-01
REC-00095,GS:GS-A1-01-100,ARX:FORMAL-ARXIV-V12-Q-A1:2607.28074v1,arXiv,Q-A1
REC-00095,GS:GS-A1-01-100,ARX:FORMAL-ARXIV-V12-Q-A3:2607.28074v1,arXiv,Q-A3
REC-00095,GS:GS-A1-01-100,ARX:FORMAL-ARXIV-V12-Q-D1:2607.28074v1,arXiv,Q-D1
REC-00096,GS:GS-A1-02-006,ARX:FORMAL-ARXIV-V12-Q-A1:2503.07919v3,arXiv,Q-A1
REC-00096,GS:GS-A1-02-006,ARX:FORMAL-ARXIV-V12-Q-A3:2503.07919v3,arXiv,Q-A3
REC-00098,GS:GS-A1-02-008,GS:GS-A2S-02-017,Google Scholar,GS-A2S-02
REC-00099,GS:GS-A1-02-009,GS:GS-A3-01-039,Google Scholar,GS-A3-01
REC-00099,GS:GS-A1-02-009,GS:GS-B2-03-069,Google Scholar,GS-B2-03
REC-00099,GS:GS-A1-02-009,GS:GS-D1-02-076,Google Scholar,GS-D1-02
REC-00099,GS:GS-A1-02-009,ARX:FORMAL-ARXIV-V12-Q-A1:2510.18596v1,arXiv,Q-A1
REC-00099,GS:GS-A1-02-009,ARX:FORMAL-ARXIV-V12-Q-A3:2510.18596v1,arXiv,Q-A3
REC-00099,GS:GS-A1-02-009,ARX:FORMAL-ARXIV-V12-Q-D1:2510.18596v1,arXiv,Q-D1
REC-00100,GS:GS-A1-02-010,GS:GS-A1-03-061,Google Scholar,GS-A1-03
REC-00102,GS:GS-A1-02-015,ARX:FORMAL-ARXIV-V12-Q-A1:2503.15515v1,arXiv,Q-A1
REC-00103,GS:GS-A1-02-017,ARX:FORMAL-ARXIV-V12-Q-A1:2607.14443v1,arXiv,Q-A1
REC-00103,GS:GS-A1-02-017,ARX:FORMAL-ARXIV-V12-Q-A3:2607.14443v1,arXiv,Q-A3
REC-00103,GS:GS-A1-02-017,ARX:FORMAL-ARXIV-V12-Q-D1:2607.14443v1,arXiv,Q-D1
REC-00104,GS:GS-A1-02-020,GS:GS-A2W-02-080,Google Scholar,GS-A2W-02
REC-00105,GS:GS-A1-02-021,GS:GS-A3-01-091,Google Scholar,GS-A3-01
REC-00105,GS:GS-A1-02-021,GS:GS-D3-01-053,Google Scholar,GS-D3-01
REC-00106,GS:GS-A1-02-024,ARX:FORMAL-ARXIV-V12-Q-A1:2508.00935v2,arXiv,Q-A1
REC-00106,GS:GS-A1-02-024,ARX:FORMAL-ARXIV-V12-Q-A2S:2508.00935v2,arXiv,Q-A2S
REC-00106,GS:GS-A1-02-024,ARX:FORMAL-ARXIV-V12-Q-A3:2508.00935v2,arXiv,Q-A3
REC-00106,GS:GS-A1-02-024,ARX:FORMAL-ARXIV-V12-Q-D1:2508.00935v2,arXiv,Q-D1
REC-00106,GS:GS-A1-02-024,ARX:FORMAL-ARXIV-V12-Q-D2:2508.00935v2,arXiv,Q-D2
REC-00108,GS:GS-A1-02-028,GS:GS-B2-01-070,Google Scholar,GS-B2-01
REC-00108,GS:GS-A1-02-028,GS:GS-B2-02-053,Google Scholar,GS-B2-02
REC-00108,GS:GS-A1-02-028,ARX:FORMAL-ARXIV-V12-Q-A1:2505.10924v4,arXiv,Q-A1
REC-00108,GS:GS-A1-02-028,ARX:FORMAL-ARXIV-V12-Q-A2W:2505.10924v4,arXiv,Q-A2W
REC-00108,GS:GS-A1-02-028,ARX:FORMAL-ARXIV-V12-Q-A3:2505.10924v4,arXiv,Q-A3
REC-00108,GS:GS-A1-02-028,ARX:FORMAL-ARXIV-V12-Q-D2:2505.10924v4,arXiv,Q-D2
REC-00108,GS:GS-A1-02-028,ARX:FORMAL-ARXIV-V12-Q-S0:2505.10924v4,arXiv,Q-S0
REC-00110,GS:GS-A1-02-032,GS:GS-B2-01-049,Google Scholar,GS-B2-01
REC-00110,GS:GS-A1-02-032,GS:GS-B2-02-025,Google Scholar,GS-B2-02
REC-00110,GS:GS-A1-02-032,ACL:FORMAL-ACL-V12-Q-A1:chen-etal-2026-jarvis,ACL Anthology,Q-A1
REC-00110,GS:GS-A1-02-032,ACL:FORMAL-ACL-V12-Q-A2W:chen-etal-2026-jarvis,ACL Anthology,Q-A2W
REC-00110,GS:GS-A1-02-032,ACL:FORMAL-ACL-V12-Q-A3:chen-etal-2026-jarvis,ACL Anthology,Q-A3
REC-00110,GS:GS-A1-02-032,ACL:FORMAL-ACL-V12-Q-S0:chen-etal-2026-jarvis,ACL Anthology,Q-S0
REC-00111,GS:GS-A1-02-035,GS:GS-D1-02-091,Google Scholar,GS-D1-02
REC-00111,GS:GS-A1-02-035,GS:GS-D2-01-079,Google Scholar,GS-D2-01
REC-00111,GS:GS-A1-02-035,ACL:FORMAL-ACL-V12-Q-A1:yang-etal-2026-os,ACL Anthology,Q-A1
REC-00111,GS:GS-A1-02-035,ACL:FORMAL-ACL-V12-Q-A2W:yang-etal-2026-os,ACL Anthology,Q-A2W
REC-00111,GS:GS-A1-02-035,ACL:FORMAL-ACL-V12-Q-A3:yang-etal-2026-os,ACL Anthology,Q-A3
REC-00111,GS:GS-A1-02-035,ACL:FORMAL-ACL-V12-Q-D2:yang-etal-2026-os,ACL Anthology,Q-D2
REC-00112,GS:GS-A1-02-037,ARX:FORMAL-ARXIV-V12-Q-A1:2603.14707v1,arXiv,Q-A1
REC-00112,GS:GS-A1-02-037,ARX:FORMAL-ARXIV-V12-Q-A3:2603.14707v1,arXiv,Q-A3
REC-00112,GS:GS-A1-02-037,ARX:FORMAL-ARXIV-V12-Q-C3:2603.14707v1,arXiv,Q-C3
REC-00112,GS:GS-A1-02-037,ARX:FORMAL-ARXIV-V12-Q-D2:2603.14707v1,arXiv,Q-D2
REC-00112,GS:GS-A1-02-037,ARX:FORMAL-ARXIV-V12-Q-S0:2603.14707v1,arXiv,Q-S0
REC-00113,GS:GS-A1-02-038,GS:GS-A1-03-010,Google Scholar,GS-A1-03
REC-00113,GS:GS-A1-02-038,GS:GS-A2S-02-009,Google Scholar,GS-A2S-02
REC-00113,GS:GS-A1-02-038,GS:GS-A3-02-007,Google Scholar,GS-A3-02
REC-00114,GS:GS-A1-02-039,ARX:FORMAL-ARXIV-V12-Q-A1:2507.19132v1,arXiv,Q-A1
REC-00114,GS:GS-A1-02-039,ARX:FORMAL-ARXIV-V12-Q-A3:2507.19132v1,arXiv,Q-A3
REC-00115,GS:GS-A1-02-040,GS:GS-B2-01-065,Google Scholar,GS-B2-01
REC-00115,GS:GS-A1-02-040,ARX:FORMAL-ARXIV-V12-Q-A1:2606.05233v1,arXiv,Q-A1
REC-00115,GS:GS-A1-02-040,ARX:FORMAL-ARXIV-V12-Q-A3:2606.05233v1,arXiv,Q-A3
REC-00115,GS:GS-A1-02-040,ARX:FORMAL-ARXIV-V12-Q-B1:2606.05233v1,arXiv,Q-B1
REC-00115,GS:GS-A1-02-040,ARX:FORMAL-ARXIV-V12-Q-D1:2606.05233v1,arXiv,Q-D1
REC-00115,GS:GS-A1-02-040,ARX:FORMAL-ARXIV-V12-Q-S0:2606.05233v1,arXiv,Q-S0
REC-00116,GS:GS-A1-02-041,ARX:FORMAL-ARXIV-V12-Q-A1:2606.17929v1,arXiv,Q-A1
REC-00116,GS:GS-A1-02-041,ARX:FORMAL-ARXIV-V12-Q-A3:2606.17929v1,arXiv,Q-A3
REC-00116,GS:GS-A1-02-041,ARX:FORMAL-ARXIV-V12-Q-D2:2606.17929v1,arXiv,Q-D2
REC-00117,GS:GS-A1-02-042,ARX:FORMAL-ARXIV-V12-Q-A1:2510.04536v1,arXiv,Q-A1
REC-00118,GS:GS-A1-02-043,GS:GS-A1-03-041,Google Scholar,GS-A1-03
REC-00118,GS:GS-A1-02-043,GS:GS-A2S-02-037,Google Scholar,GS-A2S-02
REC-00118,GS:GS-A1-02-043,GS:GS-A3-02-009,Google Scholar,GS-A3-02
REC-00118,GS:GS-A1-02-043,ARX:FORMAL-ARXIV-V12-Q-A1:2511.04307v2,arXiv,Q-A1
REC-00118,GS:GS-A1-02-043,ARX:FORMAL-ARXIV-V12-Q-A3:2511.04307v2,arXiv,Q-A3
REC-00118,GS:GS-A1-02-043,ARX:FORMAL-ARXIV-V12-Q-D3:2511.04307v2,arXiv,Q-D3
REC-00124,GS:GS-A1-02-050,GS:GS-A2S-01-035,Google Scholar,GS-A2S-01
REC-00125,GS:GS-A1-02-052,GS:GS-A1-02-059,Google Scholar,GS-A1-02
REC-00126,GS:GS-A1-02-053,GS:GS-A2S-02-005,Google Scholar,GS-A2S-02
REC-00127,GS:GS-A1-02-054,GS:GS-A2W-03-053,Google Scholar,GS-A2W-03
REC-00129,GS:GS-A1-02-056,ARX:FORMAL-ARXIV-V12-Q-A1:2606.20363v1,arXiv,Q-A1
REC-00129,GS:GS-A1-02-056,ARX:FORMAL-ARXIV-V12-Q-A3:2606.20363v1,arXiv,Q-A3
REC-00132,GS:GS-A1-02-061,ARX:FORMAL-ARXIV-V12-Q-A1:2603.12823v1,arXiv,Q-A1
REC-00132,GS:GS-A1-02-061,ARX:FORMAL-ARXIV-V12-Q-A3:2603.12823v1,arXiv,Q-A3
REC-00132,GS:GS-A1-02-061,ARX:FORMAL-ARXIV-V12-Q-C3:2603.12823v1,arXiv,Q-C3
REC-00132,GS:GS-A1-02-061,ARX:FORMAL-ARXIV-V12-Q-D2:2603.12823v1,arXiv,Q-D2
REC-00134,GS:GS-A1-02-064,GS:GS-A2S-01-011,Google Scholar,GS-A2S-01
REC-00134,GS:GS-A1-02-064,GS:GS-B1-01-076,Google Scholar,GS-B1-01
REC-00134,GS:GS-A1-02-064,GS:GS-B2-03-050,Google Scholar,GS-B2-03
REC-00134,GS:GS-A1-02-064,GS:GS-D1-01-095,Google Scholar,GS-D1-01
REC-00134,GS:GS-A1-02-064,GS:GS-D1-02-034,Google Scholar,GS-D1-02
REC-00134,GS:GS-A1-02-064,GS:GS-D2-01-063,Google Scholar,GS-D2-01
REC-00134,GS:GS-A1-02-064,GS:GS-D3-01-082,Google Scholar,GS-D3-01
REC-00134,GS:GS-A1-02-064,ARX:FORMAL-ARXIV-V12-Q-A1:2506.02539v3,arXiv,Q-A1
REC-00134,GS:GS-A1-02-064,ARX:FORMAL-ARXIV-V12-Q-A3:2506.02539v3,arXiv,Q-A3
REC-00134,GS:GS-A1-02-064,ARX:FORMAL-ARXIV-V12-Q-C1:2506.02539v3,arXiv,Q-C1
REC-00134,GS:GS-A1-02-064,ARX:FORMAL-ARXIV-V12-Q-D1:2506.02539v3,arXiv,Q-D1
REC-00136,GS:GS-A1-02-066,GS:GS-A1-05-010,Google Scholar,GS-A1-05
REC-00138,GS:GS-A1-02-068,GS:GS-A3-01-095,Google Scholar,GS-A3-01
REC-00138,GS:GS-A1-02-068,GS:GS-D3-01-092,Google Scholar,GS-D3-01
REC-00138,GS:GS-A1-02-068,ARX:FORMAL-ARXIV-V12-Q-A1:2603.10178v1,arXiv,Q-A1
REC-00140,GS:GS-A1-02-070,GS:GS-B2-02-079,Google Scholar,GS-B2-02
REC-00140,GS:GS-A1-02-070,ACL:FORMAL-ACL-V12-Q-A1:sun-etal-2026-os,ACL Anthology,Q-A1
REC-00140,GS:GS-A1-02-070,ACL:FORMAL-ACL-V12-Q-A3:sun-etal-2026-os,ACL Anthology,Q-A3
REC-00140,GS:GS-A1-02-070,ACL:FORMAL-ACL-V12-Q-D1:sun-etal-2026-os,ACL Anthology,Q-D1
REC-00140,GS:GS-A1-02-070,ACL:FORMAL-ACL-V12-Q-D2:sun-etal-2026-os,ACL Anthology,Q-D2
REC-00140,GS:GS-A1-02-070,ACL:FORMAL-ACL-V12-Q-S0:sun-etal-2026-os,ACL Anthology,Q-S0
REC-00141,GS:GS-A1-02-071,GS:GS-A1-03-026,Google Scholar,GS-A1-03
REC-00141,GS:GS-A1-02-071,GS:GS-A3-02-085,Google Scholar,GS-A3-02
REC-00141,GS:GS-A1-02-071,ARX:FORMAL-ARXIV-V12-Q-A1:2601.20380v1,arXiv,Q-A1
REC-00141,GS:GS-A1-02-071,ARX:FORMAL-ARXIV-V12-Q-A3:2601.20380v1,arXiv,Q-A3
REC-00142,GS:GS-A1-02-072,ARX:FORMAL-ARXIV-V12-Q-A1:2504.14603v2,arXiv,Q-A1
REC-00142,GS:GS-A1-02-072,ARX:FORMAL-ARXIV-V12-Q-A3:2504.14603v2,arXiv,Q-A3
REC-00142,GS:GS-A1-02-072,ARX:FORMAL-ARXIV-V12-Q-D2:2504.14603v2,arXiv,Q-D2
REC-00143,GS:GS-A1-02-074,ARX:FORMAL-ARXIV-V12-Q-A1:2511.19957v2,arXiv,Q-A1
REC-00143,GS:GS-A1-02-074,ARX:FORMAL-ARXIV-V12-Q-A3:2511.19957v2,arXiv,Q-A3
REC-00143,GS:GS-A1-02-074,ARX:FORMAL-ARXIV-V12-Q-D3:2511.19957v2,arXiv,Q-D3
REC-00144,GS:GS-A1-02-076,ARX:FORMAL-ARXIV-V12-Q-A1:2605.15777v2,arXiv,Q-A1
REC-00144,GS:GS-A1-02-076,ARX:FORMAL-ARXIV-V12-Q-A2W:2605.15777v2,arXiv,Q-A2W
REC-00144,GS:GS-A1-02-076,ARX:FORMAL-ARXIV-V12-Q-A3:2605.15777v2,arXiv,Q-A3
REC-00144,GS:GS-A1-02-076,ARX:FORMAL-ARXIV-V12-Q-D3:2605.15777v2,arXiv,Q-D3
REC-00146,GS:GS-A1-02-080,GS:GS-D3-01-100,Google Scholar,GS-D3-01
REC-00148,GS:GS-A1-02-083,GS:GS-B2-03-073,Google Scholar,GS-B2-03
REC-00148,GS:GS-A1-02-083,GS:GS-D2-01-098,Google Scholar,GS-D2-01
REC-00148,GS:GS-A1-02-083,ARX:FORMAL-ARXIV-V12-Q-C2:2509.12462v1,arXiv,Q-C2
REC-00149,GS:GS-A1-02-084,GS:GS-A1-03-004,Google Scholar,GS-A1-03
REC-00149,GS:GS-A1-02-084,GS:GS-A2W-03-068,Google Scholar,GS-A2W-03
REC-00149,GS:GS-A1-02-084,GS:GS-A3-02-038,Google Scholar,GS-A3-02
REC-00149,GS:GS-A1-02-084,ARX:FORMAL-ARXIV-V12-Q-A1:2411.04890v2,arXiv,Q-A1
REC-00149,GS:GS-A1-02-084,ARX:FORMAL-ARXIV-V12-Q-A3:2411.04890v2,arXiv,Q-A3
REC-00151,GS:GS-A1-02-086,GS:GS-D1-02-079,Google Scholar,GS-D1-02
REC-00151,GS:GS-A1-02-086,ARX:FORMAL-ARXIV-V12-Q-A1:2607.28609v2,arXiv,Q-A1
REC-00151,GS:GS-A1-02-086,ARX:FORMAL-ARXIV-V12-Q-A3:2607.28609v2,arXiv,Q-A3
REC-00151,GS:GS-A1-02-086,ARX:FORMAL-ARXIV-V12-Q-D1:2607.28609v2,arXiv,Q-D1
REC-00151,GS:GS-A1-02-086,ARX:FORMAL-ARXIV-V12-Q-D3:2607.28609v2,arXiv,Q-D3
REC-00152,GS:GS-A1-02-088,ARX:FORMAL-ARXIV-V12-Q-A1:2508.05081v1,arXiv,Q-A1
REC-00153,GS:GS-A1-02-089,GS:GS-B2-02-075,Google Scholar,GS-B2-02
REC-00153,GS:GS-A1-02-089,ARX:FORMAL-ARXIV-V12-Q-C3:2502.04747v1,arXiv,Q-C3
REC-00154,GS:GS-A1-02-090,ARX:FORMAL-ARXIV-V12-Q-A2S:2509.11067v2,arXiv,Q-A2S
REC-00154,GS:GS-A1-02-090,ARX:FORMAL-ARXIV-V12-Q-D3:2509.11067v2,arXiv,Q-D3
REC-00156,GS:GS-A1-02-092,GS:GS-A1-03-086,Google Scholar,GS-A1-03
REC-00156,GS:GS-A1-02-092,GS:GS-A3-02-027,Google Scholar,GS-A3-02
REC-00157,GS:GS-A1-02-093,GS:GS-A3-01-064,Google Scholar,GS-A3-01
REC-00157,GS:GS-A1-02-093,GS:GS-D1-01-039,Google Scholar,GS-D1-01
REC-00157,GS:GS-A1-02-093,GS:GS-D1-02-044,Google Scholar,GS-D1-02
REC-00159,GS:GS-A1-02-096,GS:GS-B2-03-080,Google Scholar,GS-B2-03
REC-00160,GS:GS-A1-02-097,GS:GS-D2-03-021,Google Scholar,GS-D2-03
REC-00160,GS:GS-A1-02-097,GS:GS-D3-03-092,Google Scholar,GS-D3-03
REC-00162,GS:GS-A1-03-001,GS:GS-A3-02-006,Google Scholar,GS-A3-02
REC-00162,GS:GS-A1-03-001,ACL:FORMAL-ACL-V12-Q-A1:nguyen-etal-2025-gui,ACL Anthology,Q-A1
REC-00162,GS:GS-A1-03-001,ACL:FORMAL-ACL-V12-Q-A3:nguyen-etal-2025-gui,ACL Anthology,Q-A3
REC-00163,GS:GS-A1-03-002,GS:GS-A2S-02-023,Google Scholar,GS-A2S-02
REC-00163,GS:GS-A1-03-002,GS:GS-A2W-03-011,Google Scholar,GS-A2W-03
REC-00163,GS:GS-A1-03-002,GS:GS-A3-02-017,Google Scholar,GS-A3-02
REC-00163,GS:GS-A1-03-002,ARX:FORMAL-ARXIV-V12-Q-A1:2411.18279v12,arXiv,Q-A1
REC-00163,GS:GS-A1-03-002,ARX:FORMAL-ARXIV-V12-Q-A2S:2411.18279v12,arXiv,Q-A2S
REC-00163,GS:GS-A1-03-002,ARX:FORMAL-ARXIV-V12-Q-A2W:2411.18279v12,arXiv,Q-A2W
REC-00163,GS:GS-A1-03-002,ARX:FORMAL-ARXIV-V12-Q-A3:2411.18279v12,arXiv,Q-A3
REC-00164,GS:GS-A1-03-003,GS:GS-A2S-02-054,Google Scholar,GS-A2S-02
REC-00164,GS:GS-A1-03-003,GS:GS-A3-02-034,Google Scholar,GS-A3-02
REC-00164,GS:GS-A1-03-003,ARX:FORMAL-ARXIV-V12-Q-A1:2508.15144v2,arXiv,Q-A1
REC-00164,GS:GS-A1-03-003,ARX:FORMAL-ARXIV-V12-Q-A2W:2508.15144v2,arXiv,Q-A2W
REC-00164,GS:GS-A1-03-003,ARX:FORMAL-ARXIV-V12-Q-A3:2508.15144v2,arXiv,Q-A3
REC-00165,GS:GS-A1-03-005,ACL:FORMAL-ACL-V12-Q-A1:wang-etal-2025-ponder,ACL Anthology,Q-A1
REC-00165,GS:GS-A1-03-005,ACL:FORMAL-ACL-V12-Q-A3:wang-etal-2025-ponder,ACL Anthology,Q-A3
REC-00166,GS:GS-A1-03-006,ACL:FORMAL-ACL-V12-Q-A1:liu-etal-2026-infiguiagent,ACL Anthology,Q-A1
REC-00166,GS:GS-A1-03-006,ACL:FORMAL-ACL-V12-Q-A3:liu-etal-2026-infiguiagent,ACL Anthology,Q-A3
REC-00167,GS:GS-A1-03-007,GS:GS-A3-02-045,Google Scholar,GS-A3-02
REC-00167,GS:GS-A1-03-007,ARX:FORMAL-ARXIV-V12-Q-A1:2508.21767v1,arXiv,Q-A1
REC-00167,GS:GS-A1-03-007,ARX:FORMAL-ARXIV-V12-Q-A3:2508.21767v1,arXiv,Q-A3
REC-00168,GS:GS-A1-03-008,ARX:FORMAL-ARXIV-V12-Q-A1:2411.10323v1,arXiv,Q-A1
REC-00169,GS:GS-A1-03-009,GS:GS-A3-02-023,Google Scholar,GS-A3-02
REC-00169,GS:GS-A1-03-009,ARX:FORMAL-ARXIV-V12-Q-A1:2510.24168v3,arXiv,Q-A1
REC-00169,GS:GS-A1-03-009,ARX:FORMAL-ARXIV-V12-Q-A3:2510.24168v3,arXiv,Q-A3
REC-00169,GS:GS-A1-03-009,ARX:FORMAL-ARXIV-V12-Q-D1:2510.24168v3,arXiv,Q-D1
REC-00170,GS:GS-A1-03-011,GS:GS-A2S-02-051,Google Scholar,GS-A2S-02
REC-00170,GS:GS-A1-03-011,GS:GS-A2W-02-046,Google Scholar,GS-A2W-02
REC-00170,GS:GS-A1-03-011,GS:GS-A3-02-001,Google Scholar,GS-A3-02
REC-00170,GS:GS-A1-03-011,GS:GS-B2-02-003,Google Scholar,GS-B2-02
REC-00170,GS:GS-A1-03-011,ARX:FORMAL-ARXIV-V12-Q-A1:2503.23434v2,arXiv,Q-A1
REC-00170,GS:GS-A1-03-011,ARX:FORMAL-ARXIV-V12-Q-A3:2503.23434v2,arXiv,Q-A3
REC-00170,GS:GS-A1-03-011,ARX:FORMAL-ARXIV-V12-Q-C3:2503.23434v2,arXiv,Q-C3
REC-00170,GS:GS-A1-03-011,ARX:FORMAL-ARXIV-V12-Q-D2:2503.23434v2,arXiv,Q-D2
REC-00171,GS:GS-A1-03-012,GS:GS-B2-02-069,Google Scholar,GS-B2-02
REC-00172,GS:GS-A1-03-014,GS:GS-A3-02-064,Google Scholar,GS-A3-02
REC-00174,GS:GS-A1-03-017,GS:GS-A3-02-060,Google Scholar,GS-A3-02
REC-00175,GS:GS-A1-03-019,GS:GS-A3-02-065,Google Scholar,GS-A3-02
REC-00175,GS:GS-A1-03-019,ARX:FORMAL-ARXIV-V12-Q-A1:2512.11611v1,arXiv,Q-A1
REC-00175,GS:GS-A1-03-019,ARX:FORMAL-ARXIV-V12-Q-A3:2512.11611v1,arXiv,Q-A3
REC-00178,GS:GS-A1-03-023,ACL:FORMAL-ACL-V12-Q-A1:chen-etal-2025-guicourse,ACL Anthology,Q-A1
REC-00179,GS:GS-A1-03-024,GS:GS-A2S-02-010,Google Scholar,GS-A2S-02
REC-00180,GS:GS-A1-03-025,GS:GS-A3-02-051,Google Scholar,GS-A3-02
REC-00181,GS:GS-A1-03-027,GS:GS-A2S-02-076,Google Scholar,GS-A2S-02
REC-00181,GS:GS-A1-03-027,GS:GS-B2-02-026,Google Scholar,GS-B2-02
REC-00181,GS:GS-A1-03-027,ARX:FORMAL-ARXIV-V12-Q-A1:2604.27955v1,arXiv,Q-A1
REC-00181,GS:GS-A1-03-027,ARX:FORMAL-ARXIV-V12-Q-A3:2604.27955v1,arXiv,Q-A3
REC-00182,GS:GS-A1-03-028,ARX:FORMAL-ARXIV-V12-Q-A1:2601.07181v1,arXiv,Q-A1
REC-00184,GS:GS-A1-03-030,GS:GS-B2-02-088,Google Scholar,GS-B2-02
REC-00185,GS:GS-A1-03-031,GS:GS-A3-02-020,Google Scholar,GS-A3-02
REC-00185,GS:GS-A1-03-031,GS:GS-B2-02-039,Google Scholar,GS-B2-02
REC-00185,GS:GS-A1-03-031,ARX:FORMAL-ARXIV-V12-Q-A1:2605.28258v1,arXiv,Q-A1
REC-00185,GS:GS-A1-03-031,ARX:FORMAL-ARXIV-V12-Q-D1:2605.28258v1,arXiv,Q-D1
REC-00186,GS:GS-A1-03-032,GS:GS-A3-02-099,Google Scholar,GS-A3-02
REC-00186,GS:GS-A1-03-032,GS:GS-B2-02-020,Google Scholar,GS-B2-02
REC-00186,GS:GS-A1-03-032,ARX:FORMAL-ARXIV-V12-Q-A1:2505.09875v2,arXiv,Q-A1
REC-00186,GS:GS-A1-03-032,ARX:FORMAL-ARXIV-V12-Q-A3:2505.09875v2,arXiv,Q-A3
REC-00186,GS:GS-A1-03-032,ARX:FORMAL-ARXIV-V12-Q-C2:2505.09875v2,arXiv,Q-C2
REC-00186,GS:GS-A1-03-032,ARX:FORMAL-ARXIV-V12-Q-D2:2505.09875v2,arXiv,Q-D2
REC-00186,GS:GS-A1-03-032,ARX:FORMAL-ARXIV-V12-Q-D3:2505.09875v2,arXiv,Q-D3
REC-00186,GS:GS-A1-03-032,ARX:FORMAL-ARXIV-V12-Q-S0:2505.09875v2,arXiv,Q-S0
REC-00187,GS:GS-A1-03-033,GS:GS-A3-02-048,Google Scholar,GS-A3-02
REC-00187,GS:GS-A1-03-033,ARX:FORMAL-ARXIV-V12-Q-A1:2509.02544v2,arXiv,Q-A1
REC-00187,GS:GS-A1-03-033,ARX:FORMAL-ARXIV-V12-Q-A2S:2509.02544v2,arXiv,Q-A2S
REC-00187,GS:GS-A1-03-033,ARX:FORMAL-ARXIV-V12-Q-A3:2509.02544v2,arXiv,Q-A3
REC-00187,GS:GS-A1-03-033,ARX:FORMAL-ARXIV-V12-Q-D2:2509.02544v2,arXiv,Q-D2
REC-00188,GS:GS-A1-03-035,GS:GS-A3-02-100,Google Scholar,GS-A3-02
REC-00188,GS:GS-A1-03-035,ARX:FORMAL-ARXIV-V12-Q-A1:2606.24551v1,arXiv,Q-A1
REC-00188,GS:GS-A1-03-035,ARX:FORMAL-ARXIV-V12-Q-A3:2606.24551v1,arXiv,Q-A3
REC-00188,GS:GS-A1-03-035,ARX:FORMAL-ARXIV-V12-Q-D1:2606.24551v1,arXiv,Q-D1
REC-00189,GS:GS-A1-03-036,GS:GS-A1-04-001,Google Scholar,GS-A1-04
REC-00189,GS:GS-A1-03-036,GS:GS-A2W-03-022,Google Scholar,GS-A2W-03
REC-00189,GS:GS-A1-03-036,GS:GS-A3-02-079,Google Scholar,GS-A3-02
REC-00189,GS:GS-A1-03-036,GS:GS-A3-03-002,Google Scholar,GS-A3-03
REC-00189,GS:GS-A1-03-036,GS:GS-B2-02-065,Google Scholar,GS-B2-02
REC-00189,GS:GS-A1-03-036,ARX:FORMAL-ARXIV-V12-Q-A1:2508.04482v1,arXiv,Q-A1
REC-00189,GS:GS-A1-03-036,ARX:FORMAL-ARXIV-V12-Q-A2S:2508.04482v1,arXiv,Q-A2S
REC-00189,GS:GS-A1-03-036,ARX:FORMAL-ARXIV-V12-Q-A3:2508.04482v1,arXiv,Q-A3
REC-00190,GS:GS-A1-03-037,ARX:FORMAL-ARXIV-V12-Q-A1:2606.25705v1,arXiv,Q-A1
REC-00190,GS:GS-A1-03-037,ARX:FORMAL-ARXIV-V12-Q-A3:2606.25705v1,arXiv,Q-A3
REC-00190,GS:GS-A1-03-037,ARX:FORMAL-ARXIV-V12-Q-D3:2606.25705v1,arXiv,Q-D3
REC-00191,GS:GS-A1-03-038,GS:GS-B2-02-070,Google Scholar,GS-B2-02
REC-00191,GS:GS-A1-03-038,ACL:FORMAL-ACL-V12-Q-A1:xie-etal-2025-gui,ACL Anthology,Q-A1
REC-00192,GS:GS-A1-03-039,GS:GS-A3-02-029,Google Scholar,GS-A3-02
REC-00192,GS:GS-A1-03-039,ARX:FORMAL-ARXIV-V12-Q-A1:2509.07098v1,arXiv,Q-A1
REC-00192,GS:GS-A1-03-039,ARX:FORMAL-ARXIV-V12-Q-A3:2509.07098v1,arXiv,Q-A3
REC-00192,GS:GS-A1-03-039,ARX:FORMAL-ARXIV-V12-Q-D1:2509.07098v1,arXiv,Q-D1
REC-00193,GS:GS-A1-03-040,GS:GS-A2W-03-030,Google Scholar,GS-A2W-03
REC-00193,GS:GS-A1-03-040,GS:GS-A3-02-021,Google Scholar,GS-A3-02
REC-00193,GS:GS-A1-03-040,GS:GS-B1-01-039,Google Scholar,GS-B1-01
REC-00193,GS:GS-A1-03-040,GS:GS-B2-02-007,Google Scholar,GS-B2-02
REC-00193,GS:GS-A1-03-040,GS:GS-B2-03-032,Google Scholar,GS-B2-03
REC-00193,GS:GS-A1-03-040,GS:GS-B3-03-095,Google Scholar,GS-B3-03
REC-00193,GS:GS-A1-03-040,GS:GS-D1-01-049,Google Scholar,GS-D1-01
REC-00193,GS:GS-A1-03-040,GS:GS-D2-01-036,Google Scholar,GS-D2-01
REC-00195,GS:GS-A1-03-043,ARX:FORMAL-ARXIV-V12-Q-A1:2606.29705v1,arXiv,Q-A1
REC-00196,GS:GS-A1-03-044,GS:GS-A3-02-086,Google Scholar,GS-A3-02
REC-00196,GS:GS-A1-03-044,ARX:FORMAL-ARXIV-V12-Q-A1:2507.05720v1,arXiv,Q-A1
REC-00196,GS:GS-A1-03-044,ARX:FORMAL-ARXIV-V12-Q-A3:2507.05720v1,arXiv,Q-A3
REC-00196,GS:GS-A1-03-044,ARX:FORMAL-ARXIV-V12-Q-D3:2507.05720v1,arXiv,Q-D3
REC-00197,GS:GS-A1-03-045,GS:GS-A3-02-093,Google Scholar,GS-A3-02
REC-00197,GS:GS-A1-03-045,ARX:FORMAL-ARXIV-V12-Q-A1:2511.06417v1,arXiv,Q-A1
REC-00197,GS:GS-A1-03-045,ARX:FORMAL-ARXIV-V12-Q-A3:2511.06417v1,arXiv,Q-A3
REC-00198,GS:GS-A1-03-046,GS:GS-A3-02-057,Google Scholar,GS-A3-02
REC-00198,GS:GS-A1-03-046,ARX:FORMAL-ARXIV-V12-Q-A1:2504.20464v2,arXiv,Q-A1
REC-00198,GS:GS-A1-03-046,ARX:FORMAL-ARXIV-V12-Q-A3:2504.20464v2,arXiv,Q-A3
REC-00199,GS:GS-A1-03-047,GS:GS-A3-02-063,Google Scholar,GS-A3-02
REC-00199,GS:GS-A1-03-047,ARX:FORMAL-ARXIV-V12-Q-A1:2508.03700v5,arXiv,Q-A1
REC-00199,GS:GS-A1-03-047,ARX:FORMAL-ARXIV-V12-Q-A3:2508.03700v5,arXiv,Q-A3
REC-00201,GS:GS-A1-03-049,GS:GS-A3-02-077,Google Scholar,GS-A3-02
REC-00201,GS:GS-A1-03-049,ACL:FORMAL-ACL-V12-Q-A1:zhang-etal-2025-agentcpm,ACL Anthology,Q-A1
REC-00201,GS:GS-A1-03-049,ACL:FORMAL-ACL-V12-Q-A3:zhang-etal-2025-agentcpm,ACL Anthology,Q-A3
REC-00201,GS:GS-A1-03-049,ACL:FORMAL-ACL-V12-Q-D3:zhang-etal-2025-agentcpm,ACL Anthology,Q-D3
REC-00202,GS:GS-A1-03-051,GS:GS-A2S-02-028,Google Scholar,GS-A2S-02
REC-00203,GS:GS-A1-03-053,ARX:FORMAL-ARXIV-V12-Q-A1:2504.10458v4,arXiv,Q-A1
REC-00203,GS:GS-A1-03-053,ARX:FORMAL-ARXIV-V12-Q-A3:2504.10458v4,arXiv,Q-A3
REC-00204,GS:GS-A1-03-056,GS:GS-A3-02-059,Google Scholar,GS-A3-02
REC-00205,GS:GS-A1-03-057,GS:GS-A3-02-002,Google Scholar,GS-A3-02
REC-00205,GS:GS-A1-03-057,ARX:FORMAL-ARXIV-V12-Q-A1:2502.08047v5,arXiv,Q-A1
REC-00205,GS:GS-A1-03-057,ARX:FORMAL-ARXIV-V12-Q-A3:2502.08047v5,arXiv,Q-A3
REC-00207,GS:GS-A1-03-059,GS:GS-A3-02-054,Google Scholar,GS-A3-02
REC-00207,GS:GS-A1-03-059,ARX:FORMAL-ARXIV-V12-Q-A1:2602.00575v2,arXiv,Q-A1
REC-00207,GS:GS-A1-03-059,ARX:FORMAL-ARXIV-V12-Q-A3:2602.00575v2,arXiv,Q-A3
REC-00207,GS:GS-A1-03-059,ARX:FORMAL-ARXIV-V12-Q-D1:2602.00575v2,arXiv,Q-D1
REC-00207,GS:GS-A1-03-059,ARX:FORMAL-ARXIV-V12-Q-D2:2602.00575v2,arXiv,Q-D2
REC-00208,GS:GS-A1-03-060,ACL:FORMAL-ACL-V12-Q-A1:sun-etal-2025-os,ACL Anthology,Q-A1
REC-00208,GS:GS-A1-03-060,ACL:FORMAL-ACL-V12-Q-A3:sun-etal-2025-os,ACL Anthology,Q-A3
REC-00210,GS:GS-A1-03-063,GS:GS-B1-01-044,Google Scholar,GS-B1-01
REC-00210,GS:GS-A1-03-063,GS:GS-B2-01-048,Google Scholar,GS-B2-01
REC-00210,GS:GS-A1-03-063,GS:GS-B2-02-013,Google Scholar,GS-B2-02
REC-00210,GS:GS-A1-03-063,GS:GS-B2-03-088,Google Scholar,GS-B2-03
REC-00210,GS:GS-A1-03-063,GS:GS-D1-02-042,Google Scholar,GS-D1-02
REC-00210,GS:GS-A1-03-063,ARX:FORMAL-ARXIV-V12-Q-A1:2604.07831v2,arXiv,Q-A1
REC-00210,GS:GS-A1-03-063,ARX:FORMAL-ARXIV-V12-Q-A3:2604.07831v2,arXiv,Q-A3
REC-00210,GS:GS-A1-03-063,ARX:FORMAL-ARXIV-V12-Q-B1:2604.07831v2,arXiv,Q-B1
REC-00210,GS:GS-A1-03-063,ARX:FORMAL-ARXIV-V12-Q-D1:2604.07831v2,arXiv,Q-D1
REC-00210,GS:GS-A1-03-063,ARX:FORMAL-ARXIV-V12-Q-S0:2604.07831v2,arXiv,Q-S0
REC-00211,GS:GS-A1-03-064,GS:GS-A3-02-003,Google Scholar,GS-A3-02
REC-00213,GS:GS-A1-03-066,GS:GS-A2W-03-090,Google Scholar,GS-A2W-03
REC-00213,GS:GS-A1-03-066,GS:GS-A3-02-082,Google Scholar,GS-A3-02
REC-00213,GS:GS-A1-03-066,ARX:FORMAL-ARXIV-V12-Q-A1:2605.12294v1,arXiv,Q-A1
REC-00213,GS:GS-A1-03-066,ARX:FORMAL-ARXIV-V12-Q-A3:2605.12294v1,arXiv,Q-A3
REC-00213,GS:GS-A1-03-066,ARX:FORMAL-ARXIV-V12-Q-D3:2605.12294v1,arXiv,Q-D3
REC-00214,GS:GS-A1-03-067,GS:GS-A2S-02-007,Google Scholar,GS-A2S-02
REC-00214,GS:GS-A1-03-067,GS:GS-A2W-01-051,Google Scholar,GS-A2W-01
REC-00214,GS:GS-A1-03-067,GS:GS-A2W-03-015,Google Scholar,GS-A2W-03
REC-00214,GS:GS-A1-03-067,GS:GS-A3-02-035,Google Scholar,GS-A3-02
REC-00214,GS:GS-A1-03-067,GS:GS-B2-02-083,Google Scholar,GS-B2-02
REC-00214,GS:GS-A1-03-067,ARX:FORMAL-ARXIV-V12-Q-A1:2504.13865v2,arXiv,Q-A1
REC-00214,GS:GS-A1-03-067,ARX:FORMAL-ARXIV-V12-Q-A3:2504.13865v2,arXiv,Q-A3
REC-00215,GS:GS-A1-03-068,GS:GS-A1-04-021,Google Scholar,GS-A1-04
REC-00215,GS:GS-A1-03-068,GS:GS-A1-05-035,Google Scholar,GS-A1-05
REC-00215,GS:GS-A1-03-068,GS:GS-A3-01-085,Google Scholar,GS-A3-01
REC-00215,GS:GS-A1-03-068,GS:GS-A3-02-010,Google Scholar,GS-A3-02
REC-00215,GS:GS-A1-03-068,GS:GS-A3-03-012,Google Scholar,GS-A3-03
REC-00215,GS:GS-A1-03-068,GS:GS-B1-01-061,Google Scholar,GS-B1-01
REC-00215,GS:GS-A1-03-068,GS:GS-B2-02-032,Google Scholar,GS-B2-02
REC-00215,GS:GS-A1-03-068,GS:GS-B2-03-058,Google Scholar,GS-B2-03
REC-00215,GS:GS-A1-03-068,GS:GS-D1-01-051,Google Scholar,GS-D1-01
REC-00215,GS:GS-A1-03-068,GS:GS-D1-02-087,Google Scholar,GS-D1-02
REC-00216,GS:GS-A1-03-069,GS:GS-A3-02-056,Google Scholar,GS-A3-02
REC-00216,GS:GS-A1-03-069,ARX:FORMAL-ARXIV-V12-Q-A1:2603.08533v2,arXiv,Q-A1
REC-00216,GS:GS-A1-03-069,ARX:FORMAL-ARXIV-V12-Q-A3:2603.08533v2,arXiv,Q-A3
REC-00216,GS:GS-A1-03-069,ARX:FORMAL-ARXIV-V12-Q-D1:2603.08533v2,arXiv,Q-D1
REC-00217,GS:GS-A1-03-070,ARX:FORMAL-ARXIV-V12-Q-A1:2606.05171v1,arXiv,Q-A1
REC-00217,GS:GS-A1-03-070,ARX:FORMAL-ARXIV-V12-Q-A3:2606.05171v1,arXiv,Q-A3
REC-00218,GS:GS-A1-03-072,ARX:FORMAL-ARXIV-V12-Q-A1:2502.14282v2,arXiv,Q-A1
REC-00218,GS:GS-A1-03-072,ARX:FORMAL-ARXIV-V12-Q-A2W:2502.14282v2,arXiv,Q-A2W
REC-00218,GS:GS-A1-03-072,ARX:FORMAL-ARXIV-V12-Q-A3:2502.14282v2,arXiv,Q-A3
REC-00219,GS:GS-A1-03-073,ARX:FORMAL-ARXIV-V12-Q-A1:2605.14747v1,arXiv,Q-A1
REC-00219,GS:GS-A1-03-073,ARX:FORMAL-ARXIV-V12-Q-A3:2605.14747v1,arXiv,Q-A3
REC-00219,GS:GS-A1-03-073,ARX:FORMAL-ARXIV-V12-Q-D3:2605.14747v1,arXiv,Q-D3
REC-00220,GS:GS-A1-03-075,GS:GS-A3-01-044,Google Scholar,GS-A3-01
REC-00220,GS:GS-A1-03-075,GS:GS-A3-02-011,Google Scholar,GS-A3-02
REC-00220,GS:GS-A1-03-075,GS:GS-B2-02-061,Google Scholar,GS-B2-02
REC-00220,GS:GS-A1-03-075,GS:GS-B2-03-059,Google Scholar,GS-B2-03
REC-00220,GS:GS-A1-03-075,GS:GS-D1-01-040,Google Scholar,GS-D1-01
REC-00220,GS:GS-A1-03-075,GS:GS-D1-02-072,Google Scholar,GS-D1-02
REC-00220,GS:GS-A1-03-075,GS:GS-D2-01-066,Google Scholar,GS-D2-01
REC-00222,GS:GS-A1-03-077,GS:GS-B2-02-029,Google Scholar,GS-B2-02
REC-00223,GS:GS-A1-03-078,GS:GS-A3-02-018,Google Scholar,GS-A3-02
REC-00223,GS:GS-A1-03-078,GS:GS-D1-02-081,Google Scholar,GS-D1-02
REC-00223,GS:GS-A1-03-078,GS:GS-D3-01-075,Google Scholar,GS-D3-01
REC-00223,GS:GS-A1-03-078,ARX:FORMAL-ARXIV-V12-Q-A1:2607.28227v1,arXiv,Q-A1
REC-00223,GS:GS-A1-03-078,ARX:FORMAL-ARXIV-V12-Q-A3:2607.28227v1,arXiv,Q-A3
REC-00223,GS:GS-A1-03-078,ARX:FORMAL-ARXIV-V12-Q-D1:2607.28227v1,arXiv,Q-D1
REC-00223,GS:GS-A1-03-078,ARX:FORMAL-ARXIV-V12-Q-D2:2607.28227v1,arXiv,Q-D2
REC-00224,GS:GS-A1-03-079,ACL:FORMAL-ACL-V12-Q-A1:zhao-etal-2025-cola,ACL Anthology,Q-A1
REC-00224,GS:GS-A1-03-079,ACL:FORMAL-ACL-V12-Q-A2W:zhao-etal-2025-cola,ACL Anthology,Q-A2W
REC-00224,GS:GS-A1-03-079,ACL:FORMAL-ACL-V12-Q-D3:zhao-etal-2025-cola,ACL Anthology,Q-D3
REC-00225,GS:GS-A1-03-081,ARX:FORMAL-ARXIV-V12-Q-A1:2604.20279v2,arXiv,Q-A1
REC-00226,GS:GS-A1-03-082,ARX:FORMAL-ARXIV-V12-Q-A1:2412.04454v2,arXiv,Q-A1
REC-00226,GS:GS-A1-03-082,ARX:FORMAL-ARXIV-V12-Q-A3:2412.04454v2,arXiv,Q-A3
REC-00228,GS:GS-A1-03-084,ARX:FORMAL-ARXIV-V12-Q-A1:2602.16855v1,arXiv,Q-A1
REC-00228,GS:GS-A1-03-084,ARX:FORMAL-ARXIV-V12-Q-A3:2602.16855v1,arXiv,Q-A3
REC-00228,GS:GS-A1-03-084,ARX:FORMAL-ARXIV-V12-Q-D2:2602.16855v1,arXiv,Q-D2
REC-00229,GS:GS-A1-03-085,GS:GS-A3-02-062,Google Scholar,GS-A3-02
REC-00229,GS:GS-A1-03-085,ARX:FORMAL-ARXIV-V12-Q-A1:2512.22047v1,arXiv,Q-A1
REC-00229,GS:GS-A1-03-085,ARX:FORMAL-ARXIV-V12-Q-A2S:2512.22047v1,arXiv,Q-A2S
REC-00229,GS:GS-A1-03-085,ARX:FORMAL-ARXIV-V12-Q-A3:2512.22047v1,arXiv,Q-A3
REC-00231,GS:GS-A1-03-088,GS:GS-A3-02-025,Google Scholar,GS-A3-02
REC-00231,GS:GS-A1-03-088,ARX:FORMAL-ARXIV-V12-Q-A1:2503.15937v5,arXiv,Q-A1
REC-00231,GS:GS-A1-03-088,ARX:FORMAL-ARXIV-V12-Q-A3:2503.15937v5,arXiv,Q-A3
REC-00231,GS:GS-A1-03-088,ARX:FORMAL-ARXIV-V12-Q-D1:2503.15937v5,arXiv,Q-D1
REC-00232,GS:GS-A1-03-089,ARX:FORMAL-ARXIV-V12-Q-A1:2408.00203v1,arXiv,Q-A1
REC-00232,GS:GS-A1-03-089,ARX:FORMAL-ARXIV-V12-Q-A3:2408.00203v1,arXiv,Q-A3
REC-00232,GS:GS-A1-03-089,ARX:FORMAL-ARXIV-V12-Q-D2:2408.00203v1,arXiv,Q-D2
REC-00233,GS:GS-A1-03-090,GS:GS-A1-04-002,Google Scholar,GS-A1-04
REC-00233,GS:GS-A1-03-090,GS:GS-A1-06-040,Google Scholar,GS-A1-06
REC-00233,GS:GS-A1-03-090,GS:GS-A2W-03-008,Google Scholar,GS-A2W-03
REC-00233,GS:GS-A1-03-090,GS:GS-A3-03-001,Google Scholar,GS-A3-03
REC-00233,GS:GS-A1-03-090,GS:GS-B2-02-098,Google Scholar,GS-B2-02
REC-00233,GS:GS-A1-03-090,ACL:FORMAL-ACL-V12-Q-A1:hu-etal-2025-os,ACL Anthology,Q-A1
REC-00233,GS:GS-A1-03-090,ACL:FORMAL-ACL-V12-Q-A2W:hu-etal-2025-os,ACL Anthology,Q-A2W
REC-00233,GS:GS-A1-03-090,ACL:FORMAL-ACL-V12-Q-A3:hu-etal-2025-os,ACL Anthology,Q-A3
REC-00234,GS:GS-A1-03-091,GS:GS-A3-02-015,Google Scholar,GS-A3-02
REC-00235,GS:GS-A1-03-092,ACL:FORMAL-ACL-V12-Q-A1:hsiung-etal-2026-pgga,ACL Anthology,Q-A1
REC-00235,GS:GS-A1-03-092,ACL:FORMAL-ACL-V12-Q-A3:hsiung-etal-2026-pgga,ACL Anthology,Q-A3
REC-00236,GS:GS-A1-03-093,GS:GS-A3-02-039,Google Scholar,GS-A3-02
REC-00236,GS:GS-A1-03-093,ARX:FORMAL-ARXIV-V12-Q-A1:2604.04399v1,arXiv,Q-A1
REC-00236,GS:GS-A1-03-093,ARX:FORMAL-ARXIV-V12-Q-A3:2604.04399v1,arXiv,Q-A3
REC-00236,GS:GS-A1-03-093,ARX:FORMAL-ARXIV-V12-Q-D2:2604.04399v1,arXiv,Q-D2
REC-00238,GS:GS-A1-03-095,ARX:FORMAL-ARXIV-V12-Q-A1:2501.12326v1,arXiv,Q-A1
REC-00238,GS:GS-A1-03-095,ARX:FORMAL-ARXIV-V12-Q-A3:2501.12326v1,arXiv,Q-A3
REC-00239,GS:GS-A1-03-098,ARX:FORMAL-ARXIV-V12-Q-A1:2509.15738v1,arXiv,Q-A1
REC-00239,GS:GS-A1-03-098,ARX:FORMAL-ARXIV-V12-Q-A3:2509.15738v1,arXiv,Q-A3
REC-00240,GS:GS-A1-03-100,GS:GS-A3-02-078,Google Scholar,GS-A3-02
REC-00240,GS:GS-A1-03-100,ARX:FORMAL-ARXIV-V12-Q-A1:2604.11784v1,arXiv,Q-A1
REC-00240,GS:GS-A1-03-100,ARX:FORMAL-ARXIV-V12-Q-A3:2604.11784v1,arXiv,Q-A3
REC-00241,GS:GS-A1-04-003,GS:GS-A2S-02-012,Google Scholar,GS-A2S-02
REC-00241,GS:GS-A1-04-003,GS:GS-A3-03-006,Google Scholar,GS-A3-03
REC-00241,GS:GS-A1-04-003,ARX:FORMAL-ARXIV-V12-Q-A1:2409.08264v2,arXiv,Q-A1
REC-00241,GS:GS-A1-04-003,ARX:FORMAL-ARXIV-V12-Q-A3:2409.08264v2,arXiv,Q-A3
REC-00243,GS:GS-A1-04-005,GS:GS-A2S-01-019,Google Scholar,GS-A2S-01
REC-00244,GS:GS-A1-04-006,GS:GS-A3-03-004,Google Scholar,GS-A3-03
REC-00244,GS:GS-A1-04-006,ARX:FORMAL-ARXIV-V12-Q-A1:2510.19386v2,arXiv,Q-A1
REC-00244,GS:GS-A1-04-006,ARX:FORMAL-ARXIV-V12-Q-A2S:2510.19386v2,arXiv,Q-A2S
REC-00244,GS:GS-A1-04-006,ARX:FORMAL-ARXIV-V12-Q-A3:2510.19386v2,arXiv,Q-A3
REC-00244,GS:GS-A1-04-006,ARX:FORMAL-ARXIV-V12-Q-C2:2510.19386v2,arXiv,Q-C2
REC-00245,GS:GS-A1-04-007,GS:GS-A3-02-061,Google Scholar,GS-A3-02
REC-00245,GS:GS-A1-04-007,GS:GS-B2-02-055,Google Scholar,GS-B2-02
REC-00245,GS:GS-A1-04-007,ARX:FORMAL-ARXIV-V12-Q-A1:2509.07553v3,arXiv,Q-A1
REC-00245,GS:GS-A1-04-007,ARX:FORMAL-ARXIV-V12-Q-A3:2509.07553v3,arXiv,Q-A3
REC-00245,GS:GS-A1-04-007,ARX:FORMAL-ARXIV-V12-Q-D2:2509.07553v3,arXiv,Q-D2
REC-00246,GS:GS-A1-04-008,GS:GS-A3-03-015,Google Scholar,GS-A3-03
REC-00246,GS:GS-A1-04-008,ARX:FORMAL-ARXIV-V12-Q-A1:2606.23449v1,arXiv,Q-A1
REC-00246,GS:GS-A1-04-008,ARX:FORMAL-ARXIV-V12-Q-A3:2606.23449v1,arXiv,Q-A3
REC-00246,GS:GS-A1-04-008,ARX:FORMAL-ARXIV-V12-Q-B3:2606.23449v1,arXiv,Q-B3
REC-00246,GS:GS-A1-04-008,ARX:FORMAL-ARXIV-V12-Q-S0:2606.23449v1,arXiv,Q-S0
REC-00248,GS:GS-A1-04-010,GS:GS-A3-03-003,Google Scholar,GS-A3-03
REC-00248,GS:GS-A1-04-010,ARX:FORMAL-ARXIV-V12-Q-A1:2604.24348v1,arXiv,Q-A1
REC-00248,GS:GS-A1-04-010,ARX:FORMAL-ARXIV-V12-Q-A3:2604.24348v1,arXiv,Q-A3
REC-00248,GS:GS-A1-04-010,ARX:FORMAL-ARXIV-V12-Q-S0:2604.24348v1,arXiv,Q-S0
REC-00249,GS:GS-A1-04-012,GS:GS-A3-03-011,Google Scholar,GS-A3-03
REC-00249,GS:GS-A1-04-012,GS:GS-B1-01-024,Google Scholar,GS-B1-01
REC-00249,GS:GS-A1-04-012,GS:GS-B2-02-056,Google Scholar,GS-B2-02
REC-00249,GS:GS-A1-04-012,GS:GS-B2-03-011,Google Scholar,GS-B2-03
REC-00249,GS:GS-A1-04-012,GS:GS-D1-01-043,Google Scholar,GS-D1-01
REC-00249,GS:GS-A1-04-012,GS:GS-D2-01-029,Google Scholar,GS-D2-01
REC-00249,GS:GS-A1-04-012,GS:GS-D3-01-025,Google Scholar,GS-D3-01
REC-00250,GS:GS-A1-04-013,GS:GS-C2-02-048,Google Scholar,GS-C2-02
REC-00250,GS:GS-A1-04-013,GS:GS-C3-03-067,Google Scholar,GS-C3-03
REC-00250,GS:GS-A1-04-013,GS:GS-D2-03-062,Google Scholar,GS-D2-03
REC-00250,GS:GS-A1-04-013,GS:GS-D3-02-025,Google Scholar,GS-D3-02
REC-00250,GS:GS-A1-04-013,GS:GS-D3-03-081,Google Scholar,GS-D3-03
REC-00251,GS:GS-A1-04-015,GS:GS-A3-03-009,Google Scholar,GS-A3-03
REC-00251,GS:GS-A1-04-015,GS:GS-C3-04-084,Google Scholar,GS-C3-04
REC-00251,GS:GS-A1-04-015,ARX:FORMAL-ARXIV-V12-Q-C3:2607.17986v1,arXiv,Q-C3
REC-00251,GS:GS-A1-04-015,ARX:FORMAL-ARXIV-V12-Q-D2:2607.17986v1,arXiv,Q-D2
REC-00251,GS:GS-A1-04-015,ARX:FORMAL-ARXIV-V12-Q-D3:2607.17986v1,arXiv,Q-D3
REC-00251,GS:GS-A1-04-015,ARX:FORMAL-ARXIV-V12-Q-S0:2607.17986v1,arXiv,Q-S0
REC-00252,GS:GS-A1-04-016,GS:GS-A3-03-020,Google Scholar,GS-A3-03
REC-00252,GS:GS-A1-04-016,GS:GS-D2-02-064,Google Scholar,GS-D2-02
REC-00254,GS:GS-A1-04-019,GS:GS-A3-03-017,Google Scholar,GS-A3-03
REC-00254,GS:GS-A1-04-019,ARX:FORMAL-ARXIV-V12-Q-D2:2607.11288v1,arXiv,Q-D2
REC-00254,GS:GS-A1-04-019,ARX:FORMAL-ARXIV-V12-Q-S0:2607.11288v1,arXiv,Q-S0
REC-00257,GS:GS-A1-04-023,GS:GS-A3-03-061,Google Scholar,GS-A3-03
REC-00258,GS:GS-A1-04-024,GS:GS-A3-03-024,Google Scholar,GS-A3-03
REC-00258,GS:GS-A1-04-024,GS:GS-B2-02-064,Google Scholar,GS-B2-02
REC-00259,GS:GS-A1-04-025,GS:GS-A3-03-010,Google Scholar,GS-A3-03
REC-00259,GS:GS-A1-04-025,GS:GS-B1-01-074,Google Scholar,GS-B1-01
REC-00259,GS:GS-A1-04-025,GS:GS-B2-02-063,Google Scholar,GS-B2-02
REC-00259,GS:GS-A1-04-025,GS:GS-B2-03-029,Google Scholar,GS-B2-03
REC-00259,GS:GS-A1-04-025,GS:GS-D1-02-085,Google Scholar,GS-D1-02
REC-00259,GS:GS-A1-04-025,GS:GS-D2-01-084,Google Scholar,GS-D2-01
REC-00261,GS:GS-A1-04-028,GS:GS-A3-03-008,Google Scholar,GS-A3-03
REC-00261,GS:GS-A1-04-028,ARX:FORMAL-ARXIV-V12-Q-A1:2606.11520v4,arXiv,Q-A1
REC-00261,GS:GS-A1-04-028,ARX:FORMAL-ARXIV-V12-Q-D3:2606.11520v4,arXiv,Q-D3
REC-00262,GS:GS-A1-04-029,GS:GS-A3-03-029,Google Scholar,GS-A3-03
REC-00263,GS:GS-A1-04-030,GS:GS-A3-03-031,Google Scholar,GS-A3-03
REC-00264,GS:GS-A1-04-031,GS:GS-A3-03-026,Google Scholar,GS-A3-03
REC-00265,GS:GS-A1-04-032,GS:GS-A3-03-048,Google Scholar,GS-A3-03
REC-00266,GS:GS-A1-04-033,GS:GS-A1-04-034,Google Scholar,GS-A1-04
REC-00266,GS:GS-A1-04-033,ARX:FORMAL-ARXIV-V12-Q-A1:2601.07402v1,arXiv,Q-A1
REC-00266,GS:GS-A1-04-033,ARX:FORMAL-ARXIV-V12-Q-A3:2601.07402v1,arXiv,Q-A3
REC-00266,GS:GS-A1-04-033,ARX:FORMAL-ARXIV-V12-Q-D1:2601.07402v1,arXiv,Q-D1
REC-00266,GS:GS-A1-04-033,ARX:FORMAL-ARXIV-V12-Q-D2:2601.07402v1,arXiv,Q-D2
REC-00267,GS:GS-A1-04-035,GS:GS-A3-03-050,Google Scholar,GS-A3-03
REC-00267,GS:GS-A1-04-035,GS:GS-B1-01-019,Google Scholar,GS-B1-01
REC-00267,GS:GS-A1-04-035,GS:GS-B2-03-027,Google Scholar,GS-B2-03
REC-00267,GS:GS-A1-04-035,GS:GS-D1-01-038,Google Scholar,GS-D1-01
REC-00267,GS:GS-A1-04-035,GS:GS-D1-02-026,Google Scholar,GS-D1-02
REC-00267,GS:GS-A1-04-035,GS:GS-D2-01-021,Google Scholar,GS-D2-01
REC-00267,GS:GS-A1-04-035,GS:GS-D3-01-048,Google Scholar,GS-D3-01
REC-00269,GS:GS-A1-04-037,ARX:FORMAL-ARXIV-V12-Q-B4:2606.00288v3,arXiv,Q-B4
REC-00269,GS:GS-A1-04-037,ARX:FORMAL-ARXIV-V12-Q-C3:2606.00288v3,arXiv,Q-C3
REC-00270,GS:GS-A1-04-038,ACL:FORMAL-ACL-V12-Q-B2:wang-etal-2024-badagent,ACL Anthology,Q-B2
REC-00270,GS:GS-A1-04-038,ACL:FORMAL-ACL-V12-Q-C3:wang-etal-2024-badagent,ACL Anthology,Q-C3
REC-00270,GS:GS-A1-04-038,ACL:FORMAL-ACL-V12-Q-S0:wang-etal-2024-badagent,ACL Anthology,Q-S0
REC-00271,GS:GS-A1-04-039,GS:GS-A3-03-025,Google Scholar,GS-A3-03
REC-00271,GS:GS-A1-04-039,ACL:FORMAL-ACL-V12-Q-D2:luo-etal-2025-agrail,ACL Anthology,Q-D2
REC-00271,GS:GS-A1-04-039,ACL:FORMAL-ACL-V12-Q-S0:luo-etal-2025-agrail,ACL Anthology,Q-S0
REC-00272,GS:GS-A1-04-040,GS:GS-A3-03-022,Google Scholar,GS-A3-03
REC-00272,GS:GS-A1-04-040,GS:GS-C3-01-029,Google Scholar,GS-C3-01
REC-00272,GS:GS-A1-04-040,GS:GS-D3-02-017,Google Scholar,GS-D3-02
REC-00272,GS:GS-A1-04-040,ARX:FORMAL-ARXIV-V12-Q-C3:2606.03895v2,arXiv,Q-C3
REC-00272,GS:GS-A1-04-040,ARX:FORMAL-ARXIV-V12-Q-D1:2606.03895v2,arXiv,Q-D1
REC-00272,GS:GS-A1-04-040,ARX:FORMAL-ARXIV-V12-Q-D2:2606.03895v2,arXiv,Q-D2
REC-00272,GS:GS-A1-04-040,ARX:FORMAL-ARXIV-V12-Q-D3:2606.03895v2,arXiv,Q-D3
REC-00274,GS:GS-A1-04-042,GS:GS-A3-03-040,Google Scholar,GS-A3-03
REC-00275,GS:GS-A1-04-043,GS:GS-A3-03-023,Google Scholar,GS-A3-03
REC-00275,GS:GS-A1-04-043,GS:GS-C3-01-022,Google Scholar,GS-C3-01
REC-00275,GS:GS-A1-04-043,GS:GS-D3-02-020,Google Scholar,GS-D3-02
REC-00276,GS:GS-A1-04-044,GS:GS-A3-03-069,Google Scholar,GS-A3-03
REC-00278,GS:GS-A1-04-047,GS:GS-A3-03-013,Google Scholar,GS-A3-03
REC-00278,GS:GS-A1-04-047,ARX:FORMAL-ARXIV-V12-Q-D1:2605.18747v1,arXiv,Q-D1
REC-00278,GS:GS-A1-04-047,ARX:FORMAL-ARXIV-V12-Q-D3:2605.18747v1,arXiv,Q-D3
REC-00279,GS:GS-A1-04-048,GS:GS-A3-03-007,Google Scholar,GS-A3-03
REC-00279,GS:GS-A1-04-048,GS:GS-B2-02-022,Google Scholar,GS-B2-02
REC-00281,GS:GS-A1-04-050,ARX:FORMAL-ARXIV-V12-Q-S0:2603.21231v1,arXiv,Q-S0
REC-00282,GS:GS-A1-04-051,GS:GS-A3-03-035,Google Scholar,GS-A3-03
REC-00283,GS:GS-A1-04-052,GS:GS-A3-03-043,Google Scholar,GS-A3-03
REC-00283,GS:GS-A1-04-052,GS:GS-D1-01-099,Google Scholar,GS-D1-01
REC-00283,GS:GS-A1-04-052,GS:GS-D1-02-088,Google Scholar,GS-D1-02
REC-00283,GS:GS-A1-04-052,ARX:FORMAL-ARXIV-V12-Q-A1:2507.23779v1,arXiv,Q-A1
REC-00283,GS:GS-A1-04-052,ARX:FORMAL-ARXIV-V12-Q-A3:2507.23779v1,arXiv,Q-A3
REC-00286,GS:GS-A1-04-057,GS:GS-A1-06-013,Google Scholar,GS-A1-06
REC-00286,GS:GS-A1-04-057,GS:GS-A2S-02-011,Google Scholar,GS-A2S-02
REC-00286,GS:GS-A1-04-057,GS:GS-A2W-01-015,Google Scholar,GS-A2W-01
REC-00286,GS:GS-A1-04-057,GS:GS-A2W-03-012,Google Scholar,GS-A2W-03
REC-00286,GS:GS-A1-04-057,GS:GS-A3-03-030,Google Scholar,GS-A3-03
REC-00290,GS:GS-A1-04-061,GS:GS-A2S-01-021,Google Scholar,GS-A2S-01
REC-00290,GS:GS-A1-04-061,GS:GS-A3-03-021,Google Scholar,GS-A3-03
REC-00290,GS:GS-A1-04-061,GS:GS-B1-03-016,Google Scholar,GS-B1-03
REC-00290,GS:GS-A1-04-061,GS:GS-C2-02-066,Google Scholar,GS-C2-02
REC-00290,GS:GS-A1-04-061,GS:GS-D2-02-028,Google Scholar,GS-D2-02
REC-00292,GS:GS-A1-04-063,GS:GS-A2S-01-034,Google Scholar,GS-A2S-01
REC-00292,GS:GS-A1-04-063,GS:GS-A3-03-033,Google Scholar,GS-A3-03
REC-00293,GS:GS-A1-04-064,GS:GS-A3-03-060,Google Scholar,GS-A3-03
REC-00293,GS:GS-A1-04-064,GS:GS-C2-02-040,Google Scholar,GS-C2-02
REC-00293,GS:GS-A1-04-064,GS:GS-C2-03-085,Google Scholar,GS-C2-03
REC-00294,GS:GS-A1-04-065,GS:GS-A3-03-038,Google Scholar,GS-A3-03
REC-00295,GS:GS-A1-04-066,GS:GS-A3-03-052,Google Scholar,GS-A3-03
REC-00295,GS:GS-A1-04-066,ARX:FORMAL-ARXIV-V12-Q-B2:2506.08336v2,arXiv,Q-B2
REC-00295,GS:GS-A1-04-066,ARX:FORMAL-ARXIV-V12-Q-S0:2506.08336v2,arXiv,Q-S0
REC-00296,GS:GS-A1-04-067,GS:GS-A3-03-046,Google Scholar,GS-A3-03
REC-00296,GS:GS-A1-04-067,GS:GS-D3-02-068,Google Scholar,GS-D3-02
REC-00296,GS:GS-A1-04-067,GS:GS-D3-03-073,Google Scholar,GS-D3-03
REC-00297,GS:GS-A1-04-068,GS:GS-A3-03-049,Google Scholar,GS-A3-03
REC-00297,GS:GS-A1-04-068,GS:GS-C3-02-039,Google Scholar,GS-C3-02
REC-00297,GS:GS-A1-04-068,ARX:FORMAL-ARXIV-V12-Q-C1:2604.04901v1,arXiv,Q-C1
REC-00297,GS:GS-A1-04-068,ARX:FORMAL-ARXIV-V12-Q-D2:2604.04901v1,arXiv,Q-D2
REC-00303,GS:GS-A1-04-074,GS:GS-A3-03-056,Google Scholar,GS-A3-03
REC-00303,GS:GS-A1-04-074,ARX:FORMAL-ARXIV-V12-Q-A1:2605.08876v3,arXiv,Q-A1
REC-00303,GS:GS-A1-04-074,ARX:FORMAL-ARXIV-V12-Q-D1:2605.08876v3,arXiv,Q-D1
REC-00303,GS:GS-A1-04-074,ARX:FORMAL-ARXIV-V12-Q-D2:2605.08876v3,arXiv,Q-D2
REC-00306,GS:GS-A1-04-077,GS:GS-A3-03-055,Google Scholar,GS-A3-03
REC-00306,GS:GS-A1-04-077,ARX:FORMAL-ARXIV-V12-Q-B1:2606.15609v1,arXiv,Q-B1
REC-00306,GS:GS-A1-04-077,ARX:FORMAL-ARXIV-V12-Q-C1:2606.15609v1,arXiv,Q-C1
REC-00306,GS:GS-A1-04-077,ARX:FORMAL-ARXIV-V12-Q-C3:2606.15609v1,arXiv,Q-C3
REC-00306,GS:GS-A1-04-077,ARX:FORMAL-ARXIV-V12-Q-D2:2606.15609v1,arXiv,Q-D2
REC-00308,GS:GS-A1-04-079,GS:GS-A3-03-027,Google Scholar,GS-A3-03
REC-00308,GS:GS-A1-04-079,GS:GS-B2-02-062,Google Scholar,GS-B2-02
REC-00308,GS:GS-A1-04-079,ARX:FORMAL-ARXIV-V12-Q-A1:2604.09574v1,arXiv,Q-A1
REC-00308,GS:GS-A1-04-079,ARX:FORMAL-ARXIV-V12-Q-A3:2604.09574v1,arXiv,Q-A3
REC-00308,GS:GS-A1-04-079,ARX:FORMAL-ARXIV-V12-Q-D2:2604.09574v1,arXiv,Q-D2
REC-00309,GS:GS-A1-04-080,GS:GS-A3-03-044,Google Scholar,GS-A3-03
REC-00310,GS:GS-A1-04-081,GS:GS-A3-03-077,Google Scholar,GS-A3-03
REC-00312,GS:GS-A1-04-083,GS:GS-A3-03-067,Google Scholar,GS-A3-03
REC-00313,GS:GS-A1-04-084,GS:GS-A3-03-051,Google Scholar,GS-A3-03
REC-00314,GS:GS-A1-04-085,GS:GS-A3-03-062,Google Scholar,GS-A3-03
REC-00315,GS:GS-A1-04-086,GS:GS-A3-03-053,Google Scholar,GS-A3-03
REC-00317,GS:GS-A1-04-088,GS:GS-A3-03-066,Google Scholar,GS-A3-03
REC-00319,GS:GS-A1-04-090,GS:GS-A3-03-075,Google Scholar,GS-A3-03
REC-00320,GS:GS-A1-04-091,GS:GS-A3-03-041,Google Scholar,GS-A3-03
REC-00322,GS:GS-A1-04-093,GS:GS-A3-03-039,Google Scholar,GS-A3-03
REC-00323,GS:GS-A1-04-094,GS:GS-A3-03-073,Google Scholar,GS-A3-03
REC-00324,GS:GS-A1-04-095,GS:GS-A3-03-054,Google Scholar,GS-A3-03
REC-00324,GS:GS-A1-04-095,ARX:FORMAL-ARXIV-V12-Q-A1:2601.22781v1,arXiv,Q-A1
REC-00324,GS:GS-A1-04-095,ARX:FORMAL-ARXIV-V12-Q-A3:2601.22781v1,arXiv,Q-A3
REC-00326,GS:GS-A1-04-097,GS:GS-A3-03-065,Google Scholar,GS-A3-03
REC-00327,GS:GS-A1-04-098,GS:GS-B3-02-072,Google Scholar,GS-B3-02
REC-00327,GS:GS-A1-04-098,GS:GS-C3-04-069,Google Scholar,GS-C3-04
REC-00328,GS:GS-A1-04-099,GS:GS-A3-03-032,Google Scholar,GS-A3-03
REC-00329,GS:GS-A1-04-100,GS:GS-A3-03-018,Google Scholar,GS-A3-03
REC-00329,GS:GS-A1-04-100,GS:GS-B2-02-043,Google Scholar,GS-B2-02
REC-00329,GS:GS-A1-04-100,GS:GS-C1-01-049,Google Scholar,GS-C1-01
REC-00329,GS:GS-A1-04-100,GS:GS-C2-03-072,Google Scholar,GS-C2-03
REC-00329,GS:GS-A1-04-100,GS:GS-C3-02-017,Google Scholar,GS-C3-02
REC-00330,GS:GS-A1-05-001,GS:GS-A1-06-056,Google Scholar,GS-A1-06
REC-00331,GS:GS-A1-05-002,GS:GS-A1-06-012,Google Scholar,GS-A1-06
REC-00332,GS:GS-A1-05-003,ARX:FORMAL-ARXIV-V12-Q-A1:2410.13886v2,arXiv,Q-A1
REC-00332,GS:GS-A1-05-003,ARX:FORMAL-ARXIV-V12-Q-D1:2410.13886v2,arXiv,Q-D1
REC-00333,GS:GS-A1-05-004,GS:GS-A1-06-002,Google Scholar,GS-A1-06
REC-00334,GS:GS-A1-05-005,GS:GS-A1-06-041,Google Scholar,GS-A1-06
REC-00334,GS:GS-A1-05-005,ARX:FORMAL-ARXIV-V12-Q-A1:2510.10666v2,arXiv,Q-A1
REC-00334,GS:GS-A1-05-005,ARX:FORMAL-ARXIV-V12-Q-A3:2510.10666v2,arXiv,Q-A3
REC-00335,GS:GS-A1-05-006,GS:GS-A1-06-006,Google Scholar,GS-A1-06
REC-00335,GS:GS-A1-05-006,GS:GS-A2W-01-005,Google Scholar,GS-A2W-01
REC-00335,GS:GS-A1-05-006,ARX:FORMAL-ARXIV-V12-Q-A1:2510.02418v2,arXiv,Q-A1
REC-00335,GS:GS-A1-05-006,ARX:FORMAL-ARXIV-V12-Q-A2W:2510.02418v2,arXiv,Q-A2W
REC-00335,GS:GS-A1-05-006,ARX:FORMAL-ARXIV-V12-Q-A3:2510.02418v2,arXiv,Q-A3
REC-00335,GS:GS-A1-05-006,ARX:FORMAL-ARXIV-V12-Q-D2:2510.02418v2,arXiv,Q-D2
REC-00336,GS:GS-A1-05-007,GS:GS-A1-06-046,Google Scholar,GS-A1-06
REC-00336,GS:GS-A1-05-007,GS:GS-A2W-01-044,Google Scholar,GS-A2W-01
REC-00336,GS:GS-A1-05-007,ARX:FORMAL-ARXIV-V12-Q-A1:2410.02907v2,arXiv,Q-A1
REC-00336,GS:GS-A1-05-007,ARX:FORMAL-ARXIV-V12-Q-A3:2410.02907v2,arXiv,Q-A3
REC-00337,GS:GS-A1-05-008,GS:GS-A1-06-067,Google Scholar,GS-A1-06
REC-00337,GS:GS-A1-05-008,ARX:FORMAL-ARXIV-V12-Q-A1:2512.12594v2,arXiv,Q-A1
REC-00337,GS:GS-A1-05-008,ARX:FORMAL-ARXIV-V12-Q-A3:2512.12594v2,arXiv,Q-A3
REC-00337,GS:GS-A1-05-008,ARX:FORMAL-ARXIV-V12-Q-B1:2512.12594v2,arXiv,Q-B1
REC-00337,GS:GS-A1-05-008,ARX:FORMAL-ARXIV-V12-Q-C3:2512.12594v2,arXiv,Q-C3
REC-00337,GS:GS-A1-05-008,ARX:FORMAL-ARXIV-V12-Q-D1:2512.12594v2,arXiv,Q-D1
REC-00337,GS:GS-A1-05-008,ARX:FORMAL-ARXIV-V12-Q-D2:2512.12594v2,arXiv,Q-D2
REC-00338,GS:GS-A1-05-009,GS:GS-A1-06-010,Google Scholar,GS-A1-06
REC-00338,GS:GS-A1-05-009,ARX:FORMAL-ARXIV-V12-Q-A1:2511.19477v1,arXiv,Q-A1
REC-00338,GS:GS-A1-05-009,ARX:FORMAL-ARXIV-V12-Q-A3:2511.19477v1,arXiv,Q-A3
REC-00338,GS:GS-A1-05-009,ARX:FORMAL-ARXIV-V12-Q-B1:2511.19477v1,arXiv,Q-B1
REC-00338,GS:GS-A1-05-009,ARX:FORMAL-ARXIV-V12-Q-S0:2511.19477v1,arXiv,Q-S0
REC-00339,GS:GS-A1-05-011,ARX:FORMAL-ARXIV-V12-Q-A1:2512.07725v1,arXiv,Q-A1
REC-00339,GS:GS-A1-05-011,ARX:FORMAL-ARXIV-V12-Q-C2:2512.07725v1,arXiv,Q-C2
REC-00341,GS:GS-A1-05-014,GS:GS-A1-06-077,Google Scholar,GS-A1-06
REC-00341,GS:GS-A1-05-014,ARX:FORMAL-ARXIV-V12-Q-A1:2605.14786v1,arXiv,Q-A1
REC-00341,GS:GS-A1-05-014,ARX:FORMAL-ARXIV-V12-Q-A3:2605.14786v1,arXiv,Q-A3
REC-00342,GS:GS-A1-05-015,GS:GS-A1-06-045,Google Scholar,GS-A1-06
REC-00342,GS:GS-A1-05-015,ARX:FORMAL-ARXIV-V12-Q-A1:2606.09399v1,arXiv,Q-A1
REC-00342,GS:GS-A1-05-015,ARX:FORMAL-ARXIV-V12-Q-A3:2606.09399v1,arXiv,Q-A3
REC-00342,GS:GS-A1-05-015,ARX:FORMAL-ARXIV-V12-Q-D3:2606.09399v1,arXiv,Q-D3
REC-00343,GS:GS-A1-05-016,GS:GS-A1-06-035,Google Scholar,GS-A1-06
REC-00344,GS:GS-A1-05-017,GS:GS-A1-06-028,Google Scholar,GS-A1-06
REC-00345,GS:GS-A1-05-018,GS:GS-A1-06-049,Google Scholar,GS-A1-06
REC-00347,GS:GS-A1-05-020,GS:GS-A1-06-066,Google Scholar,GS-A1-06
REC-00348,GS:GS-A1-05-021,GS:GS-A1-06-071,Google Scholar,GS-A1-06
REC-00348,GS:GS-A1-05-021,GS:GS-B1-02-008,Google Scholar,GS-B1-02
REC-00348,GS:GS-A1-05-021,ACL:FORMAL-ACL-V12-Q-A1:johnson-etal-2025-dangers,ACL Anthology,Q-A1
REC-00348,GS:GS-A1-05-021,ACL:FORMAL-ACL-V12-Q-A2W:johnson-etal-2025-dangers,ACL Anthology,Q-A2W
REC-00348,GS:GS-A1-05-021,ACL:FORMAL-ACL-V12-Q-B1:johnson-etal-2025-dangers,ACL Anthology,Q-B1
REC-00348,GS:GS-A1-05-021,ACL:FORMAL-ACL-V12-Q-D2:johnson-etal-2025-dangers,ACL Anthology,Q-D2
REC-00348,GS:GS-A1-05-021,ACL:FORMAL-ACL-V12-Q-S0:johnson-etal-2025-dangers,ACL Anthology,Q-S0
REC-00348,GS:GS-A1-05-021,ACL:FORMAL-ACL-V12-Q-S1:johnson-etal-2025-dangers,ACL Anthology,Q-S1
REC-00349,GS:GS-A1-05-022,GS:GS-A1-06-054,Google Scholar,GS-A1-06
REC-00351,GS:GS-A1-05-024,GS:GS-A1-06-091,Google Scholar,GS-A1-06
REC-00351,GS:GS-A1-05-024,GS:GS-A2W-01-074,Google Scholar,GS-A2W-01
REC-00352,GS:GS-A1-05-025,GS:GS-A1-06-037,Google Scholar,GS-A1-06
REC-00352,GS:GS-A1-05-025,ARX:FORMAL-ARXIV-V12-Q-D1:2511.11287v1,arXiv,Q-D1
REC-00353,GS:GS-A1-05-026,GS:GS-C3-03-072,Google Scholar,GS-C3-03
REC-00353,GS:GS-A1-05-026,ARX:FORMAL-ARXIV-V12-Q-B1:2505.13076v1,arXiv,Q-B1
REC-00353,GS:GS-A1-05-026,ARX:FORMAL-ARXIV-V12-Q-D1:2505.13076v1,arXiv,Q-D1
REC-00353,GS:GS-A1-05-026,ARX:FORMAL-ARXIV-V12-Q-D2:2505.13076v1,arXiv,Q-D2
REC-00354,GS:GS-A1-05-027,GS:GS-A1-06-044,Google Scholar,GS-A1-06
REC-00354,GS:GS-A1-05-027,ARX:FORMAL-ARXIV-V12-Q-A1:2508.16987v1,arXiv,Q-A1
REC-00354,GS:GS-A1-05-027,ARX:FORMAL-ARXIV-V12-Q-A3:2508.16987v1,arXiv,Q-A3
REC-00355,GS:GS-A1-05-028,GS:GS-A1-06-063,Google Scholar,GS-A1-06
REC-00355,GS:GS-A1-05-028,GS:GS-C3-04-065,Google Scholar,GS-C3-04
REC-00355,GS:GS-A1-05-028,ARX:FORMAL-ARXIV-V12-Q-A1:2605.05509v1,arXiv,Q-A1
REC-00355,GS:GS-A1-05-028,ARX:FORMAL-ARXIV-V12-Q-B1:2605.05509v1,arXiv,Q-B1
REC-00355,GS:GS-A1-05-028,ARX:FORMAL-ARXIV-V12-Q-C3:2605.05509v1,arXiv,Q-C3
REC-00357,GS:GS-A1-05-030,ARX:FORMAL-ARXIV-V12-Q-A2W:2512.23044v2,arXiv,Q-A2W
REC-00357,GS:GS-A1-05-030,ARX:FORMAL-ARXIV-V12-Q-D1:2512.23044v2,arXiv,Q-D1
REC-00360,GS:GS-A1-05-033,ARX:FORMAL-ARXIV-V12-Q-A1:2605.16565v2,arXiv,Q-A1
REC-00360,GS:GS-A1-05-033,ARX:FORMAL-ARXIV-V12-Q-A3:2605.16565v2,arXiv,Q-A3
REC-00360,GS:GS-A1-05-033,ARX:FORMAL-ARXIV-V12-Q-D1:2605.16565v2,arXiv,Q-D1
REC-00362,GS:GS-A1-05-037,ARX:FORMAL-ARXIV-V12-Q-A1:2604.10988v1,arXiv,Q-A1
REC-00362,GS:GS-A1-05-037,ARX:FORMAL-ARXIV-V12-Q-A3:2604.10988v1,arXiv,Q-A3
REC-00362,GS:GS-A1-05-037,ARX:FORMAL-ARXIV-V12-Q-D3:2604.10988v1,arXiv,Q-D3
REC-00363,GS:GS-A1-05-038,GS:GS-A1-06-081,Google Scholar,GS-A1-06
REC-00364,GS:GS-A1-05-039,GS:GS-B2-01-041,Google Scholar,GS-B2-01
REC-00364,GS:GS-A1-05-039,ARX:FORMAL-ARXIV-V12-Q-A1:2603.23791v1,arXiv,Q-A1
REC-00364,GS:GS-A1-05-039,ARX:FORMAL-ARXIV-V12-Q-B1:2603.23791v1,arXiv,Q-B1
REC-00364,GS:GS-A1-05-039,ARX:FORMAL-ARXIV-V12-Q-D1:2603.23791v1,arXiv,Q-D1
REC-00364,GS:GS-A1-05-039,ARX:FORMAL-ARXIV-V12-Q-D2:2603.23791v1,arXiv,Q-D2
REC-00364,GS:GS-A1-05-039,ARX:FORMAL-ARXIV-V12-Q-S0:2603.23791v1,arXiv,Q-S0
REC-00364,GS:GS-A1-05-039,ARX:FORMAL-ARXIV-V12-Q-S1:2603.23791v1,arXiv,Q-S1
REC-00367,GS:GS-A1-05-042,GS:GS-B1-02-047,Google Scholar,GS-B1-02
REC-00367,GS:GS-A1-05-042,GS:GS-B2-01-027,Google Scholar,GS-B2-01
REC-00367,GS:GS-A1-05-042,GS:GS-B3-03-072,Google Scholar,GS-B3-03
REC-00367,GS:GS-A1-05-042,GS:GS-C3-03-088,Google Scholar,GS-C3-03
REC-00367,GS:GS-A1-05-042,GS:GS-C3-04-062,Google Scholar,GS-C3-04
REC-00367,GS:GS-A1-05-042,GS:GS-D2-02-080,Google Scholar,GS-D2-02
REC-00368,GS:GS-A1-05-043,GS:GS-A2W-01-057,Google Scholar,GS-A2W-01
REC-00368,GS:GS-A1-05-043,ARX:FORMAL-ARXIV-V12-Q-A1:2605.16116v1,arXiv,Q-A1
REC-00368,GS:GS-A1-05-043,ARX:FORMAL-ARXIV-V12-Q-A3:2605.16116v1,arXiv,Q-A3
REC-00368,GS:GS-A1-05-043,ARX:FORMAL-ARXIV-V12-Q-D2:2605.16116v1,arXiv,Q-D2
REC-00368,GS:GS-A1-05-043,ARX:FORMAL-ARXIV-V12-Q-D3:2605.16116v1,arXiv,Q-D3
REC-00373,GS:GS-A1-05-048,ARX:FORMAL-ARXIV-V12-Q-A1:2603.05044v2,arXiv,Q-A1
REC-00373,GS:GS-A1-05-048,ARX:FORMAL-ARXIV-V12-Q-A3:2603.05044v2,arXiv,Q-A3
REC-00374,GS:GS-A1-05-049,ARX:FORMAL-ARXIV-V12-Q-C2:2603.20933v1,arXiv,Q-C2
REC-00374,GS:GS-A1-05-049,ARX:FORMAL-ARXIV-V12-Q-C3:2603.20933v1,arXiv,Q-C3
REC-00375,GS:GS-A1-05-050,GS:GS-B2-01-018,Google Scholar,GS-B2-01
REC-00375,GS:GS-A1-05-050,GS:GS-B2-02-040,Google Scholar,GS-B2-02
REC-00375,GS:GS-A1-05-050,ARX:FORMAL-ARXIV-V12-Q-A1:2511.20597v2,arXiv,Q-A1
REC-00375,GS:GS-A1-05-050,ARX:FORMAL-ARXIV-V12-Q-A3:2511.20597v2,arXiv,Q-A3
REC-00375,GS:GS-A1-05-050,ARX:FORMAL-ARXIV-V12-Q-B1:2511.20597v2,arXiv,Q-B1
REC-00375,GS:GS-A1-05-050,ARX:FORMAL-ARXIV-V12-Q-D2:2511.20597v2,arXiv,Q-D2
REC-00375,GS:GS-A1-05-050,ARX:FORMAL-ARXIV-V12-Q-S0:2511.20597v2,arXiv,Q-S0
REC-00375,GS:GS-A1-05-050,ARX:FORMAL-ARXIV-V12-Q-S1:2511.20597v2,arXiv,Q-S1
REC-00376,GS:GS-A1-05-051,ARX:FORMAL-ARXIV-V12-Q-C3:2605.06455v1,arXiv,Q-C3
REC-00376,GS:GS-A1-05-051,ARX:FORMAL-ARXIV-V12-Q-D1:2605.06455v1,arXiv,Q-D1
REC-00379,GS:GS-A1-05-054,ARX:FORMAL-ARXIV-V12-Q-B3:2503.20028v1,arXiv,Q-B3
REC-00380,GS:GS-A1-05-055,ARX:FORMAL-ARXIV-V12-Q-A1:2607.00007v2,arXiv,Q-A1
REC-00380,GS:GS-A1-05-055,ARX:FORMAL-ARXIV-V12-Q-A2W:2607.00007v2,arXiv,Q-A2W
REC-00380,GS:GS-A1-05-055,ARX:FORMAL-ARXIV-V12-Q-A3:2607.00007v2,arXiv,Q-A3
REC-00380,GS:GS-A1-05-055,ARX:FORMAL-ARXIV-V12-Q-D1:2607.00007v2,arXiv,Q-D1
REC-00381,GS:GS-A1-05-056,GS:GS-A2W-02-045,Google Scholar,GS-A2W-02
REC-00383,GS:GS-A1-05-058,GS:GS-A2S-03-057,Google Scholar,GS-A2S-03
REC-00383,GS:GS-A1-05-058,GS:GS-A2W-02-015,Google Scholar,GS-A2W-02
REC-00384,GS:GS-A1-05-059,ARX:FORMAL-ARXIV-V12-Q-A1:2604.03465v2,arXiv,Q-A1
REC-00384,GS:GS-A1-05-059,ARX:FORMAL-ARXIV-V12-Q-A3:2604.03465v2,arXiv,Q-A3
REC-00384,GS:GS-A1-05-059,ARX:FORMAL-ARXIV-V12-Q-D1:2604.03465v2,arXiv,Q-D1
REC-00385,GS:GS-A1-05-060,ARX:FORMAL-ARXIV-V12-Q-A1:2604.06367v2,arXiv,Q-A1
REC-00385,GS:GS-A1-05-060,ARX:FORMAL-ARXIV-V12-Q-A3:2604.06367v2,arXiv,Q-A3
REC-00385,GS:GS-A1-05-060,ARX:FORMAL-ARXIV-V12-Q-S0:2604.06367v2,arXiv,Q-S0
REC-00389,GS:GS-A1-05-064,ARX:FORMAL-ARXIV-V12-Q-A1:2606.02031v2,arXiv,Q-A1
REC-00389,GS:GS-A1-05-064,ARX:FORMAL-ARXIV-V12-Q-A3:2606.02031v2,arXiv,Q-A3
REC-00391,GS:GS-A1-05-066,GS:GS-B1-01-094,Google Scholar,GS-B1-01
REC-00391,GS:GS-A1-05-066,GS:GS-B2-03-084,Google Scholar,GS-B2-03
REC-00391,GS:GS-A1-05-066,GS:GS-D1-02-080,Google Scholar,GS-D1-02
REC-00391,GS:GS-A1-05-066,GS:GS-D2-01-069,Google Scholar,GS-D2-01
REC-00394,GS:GS-A1-05-070,GS:GS-A3-03-047,Google Scholar,GS-A3-03
REC-00394,GS:GS-A1-05-070,ACL:FORMAL-ACL-V12-Q-A1:wang-etal-2026-colorbrowseragent,ACL Anthology,Q-A1
REC-00394,GS:GS-A1-05-070,ACL:FORMAL-ACL-V12-Q-A2W:wang-etal-2026-colorbrowseragent,ACL Anthology,Q-A2W
REC-00394,GS:GS-A1-05-070,ACL:FORMAL-ACL-V12-Q-A3:wang-etal-2026-colorbrowseragent,ACL Anthology,Q-A3
REC-00396,GS:GS-A1-05-072,GS:GS-A2W-03-095,Google Scholar,GS-A2W-03
REC-00396,GS:GS-A1-05-072,ARX:FORMAL-ARXIV-V12-Q-B3:2604.17091v1,arXiv,Q-B3
REC-00396,GS:GS-A1-05-072,ARX:FORMAL-ARXIV-V12-Q-D1:2604.17091v1,arXiv,Q-D1
REC-00398,GS:GS-A1-05-074,ARX:FORMAL-ARXIV-V12-Q-D2:2508.16279v1,arXiv,Q-D2
REC-00400,GS:GS-A1-05-076,GS:GS-C1-01-045,Google Scholar,GS-C1-01
REC-00400,GS:GS-A1-05-076,ARX:FORMAL-ARXIV-V12-Q-A1:2506.17318v1,arXiv,Q-A1
REC-00400,GS:GS-A1-05-076,ARX:FORMAL-ARXIV-V12-Q-A3:2506.17318v1,arXiv,Q-A3
REC-00400,GS:GS-A1-05-076,ARX:FORMAL-ARXIV-V12-Q-B1:2506.17318v1,arXiv,Q-B1
REC-00400,GS:GS-A1-05-076,ARX:FORMAL-ARXIV-V12-Q-C1:2506.17318v1,arXiv,Q-C1
REC-00400,GS:GS-A1-05-076,ARX:FORMAL-ARXIV-V12-Q-D2:2506.17318v1,arXiv,Q-D2
REC-00400,GS:GS-A1-05-076,ARX:FORMAL-ARXIV-V12-Q-S0:2506.17318v1,arXiv,Q-S0
REC-00402,GS:GS-A1-05-078,GS:GS-C3-01-014,Google Scholar,GS-C3-01
REC-00402,GS:GS-A1-05-078,GS:GS-C3-03-014,Google Scholar,GS-C3-03
REC-00402,GS:GS-A1-05-078,GS:GS-C3-04-001,Google Scholar,GS-C3-04
REC-00402,GS:GS-A1-05-078,GS:GS-D2-03-083,Google Scholar,GS-D2-03
REC-00402,GS:GS-A1-05-078,ARX:FORMAL-ARXIV-V12-Q-B3:2601.11893v1,arXiv,Q-B3
REC-00402,GS:GS-A1-05-078,ARX:FORMAL-ARXIV-V12-Q-C2:2601.11893v1,arXiv,Q-C2
REC-00402,GS:GS-A1-05-078,ARX:FORMAL-ARXIV-V12-Q-C3:2601.11893v1,arXiv,Q-C3
REC-00402,GS:GS-A1-05-078,ARX:FORMAL-ARXIV-V12-Q-D2:2601.11893v1,arXiv,Q-D2
REC-00402,GS:GS-A1-05-078,ARX:FORMAL-ARXIV-V12-Q-S0:2601.11893v1,arXiv,Q-S0
REC-00403,GS:GS-A1-05-080,ARX:FORMAL-ARXIV-V12-Q-A1:2410.00689v2,arXiv,Q-A1
REC-00403,GS:GS-A1-05-080,ARX:FORMAL-ARXIV-V12-Q-A3:2410.00689v2,arXiv,Q-A3
REC-00403,GS:GS-A1-05-080,ARX:FORMAL-ARXIV-V12-Q-D2:2410.00689v2,arXiv,Q-D2
REC-00405,GS:GS-A1-05-082,ARX:FORMAL-ARXIV-V12-Q-A2W:2509.00625v2,arXiv,Q-A2W
REC-00406,GS:GS-A1-05-083,GS:GS-B1-01-027,Google Scholar,GS-B1-01
REC-00406,GS:GS-A1-05-083,GS:GS-B1-02-059,Google Scholar,GS-B1-02
REC-00406,GS:GS-A1-05-083,GS:GS-B1-03-007,Google Scholar,GS-B1-03
REC-00406,GS:GS-A1-05-083,GS:GS-B2-01-054,Google Scholar,GS-B2-01
REC-00406,GS:GS-A1-05-083,GS:GS-B2-03-082,Google Scholar,GS-B2-03
REC-00406,GS:GS-A1-05-083,GS:GS-B3-01-001,Google Scholar,GS-B3-01
REC-00406,GS:GS-A1-05-083,GS:GS-B3-02-010,Google Scholar,GS-B3-02
REC-00406,GS:GS-A1-05-083,GS:GS-B3-03-009,Google Scholar,GS-B3-03
REC-00406,GS:GS-A1-05-083,GS:GS-C1-01-073,Google Scholar,GS-C1-01
REC-00406,GS:GS-A1-05-083,GS:GS-C1-02-031,Google Scholar,GS-C1-02
REC-00406,GS:GS-A1-05-083,GS:GS-C2-01-044,Google Scholar,GS-C2-01
REC-00406,GS:GS-A1-05-083,GS:GS-C2-03-012,Google Scholar,GS-C2-03
REC-00406,GS:GS-A1-05-083,GS:GS-C3-01-015,Google Scholar,GS-C3-01
REC-00406,GS:GS-A1-05-083,GS:GS-C3-02-027,Google Scholar,GS-C3-02
REC-00406,GS:GS-A1-05-083,GS:GS-C3-03-012,Google Scholar,GS-C3-03
REC-00406,GS:GS-A1-05-083,GS:GS-D1-01-065,Google Scholar,GS-D1-01
REC-00406,GS:GS-A1-05-083,GS:GS-D1-02-093,Google Scholar,GS-D1-02
REC-00406,GS:GS-A1-05-083,GS:GS-D2-01-057,Google Scholar,GS-D2-01
REC-00406,GS:GS-A1-05-083,GS:GS-D2-02-003,Google Scholar,GS-D2-02
REC-00406,GS:GS-A1-05-083,GS:GS-D2-03-054,Google Scholar,GS-D2-03
REC-00406,GS:GS-A1-05-083,GS:GS-D3-02-066,Google Scholar,GS-D3-02
REC-00406,GS:GS-A1-05-083,ARX:FORMAL-ARXIV-V12-Q-B1:2606.10749v1,arXiv,Q-B1
REC-00406,GS:GS-A1-05-083,ARX:FORMAL-ARXIV-V12-Q-B3:2606.10749v1,arXiv,Q-B3
REC-00406,GS:GS-A1-05-083,ARX:FORMAL-ARXIV-V12-Q-C1:2606.10749v1,arXiv,Q-C1
REC-00406,GS:GS-A1-05-083,ARX:FORMAL-ARXIV-V12-Q-C3:2606.10749v1,arXiv,Q-C3
REC-00406,GS:GS-A1-05-083,ARX:FORMAL-ARXIV-V12-Q-D1:2606.10749v1,arXiv,Q-D1
REC-00406,GS:GS-A1-05-083,ARX:FORMAL-ARXIV-V12-Q-D2:2606.10749v1,arXiv,Q-D2
REC-00406,GS:GS-A1-05-083,ARX:FORMAL-ARXIV-V12-Q-S0:2606.10749v1,arXiv,Q-S0
REC-00411,GS:GS-A1-05-088,ARX:FORMAL-ARXIV-V12-Q-A2W:2604.00694v1,arXiv,Q-A2W
REC-00413,GS:GS-A1-05-090,ARX:FORMAL-ARXIV-V12-Q-D1:2604.08523v2,arXiv,Q-D1
REC-00413,GS:GS-A1-05-090,ARX:FORMAL-ARXIV-V12-Q-D2:2604.08523v2,arXiv,Q-D2
REC-00414,GS:GS-A1-05-091,ARX:FORMAL-ARXIV-V12-Q-A1:2606.16659v1,arXiv,Q-A1
REC-00414,GS:GS-A1-05-091,ARX:FORMAL-ARXIV-V12-Q-A3:2606.16659v1,arXiv,Q-A3
REC-00414,GS:GS-A1-05-091,ARX:FORMAL-ARXIV-V12-Q-B4:2606.16659v1,arXiv,Q-B4
REC-00414,GS:GS-A1-05-091,ARX:FORMAL-ARXIV-V12-Q-D2:2606.16659v1,arXiv,Q-D2
REC-00414,GS:GS-A1-05-091,ARX:FORMAL-ARXIV-V12-Q-D3:2606.16659v1,arXiv,Q-D3
REC-00420,GS:GS-A1-05-097,ARX:FORMAL-ARXIV-V12-Q-A1:2606.30294v1,arXiv,Q-A1
REC-00420,GS:GS-A1-05-097,ARX:FORMAL-ARXIV-V12-Q-A3:2606.30294v1,arXiv,Q-A3
REC-00421,GS:GS-A1-05-099,ARX:FORMAL-ARXIV-V12-Q-C3:2605.13706v1,arXiv,Q-C3
REC-00423,GS:GS-A1-06-001,ARX:FORMAL-ARXIV-V12-Q-A1:2412.05467v4,arXiv,Q-A1
REC-00423,GS:GS-A1-06-001,ARX:FORMAL-ARXIV-V12-Q-A3:2412.05467v4,arXiv,Q-A3
REC-00424,GS:GS-A1-06-003,GS:GS-A2W-01-063,Google Scholar,GS-A2W-01
REC-00424,GS:GS-A1-06-003,ARX:FORMAL-ARXIV-V12-Q-A1:2604.08516v1,arXiv,Q-A1
REC-00424,GS:GS-A1-06-003,ARX:FORMAL-ARXIV-V12-Q-A3:2604.08516v1,arXiv,Q-A3
REC-00424,GS:GS-A1-06-003,ARX:FORMAL-ARXIV-V12-Q-D3:2604.08516v1,arXiv,Q-D3
REC-00425,GS:GS-A1-06-004,GS:GS-A2W-01-003,Google Scholar,GS-A2W-01
REC-00425,GS:GS-A1-06-004,GS:GS-D3-02-086,Google Scholar,GS-D3-02
REC-00426,GS:GS-A1-06-005,GS:GS-A2W-01-011,Google Scholar,GS-A2W-01
REC-00427,GS:GS-A1-06-007,GS:GS-A2W-01-009,Google Scholar,GS-A2W-01
REC-00427,GS:GS-A1-06-007,GS:GS-A2W-03-045,Google Scholar,GS-A2W-03
REC-00427,GS:GS-A1-06-007,ARX:FORMAL-ARXIV-V12-Q-A1:2510.03285v1,arXiv,Q-A1
REC-00427,GS:GS-A1-06-007,ARX:FORMAL-ARXIV-V12-Q-A2W:2510.03285v1,arXiv,Q-A2W
REC-00427,GS:GS-A1-06-007,ARX:FORMAL-ARXIV-V12-Q-A3:2510.03285v1,arXiv,Q-A3
REC-00427,GS:GS-A1-06-007,ARX:FORMAL-ARXIV-V12-Q-B2:2510.03285v1,arXiv,Q-B2
REC-00427,GS:GS-A1-06-007,ARX:FORMAL-ARXIV-V12-Q-D3:2510.03285v1,arXiv,Q-D3
REC-00428,GS:GS-A1-06-008,GS:GS-A2W-01-030,Google Scholar,GS-A2W-01
REC-00428,GS:GS-A1-06-008,ARX:FORMAL-ARXIV-V12-Q-A1:2603.12710v1,arXiv,Q-A1
REC-00428,GS:GS-A1-06-008,ARX:FORMAL-ARXIV-V12-Q-A3:2603.12710v1,arXiv,Q-A3
REC-00429,GS:GS-A1-06-009,GS:GS-A2W-01-007,Google Scholar,GS-A2W-01
REC-00429,GS:GS-A1-06-009,ARX:FORMAL-ARXIV-V12-Q-A1:2510.22732v2,arXiv,Q-A1
REC-00429,GS:GS-A1-06-009,ARX:FORMAL-ARXIV-V12-Q-A2W:2510.22732v2,arXiv,Q-A2W
REC-00429,GS:GS-A1-06-009,ARX:FORMAL-ARXIV-V12-Q-A3:2510.22732v2,arXiv,Q-A3
REC-00430,GS:GS-A1-06-011,GS:GS-B1-02-005,Google Scholar,GS-B1-02
REC-00430,GS:GS-A1-06-011,ARX:FORMAL-ARXIV-V12-Q-A1:2507.14799v1,arXiv,Q-A1
REC-00430,GS:GS-A1-06-011,ARX:FORMAL-ARXIV-V12-Q-A2W:2507.14799v1,arXiv,Q-A2W
REC-00430,GS:GS-A1-06-011,ARX:FORMAL-ARXIV-V12-Q-B1:2507.14799v1,arXiv,Q-B1
REC-00430,GS:GS-A1-06-011,ARX:FORMAL-ARXIV-V12-Q-D2:2507.14799v1,arXiv,Q-D2
REC-00430,GS:GS-A1-06-011,ARX:FORMAL-ARXIV-V12-Q-S0:2507.14799v1,arXiv,Q-S0
REC-00430,GS:GS-A1-06-011,ARX:FORMAL-ARXIV-V12-Q-S1:2507.14799v1,arXiv,Q-S1
REC-00431,GS:GS-A1-06-014,GS:GS-A2W-01-066,Google Scholar,GS-A2W-01
REC-00431,GS:GS-A1-06-014,ARX:FORMAL-ARXIV-V12-Q-A1:2504.12682v1,arXiv,Q-A1
REC-00431,GS:GS-A1-06-014,ARX:FORMAL-ARXIV-V12-Q-A3:2504.12682v1,arXiv,Q-A3
REC-00433,GS:GS-A1-06-016,GS:GS-A2W-01-036,Google Scholar,GS-A2W-01
REC-00433,GS:GS-A1-06-016,GS:GS-A2W-02-019,Google Scholar,GS-A2W-02
REC-00434,GS:GS-A1-06-017,ARX:FORMAL-ARXIV-V12-Q-A1:2402.16965v1,arXiv,Q-A1
REC-00434,GS:GS-A1-06-017,ARX:FORMAL-ARXIV-V12-Q-A3:2402.16965v1,arXiv,Q-A3
REC-00434,GS:GS-A1-06-017,ARX:FORMAL-ARXIV-V12-Q-C2:2402.16965v1,arXiv,Q-C2
REC-00436,GS:GS-A1-06-019,GS:GS-A2W-01-048,Google Scholar,GS-A2W-01
REC-00437,GS:GS-A1-06-020,GS:GS-A2S-02-099,Google Scholar,GS-A2S-02
REC-00437,GS:GS-A1-06-020,ARX:FORMAL-ARXIV-V12-Q-A1:2607.06118v1,arXiv,Q-A1
REC-00437,GS:GS-A1-06-020,ARX:FORMAL-ARXIV-V12-Q-A3:2607.06118v1,arXiv,Q-A3
REC-00438,GS:GS-A1-06-021,ARX:FORMAL-ARXIV-V12-Q-A1:2606.30119v1,arXiv,Q-A1
REC-00438,GS:GS-A1-06-021,ARX:FORMAL-ARXIV-V12-Q-A2W:2606.30119v1,arXiv,Q-A2W
REC-00438,GS:GS-A1-06-021,ARX:FORMAL-ARXIV-V12-Q-D2:2606.30119v1,arXiv,Q-D2
REC-00439,GS:GS-A1-06-022,GS:GS-A2W-01-029,Google Scholar,GS-A2W-01
REC-00439,GS:GS-A1-06-022,ARX:FORMAL-ARXIV-V12-Q-A1:2606.10423v1,arXiv,Q-A1
REC-00439,GS:GS-A1-06-022,ARX:FORMAL-ARXIV-V12-Q-A3:2606.10423v1,arXiv,Q-A3
REC-00440,GS:GS-A1-06-023,GS:GS-A2W-01-058,Google Scholar,GS-A2W-01
REC-00441,GS:GS-A1-06-024,GS:GS-A2W-01-023,Google Scholar,GS-A2W-01
REC-00441,GS:GS-A1-06-024,ARX:FORMAL-ARXIV-V12-Q-A1:2506.10953v1,arXiv,Q-A1
REC-00441,GS:GS-A1-06-024,ARX:FORMAL-ARXIV-V12-Q-A3:2506.10953v1,arXiv,Q-A3
REC-00443,GS:GS-A1-06-026,GS:GS-A2W-01-008,Google Scholar,GS-A2W-01
REC-00443,GS:GS-A1-06-026,ARX:FORMAL-ARXIV-V12-Q-A1:2602.14721v1,arXiv,Q-A1
REC-00443,GS:GS-A1-06-026,ARX:FORMAL-ARXIV-V12-Q-A3:2602.14721v1,arXiv,Q-A3
REC-00445,GS:GS-A1-06-030,GS:GS-A2W-01-010,Google Scholar,GS-A2W-01
REC-00446,GS:GS-A1-06-031,ARX:FORMAL-ARXIV-V12-Q-A1:2411.06559v2,arXiv,Q-A1
REC-00446,GS:GS-A1-06-031,ARX:FORMAL-ARXIV-V12-Q-A3:2411.06559v2,arXiv,Q-A3
REC-00446,GS:GS-A1-06-031,ARX:FORMAL-ARXIV-V12-Q-D2:2411.06559v2,arXiv,Q-D2
REC-00448,GS:GS-A1-06-033,GS:GS-A2W-01-021,Google Scholar,GS-A2W-01
REC-00449,GS:GS-A1-06-034,GS:GS-A2W-01-059,Google Scholar,GS-A2W-01
REC-00450,GS:GS-A1-06-036,ARX:FORMAL-ARXIV-V12-Q-A2W:2512.04307v1,arXiv,Q-A2W
REC-00454,GS:GS-A1-06-043,GS:GS-A2W-01-002,Google Scholar,GS-A2W-01
REC-00454,GS:GS-A1-06-043,ARX:FORMAL-ARXIV-V12-Q-A1:2504.08942v2,arXiv,Q-A1
REC-00454,GS:GS-A1-06-043,ARX:FORMAL-ARXIV-V12-Q-A3:2504.08942v2,arXiv,Q-A3
REC-00454,GS:GS-A1-06-043,ARX:FORMAL-ARXIV-V12-Q-D1:2504.08942v2,arXiv,Q-D1
REC-00454,GS:GS-A1-06-043,ARX:FORMAL-ARXIV-V12-Q-D3:2504.08942v2,arXiv,Q-D3
REC-00455,GS:GS-A1-06-047,GS:GS-A2W-01-031,Google Scholar,GS-A2W-01
REC-00456,GS:GS-A1-06-048,ARX:FORMAL-ARXIV-V12-Q-A1:2507.02592v1,arXiv,Q-A1
REC-00456,GS:GS-A1-06-048,ARX:FORMAL-ARXIV-V12-Q-A3:2507.02592v1,arXiv,Q-A3
REC-00457,GS:GS-A1-06-050,GS:GS-A2W-01-093,Google Scholar,GS-A2W-01
REC-00458,GS:GS-A1-06-051,GS:GS-A2S-01-015,Google Scholar,GS-A2S-01
REC-00458,GS:GS-A1-06-051,GS:GS-A2S-03-064,Google Scholar,GS-A2S-03
REC-00458,GS:GS-A1-06-051,GS:GS-A2W-01-034,Google Scholar,GS-A2W-01
REC-00458,GS:GS-A1-06-051,GS:GS-A2W-02-004,Google Scholar,GS-A2W-02
REC-00459,GS:GS-A1-06-052,ACL:FORMAL-ACL-V12-Q-A2S:tang-etal-2026-autoagent,ACL Anthology,Q-A2S
REC-00461,GS:GS-A1-06-055,GS:GS-A2W-01-056,Google Scholar,GS-A2W-01
REC-00463,GS:GS-A1-06-058,ACL:FORMAL-ACL-V12-Q-A1:iong-etal-2024-openwebagent,ACL Anthology,Q-A1
REC-00464,GS:GS-A1-06-059,GS:GS-A2W-01-060,Google Scholar,GS-A2W-01
REC-00467,GS:GS-A1-06-062,GS:GS-A2W-01-065,Google Scholar,GS-A2W-01
REC-00467,GS:GS-A1-06-062,ARX:FORMAL-ARXIV-V12-Q-A2W:2512.12692v1,arXiv,Q-A2W
REC-00467,GS:GS-A1-06-062,ARX:FORMAL-ARXIV-V12-Q-D1:2512.12692v1,arXiv,Q-D1
REC-00468,GS:GS-A1-06-064,GS:GS-A2W-01-061,Google Scholar,GS-A2W-01
REC-00468,GS:GS-A1-06-064,ACL:FORMAL-ACL-V12-Q-A1:fang-etal-2025-webevolver,ACL Anthology,Q-A1
REC-00469,GS:GS-A1-06-065,GS:GS-A2W-01-022,Google Scholar,GS-A2W-01
REC-00469,GS:GS-A1-06-065,GS:GS-C2-02-056,Google Scholar,GS-C2-02
REC-00469,GS:GS-A1-06-065,ARX:FORMAL-ARXIV-V12-Q-A1:2507.10644v4,arXiv,Q-A1
REC-00470,GS:GS-A1-06-068,ARX:FORMAL-ARXIV-V12-Q-A1:2604.23772v3,arXiv,Q-A1
REC-00470,GS:GS-A1-06-068,ARX:FORMAL-ARXIV-V12-Q-A3:2604.23772v3,arXiv,Q-A3
REC-00470,GS:GS-A1-06-068,ARX:FORMAL-ARXIV-V12-Q-D1:2604.23772v3,arXiv,Q-D1
REC-00471,GS:GS-A1-06-069,ARX:FORMAL-ARXIV-V12-Q-A1:2509.21072v1,arXiv,Q-A1
REC-00471,GS:GS-A1-06-069,ARX:FORMAL-ARXIV-V12-Q-A3:2509.21072v1,arXiv,Q-A3
REC-00472,GS:GS-A1-06-070,GS:GS-A2W-01-006,Google Scholar,GS-A2W-01
REC-00473,GS:GS-A1-06-072,GS:GS-A2W-01-041,Google Scholar,GS-A2W-01
REC-00474,GS:GS-A1-06-073,ACL:FORMAL-ACL-V12-Q-A1:song-etal-2025-beyond,ACL Anthology,Q-A1
REC-00474,GS:GS-A1-06-073,ACL:FORMAL-ACL-V12-Q-A3:song-etal-2025-beyond,ACL Anthology,Q-A3
REC-00477,GS:GS-A1-06-076,ARX:FORMAL-ARXIV-V12-Q-A1:2602.13559v2,arXiv,Q-A1
REC-00477,GS:GS-A1-06-076,ARX:FORMAL-ARXIV-V12-Q-A3:2602.13559v2,arXiv,Q-A3
REC-00477,GS:GS-A1-06-076,ARX:FORMAL-ARXIV-V12-Q-D2:2602.13559v2,arXiv,Q-D2
REC-00477,GS:GS-A1-06-076,ARX:FORMAL-ARXIV-V12-Q-D3:2602.13559v2,arXiv,Q-D3
REC-00480,GS:GS-A1-06-080,GS:GS-A2W-01-032,Google Scholar,GS-A2W-01
REC-00481,GS:GS-A1-06-082,GS:GS-A2W-01-045,Google Scholar,GS-A2W-01
REC-00486,GS:GS-A1-06-087,ACL:FORMAL-ACL-V12-Q-A1:zhang-etal-2025-litewebagent,ACL Anthology,Q-A1
REC-00487,GS:GS-A1-06-088,ACL:FORMAL-ACL-V12-Q-A1:zhang-etal-2026-web,ACL Anthology,Q-A1
REC-00487,GS:GS-A1-06-088,ACL:FORMAL-ACL-V12-Q-A3:zhang-etal-2026-web,ACL Anthology,Q-A3
REC-00489,GS:GS-A1-06-090,GS:GS-A2W-01-038,Google Scholar,GS-A2W-01
REC-00489,GS:GS-A1-06-090,ARX:FORMAL-ARXIV-V12-Q-A1:2405.20309v2,arXiv,Q-A1
REC-00489,GS:GS-A1-06-090,ARX:FORMAL-ARXIV-V12-Q-A3:2405.20309v2,arXiv,Q-A3
REC-00490,GS:GS-A1-06-092,ARX:FORMAL-ARXIV-V12-Q-A1:2607.18659v1,arXiv,Q-A1
REC-00490,GS:GS-A1-06-092,ARX:FORMAL-ARXIV-V12-Q-A2W:2607.18659v1,arXiv,Q-A2W
REC-00490,GS:GS-A1-06-092,ARX:FORMAL-ARXIV-V12-Q-D2:2607.18659v1,arXiv,Q-D2
REC-00490,GS:GS-A1-06-092,ARX:FORMAL-ARXIV-V12-Q-S0:2607.18659v1,arXiv,Q-S0
REC-00491,GS:GS-A1-06-093,ARX:FORMAL-ARXIV-V12-Q-A1:2604.09718v2,arXiv,Q-A1
REC-00491,GS:GS-A1-06-093,ARX:FORMAL-ARXIV-V12-Q-A3:2604.09718v2,arXiv,Q-A3
REC-00491,GS:GS-A1-06-093,ARX:FORMAL-ARXIV-V12-Q-D2:2604.09718v2,arXiv,Q-D2
REC-00492,GS:GS-A1-06-094,ARX:FORMAL-ARXIV-V12-Q-A1:2601.22149v2,arXiv,Q-A1
REC-00492,GS:GS-A1-06-094,ARX:FORMAL-ARXIV-V12-Q-A3:2601.22149v2,arXiv,Q-A3
REC-00493,GS:GS-A1-06-095,ARX:FORMAL-ARXIV-V12-Q-A1:2505.07473v1,arXiv,Q-A1
REC-00493,GS:GS-A1-06-095,ARX:FORMAL-ARXIV-V12-Q-A3:2505.07473v1,arXiv,Q-A3
REC-00493,GS:GS-A1-06-095,ARX:FORMAL-ARXIV-V12-Q-D1:2505.07473v1,arXiv,Q-D1
REC-00493,GS:GS-A1-06-095,ARX:FORMAL-ARXIV-V12-Q-D3:2505.07473v1,arXiv,Q-D3
REC-00495,GS:GS-A1-06-097,ARX:FORMAL-ARXIV-V12-Q-C2:2512.21352v1,arXiv,Q-C2
REC-00496,GS:GS-A1-06-098,ARX:FORMAL-ARXIV-V12-Q-A1:2606.20910v1,arXiv,Q-A1
REC-00496,GS:GS-A1-06-098,ARX:FORMAL-ARXIV-V12-Q-A3:2606.20910v1,arXiv,Q-A3
REC-00496,GS:GS-A1-06-098,ARX:FORMAL-ARXIV-V12-Q-D2:2606.20910v1,arXiv,Q-D2
REC-00497,GS:GS-A1-06-099,GS:GS-A2W-01-027,Google Scholar,GS-A2W-01
REC-00497,GS:GS-A1-06-099,ARX:FORMAL-ARXIV-V12-Q-A1:2510.16252v2,arXiv,Q-A1
REC-00497,GS:GS-A1-06-099,ARX:FORMAL-ARXIV-V12-Q-A3:2510.16252v2,arXiv,Q-A3
REC-00497,GS:GS-A1-06-099,ARX:FORMAL-ARXIV-V12-Q-D3:2510.16252v2,arXiv,Q-D3
REC-00498,GS:GS-A1-06-100,ARX:FORMAL-ARXIV-V12-Q-D2:2502.20383v3,arXiv,Q-D2
REC-00498,GS:GS-A1-06-100,ARX:FORMAL-ARXIV-V12-Q-S0:2502.20383v3,arXiv,Q-S0
REC-00499,GS:GS-A2S-01-001,ARX:FORMAL-ARXIV-V12-Q-A2S:2402.07945v1,arXiv,Q-A2S
REC-00500,GS:GS-A2S-01-002,GS:GS-A2S-03-041,Google Scholar,GS-A2S-03
REC-00502,GS:GS-A2S-01-005,GS:GS-A2W-02-083,Google Scholar,GS-A2W-02
REC-00502,GS:GS-A2S-01-005,GS:GS-A2W-03-075,Google Scholar,GS-A2W-03
REC-00502,GS:GS-A2S-01-005,GS:GS-C3-04-052,Google Scholar,GS-C3-04
REC-00502,GS:GS-A2S-01-005,ARX:FORMAL-ARXIV-V12-Q-A2S:2603.22862v2,arXiv,Q-A2S
REC-00502,GS:GS-A2S-01-005,ARX:FORMAL-ARXIV-V12-Q-D1:2603.22862v2,arXiv,Q-D1
REC-00504,GS:GS-A2S-01-007,ARX:FORMAL-ARXIV-V12-Q-A1:2404.11964v1,arXiv,Q-A1
REC-00504,GS:GS-A2S-01-007,ARX:FORMAL-ARXIV-V12-Q-A2W:2404.11964v1,arXiv,Q-A2W
REC-00506,GS:GS-A2S-01-009,GS:GS-A2S-03-008,Google Scholar,GS-A2S-03
REC-00506,GS:GS-A2S-01-009,GS:GS-A2W-02-009,Google Scholar,GS-A2W-02
REC-00507,GS:GS-A2S-01-010,GS:GS-A2W-01-047,Google Scholar,GS-A2W-01
REC-00507,GS:GS-A2S-01-010,GS:GS-A2W-02-050,Google Scholar,GS-A2W-02
REC-00507,GS:GS-A2S-01-010,GS:GS-A2W-03-060,Google Scholar,GS-A2W-03
REC-00508,GS:GS-A2S-01-012,GS:GS-A2W-01-083,Google Scholar,GS-A2W-01
REC-00508,GS:GS-A2S-01-012,GS:GS-A2W-02-002,Google Scholar,GS-A2W-02
REC-00508,GS:GS-A2S-01-012,ARX:FORMAL-ARXIV-V12-Q-A1:2502.06776v2,arXiv,Q-A1
REC-00509,GS:GS-A2S-01-013,GS:GS-A2W-03-017,Google Scholar,GS-A2W-03
REC-00509,GS:GS-A2S-01-013,ARX:FORMAL-ARXIV-V12-Q-D1:2607.13465v1,arXiv,Q-D1
REC-00509,GS:GS-A2S-01-013,ARX:FORMAL-ARXIV-V12-Q-D3:2607.13465v1,arXiv,Q-D3
REC-00510,GS:GS-A2S-01-016,GS:GS-A2S-03-004,Google Scholar,GS-A2S-03
REC-00510,GS:GS-A2S-01-016,GS:GS-A2W-01-033,Google Scholar,GS-A2W-01
REC-00510,GS:GS-A2S-01-016,GS:GS-A2W-02-042,Google Scholar,GS-A2W-02
REC-00510,GS:GS-A2S-01-016,GS:GS-D3-03-036,Google Scholar,GS-D3-03
REC-00512,GS:GS-A2S-01-018,ARX:FORMAL-ARXIV-V12-Q-D3:2607.00692v1,arXiv,Q-D3
REC-00518,GS:GS-A2S-01-027,ARX:FORMAL-ARXIV-V12-Q-A1:2504.14064v3,arXiv,Q-A1
REC-00518,GS:GS-A2S-01-027,ARX:FORMAL-ARXIV-V12-Q-D1:2504.14064v3,arXiv,Q-D1
REC-00518,GS:GS-A2S-01-027,ARX:FORMAL-ARXIV-V12-Q-D2:2504.14064v3,arXiv,Q-D2
REC-00518,GS:GS-A2S-01-027,ARX:FORMAL-ARXIV-V12-Q-S0:2504.14064v3,arXiv,Q-S0
REC-00528,GS:GS-A2S-02-002,GS:GS-A3-02-072,Google Scholar,GS-A3-02
REC-00529,GS:GS-A2S-02-003,ARX:FORMAL-ARXIV-V12-Q-D2:2506.01616v1,arXiv,Q-D2
REC-00530,GS:GS-A2S-02-004,GS:GS-A3-01-037,Google Scholar,GS-A3-01
REC-00530,GS:GS-A2S-02-004,GS:GS-D3-01-083,Google Scholar,GS-D3-01
REC-00531,GS:GS-A2S-02-006,GS:GS-A3-02-013,Google Scholar,GS-A3-02
REC-00531,GS:GS-A2S-02-006,ARX:FORMAL-ARXIV-V12-Q-A1:2412.18426v1,arXiv,Q-A1
REC-00531,GS:GS-A2S-02-006,ARX:FORMAL-ARXIV-V12-Q-A3:2412.18426v1,arXiv,Q-A3
REC-00531,GS:GS-A2S-02-006,ARX:FORMAL-ARXIV-V12-Q-D2:2412.18426v1,arXiv,Q-D2
REC-00532,GS:GS-A2S-02-008,ARX:FORMAL-ARXIV-V12-Q-A1:2605.18652v1,arXiv,Q-A1
REC-00532,GS:GS-A2S-02-008,ARX:FORMAL-ARXIV-V12-Q-A3:2605.18652v1,arXiv,Q-A3
REC-00534,GS:GS-A2S-02-014,ACL:FORMAL-ACL-V12-Q-A1:koh-etal-2024-visualwebarena,ACL Anthology,Q-A1
REC-00534,GS:GS-A2S-02-014,ACL:FORMAL-ACL-V12-Q-A3:koh-etal-2024-visualwebarena,ACL Anthology,Q-A3
REC-00536,GS:GS-A2S-02-016,GS:GS-A2S-03-001,Google Scholar,GS-A2S-03
REC-00536,GS:GS-A2S-02-016,GS:GS-A2W-02-034,Google Scholar,GS-A2W-02
REC-00537,GS:GS-A2S-02-018,GS:GS-A2W-02-065,Google Scholar,GS-A2W-02
REC-00538,GS:GS-A2S-02-019,GS:GS-A2W-02-048,Google Scholar,GS-A2W-02
REC-00540,GS:GS-A2S-02-021,ACL:FORMAL-ACL-V12-Q-A2W:men-etal-2025-agent,ACL Anthology,Q-A2W
REC-00540,GS:GS-A2S-02-021,ACL:FORMAL-ACL-V12-Q-S0:men-etal-2025-agent,ACL Anthology,Q-S0
REC-00543,GS:GS-A2S-02-026,GS:GS-B2-03-079,Google Scholar,GS-B2-03
REC-00543,GS:GS-A2S-02-026,GS:GS-D1-02-082,Google Scholar,GS-D1-02
REC-00543,GS:GS-A2S-02-026,ARX:FORMAL-ARXIV-V12-Q-A1:2604.07429v1,arXiv,Q-A1
REC-00543,GS:GS-A2S-02-026,ARX:FORMAL-ARXIV-V12-Q-A2S:2604.07429v1,arXiv,Q-A2S
REC-00543,GS:GS-A2S-02-026,ARX:FORMAL-ARXIV-V12-Q-A2W:2604.07429v1,arXiv,Q-A2W
REC-00543,GS:GS-A2S-02-026,ARX:FORMAL-ARXIV-V12-Q-A3:2604.07429v1,arXiv,Q-A3
REC-00543,GS:GS-A2S-02-026,ARX:FORMAL-ARXIV-V12-Q-D1:2604.07429v1,arXiv,Q-D1
REC-00543,GS:GS-A2S-02-026,ARX:FORMAL-ARXIV-V12-Q-D3:2604.07429v1,arXiv,Q-D3
REC-00549,GS:GS-A2S-02-033,GS:GS-A2W-03-006,Google Scholar,GS-A2W-03
REC-00554,GS:GS-A2S-02-040,GS:GS-A3-02-004,Google Scholar,GS-A3-02
REC-00558,GS:GS-A2S-02-044,ARX:FORMAL-ARXIV-V12-Q-A1:2506.10387v1,arXiv,Q-A1
REC-00558,GS:GS-A2S-02-044,ARX:FORMAL-ARXIV-V12-Q-A3:2506.10387v1,arXiv,Q-A3
REC-00559,GS:GS-A2S-02-047,ARX:FORMAL-ARXIV-V12-Q-D2:2605.10286v1,arXiv,Q-D2
REC-00560,GS:GS-A2S-02-048,ARX:FORMAL-ARXIV-V12-Q-A1:2603.22529v1,arXiv,Q-A1
REC-00560,GS:GS-A2S-02-048,ARX:FORMAL-ARXIV-V12-Q-A3:2603.22529v1,arXiv,Q-A3
REC-00564,GS:GS-A2S-02-053,ARX:FORMAL-ARXIV-V12-Q-A2S:2510.00496v3,arXiv,Q-A2S
REC-00567,GS:GS-A2S-02-057,ARX:FORMAL-ARXIV-V12-Q-A2S:2408.11824v4,arXiv,Q-A2S
REC-00569,GS:GS-A2S-02-060,ARX:FORMAL-ARXIV-V12-Q-C3:2605.29341v2,arXiv,Q-C3
REC-00569,GS:GS-A2S-02-060,ARX:FORMAL-ARXIV-V12-Q-S2:2605.29341v2,arXiv,Q-S2
REC-00578,GS:GS-A2S-02-069,ARX:FORMAL-ARXIV-V12-Q-A2S:2603.16777v1,arXiv,Q-A2S
REC-00584,GS:GS-A2S-02-075,ARX:FORMAL-ARXIV-V12-Q-A1:2603.26648v3,arXiv,Q-A1
REC-00584,GS:GS-A2S-02-075,ARX:FORMAL-ARXIV-V12-Q-A3:2603.26648v3,arXiv,Q-A3
REC-00584,GS:GS-A2S-02-075,ARX:FORMAL-ARXIV-V12-Q-D1:2603.26648v3,arXiv,Q-D1
REC-00587,GS:GS-A2S-02-079,GS:GS-A2S-02-100,Google Scholar,GS-A2S-02
REC-00587,GS:GS-A2S-02-079,GS:GS-B1-01-098,Google Scholar,GS-B1-01
REC-00587,GS:GS-A2S-02-079,ARX:FORMAL-ARXIV-V12-Q-A1:2510.09038v1,arXiv,Q-A1
REC-00587,GS:GS-A2S-02-079,ARX:FORMAL-ARXIV-V12-Q-A3:2510.09038v1,arXiv,Q-A3
REC-00587,GS:GS-A2S-02-079,ARX:FORMAL-ARXIV-V12-Q-D1:2510.09038v1,arXiv,Q-D1
REC-00588,GS:GS-A2S-02-080,GS:GS-A3-02-097,Google Scholar,GS-A3-02
REC-00588,GS:GS-A2S-02-080,ARX:FORMAL-ARXIV-V12-Q-A1:2508.09241v1,arXiv,Q-A1
REC-00588,GS:GS-A2S-02-080,ARX:FORMAL-ARXIV-V12-Q-A3:2508.09241v1,arXiv,Q-A3
REC-00593,GS:GS-A2S-02-085,ARX:FORMAL-ARXIV-V12-Q-D3:2506.08972v1,arXiv,Q-D3
REC-00596,GS:GS-A2S-02-088,ACL:FORMAL-ACL-V12-Q-A1:ma-etal-2024-coco,ACL Anthology,Q-A1
REC-00596,GS:GS-A2S-02-088,ACL:FORMAL-ACL-V12-Q-A2S:ma-etal-2024-coco,ACL Anthology,Q-A2S
REC-00596,GS:GS-A2S-02-088,ACL:FORMAL-ACL-V12-Q-A2W:ma-etal-2024-coco,ACL Anthology,Q-A2W
REC-00596,GS:GS-A2S-02-088,ACL:FORMAL-ACL-V12-Q-A3:ma-etal-2024-coco,ACL Anthology,Q-A3
REC-00598,GS:GS-A2S-02-090,GS:GS-A2W-03-009,Google Scholar,GS-A2W-03
REC-00598,GS:GS-A2S-02-090,ARX:FORMAL-ARXIV-V12-Q-A1:2504.19838v3,arXiv,Q-A1
REC-00598,GS:GS-A2S-02-090,ARX:FORMAL-ARXIV-V12-Q-A3:2504.19838v3,arXiv,Q-A3
REC-00598,GS:GS-A2S-02-090,ARX:FORMAL-ARXIV-V12-Q-C2:2504.19838v3,arXiv,Q-C2
REC-00604,GS:GS-A2S-02-096,GS:GS-A2W-01-040,Google Scholar,GS-A2W-01
REC-00607,GS:GS-A2S-03-003,GS:GS-C2-03-084,Google Scholar,GS-C2-03
REC-00608,GS:GS-A2S-03-005,GS:GS-A2W-02-010,Google Scholar,GS-A2W-02
REC-00608,GS:GS-A2S-03-005,GS:GS-C3-04-034,Google Scholar,GS-C3-04
REC-00608,GS:GS-A2S-03-005,ARX:FORMAL-ARXIV-V12-Q-A2W:2601.12560v1,arXiv,Q-A2W
REC-00608,GS:GS-A2S-03-005,ARX:FORMAL-ARXIV-V12-Q-B1:2601.12560v1,arXiv,Q-B1
REC-00608,GS:GS-A2S-03-005,ARX:FORMAL-ARXIV-V12-Q-B4:2601.12560v1,arXiv,Q-B4
REC-00609,GS:GS-A2S-03-006,GS:GS-A2W-02-086,Google Scholar,GS-A2W-02
REC-00610,GS:GS-A2S-03-007,GS:GS-A2W-02-022,Google Scholar,GS-A2W-02
REC-00611,GS:GS-A2S-03-009,GS:GS-A2W-02-001,Google Scholar,GS-A2W-02
REC-00611,GS:GS-A2S-03-009,ARX:FORMAL-ARXIV-V12-Q-A1:2407.01476v4,arXiv,Q-A1
REC-00611,GS:GS-A2S-03-009,ARX:FORMAL-ARXIV-V12-Q-A2W:2407.01476v4,arXiv,Q-A2W
REC-00611,GS:GS-A2S-03-009,ARX:FORMAL-ARXIV-V12-Q-A3:2407.01476v4,arXiv,Q-A3
REC-00612,GS:GS-A2S-03-010,ARX:FORMAL-ARXIV-V12-Q-C3:2604.13346v1,arXiv,Q-C3
REC-00612,GS:GS-A2S-03-010,ARX:FORMAL-ARXIV-V12-Q-D2:2604.13346v1,arXiv,Q-D2
REC-00612,GS:GS-A2S-03-010,ARX:FORMAL-ARXIV-V12-Q-D3:2604.13346v1,arXiv,Q-D3
REC-00613,GS:GS-A2S-03-011,GS:GS-A2W-02-018,Google Scholar,GS-A2W-02
REC-00618,GS:GS-A2S-03-016,GS:GS-A2W-03-004,Google Scholar,GS-A2W-03
REC-00620,GS:GS-A2S-03-018,ARX:FORMAL-ARXIV-V12-Q-D1:2502.15850v2,arXiv,Q-D1
REC-00625,GS:GS-A2S-03-023,ARX:FORMAL-ARXIV-V12-Q-D1:2607.03048v1,arXiv,Q-D1
REC-00627,GS:GS-A2S-03-025,GS:GS-A2W-01-075,Google Scholar,GS-A2W-01
REC-00627,GS:GS-A2S-03-025,GS:GS-D3-03-069,Google Scholar,GS-D3-03
REC-00630,GS:GS-A2S-03-028,ARX:FORMAL-ARXIV-V12-Q-C2:2605.27898v2,arXiv,Q-C2
REC-00630,GS:GS-A2S-03-028,ARX:FORMAL-ARXIV-V12-Q-D2:2605.27898v2,arXiv,Q-D2
REC-00634,GS:GS-A2S-03-032,GS:GS-A2W-02-013,Google Scholar,GS-A2W-02
REC-00635,GS:GS-A2S-03-033,ARX:FORMAL-ARXIV-V12-Q-D1:2311.10538v3,arXiv,Q-D1
REC-00636,GS:GS-A2S-03-034,ARX:FORMAL-ARXIV-V12-Q-C3:2604.20133v3,arXiv,Q-C3
REC-00640,GS:GS-A2S-03-038,GS:GS-A2W-02-012,Google Scholar,GS-A2W-02
REC-00642,GS:GS-A2S-03-040,GS:GS-A2W-02-007,Google Scholar,GS-A2W-02
REC-00642,GS:GS-A2S-03-040,GS:GS-B1-01-001,Google Scholar,GS-B1-01
REC-00642,GS:GS-A2S-03-040,GS:GS-B2-03-031,Google Scholar,GS-B2-03
REC-00642,GS:GS-A2S-03-040,GS:GS-D1-01-001,Google Scholar,GS-D1-01
REC-00642,GS:GS-A2S-03-040,GS:GS-D1-02-057,Google Scholar,GS-D1-02
REC-00642,GS:GS-A2S-03-040,GS:GS-D2-01-047,Google Scholar,GS-D2-01
REC-00642,GS:GS-A2S-03-040,GS:GS-D3-01-087,Google Scholar,GS-D3-01
REC-00643,GS:GS-A2S-03-042,ARX:FORMAL-ARXIV-V12-Q-D3:2605.10365v1,arXiv,Q-D3
REC-00651,GS:GS-A2S-03-050,ARX:FORMAL-ARXIV-V12-Q-D1:2605.15226v1,arXiv,Q-D1
REC-00655,GS:GS-A2S-03-054,GS:GS-A2W-02-028,Google Scholar,GS-A2W-02
REC-00658,GS:GS-A2S-03-059,GS:GS-A2W-01-071,Google Scholar,GS-A2W-01
REC-00658,GS:GS-A2S-03-059,GS:GS-A2W-02-008,Google Scholar,GS-A2W-02
REC-00658,GS:GS-A2S-03-059,ARX:FORMAL-ARXIV-V12-Q-A1:2602.12544v1,arXiv,Q-A1
REC-00658,GS:GS-A2S-03-059,ARX:FORMAL-ARXIV-V12-Q-A3:2602.12544v1,arXiv,Q-A3
REC-00660,GS:GS-A2S-03-061,GS:GS-A2W-02-067,Google Scholar,GS-A2W-02
REC-00663,GS:GS-A2S-03-065,GS:GS-A2W-02-006,Google Scholar,GS-A2W-02
REC-00668,GS:GS-A2S-03-070,GS:GS-A2W-02-030,Google Scholar,GS-A2W-02
REC-00670,GS:GS-A2S-03-072,ARX:FORMAL-ARXIV-V12-Q-D1:2509.01245v4,arXiv,Q-D1
REC-00672,GS:GS-A2S-03-074,GS:GS-A2W-02-026,Google Scholar,GS-A2W-02
REC-00674,GS:GS-A2S-03-076,ARX:FORMAL-ARXIV-V12-Q-D1:2606.16774v1,arXiv,Q-D1
REC-00675,GS:GS-A2S-03-077,ARX:FORMAL-ARXIV-V12-Q-D2:2503.17703v2,arXiv,Q-D2
REC-00675,GS:GS-A2S-03-077,ARX:FORMAL-ARXIV-V12-Q-D3:2503.17703v2,arXiv,Q-D3
REC-00678,GS:GS-A2S-03-080,GS:GS-A2W-01-072,Google Scholar,GS-A2W-01
REC-00678,GS:GS-A2S-03-080,GS:GS-A2W-02-003,Google Scholar,GS-A2W-02
REC-00678,GS:GS-A2S-03-080,ARX:FORMAL-ARXIV-V12-Q-A2W:2505.21055v1,arXiv,Q-A2W
REC-00678,GS:GS-A2S-03-080,ARX:FORMAL-ARXIV-V12-Q-D2:2505.21055v1,arXiv,Q-D2
REC-00683,GS:GS-A2S-03-085,GS:GS-A2W-02-098,Google Scholar,GS-A2W-02
REC-00685,GS:GS-A2S-03-087,GS:GS-D1-01-052,Google Scholar,GS-D1-01
REC-00685,GS:GS-A2S-03-087,ARX:FORMAL-ARXIV-V12-Q-S0:2607.20121v2,arXiv,Q-S0
REC-00686,GS:GS-A2S-03-088,ARX:FORMAL-ARXIV-V12-Q-D2:2602.09345v3,arXiv,Q-D2
REC-00686,GS:GS-A2S-03-088,ARX:FORMAL-ARXIV-V12-Q-D3:2602.09345v3,arXiv,Q-D3
REC-00689,GS:GS-A2S-03-091,GS:GS-A2W-02-025,Google Scholar,GS-A2W-02
REC-00690,GS:GS-A2S-03-092,GS:GS-A2W-02-017,Google Scholar,GS-A2W-02
REC-00692,GS:GS-A2S-03-094,GS:GS-A2W-02-014,Google Scholar,GS-A2W-02
REC-00693,GS:GS-A2S-03-095,ACL:FORMAL-ACL-V12-Q-D2:song-etal-2026-envscaler,ACL Anthology,Q-D2
REC-00700,GS:GS-A2W-01-012,ACL:FORMAL-ACL-V12-Q-A1:zhang-etal-2026-infiniteweb,ACL Anthology,Q-A1
REC-00703,GS:GS-A2W-01-016,GS:GS-D3-02-021,Google Scholar,GS-D3-02
REC-00706,GS:GS-A2W-01-019,ARX:FORMAL-ARXIV-V12-Q-D3:2511.13998v1,arXiv,Q-D3
REC-00707,GS:GS-A2W-01-020,GS:GS-A2W-03-003,Google Scholar,GS-A2W-03
REC-00707,GS:GS-A2W-01-020,ARX:FORMAL-ARXIV-V12-Q-A2S:2406.08184v1,arXiv,Q-A2S
REC-00708,GS:GS-A2W-01-024,GS:GS-A2W-03-016,Google Scholar,GS-A2W-03
REC-00710,GS:GS-A2W-01-026,GS:GS-D3-02-041,Google Scholar,GS-D3-02
REC-00710,GS:GS-A2W-01-026,ARX:FORMAL-ARXIV-V12-Q-A2S:2605.20833v1,arXiv,Q-A2S
REC-00710,GS:GS-A2W-01-026,ARX:FORMAL-ARXIV-V12-Q-A2W:2605.20833v1,arXiv,Q-A2W
REC-00710,GS:GS-A2W-01-026,ARX:FORMAL-ARXIV-V12-Q-D1:2605.20833v1,arXiv,Q-D1
REC-00712,GS:GS-A2W-01-035,ARX:FORMAL-ARXIV-V12-Q-A2W:2604.23455v2,arXiv,Q-A2W
REC-00717,GS:GS-A2W-01-046,GS:GS-C3-02-010,Google Scholar,GS-C3-02
REC-00717,GS:GS-A2W-01-046,GS:GS-C3-03-060,Google Scholar,GS-C3-03
REC-00717,GS:GS-A2W-01-046,GS:GS-D2-02-016,Google Scholar,GS-D2-02
REC-00717,GS:GS-A2W-01-046,GS:GS-D2-03-014,Google Scholar,GS-D2-03
REC-00717,GS:GS-A2W-01-046,GS:GS-D3-03-016,Google Scholar,GS-D3-03
REC-00718,GS:GS-A2W-01-049,ARX:FORMAL-ARXIV-V12-Q-D3:2604.10547v2,arXiv,Q-D3
REC-00719,GS:GS-A2W-01-050,ARX:FORMAL-ARXIV-V12-Q-B4:2607.14642v1,arXiv,Q-B4
REC-00720,GS:GS-A2W-01-052,ACL:FORMAL-ACL-V12-Q-A1:liu-quan-2026-econwebarena,ACL Anthology,Q-A1
REC-00720,GS:GS-A2W-01-052,ACL:FORMAL-ACL-V12-Q-A2W:liu-quan-2026-econwebarena,ACL Anthology,Q-A2W
REC-00720,GS:GS-A2W-01-052,ACL:FORMAL-ACL-V12-Q-A3:liu-quan-2026-econwebarena,ACL Anthology,Q-A3
REC-00722,GS:GS-A2W-01-054,GS:GS-D3-02-062,Google Scholar,GS-D3-02
REC-00722,GS:GS-A2W-01-054,ARX:FORMAL-ARXIV-V12-Q-A2S:2505.11942v3,arXiv,Q-A2S
REC-00723,GS:GS-A2W-01-055,GS:GS-C3-01-079,Google Scholar,GS-C3-01
REC-00724,GS:GS-A2W-01-062,GS:GS-A2W-03-007,Google Scholar,GS-A2W-03
REC-00724,GS:GS-A2W-01-062,ARX:FORMAL-ARXIV-V12-Q-A2W:2512.13438v1,arXiv,Q-A2W
REC-00727,GS:GS-A2W-01-068,GS:GS-A2W-02-043,Google Scholar,GS-A2W-02
REC-00728,GS:GS-A2W-01-069,GS:GS-C2-01-064,Google Scholar,GS-C2-01
REC-00728,GS:GS-A2W-01-069,GS:GS-C2-03-029,Google Scholar,GS-C2-03
REC-00728,GS:GS-A2W-01-069,GS:GS-D3-02-050,Google Scholar,GS-D3-02
REC-00728,GS:GS-A2W-01-069,GS:GS-D3-03-088,Google Scholar,GS-D3-03
REC-00729,GS:GS-A2W-01-073,ARX:FORMAL-ARXIV-V12-Q-D1:2605.07247v1,arXiv,Q-D1
REC-00735,GS:GS-A2W-01-081,ARX:FORMAL-ARXIV-V12-Q-A1:2607.20482v2,arXiv,Q-A1
REC-00735,GS:GS-A2W-01-081,ARX:FORMAL-ARXIV-V12-Q-A3:2607.20482v2,arXiv,Q-A3
REC-00738,GS:GS-A2W-01-085,ARX:FORMAL-ARXIV-V12-Q-A1:2601.02439v6,arXiv,Q-A1
REC-00738,GS:GS-A2W-01-085,ARX:FORMAL-ARXIV-V12-Q-A3:2601.02439v6,arXiv,Q-A3
REC-00738,GS:GS-A2W-01-085,ARX:FORMAL-ARXIV-V12-Q-D3:2601.02439v6,arXiv,Q-D3
REC-00739,GS:GS-A2W-01-086,GS:GS-A2W-03-018,Google Scholar,GS-A2W-03
REC-00741,GS:GS-A2W-01-088,ARX:FORMAL-ARXIV-V12-Q-A1:2502.07942v2,arXiv,Q-A1
REC-00741,GS:GS-A2W-01-088,ARX:FORMAL-ARXIV-V12-Q-A2W:2502.07942v2,arXiv,Q-A2W
REC-00741,GS:GS-A2W-01-088,ARX:FORMAL-ARXIV-V12-Q-A3:2502.07942v2,arXiv,Q-A3
REC-00741,GS:GS-A2W-01-088,ARX:FORMAL-ARXIV-V12-Q-D2:2502.07942v2,arXiv,Q-D2
REC-00745,GS:GS-A2W-01-092,GS:GS-A2W-03-002,Google Scholar,GS-A2W-03
REC-00750,GS:GS-A2W-01-098,ACL:FORMAL-ACL-V12-Q-C3:vishwakarma-etal-2025-llms,ACL Anthology,Q-C3
REC-00750,GS:GS-A2W-01-098,ACL:FORMAL-ACL-V12-Q-D2:vishwakarma-etal-2025-llms,ACL Anthology,Q-D2
REC-00752,GS:GS-A2W-01-100,ARX:FORMAL-ARXIV-V12-Q-D1:2605.21404v1,arXiv,Q-D1
REC-00752,GS:GS-A2W-01-100,ARX:FORMAL-ARXIV-V12-Q-D3:2605.21404v1,arXiv,Q-D3
REC-00753,GS:GS-A2W-02-005,ACL:FORMAL-ACL-V12-Q-A1:zhang-etal-2026-webrollback,ACL Anthology,Q-A1
REC-00753,GS:GS-A2W-02-005,ACL:FORMAL-ACL-V12-Q-A3:zhang-etal-2026-webrollback,ACL Anthology,Q-A3
REC-00753,GS:GS-A2W-02-005,ACL:FORMAL-ACL-V12-Q-D3:zhang-etal-2026-webrollback,ACL Anthology,Q-D3
REC-00759,GS:GS-A2W-02-024,ARX:FORMAL-ARXIV-V12-Q-D2:2604.02971v1,arXiv,Q-D2
REC-00759,GS:GS-A2W-02-024,ARX:FORMAL-ARXIV-V12-Q-D3:2604.02971v1,arXiv,Q-D3
REC-00761,GS:GS-A2W-02-029,GS:GS-B1-01-040,Google Scholar,GS-B1-01
REC-00761,GS:GS-A2W-02-029,GS:GS-B2-02-008,Google Scholar,GS-B2-02
REC-00761,GS:GS-A2W-02-029,GS:GS-B2-03-026,Google Scholar,GS-B2-03
REC-00761,GS:GS-A2W-02-029,GS:GS-D2-01-092,Google Scholar,GS-D2-01
REC-00766,GS:GS-A2W-02-036,ARX:FORMAL-ARXIV-V12-Q-A1:2506.02839v1,arXiv,Q-A1
REC-00766,GS:GS-A2W-02-036,ARX:FORMAL-ARXIV-V12-Q-A3:2506.02839v1,arXiv,Q-A3
REC-00768,GS:GS-A2W-02-038,ARX:FORMAL-ARXIV-V12-Q-S2:2602.16313v1,arXiv,Q-S2
REC-00769,GS:GS-A2W-02-039,GS:GS-D3-02-002,Google Scholar,GS-D3-02
REC-00769,GS:GS-A2W-02-039,ACL:FORMAL-ACL-V12-Q-D2:li-etal-2025-generator,ACL Anthology,Q-D2
REC-00769,GS:GS-A2W-02-039,ACL:FORMAL-ACL-V12-Q-D3:li-etal-2025-generator,ACL Anthology,Q-D3
REC-00772,GS:GS-A2W-02-044,GS:GS-B3-02-083,Google Scholar,GS-B3-02
REC-00773,GS:GS-A2W-02-047,GS:GS-D3-02-005,Google Scholar,GS-D3-02
REC-00773,GS:GS-A2W-02-047,ARX:FORMAL-ARXIV-V12-Q-C1:2607.27773v2,arXiv,Q-C1
REC-00773,GS:GS-A2W-02-047,ARX:FORMAL-ARXIV-V12-Q-D3:2607.27773v2,arXiv,Q-D3
REC-00775,GS:GS-A2W-02-051,ARX:FORMAL-ARXIV-V12-Q-D2:2607.17038v1,arXiv,Q-D2
REC-00783,GS:GS-A2W-02-060,ARX:FORMAL-ARXIV-V12-Q-D2:2504.04070v1,arXiv,Q-D2
REC-00785,GS:GS-A2W-02-062,ARX:FORMAL-ARXIV-V12-Q-D1:2606.26614v2,arXiv,Q-D1
REC-00785,GS:GS-A2W-02-062,ARX:FORMAL-ARXIV-V12-Q-D2:2606.26614v2,arXiv,Q-D2
REC-00785,GS:GS-A2W-02-062,ARX:FORMAL-ARXIV-V12-Q-D3:2606.26614v2,arXiv,Q-D3
REC-00788,GS:GS-A2W-02-066,GS:GS-B1-02-075,Google Scholar,GS-B1-02
REC-00788,GS:GS-A2W-02-066,GS:GS-B2-02-074,Google Scholar,GS-B2-02
REC-00793,GS:GS-A2W-02-072,GS:GS-B2-01-003,Google Scholar,GS-B2-01
REC-00793,GS:GS-A2W-02-072,ARX:FORMAL-ARXIV-V12-Q-B1:2510.04257v1,arXiv,Q-B1
REC-00793,GS:GS-A2W-02-072,ARX:FORMAL-ARXIV-V12-Q-S0:2510.04257v1,arXiv,Q-S0
REC-00793,GS:GS-A2W-02-072,ARX:FORMAL-ARXIV-V12-Q-S1:2510.04257v1,arXiv,Q-S1
REC-00805,GS:GS-A2W-02-087,GS:GS-D3-03-001,Google Scholar,GS-D3-03
REC-00806,GS:GS-A2W-02-088,ARX:FORMAL-ARXIV-V12-Q-S0:2602.01709v2,arXiv,Q-S0
REC-00807,GS:GS-A2W-02-089,ARX:FORMAL-ARXIV-V12-Q-D1:2603.16843v1,arXiv,Q-D1
REC-00807,GS:GS-A2W-02-089,ARX:FORMAL-ARXIV-V12-Q-D3:2603.16843v1,arXiv,Q-D3
REC-00814,GS:GS-A2W-02-096,ACL:FORMAL-ACL-V12-Q-D2:oh-etal-2026-uncertainty,ACL Anthology,Q-D2
REC-00818,GS:GS-A2W-03-001,ACL:FORMAL-ACL-V12-Q-A1:xu-etal-2025-androidlab,ACL Anthology,Q-A1
REC-00818,GS:GS-A2W-03-001,ACL:FORMAL-ACL-V12-Q-A2W:xu-etal-2025-androidlab,ACL Anthology,Q-A2W
REC-00818,GS:GS-A2W-03-001,ACL:FORMAL-ACL-V12-Q-A3:xu-etal-2025-androidlab,ACL Anthology,Q-A3
REC-00819,GS:GS-A2W-03-005,ARX:FORMAL-ARXIV-V12-Q-A1:2507.21071v2,arXiv,Q-A1
REC-00819,GS:GS-A2W-03-005,ARX:FORMAL-ARXIV-V12-Q-A2W:2507.21071v2,arXiv,Q-A2W
REC-00819,GS:GS-A2W-03-005,ARX:FORMAL-ARXIV-V12-Q-A3:2507.21071v2,arXiv,Q-A3
REC-00819,GS:GS-A2W-03-005,ARX:FORMAL-ARXIV-V12-Q-D3:2507.21071v2,arXiv,Q-D3
REC-00820,GS:GS-A2W-03-010,ACL:FORMAL-ACL-V12-Q-A2W:son-etal-2026-automating,ACL Anthology,Q-A2W
REC-00821,GS:GS-A2W-03-013,GS:GS-A3-02-091,Google Scholar,GS-A3-02
REC-00822,GS:GS-A2W-03-014,GS:GS-C3-01-080,Google Scholar,GS-C3-01
REC-00822,GS:GS-A2W-03-014,ARX:FORMAL-ARXIV-V12-Q-A2W:2505.12981v2,arXiv,Q-A2W
REC-00822,GS:GS-A2W-03-014,ARX:FORMAL-ARXIV-V12-Q-D2:2505.12981v2,arXiv,Q-D2
REC-00822,GS:GS-A2W-03-014,ARX:FORMAL-ARXIV-V12-Q-S0:2505.12981v2,arXiv,Q-S0
REC-00824,GS:GS-A2W-03-020,ARX:FORMAL-ARXIV-V12-Q-D1:2605.12673v1,arXiv,Q-D1
REC-00825,GS:GS-A2W-03-021,GS:GS-D2-02-043,Google Scholar,GS-D2-02
REC-00829,GS:GS-A2W-03-026,GS:GS-A3-02-024,Google Scholar,GS-A3-02
REC-00829,GS:GS-A2W-03-026,ARX:FORMAL-ARXIV-V12-Q-A1:2602.06075v2,arXiv,Q-A1
REC-00829,GS:GS-A2W-03-026,ARX:FORMAL-ARXIV-V12-Q-A3:2602.06075v2,arXiv,Q-A3
REC-00829,GS:GS-A2W-03-026,ARX:FORMAL-ARXIV-V12-Q-S2:2602.06075v2,arXiv,Q-S2
REC-00831,GS:GS-A2W-03-028,GS:GS-D2-02-077,Google Scholar,GS-D2-02
REC-00831,GS:GS-A2W-03-028,ARX:FORMAL-ARXIV-V12-Q-S0:2510.27140v3,arXiv,Q-S0
REC-00832,GS:GS-A2W-03-029,ARX:FORMAL-ARXIV-V12-Q-S0:2401.05459v2,arXiv,Q-S0
REC-00834,GS:GS-A2W-03-032,GS:GS-A3-02-050,Google Scholar,GS-A3-02
REC-00834,GS:GS-A2W-03-032,ARX:FORMAL-ARXIV-V12-Q-A1:2512.12634v4,arXiv,Q-A1
REC-00834,GS:GS-A2W-03-032,ARX:FORMAL-ARXIV-V12-Q-A3:2512.12634v4,arXiv,Q-A3
REC-00843,GS:GS-A2W-03-041,GS:GS-A3-02-070,Google Scholar,GS-A3-02
REC-00843,GS:GS-A2W-03-041,GS:GS-B2-02-089,Google Scholar,GS-B2-02
REC-00843,GS:GS-A2W-03-041,ARX:FORMAL-ARXIV-V12-Q-A1:2603.29318v1,arXiv,Q-A1
REC-00843,GS:GS-A2W-03-041,ARX:FORMAL-ARXIV-V12-Q-A3:2603.29318v1,arXiv,Q-A3
REC-00843,GS:GS-A2W-03-041,ARX:FORMAL-ARXIV-V12-Q-C1:2603.29318v1,arXiv,Q-C1
REC-00847,GS:GS-A2W-03-046,ARX:FORMAL-ARXIV-V12-Q-C3:2403.16971v5,arXiv,Q-C3
REC-00848,GS:GS-A2W-03-047,ARX:FORMAL-ARXIV-V12-Q-D2:2604.02665v1,arXiv,Q-D2
REC-00849,GS:GS-A2W-03-048,ARX:FORMAL-ARXIV-V12-Q-D2:2509.22170v1,arXiv,Q-D2
REC-00850,GS:GS-A2W-03-049,ARX:FORMAL-ARXIV-V12-Q-D2:2412.01778v1,arXiv,Q-D2
REC-00851,GS:GS-A2W-03-050,ARX:FORMAL-ARXIV-V12-Q-A2W:2311.08649v1,arXiv,Q-A2W
REC-00852,GS:GS-A2W-03-051,GS:GS-C3-01-021,Google Scholar,GS-C3-01
REC-00852,GS:GS-A2W-03-051,ARX:FORMAL-ARXIV-V12-Q-D2:2503.18666v3,arXiv,Q-D2
REC-00855,GS:GS-A2W-03-056,GS:GS-C3-01-082,Google Scholar,GS-C3-01
REC-00857,GS:GS-A2W-03-058,GS:GS-C2-01-077,Google Scholar,GS-C2-01
REC-00857,GS:GS-A2W-03-058,GS:GS-C3-01-009,Google Scholar,GS-C3-01
REC-00857,GS:GS-A2W-03-058,GS:GS-C3-03-024,Google Scholar,GS-C3-03
REC-00857,GS:GS-A2W-03-058,GS:GS-D2-03-015,Google Scholar,GS-D2-03
REC-00857,GS:GS-A2W-03-058,GS:GS-D3-02-061,Google Scholar,GS-D3-02
REC-00857,GS:GS-A2W-03-058,ARX:FORMAL-ARXIV-V12-Q-S0:2605.24309v1,arXiv,Q-S0
REC-00861,GS:GS-A2W-03-063,GS:GS-D3-02-040,Google Scholar,GS-D3-02
REC-00866,GS:GS-A2W-03-070,GS:GS-B3-03-032,Google Scholar,GS-B3-03
REC-00866,GS:GS-A2W-03-070,GS:GS-C3-01-016,Google Scholar,GS-C3-01
REC-00866,GS:GS-A2W-03-070,GS:GS-C3-03-013,Google Scholar,GS-C3-03
REC-00866,GS:GS-A2W-03-070,GS:GS-C3-04-018,Google Scholar,GS-C3-04
REC-00866,GS:GS-A2W-03-070,ARX:FORMAL-ARXIV-V12-Q-B3:2604.03070v2,arXiv,Q-B3
REC-00866,GS:GS-A2W-03-070,ARX:FORMAL-ARXIV-V12-Q-D2:2604.03070v2,arXiv,Q-D2
REC-00866,GS:GS-A2W-03-070,ARX:FORMAL-ARXIV-V12-Q-D3:2604.03070v2,arXiv,Q-D3
REC-00870,GS:GS-A2W-03-076,GS:GS-A3-03-037,Google Scholar,GS-A3-03
REC-00871,GS:GS-A2W-03-077,ARX:FORMAL-ARXIV-V12-Q-D1:2605.16282v1,arXiv,Q-D1
REC-00871,GS:GS-A2W-03-077,ARX:FORMAL-ARXIV-V12-Q-D2:2605.16282v1,arXiv,Q-D2
REC-00871,GS:GS-A2W-03-077,ARX:FORMAL-ARXIV-V12-Q-S0:2605.16282v1,arXiv,Q-S0
REC-00873,GS:GS-A2W-03-079,GS:GS-D2-02-094,Google Scholar,GS-D2-02
REC-00873,GS:GS-A2W-03-079,ARX:FORMAL-ARXIV-V12-Q-A2W:2603.10268v1,arXiv,Q-A2W
REC-00873,GS:GS-A2W-03-079,ARX:FORMAL-ARXIV-V12-Q-D2:2603.10268v1,arXiv,Q-D2
REC-00874,GS:GS-A2W-03-080,ARX:FORMAL-ARXIV-V12-Q-C3:2603.16011v3,arXiv,Q-C3
REC-00875,GS:GS-A2W-03-081,ARX:FORMAL-ARXIV-V12-Q-D1:2507.21017v1,arXiv,Q-D1
REC-00875,GS:GS-A2W-03-081,ARX:FORMAL-ARXIV-V12-Q-D2:2507.21017v1,arXiv,Q-D2
REC-00876,GS:GS-A2W-03-082,ARX:FORMAL-ARXIV-V12-Q-A2W:2505.11891v3,arXiv,Q-A2W
REC-00878,GS:GS-A2W-03-084,GS:GS-B1-01-065,Google Scholar,GS-B1-01
REC-00878,GS:GS-A2W-03-084,GS:GS-B2-03-090,Google Scholar,GS-B2-03
REC-00878,GS:GS-A2W-03-084,GS:GS-D1-02-084,Google Scholar,GS-D1-02
REC-00878,GS:GS-A2W-03-084,GS:GS-D2-01-068,Google Scholar,GS-D2-01
REC-00878,GS:GS-A2W-03-084,GS:GS-D2-03-049,Google Scholar,GS-D2-03
REC-00878,GS:GS-A2W-03-084,GS:GS-D3-02-083,Google Scholar,GS-D3-02
REC-00880,GS:GS-A2W-03-086,ARX:FORMAL-ARXIV-V12-Q-A2W:2511.02399v3,arXiv,Q-A2W
REC-00882,GS:GS-A2W-03-088,ARX:FORMAL-ARXIV-V12-Q-D2:2511.18438v1,arXiv,Q-D2
REC-00884,GS:GS-A2W-03-091,GS:GS-B1-01-080,Google Scholar,GS-B1-01
REC-00884,GS:GS-A2W-03-091,GS:GS-B2-02-036,Google Scholar,GS-B2-02
REC-00884,GS:GS-A2W-03-091,GS:GS-B2-03-061,Google Scholar,GS-B2-03
REC-00884,GS:GS-A2W-03-091,GS:GS-C3-01-100,Google Scholar,GS-C3-01
REC-00884,GS:GS-A2W-03-091,GS:GS-D1-01-063,Google Scholar,GS-D1-01
REC-00884,GS:GS-A2W-03-091,GS:GS-D2-01-071,Google Scholar,GS-D2-01
REC-00884,GS:GS-A2W-03-091,GS:GS-D3-01-077,Google Scholar,GS-D3-01
REC-00884,GS:GS-A2W-03-091,GS:GS-D3-03-006,Google Scholar,GS-D3-03
REC-00884,GS:GS-A2W-03-091,ARX:FORMAL-ARXIV-V12-Q-A1:2504.17934v2,arXiv,Q-A1
REC-00884,GS:GS-A2W-03-091,ARX:FORMAL-ARXIV-V12-Q-D3:2504.17934v2,arXiv,Q-D3
REC-00886,GS:GS-A2W-03-093,ARX:FORMAL-ARXIV-V12-Q-A1:2604.14872v1,arXiv,Q-A1
REC-00886,GS:GS-A2W-03-093,ARX:FORMAL-ARXIV-V12-Q-A3:2604.14872v1,arXiv,Q-A3
REC-00893,GS:GS-A3-01-043,GS:GS-D1-02-078,Google Scholar,GS-D1-02
REC-00893,GS:GS-A3-01-043,ARX:FORMAL-ARXIV-V12-Q-A1:2606.31154v1,arXiv,Q-A1
REC-00893,GS:GS-A3-01-043,ARX:FORMAL-ARXIV-V12-Q-A3:2606.31154v1,arXiv,Q-A3
REC-00894,GS:GS-A3-01-051,GS:GS-B1-01-016,Google Scholar,GS-B1-01
REC-00894,GS:GS-A3-01-051,GS:GS-B2-03-023,Google Scholar,GS-B2-03
REC-00894,GS:GS-A3-01-051,GS:GS-D1-01-014,Google Scholar,GS-D1-01
REC-00894,GS:GS-A3-01-051,GS:GS-D1-02-021,Google Scholar,GS-D1-02
REC-00895,GS:GS-A3-01-053,GS:GS-D1-01-046,Google Scholar,GS-D1-01
REC-00895,GS:GS-A3-01-053,GS:GS-D2-01-085,Google Scholar,GS-D2-01
REC-00895,GS:GS-A3-01-053,GS:GS-D3-01-091,Google Scholar,GS-D3-01
REC-00896,GS:GS-A3-01-057,GS:GS-D1-01-053,Google Scholar,GS-D1-01
REC-00896,GS:GS-A3-01-057,ARX:FORMAL-ARXIV-V12-Q-A1:2606.03203v1,arXiv,Q-A1
REC-00896,GS:GS-A3-01-057,ARX:FORMAL-ARXIV-V12-Q-A3:2606.03203v1,arXiv,Q-A3
REC-00897,GS:GS-A3-01-068,GS:GS-B1-01-066,Google Scholar,GS-B1-01
REC-00897,GS:GS-A3-01-068,GS:GS-B2-03-055,Google Scholar,GS-B2-03
REC-00897,GS:GS-A3-01-068,GS:GS-B3-02-093,Google Scholar,GS-B3-02
REC-00897,GS:GS-A3-01-068,GS:GS-D1-01-009,Google Scholar,GS-D1-01
REC-00897,GS:GS-A3-01-068,GS:GS-D1-02-029,Google Scholar,GS-D1-02
REC-00897,GS:GS-A3-01-068,GS:GS-D2-01-053,Google Scholar,GS-D2-01
REC-00897,GS:GS-A3-01-068,GS:GS-D3-01-063,Google Scholar,GS-D3-01
REC-00897,GS:GS-A3-01-068,ARX:FORMAL-ARXIV-V12-Q-A1:2602.03255v1,arXiv,Q-A1
REC-00897,GS:GS-A3-01-068,ARX:FORMAL-ARXIV-V12-Q-A3:2602.03255v1,arXiv,Q-A3
REC-00897,GS:GS-A3-01-068,ARX:FORMAL-ARXIV-V12-Q-D2:2602.03255v1,arXiv,Q-D2
REC-00897,GS:GS-A3-01-068,ARX:FORMAL-ARXIV-V12-Q-S0:2602.03255v1,arXiv,Q-S0
REC-00898,GS:GS-A3-01-069,ARX:FORMAL-ARXIV-V12-Q-D1:2606.05405v2,arXiv,Q-D1
REC-00899,GS:GS-A3-01-087,GS:GS-D1-02-074,Google Scholar,GS-D1-02
REC-00899,GS:GS-A3-01-087,ARX:FORMAL-ARXIV-V12-Q-A1:2607.23263v1,arXiv,Q-A1
REC-00899,GS:GS-A3-01-087,ARX:FORMAL-ARXIV-V12-Q-A3:2607.23263v1,arXiv,Q-A3
REC-00900,GS:GS-A3-01-088,ARX:FORMAL-ARXIV-V12-Q-A1:2604.24964v1,arXiv,Q-A1
REC-00900,GS:GS-A3-01-088,ARX:FORMAL-ARXIV-V12-Q-A3:2604.24964v1,arXiv,Q-A3
REC-00901,GS:GS-A3-01-093,GS:GS-B1-01-026,Google Scholar,GS-B1-01
REC-00901,GS:GS-A3-01-093,GS:GS-B2-03-028,Google Scholar,GS-B2-03
REC-00901,GS:GS-A3-01-093,GS:GS-D1-01-058,Google Scholar,GS-D1-01
REC-00901,GS:GS-A3-01-093,GS:GS-D2-01-027,Google Scholar,GS-D2-01
REC-00901,GS:GS-A3-01-093,GS:GS-D3-01-080,Google Scholar,GS-D3-01
REC-00901,GS:GS-A3-01-093,ARX:FORMAL-ARXIV-V12-Q-A1:2602.08995v2,arXiv,Q-A1
REC-00901,GS:GS-A3-01-093,ARX:FORMAL-ARXIV-V12-Q-A3:2602.08995v2,arXiv,Q-A3
REC-00901,GS:GS-A3-01-093,ARX:FORMAL-ARXIV-V12-Q-B1:2602.08995v2,arXiv,Q-B1
REC-00901,GS:GS-A3-01-093,ARX:FORMAL-ARXIV-V12-Q-D2:2602.08995v2,arXiv,Q-D2
REC-00903,GS:GS-A3-02-005,GS:GS-B2-02-046,Google Scholar,GS-B2-02
REC-00904,GS:GS-A3-02-008,GS:GS-B2-02-082,Google Scholar,GS-B2-02
REC-00904,GS:GS-A3-02-008,ARX:FORMAL-ARXIV-V12-Q-A1:2507.19478v1,arXiv,Q-A1
REC-00904,GS:GS-A3-02-008,ARX:FORMAL-ARXIV-V12-Q-A3:2507.19478v1,arXiv,Q-A3
REC-00906,GS:GS-A3-02-014,ARX:FORMAL-ARXIV-V12-Q-A1:2604.25380v2,arXiv,Q-A1
REC-00906,GS:GS-A3-02-014,ARX:FORMAL-ARXIV-V12-Q-A3:2604.25380v2,arXiv,Q-A3
REC-00906,GS:GS-A3-02-014,ARX:FORMAL-ARXIV-V12-Q-D2:2604.25380v2,arXiv,Q-D2
REC-00907,GS:GS-A3-02-022,ACL:FORMAL-ACL-V12-Q-A1:gao-etal-2026-guitester,ACL Anthology,Q-A1
REC-00907,GS:GS-A3-02-022,ACL:FORMAL-ACL-V12-Q-A3:gao-etal-2026-guitester,ACL Anthology,Q-A3
REC-00908,GS:GS-A3-02-026,ARX:FORMAL-ARXIV-V12-Q-A1:2602.11750v1,arXiv,Q-A1
REC-00908,GS:GS-A3-02-026,ARX:FORMAL-ARXIV-V12-Q-A3:2602.11750v1,arXiv,Q-A3
REC-00908,GS:GS-A3-02-026,ARX:FORMAL-ARXIV-V12-Q-D1:2602.11750v1,arXiv,Q-D1
REC-00908,GS:GS-A3-02-026,ARX:FORMAL-ARXIV-V12-Q-D3:2602.11750v1,arXiv,Q-D3
REC-00909,GS:GS-A3-02-028,ARX:FORMAL-ARXIV-V12-Q-A1:2603.15039v1,arXiv,Q-A1
REC-00909,GS:GS-A3-02-028,ARX:FORMAL-ARXIV-V12-Q-A3:2603.15039v1,arXiv,Q-A3
REC-00909,GS:GS-A3-02-028,ARX:FORMAL-ARXIV-V12-Q-D1:2603.15039v1,arXiv,Q-D1
REC-00910,GS:GS-A3-02-031,ARX:FORMAL-ARXIV-V12-Q-A1:2607.25904v2,arXiv,Q-A1
REC-00910,GS:GS-A3-02-031,ARX:FORMAL-ARXIV-V12-Q-A3:2607.25904v2,arXiv,Q-A3
REC-00910,GS:GS-A3-02-031,ARX:FORMAL-ARXIV-V12-Q-D1:2607.25904v2,arXiv,Q-D1
REC-00911,GS:GS-A3-02-033,ARX:FORMAL-ARXIV-V12-Q-A1:2606.14106v1,arXiv,Q-A1
REC-00911,GS:GS-A3-02-033,ARX:FORMAL-ARXIV-V12-Q-A3:2606.14106v1,arXiv,Q-A3
REC-00911,GS:GS-A3-02-033,ARX:FORMAL-ARXIV-V12-Q-D2:2606.14106v1,arXiv,Q-D2
REC-00911,GS:GS-A3-02-033,ARX:FORMAL-ARXIV-V12-Q-D3:2606.14106v1,arXiv,Q-D3
REC-00912,GS:GS-A3-02-036,ARX:FORMAL-ARXIV-V12-Q-A1:2510.18488v1,arXiv,Q-A1
REC-00912,GS:GS-A3-02-036,ARX:FORMAL-ARXIV-V12-Q-A3:2510.18488v1,arXiv,Q-A3
REC-00913,GS:GS-A3-02-037,ARX:FORMAL-ARXIV-V12-Q-A1:2605.27761v1,arXiv,Q-A1
REC-00913,GS:GS-A3-02-037,ARX:FORMAL-ARXIV-V12-Q-A3:2605.27761v1,arXiv,Q-A3
REC-00913,GS:GS-A3-02-037,ARX:FORMAL-ARXIV-V12-Q-D1:2605.27761v1,arXiv,Q-D1
REC-00914,GS:GS-A3-02-040,GS:GS-B2-02-006,Google Scholar,GS-B2-02
REC-00915,GS:GS-A3-02-041,ARX:FORMAL-ARXIV-V12-Q-A1:2509.20729v2,arXiv,Q-A1
REC-00915,GS:GS-A3-02-041,ARX:FORMAL-ARXIV-V12-Q-A3:2509.20729v2,arXiv,Q-A3
REC-00916,GS:GS-A3-02-042,ARX:FORMAL-ARXIV-V12-Q-A1:2604.06182v1,arXiv,Q-A1
REC-00916,GS:GS-A3-02-042,ARX:FORMAL-ARXIV-V12-Q-A3:2604.06182v1,arXiv,Q-A3
REC-00918,GS:GS-A3-02-046,ARX:FORMAL-ARXIV-V12-Q-A1:2512.00756v2,arXiv,Q-A1
REC-00918,GS:GS-A3-02-046,ARX:FORMAL-ARXIV-V12-Q-A3:2512.00756v2,arXiv,Q-A3
REC-00921,GS:GS-A3-02-053,ARX:FORMAL-ARXIV-V12-Q-A1:2503.15661v2,arXiv,Q-A1
REC-00921,GS:GS-A3-02-053,ARX:FORMAL-ARXIV-V12-Q-A2S:2503.15661v2,arXiv,Q-A2S
REC-00921,GS:GS-A3-02-053,ARX:FORMAL-ARXIV-V12-Q-A3:2503.15661v2,arXiv,Q-A3
REC-00921,GS:GS-A3-02-053,ARX:FORMAL-ARXIV-V12-Q-C3:2503.15661v2,arXiv,Q-C3
REC-00922,GS:GS-A3-02-055,ARX:FORMAL-ARXIV-V12-Q-A1:2604.24441v1,arXiv,Q-A1
REC-00922,GS:GS-A3-02-055,ARX:FORMAL-ARXIV-V12-Q-A2S:2604.24441v1,arXiv,Q-A2S
REC-00922,GS:GS-A3-02-055,ARX:FORMAL-ARXIV-V12-Q-A3:2604.24441v1,arXiv,Q-A3
REC-00923,GS:GS-A3-02-058,ARX:FORMAL-ARXIV-V12-Q-A1:2601.17722v1,arXiv,Q-A1
REC-00923,GS:GS-A3-02-058,ARX:FORMAL-ARXIV-V12-Q-A3:2601.17722v1,arXiv,Q-A3
REC-00923,GS:GS-A3-02-058,ARX:FORMAL-ARXIV-V12-Q-D1:2601.17722v1,arXiv,Q-D1
REC-00927,GS:GS-A3-02-069,GS:GS-B2-02-077,Google Scholar,GS-B2-02
REC-00927,GS:GS-A3-02-069,ARX:FORMAL-ARXIV-V12-Q-A1:2602.22190v2,arXiv,Q-A1
REC-00927,GS:GS-A3-02-069,ARX:FORMAL-ARXIV-V12-Q-A3:2602.22190v2,arXiv,Q-A3
REC-00927,GS:GS-A3-02-069,ARX:FORMAL-ARXIV-V12-Q-D1:2602.22190v2,arXiv,Q-D1
REC-00927,GS:GS-A3-02-069,ARX:FORMAL-ARXIV-V12-Q-D2:2602.22190v2,arXiv,Q-D2
REC-00928,GS:GS-A3-02-073,GS:GS-B2-02-034,Google Scholar,GS-B2-02
REC-00929,GS:GS-A3-02-074,ARX:FORMAL-ARXIV-V12-Q-A1:2604.13531v1,arXiv,Q-A1
REC-00929,GS:GS-A3-02-074,ARX:FORMAL-ARXIV-V12-Q-A3:2604.13531v1,arXiv,Q-A3
REC-00929,GS:GS-A3-02-074,ARX:FORMAL-ARXIV-V12-Q-S0:2604.13531v1,arXiv,Q-S0
REC-00930,GS:GS-A3-02-075,ARX:FORMAL-ARXIV-V12-Q-A1:2605.25160v2,arXiv,Q-A1
REC-00930,GS:GS-A3-02-075,ARX:FORMAL-ARXIV-V12-Q-A3:2605.25160v2,arXiv,Q-A3
REC-00930,GS:GS-A3-02-075,ARX:FORMAL-ARXIV-V12-Q-D1:2605.25160v2,arXiv,Q-D1
REC-00931,GS:GS-A3-02-076,ACL:FORMAL-ACL-V12-Q-A2W:kong-etal-2026-mobileworld,ACL Anthology,Q-A2W
REC-00932,GS:GS-A3-02-081,ACL:FORMAL-ACL-V12-Q-A1:wu-etal-2026-mobilebench,ACL Anthology,Q-A1
REC-00932,GS:GS-A3-02-081,ACL:FORMAL-ACL-V12-Q-A3:wu-etal-2026-mobilebench,ACL Anthology,Q-A3
REC-00933,GS:GS-A3-02-083,ARX:FORMAL-ARXIV-V12-Q-A1:2605.17439v2,arXiv,Q-A1
REC-00933,GS:GS-A3-02-083,ARX:FORMAL-ARXIV-V12-Q-A3:2605.17439v2,arXiv,Q-A3
REC-00933,GS:GS-A3-02-083,ARX:FORMAL-ARXIV-V12-Q-D3:2605.17439v2,arXiv,Q-D3
REC-00934,GS:GS-A3-02-088,ACL:FORMAL-ACL-V12-Q-A1:wu-etal-2025-backtrackagent,ACL Anthology,Q-A1
REC-00934,GS:GS-A3-02-088,ACL:FORMAL-ACL-V12-Q-A3:wu-etal-2025-backtrackagent,ACL Anthology,Q-A3
REC-00934,GS:GS-A3-02-088,ACL:FORMAL-ACL-V12-Q-D1:wu-etal-2025-backtrackagent,ACL Anthology,Q-D1
REC-00934,GS:GS-A3-02-088,ACL:FORMAL-ACL-V12-Q-D2:wu-etal-2025-backtrackagent,ACL Anthology,Q-D2
REC-00934,GS:GS-A3-02-088,ACL:FORMAL-ACL-V12-Q-D3:wu-etal-2025-backtrackagent,ACL Anthology,Q-D3
REC-00935,GS:GS-A3-02-094,ARX:FORMAL-ARXIV-V12-Q-A1:2503.11069v2,arXiv,Q-A1
REC-00935,GS:GS-A3-02-094,ARX:FORMAL-ARXIV-V12-Q-A3:2503.11069v2,arXiv,Q-A3
REC-00937,GS:GS-A3-02-096,ARX:FORMAL-ARXIV-V12-Q-A1:2305.08144v4,arXiv,Q-A1
REC-00937,GS:GS-A3-02-096,ARX:FORMAL-ARXIV-V12-Q-A2S:2305.08144v4,arXiv,Q-A2S
REC-00937,GS:GS-A3-02-096,ARX:FORMAL-ARXIV-V12-Q-A2W:2305.08144v4,arXiv,Q-A2W
REC-00937,GS:GS-A3-02-096,ARX:FORMAL-ARXIV-V12-Q-A3:2305.08144v4,arXiv,Q-A3
REC-00938,GS:GS-A3-02-098,ARX:FORMAL-ARXIV-V12-Q-A1:2605.26114v2,arXiv,Q-A1
REC-00938,GS:GS-A3-02-098,ARX:FORMAL-ARXIV-V12-Q-D1:2605.26114v2,arXiv,Q-D1
REC-00939,GS:GS-A3-03-016,GS:GS-B2-02-009,Google Scholar,GS-B2-02
REC-00939,GS:GS-A3-03-016,ACL:FORMAL-ACL-V12-Q-A1:lu-etal-2026-eva,ACL Anthology,Q-A1
REC-00939,GS:GS-A3-03-016,ACL:FORMAL-ACL-V12-Q-B1:lu-etal-2026-eva,ACL Anthology,Q-B1
REC-00939,GS:GS-A3-03-016,ACL:FORMAL-ACL-V12-Q-D1:lu-etal-2026-eva,ACL Anthology,Q-D1
REC-00939,GS:GS-A3-03-016,ACL:FORMAL-ACL-V12-Q-S0:lu-etal-2026-eva,ACL Anthology,Q-S0
REC-00944,GS:GS-A3-03-058,ARX:FORMAL-ARXIV-V12-Q-A2W:2602.14083v1,arXiv,Q-A2W
REC-00945,GS:GS-A3-03-059,ARX:FORMAL-ARXIV-V12-Q-A1:2602.11524v1,arXiv,Q-A1
REC-00945,GS:GS-A3-03-059,ARX:FORMAL-ARXIV-V12-Q-A3:2602.11524v1,arXiv,Q-A3
REC-00945,GS:GS-A3-03-059,ARX:FORMAL-ARXIV-V12-Q-D1:2602.11524v1,arXiv,Q-D1
REC-00957,GS:GS-B1-01-005,GS:GS-B2-03-037,Google Scholar,GS-B2-03
REC-00957,GS:GS-B1-01-005,GS:GS-D1-01-078,Google Scholar,GS-D1-01
REC-00957,GS:GS-B1-01-005,GS:GS-D1-02-004,Google Scholar,GS-D1-02
REC-00957,GS:GS-B1-01-005,GS:GS-D2-01-048,Google Scholar,GS-D2-01
REC-00957,GS:GS-B1-01-005,ARX:FORMAL-ARXIV-V12-Q-B1:2603.15714v1,arXiv,Q-B1
REC-00957,GS:GS-B1-01-005,ARX:FORMAL-ARXIV-V12-Q-D1:2603.15714v1,arXiv,Q-D1
REC-00957,GS:GS-B1-01-005,ARX:FORMAL-ARXIV-V12-Q-S0:2603.15714v1,arXiv,Q-S0
REC-00957,GS:GS-B1-01-005,ARX:FORMAL-ARXIV-V12-Q-S1:2603.15714v1,arXiv,Q-S1
REC-00958,GS:GS-B1-01-006,GS:GS-B2-01-019,Google Scholar,GS-B2-01
REC-00958,GS:GS-B1-01-006,GS:GS-B2-03-076,Google Scholar,GS-B2-03
REC-00958,GS:GS-B1-01-006,ARX:FORMAL-ARXIV-V12-Q-A1:2602.03792v1,arXiv,Q-A1
REC-00958,GS:GS-B1-01-006,ARX:FORMAL-ARXIV-V12-Q-B1:2602.03792v1,arXiv,Q-B1
REC-00958,GS:GS-B1-01-006,ARX:FORMAL-ARXIV-V12-Q-D2:2602.03792v1,arXiv,Q-D2
REC-00958,GS:GS-B1-01-006,ARX:FORMAL-ARXIV-V12-Q-S0:2602.03792v1,arXiv,Q-S0
REC-00958,GS:GS-B1-01-006,ARX:FORMAL-ARXIV-V12-Q-S1:2602.03792v1,arXiv,Q-S1
REC-00959,GS:GS-B1-01-011,GS:GS-B2-01-014,Google Scholar,GS-B2-01
REC-00959,GS:GS-B1-01-011,GS:GS-B2-02-054,Google Scholar,GS-B2-02
REC-00959,GS:GS-B1-01-011,GS:GS-B2-03-070,Google Scholar,GS-B2-03
REC-00959,GS:GS-B1-01-011,GS:GS-D2-01-052,Google Scholar,GS-D2-01
REC-00959,GS:GS-B1-01-011,ARX:FORMAL-ARXIV-V12-Q-A1:2605.15030v1,arXiv,Q-A1
REC-00959,GS:GS-B1-01-011,ARX:FORMAL-ARXIV-V12-Q-A3:2605.15030v1,arXiv,Q-A3
REC-00959,GS:GS-B1-01-011,ARX:FORMAL-ARXIV-V12-Q-B1:2605.15030v1,arXiv,Q-B1
REC-00959,GS:GS-B1-01-011,ARX:FORMAL-ARXIV-V12-Q-D2:2605.15030v1,arXiv,Q-D2
REC-00959,GS:GS-B1-01-011,ARX:FORMAL-ARXIV-V12-Q-S0:2605.15030v1,arXiv,Q-S0
REC-00959,GS:GS-B1-01-011,ARX:FORMAL-ARXIV-V12-Q-S1:2605.15030v1,arXiv,Q-S1
REC-00960,GS:GS-B1-01-014,GS:GS-B2-01-047,Google Scholar,GS-B2-01
REC-00960,GS:GS-B1-01-014,GS:GS-B2-03-052,Google Scholar,GS-B2-03
REC-00960,GS:GS-B1-01-014,GS:GS-D1-01-084,Google Scholar,GS-D1-01
REC-00960,GS:GS-B1-01-014,GS:GS-D2-01-038,Google Scholar,GS-D2-01
REC-00961,GS:GS-B1-01-017,GS:GS-B2-01-012,Google Scholar,GS-B2-01
REC-00961,GS:GS-B1-01-017,GS:GS-B2-03-021,Google Scholar,GS-B2-03
REC-00961,GS:GS-B1-01-017,GS:GS-D1-01-066,Google Scholar,GS-D1-01
REC-00961,GS:GS-B1-01-017,GS:GS-D2-01-039,Google Scholar,GS-D2-01
REC-00962,GS:GS-B1-01-018,GS:GS-B2-03-089,Google Scholar,GS-B2-03
REC-00962,GS:GS-B1-01-018,GS:GS-D1-01-100,Google Scholar,GS-D1-01
REC-00962,GS:GS-B1-01-018,GS:GS-D2-01-070,Google Scholar,GS-D2-01
REC-00963,GS:GS-B1-01-022,GS:GS-B2-03-049,Google Scholar,GS-B2-03
REC-00963,GS:GS-B1-01-022,GS:GS-D1-01-072,Google Scholar,GS-D1-01
REC-00963,GS:GS-B1-01-022,GS:GS-D1-02-055,Google Scholar,GS-D1-02
REC-00963,GS:GS-B1-01-022,GS:GS-D2-01-061,Google Scholar,GS-D2-01
REC-00963,GS:GS-B1-01-022,GS:GS-D3-01-078,Google Scholar,GS-D3-01
REC-00963,GS:GS-B1-01-022,ARX:FORMAL-ARXIV-V12-Q-A1:2606.22864v1,arXiv,Q-A1
REC-00963,GS:GS-B1-01-022,ARX:FORMAL-ARXIV-V12-Q-A3:2606.22864v1,arXiv,Q-A3
REC-00963,GS:GS-B1-01-022,ARX:FORMAL-ARXIV-V12-Q-B1:2606.22864v1,arXiv,Q-B1
REC-00963,GS:GS-B1-01-022,ARX:FORMAL-ARXIV-V12-Q-D2:2606.22864v1,arXiv,Q-D2
REC-00963,GS:GS-B1-01-022,ARX:FORMAL-ARXIV-V12-Q-S0:2606.22864v1,arXiv,Q-S0
REC-00963,GS:GS-B1-01-022,ARX:FORMAL-ARXIV-V12-Q-S1:2606.22864v1,arXiv,Q-S1
REC-00964,GS:GS-B1-01-023,GS:GS-B1-03-002,Google Scholar,GS-B1-03
REC-00964,GS:GS-B1-01-023,GS:GS-B2-01-008,Google Scholar,GS-B2-01
REC-00964,GS:GS-B1-01-023,GS:GS-B2-02-047,Google Scholar,GS-B2-02
REC-00964,GS:GS-B1-01-023,GS:GS-B2-03-042,Google Scholar,GS-B2-03
REC-00964,GS:GS-B1-01-023,GS:GS-D2-01-062,Google Scholar,GS-D2-01
REC-00964,GS:GS-B1-01-023,ARX:FORMAL-ARXIV-V12-Q-A1:2604.25562v1,arXiv,Q-A1
REC-00964,GS:GS-B1-01-023,ARX:FORMAL-ARXIV-V12-Q-B1:2604.25562v1,arXiv,Q-B1
REC-00964,GS:GS-B1-01-023,ARX:FORMAL-ARXIV-V12-Q-D2:2604.25562v1,arXiv,Q-D2
REC-00964,GS:GS-B1-01-023,ARX:FORMAL-ARXIV-V12-Q-S0:2604.25562v1,arXiv,Q-S0
REC-00964,GS:GS-B1-01-023,ARX:FORMAL-ARXIV-V12-Q-S1:2604.25562v1,arXiv,Q-S1
REC-00965,GS:GS-B1-01-029,GS:GS-D1-01-018,Google Scholar,GS-D1-01
REC-00965,GS:GS-B1-01-029,GS:GS-D1-02-011,Google Scholar,GS-D1-02
REC-00965,GS:GS-B1-01-029,GS:GS-D2-01-030,Google Scholar,GS-D2-01
REC-00966,GS:GS-B1-01-033,GS:GS-B2-02-052,Google Scholar,GS-B2-02
REC-00966,GS:GS-B1-01-033,GS:GS-B2-03-012,Google Scholar,GS-B2-03
REC-00966,GS:GS-B1-01-033,GS:GS-D1-01-055,Google Scholar,GS-D1-01
REC-00966,GS:GS-B1-01-033,GS:GS-D1-02-025,Google Scholar,GS-D1-02
REC-00966,GS:GS-B1-01-033,GS:GS-D2-01-014,Google Scholar,GS-D2-01
REC-00967,GS:GS-B1-01-034,GS:GS-B2-03-040,Google Scholar,GS-B2-03
REC-00967,GS:GS-B1-01-034,GS:GS-D1-01-093,Google Scholar,GS-D1-01
REC-00967,GS:GS-B1-01-034,GS:GS-D1-02-069,Google Scholar,GS-D1-02
REC-00967,GS:GS-B1-01-034,GS:GS-D3-01-096,Google Scholar,GS-D3-01
REC-00967,GS:GS-B1-01-034,ARX:FORMAL-ARXIV-V12-Q-A1:2602.08235v2,arXiv,Q-A1
REC-00967,GS:GS-B1-01-034,ARX:FORMAL-ARXIV-V12-Q-D1:2602.08235v2,arXiv,Q-D1
REC-00968,GS:GS-B1-01-037,GS:GS-B2-01-057,Google Scholar,GS-B2-01
REC-00968,GS:GS-B1-01-037,GS:GS-B2-02-017,Google Scholar,GS-B2-02
REC-00968,GS:GS-B1-01-037,GS:GS-B2-03-007,Google Scholar,GS-B2-03
REC-00968,GS:GS-B1-01-037,GS:GS-D1-01-056,Google Scholar,GS-D1-01
REC-00968,GS:GS-B1-01-037,GS:GS-D1-02-063,Google Scholar,GS-D1-02
REC-00968,GS:GS-B1-01-037,GS:GS-D2-01-028,Google Scholar,GS-D2-01
REC-00968,GS:GS-B1-01-037,ARX:FORMAL-ARXIV-V12-Q-A1:2604.18860v1,arXiv,Q-A1
REC-00968,GS:GS-B1-01-037,ARX:FORMAL-ARXIV-V12-Q-D1:2604.18860v1,arXiv,Q-D1
REC-00968,GS:GS-B1-01-037,ARX:FORMAL-ARXIV-V12-Q-D2:2604.18860v1,arXiv,Q-D2
REC-00968,GS:GS-B1-01-037,ARX:FORMAL-ARXIV-V12-Q-S0:2604.18860v1,arXiv,Q-S0
REC-00969,GS:GS-B1-01-043,GS:GS-B2-03-046,Google Scholar,GS-B2-03
REC-00969,GS:GS-B1-01-043,GS:GS-C3-01-046,Google Scholar,GS-C3-01
REC-00969,GS:GS-B1-01-043,GS:GS-D1-02-041,Google Scholar,GS-D1-02
REC-00969,GS:GS-B1-01-043,GS:GS-D2-01-050,Google Scholar,GS-D2-01
REC-00969,GS:GS-B1-01-043,ARX:FORMAL-ARXIV-V12-Q-S0:2502.08586v1,arXiv,Q-S0
REC-00970,GS:GS-B1-01-045,GS:GS-B2-03-048,Google Scholar,GS-B2-03
REC-00970,GS:GS-B1-01-045,GS:GS-D2-01-058,Google Scholar,GS-D2-01
REC-00971,GS:GS-B1-01-046,GS:GS-B2-03-066,Google Scholar,GS-B2-03
REC-00971,GS:GS-B1-01-046,GS:GS-D1-01-081,Google Scholar,GS-D1-01
REC-00971,GS:GS-B1-01-046,GS:GS-D1-02-066,Google Scholar,GS-D1-02
REC-00971,GS:GS-B1-01-046,GS:GS-D2-01-043,Google Scholar,GS-D2-01
REC-00971,GS:GS-B1-01-046,ARX:FORMAL-ARXIV-V12-Q-A1:2603.11862v1,arXiv,Q-A1
REC-00971,GS:GS-B1-01-046,ARX:FORMAL-ARXIV-V12-Q-A2S:2603.11862v1,arXiv,Q-A2S
REC-00971,GS:GS-B1-01-046,ARX:FORMAL-ARXIV-V12-Q-A3:2603.11862v1,arXiv,Q-A3
REC-00971,GS:GS-B1-01-046,ARX:FORMAL-ARXIV-V12-Q-B1:2603.11862v1,arXiv,Q-B1
REC-00971,GS:GS-B1-01-046,ARX:FORMAL-ARXIV-V12-Q-D2:2603.11862v1,arXiv,Q-D2
REC-00972,GS:GS-B1-01-047,GS:GS-B2-01-050,Google Scholar,GS-B2-01
REC-00972,GS:GS-B1-01-047,GS:GS-B2-02-049,Google Scholar,GS-B2-02
REC-00972,GS:GS-B1-01-047,GS:GS-B2-03-010,Google Scholar,GS-B2-03
REC-00972,GS:GS-B1-01-047,GS:GS-D1-01-034,Google Scholar,GS-D1-01
REC-00972,GS:GS-B1-01-047,GS:GS-D1-02-037,Google Scholar,GS-D1-02
REC-00972,GS:GS-B1-01-047,GS:GS-D2-01-013,Google Scholar,GS-D2-01
REC-00973,GS:GS-B1-01-048,GS:GS-D2-01-073,Google Scholar,GS-D2-01
REC-00973,GS:GS-B1-01-048,ARX:FORMAL-ARXIV-V12-Q-B1:2503.12188v2,arXiv,Q-B1
REC-00973,GS:GS-B1-01-048,ARX:FORMAL-ARXIV-V12-Q-C2:2503.12188v2,arXiv,Q-C2
REC-00973,GS:GS-B1-01-048,ARX:FORMAL-ARXIV-V12-Q-S0:2503.12188v2,arXiv,Q-S0
REC-00974,GS:GS-B1-01-049,GS:GS-D1-01-079,Google Scholar,GS-D1-01
REC-00974,GS:GS-B1-01-049,GS:GS-D2-01-046,Google Scholar,GS-D2-01
REC-00975,GS:GS-B1-01-050,GS:GS-D1-01-083,Google Scholar,GS-D1-01
REC-00975,GS:GS-B1-01-050,GS:GS-D1-02-014,Google Scholar,GS-D1-02
REC-00976,GS:GS-B1-01-053,GS:GS-B2-03-045,Google Scholar,GS-B2-03
REC-00976,GS:GS-B1-01-053,GS:GS-D1-01-092,Google Scholar,GS-D1-01
REC-00976,GS:GS-B1-01-053,GS:GS-D2-01-042,Google Scholar,GS-D2-01
REC-00977,GS:GS-B1-01-054,GS:GS-B2-03-095,Google Scholar,GS-B2-03
REC-00977,GS:GS-B1-01-054,GS:GS-D1-02-005,Google Scholar,GS-D1-02
REC-00977,GS:GS-B1-01-054,ARX:FORMAL-ARXIV-V12-Q-B1:2607.26115v1,arXiv,Q-B1
REC-00978,GS:GS-B1-01-055,GS:GS-B2-03-065,Google Scholar,GS-B2-03
REC-00978,GS:GS-B1-01-055,GS:GS-D2-01-086,Google Scholar,GS-D2-01
REC-00979,GS:GS-B1-01-056,GS:GS-D2-01-088,Google Scholar,GS-D2-01
REC-00979,GS:GS-B1-01-056,ARX:FORMAL-ARXIV-V12-Q-B1:2606.20922v1,arXiv,Q-B1
REC-00979,GS:GS-B1-01-056,ARX:FORMAL-ARXIV-V12-Q-B3:2606.20922v1,arXiv,Q-B3
REC-00979,GS:GS-B1-01-056,ARX:FORMAL-ARXIV-V12-Q-B4:2606.20922v1,arXiv,Q-B4
REC-00979,GS:GS-B1-01-056,ARX:FORMAL-ARXIV-V12-Q-D2:2606.20922v1,arXiv,Q-D2
REC-00979,GS:GS-B1-01-056,ARX:FORMAL-ARXIV-V12-Q-S0:2606.20922v1,arXiv,Q-S0
REC-00980,GS:GS-B1-01-057,GS:GS-B2-03-062,Google Scholar,GS-B2-03
REC-00980,GS:GS-B1-01-057,GS:GS-D1-01-076,Google Scholar,GS-D1-01
REC-00980,GS:GS-B1-01-057,GS:GS-D1-02-058,Google Scholar,GS-D1-02
REC-00980,GS:GS-B1-01-057,GS:GS-D2-01-037,Google Scholar,GS-D2-01
REC-00980,GS:GS-B1-01-057,ACL:FORMAL-ACL-V12-Q-A1:lee-etal-2025-sudo,ACL Anthology,Q-A1
REC-00980,GS:GS-B1-01-057,ACL:FORMAL-ACL-V12-Q-D2:lee-etal-2025-sudo,ACL Anthology,Q-D2
REC-00980,GS:GS-B1-01-057,ACL:FORMAL-ACL-V12-Q-S0:lee-etal-2025-sudo,ACL Anthology,Q-S0
REC-00981,GS:GS-B1-01-060,GS:GS-D2-01-099,Google Scholar,GS-D2-01
REC-00982,GS:GS-B1-01-062,GS:GS-B2-03-093,Google Scholar,GS-B2-03
REC-00982,GS:GS-B1-01-062,GS:GS-D1-01-096,Google Scholar,GS-D1-01
REC-00982,GS:GS-B1-01-062,GS:GS-D1-02-092,Google Scholar,GS-D1-02
REC-00982,GS:GS-B1-01-062,GS:GS-D2-01-072,Google Scholar,GS-D2-01
REC-00983,GS:GS-B1-01-063,GS:GS-D2-01-091,Google Scholar,GS-D2-01
REC-00983,GS:GS-B1-01-063,GS:GS-D2-02-032,Google Scholar,GS-D2-02
REC-00983,GS:GS-B1-01-063,ARX:FORMAL-ARXIV-V12-Q-B1:2605.11039v1,arXiv,Q-B1
REC-00983,GS:GS-B1-01-063,ARX:FORMAL-ARXIV-V12-Q-C3:2605.11039v1,arXiv,Q-C3
REC-00983,GS:GS-B1-01-063,ARX:FORMAL-ARXIV-V12-Q-D1:2605.11039v1,arXiv,Q-D1
REC-00983,GS:GS-B1-01-063,ARX:FORMAL-ARXIV-V12-Q-D2:2605.11039v1,arXiv,Q-D2
REC-00983,GS:GS-B1-01-063,ARX:FORMAL-ARXIV-V12-Q-S0:2605.11039v1,arXiv,Q-S0
REC-00984,GS:GS-B1-01-067,GS:GS-B2-01-092,Google Scholar,GS-B2-01
REC-00984,GS:GS-B1-01-067,GS:GS-B2-03-004,Google Scholar,GS-B2-03
REC-00984,GS:GS-B1-01-067,GS:GS-D1-01-085,Google Scholar,GS-D1-01
REC-00984,GS:GS-B1-01-067,GS:GS-D1-02-065,Google Scholar,GS-D1-02
REC-00984,GS:GS-B1-01-067,GS:GS-D2-01-040,Google Scholar,GS-D2-01
REC-00984,GS:GS-B1-01-067,ARX:FORMAL-ARXIV-V12-Q-A1:2604.08005v2,arXiv,Q-A1
REC-00984,GS:GS-B1-01-067,ARX:FORMAL-ARXIV-V12-Q-S0:2604.08005v2,arXiv,Q-S0
REC-00985,GS:GS-B1-01-068,ARX:FORMAL-ARXIV-V12-Q-C2:2512.05951v2,arXiv,Q-C2
REC-00985,GS:GS-B1-01-068,ARX:FORMAL-ARXIV-V12-Q-D1:2512.05951v2,arXiv,Q-D1
REC-00986,GS:GS-B1-01-069,GS:GS-C3-03-020,Google Scholar,GS-C3-03
REC-00986,GS:GS-B1-01-069,GS:GS-C3-04-066,Google Scholar,GS-C3-04
REC-00986,GS:GS-B1-01-069,ARX:FORMAL-ARXIV-V12-Q-C3:2605.14859v2,arXiv,Q-C3
REC-00986,GS:GS-B1-01-069,ARX:FORMAL-ARXIV-V12-Q-S0:2605.14859v2,arXiv,Q-S0
REC-00987,GS:GS-B1-01-070,GS:GS-D1-02-098,Google Scholar,GS-D1-02
REC-00987,GS:GS-B1-01-070,GS:GS-D2-01-078,Google Scholar,GS-D2-01
REC-00988,GS:GS-B1-01-073,GS:GS-B2-03-054,Google Scholar,GS-B2-03
REC-00988,GS:GS-B1-01-073,GS:GS-D1-01-070,Google Scholar,GS-D1-01
REC-00988,GS:GS-B1-01-073,GS:GS-D1-02-059,Google Scholar,GS-D1-02
REC-00988,GS:GS-B1-01-073,GS:GS-D2-01-044,Google Scholar,GS-D2-01
REC-00988,GS:GS-B1-01-073,ARX:FORMAL-ARXIV-V12-Q-A1:2605.06393v1,arXiv,Q-A1
REC-00988,GS:GS-B1-01-073,ARX:FORMAL-ARXIV-V12-Q-B1:2605.06393v1,arXiv,Q-B1
REC-00988,GS:GS-B1-01-073,ARX:FORMAL-ARXIV-V12-Q-C3:2605.06393v1,arXiv,Q-C3
REC-00988,GS:GS-B1-01-073,ARX:FORMAL-ARXIV-V12-Q-D1:2605.06393v1,arXiv,Q-D1
REC-00989,GS:GS-B1-01-075,GS:GS-B4-02-066,Google Scholar,GS-B4-02
REC-00989,GS:GS-B1-01-075,GS:GS-B4-03-071,Google Scholar,GS-B4-03
REC-00989,GS:GS-B1-01-075,ARX:FORMAL-ARXIV-V12-Q-B4:2605.21392v2,arXiv,Q-B4
REC-00989,GS:GS-B1-01-075,ARX:FORMAL-ARXIV-V12-Q-D1:2605.21392v2,arXiv,Q-D1
REC-00989,GS:GS-B1-01-075,ARX:FORMAL-ARXIV-V12-Q-D2:2605.21392v2,arXiv,Q-D2
REC-00989,GS:GS-B1-01-075,ARX:FORMAL-ARXIV-V12-Q-S0:2605.21392v2,arXiv,Q-S0
REC-00990,GS:GS-B1-01-077,GS:GS-B2-03-083,Google Scholar,GS-B2-03
REC-00990,GS:GS-B1-01-077,GS:GS-D1-02-068,Google Scholar,GS-D1-02
REC-00990,GS:GS-B1-01-077,GS:GS-D2-01-065,Google Scholar,GS-D2-01
REC-00990,GS:GS-B1-01-077,ARX:FORMAL-ARXIV-V12-Q-A1:2607.05277v1,arXiv,Q-A1
REC-00990,GS:GS-B1-01-077,ARX:FORMAL-ARXIV-V12-Q-B1:2607.05277v1,arXiv,Q-B1
REC-00990,GS:GS-B1-01-077,ARX:FORMAL-ARXIV-V12-Q-D2:2607.05277v1,arXiv,Q-D2
REC-00990,GS:GS-B1-01-077,ARX:FORMAL-ARXIV-V12-Q-D3:2607.05277v1,arXiv,Q-D3
REC-00990,GS:GS-B1-01-077,ARX:FORMAL-ARXIV-V12-Q-S0:2607.05277v1,arXiv,Q-S0
REC-00991,GS:GS-B1-01-081,GS:GS-D1-01-061,Google Scholar,GS-D1-01
REC-00991,GS:GS-B1-01-081,GS:GS-D1-02-015,Google Scholar,GS-D1-02
REC-00991,GS:GS-B1-01-081,GS:GS-D2-01-076,Google Scholar,GS-D2-01
REC-00992,GS:GS-B1-01-082,GS:GS-D3-02-100,Google Scholar,GS-D3-02
REC-00993,GS:GS-B1-01-084,GS:GS-B2-03-034,Google Scholar,GS-B2-03
REC-00993,GS:GS-B1-01-084,GS:GS-D1-01-073,Google Scholar,GS-D1-01
REC-00993,GS:GS-B1-01-084,GS:GS-D2-01-081,Google Scholar,GS-D2-01
REC-00993,GS:GS-B1-01-084,ARX:FORMAL-ARXIV-V12-Q-A1:2603.00476v1,arXiv,Q-A1
REC-00993,GS:GS-B1-01-084,ARX:FORMAL-ARXIV-V12-Q-A3:2603.00476v1,arXiv,Q-A3
REC-00993,GS:GS-B1-01-084,ARX:FORMAL-ARXIV-V12-Q-S0:2603.00476v1,arXiv,Q-S0
REC-00994,GS:GS-B1-01-085,GS:GS-B2-03-085,Google Scholar,GS-B2-03
REC-00994,GS:GS-B1-01-085,GS:GS-D1-01-075,Google Scholar,GS-D1-01
REC-00994,GS:GS-B1-01-085,GS:GS-D1-02-067,Google Scholar,GS-D1-02
REC-00994,GS:GS-B1-01-085,GS:GS-D2-01-055,Google Scholar,GS-D2-01
REC-00995,GS:GS-B1-01-086,GS:GS-B2-03-072,Google Scholar,GS-B2-03
REC-00995,GS:GS-B1-01-086,GS:GS-D1-01-080,Google Scholar,GS-D1-01
REC-00995,GS:GS-B1-01-086,GS:GS-D1-02-049,Google Scholar,GS-D1-02
REC-00995,GS:GS-B1-01-086,GS:GS-D2-01-060,Google Scholar,GS-D2-01
REC-00995,GS:GS-B1-01-086,GS:GS-D3-01-004,Google Scholar,GS-D3-01
REC-00995,GS:GS-B1-01-086,ARX:FORMAL-ARXIV-V12-Q-A1:2604.18847v2,arXiv,Q-A1
REC-00995,GS:GS-B1-01-086,ARX:FORMAL-ARXIV-V12-Q-A3:2604.18847v2,arXiv,Q-A3
REC-00995,GS:GS-B1-01-086,ARX:FORMAL-ARXIV-V12-Q-D2:2604.18847v2,arXiv,Q-D2
REC-00995,GS:GS-B1-01-086,ARX:FORMAL-ARXIV-V12-Q-D3:2604.18847v2,arXiv,Q-D3
REC-00996,GS:GS-B1-01-087,GS:GS-D1-02-024,Google Scholar,GS-D1-02
REC-00996,GS:GS-B1-01-087,GS:GS-D2-01-083,Google Scholar,GS-D2-01
REC-00996,GS:GS-B1-01-087,GS:GS-D3-03-038,Google Scholar,GS-D3-03
REC-00997,GS:GS-B1-01-088,GS:GS-B2-03-086,Google Scholar,GS-B2-03
REC-00997,GS:GS-B1-01-088,GS:GS-D1-02-070,Google Scholar,GS-D1-02
REC-00997,GS:GS-B1-01-088,GS:GS-D2-01-077,Google Scholar,GS-D2-01
REC-00998,GS:GS-B1-01-089,GS:GS-D1-02-045,Google Scholar,GS-D1-02
REC-00998,GS:GS-B1-01-089,ARX:FORMAL-ARXIV-V12-Q-B1:2602.13477v2,arXiv,Q-B1
REC-00998,GS:GS-B1-01-089,ARX:FORMAL-ARXIV-V12-Q-C2:2602.13477v2,arXiv,Q-C2
REC-00998,GS:GS-B1-01-089,ARX:FORMAL-ARXIV-V12-Q-C3:2602.13477v2,arXiv,Q-C3
REC-00998,GS:GS-B1-01-089,ARX:FORMAL-ARXIV-V12-Q-D1:2602.13477v2,arXiv,Q-D1
REC-00998,GS:GS-B1-01-089,ARX:FORMAL-ARXIV-V12-Q-D2:2602.13477v2,arXiv,Q-D2
REC-00999,GS:GS-B1-01-090,GS:GS-B2-03-074,Google Scholar,GS-B2-03
REC-00999,GS:GS-B1-01-090,GS:GS-D1-01-091,Google Scholar,GS-D1-01
REC-00999,GS:GS-B1-01-090,GS:GS-D1-02-048,Google Scholar,GS-D1-02
REC-00999,GS:GS-B1-01-090,ARX:FORMAL-ARXIV-V12-Q-B4:2507.22358v1,arXiv,Q-B4
REC-00999,GS:GS-B1-01-090,ARX:FORMAL-ARXIV-V12-Q-C1:2507.22358v1,arXiv,Q-C1
REC-00999,GS:GS-B1-01-090,ARX:FORMAL-ARXIV-V12-Q-C2:2507.22358v1,arXiv,Q-C2
REC-00999,GS:GS-B1-01-090,ARX:FORMAL-ARXIV-V12-Q-D3:2507.22358v1,arXiv,Q-D3
REC-01000,GS:GS-B1-01-091,GS:GS-B3-02-037,Google Scholar,GS-B3-02
REC-01000,GS:GS-B1-01-091,GS:GS-D1-01-087,Google Scholar,GS-D1-01
REC-01000,GS:GS-B1-01-091,GS:GS-D1-03-001,Google Scholar,GS-D1-03
REC-01000,GS:GS-B1-01-091,GS:GS-D3-01-084,Google Scholar,GS-D3-01
REC-01000,GS:GS-B1-01-091,GS:GS-D3-02-015,Google Scholar,GS-D3-02
REC-01000,GS:GS-B1-01-091,ARX:FORMAL-ARXIV-V12-Q-A2S:2605.20530v2,arXiv,Q-A2S
REC-01000,GS:GS-B1-01-091,ARX:FORMAL-ARXIV-V12-Q-A2W:2605.20530v2,arXiv,Q-A2W
REC-01000,GS:GS-B1-01-091,ARX:FORMAL-ARXIV-V12-Q-D1:2605.20530v2,arXiv,Q-D1
REC-01002,GS:GS-B1-01-093,GS:GS-B2-03-094,Google Scholar,GS-B2-03
REC-01002,GS:GS-B1-01-093,GS:GS-B3-03-094,Google Scholar,GS-B3-03
REC-01002,GS:GS-B1-01-093,GS:GS-D1-02-002,Google Scholar,GS-D1-02
REC-01002,GS:GS-B1-01-093,ARX:FORMAL-ARXIV-V12-Q-B3:2503.01908v3,arXiv,Q-B3
REC-01002,GS:GS-B1-01-093,ARX:FORMAL-ARXIV-V12-Q-D1:2503.01908v3,arXiv,Q-D1
REC-01002,GS:GS-B1-01-093,ARX:FORMAL-ARXIV-V12-Q-S0:2503.01908v3,arXiv,Q-S0
REC-01003,GS:GS-B1-01-095,GS:GS-C3-03-001,Google Scholar,GS-C3-03
REC-01003,GS:GS-B1-01-095,GS:GS-D1-02-100,Google Scholar,GS-D1-02
REC-01003,GS:GS-B1-01-095,GS:GS-D2-01-095,Google Scholar,GS-D2-01
REC-01003,GS:GS-B1-01-095,ARX:FORMAL-ARXIV-V12-Q-C3:2512.11147v1,arXiv,Q-C3
REC-01003,GS:GS-B1-01-095,ARX:FORMAL-ARXIV-V12-Q-S0:2512.11147v1,arXiv,Q-S0
REC-01004,GS:GS-B1-01-096,GS:GS-D2-01-082,Google Scholar,GS-D2-01
REC-01004,GS:GS-B1-01-096,GS:GS-D2-02-099,Google Scholar,GS-D2-02
REC-01004,GS:GS-B1-01-096,ARX:FORMAL-ARXIV-V12-Q-D2:2606.22673v1,arXiv,Q-D2
REC-01004,GS:GS-B1-01-096,ARX:FORMAL-ARXIV-V12-Q-S0:2606.22673v1,arXiv,Q-S0
REC-01005,GS:GS-B1-01-097,GS:GS-B2-02-050,Google Scholar,GS-B2-02
REC-01005,GS:GS-B1-01-097,GS:GS-B2-03-038,Google Scholar,GS-B2-03
REC-01005,GS:GS-B1-01-097,GS:GS-D1-02-075,Google Scholar,GS-D1-02
REC-01005,GS:GS-B1-01-097,GS:GS-D2-01-094,Google Scholar,GS-D2-01
REC-01005,GS:GS-B1-01-097,GS:GS-D3-03-004,Google Scholar,GS-D3-03
REC-01006,GS:GS-B1-01-099,GS:GS-B2-03-036,Google Scholar,GS-B2-03
REC-01006,GS:GS-B1-01-099,ACL:FORMAL-ACL-V12-Q-A1:yu-etal-2026-visual,ACL Anthology,Q-A1
REC-01006,GS:GS-B1-01-099,ACL:FORMAL-ACL-V12-Q-A3:yu-etal-2026-visual,ACL Anthology,Q-A3
REC-01007,GS:GS-B1-01-100,GS:GS-D2-01-100,Google Scholar,GS-D2-01
REC-01008,GS:GS-B1-02-001,ACL:FORMAL-ACL-V12-Q-B1:zhan-etal-2025-adaptive,ACL Anthology,Q-B1
REC-01008,GS:GS-B1-02-001,ACL:FORMAL-ACL-V12-Q-D2:zhan-etal-2025-adaptive,ACL Anthology,Q-D2
REC-01008,GS:GS-B1-02-001,ACL:FORMAL-ACL-V12-Q-S0:zhan-etal-2025-adaptive,ACL Anthology,Q-S0
REC-01008,GS:GS-B1-02-001,ACL:FORMAL-ACL-V12-Q-S1:zhan-etal-2025-adaptive,ACL Anthology,Q-S1
REC-01009,GS:GS-B1-02-002,ACL:FORMAL-ACL-V12-Q-B1:jia-etal-2025-task,ACL Anthology,Q-B1
REC-01009,GS:GS-B1-02-002,ACL:FORMAL-ACL-V12-Q-D2:jia-etal-2025-task,ACL Anthology,Q-D2
REC-01009,GS:GS-B1-02-002,ACL:FORMAL-ACL-V12-Q-S0:jia-etal-2025-task,ACL Anthology,Q-S0
REC-01009,GS:GS-B1-02-002,ACL:FORMAL-ACL-V12-Q-S1:jia-etal-2025-task,ACL Anthology,Q-S1
REC-01010,GS:GS-B1-02-003,ARX:FORMAL-ARXIV-V12-Q-B1:2502.05174v4,arXiv,Q-B1
REC-01010,GS:GS-B1-02-003,ARX:FORMAL-ARXIV-V12-Q-D1:2502.05174v4,arXiv,Q-D1
REC-01010,GS:GS-B1-02-003,ARX:FORMAL-ARXIV-V12-Q-D2:2502.05174v4,arXiv,Q-D2
REC-01010,GS:GS-B1-02-003,ARX:FORMAL-ARXIV-V12-Q-S0:2502.05174v4,arXiv,Q-S0
REC-01010,GS:GS-B1-02-003,ARX:FORMAL-ARXIV-V12-Q-S1:2502.05174v4,arXiv,Q-S1
REC-01012,GS:GS-B1-02-006,GS:GS-B3-03-086,Google Scholar,GS-B3-03
REC-01013,GS:GS-B1-02-007,GS:GS-B3-03-071,Google Scholar,GS-B3-03
REC-01013,GS:GS-B1-02-007,ACL:FORMAL-ACL-V12-Q-B1:an-etal-2025-ipiguard,ACL Anthology,Q-B1
REC-01013,GS:GS-B1-02-007,ACL:FORMAL-ACL-V12-Q-B3:an-etal-2025-ipiguard,ACL Anthology,Q-B3
REC-01013,GS:GS-B1-02-007,ACL:FORMAL-ACL-V12-Q-D2:an-etal-2025-ipiguard,ACL Anthology,Q-D2
REC-01013,GS:GS-B1-02-007,ACL:FORMAL-ACL-V12-Q-S0:an-etal-2025-ipiguard,ACL Anthology,Q-S0
REC-01013,GS:GS-B1-02-007,ACL:FORMAL-ACL-V12-Q-S1:an-etal-2025-ipiguard,ACL Anthology,Q-S1
REC-01014,GS:GS-B1-02-009,GS:GS-D3-02-028,Google Scholar,GS-D3-02
REC-01014,GS:GS-B1-02-009,ARX:FORMAL-ARXIV-V12-Q-B1:2602.22724v1,arXiv,Q-B1
REC-01014,GS:GS-B1-02-009,ARX:FORMAL-ARXIV-V12-Q-D2:2602.22724v1,arXiv,Q-D2
REC-01014,GS:GS-B1-02-009,ARX:FORMAL-ARXIV-V12-Q-S0:2602.22724v1,arXiv,Q-S0
REC-01014,GS:GS-B1-02-009,ARX:FORMAL-ARXIV-V12-Q-S1:2602.22724v1,arXiv,Q-S1
REC-01015,GS:GS-B1-02-010,GS:GS-B3-02-006,Google Scholar,GS-B3-02
REC-01015,GS:GS-B1-02-010,GS:GS-C3-01-069,Google Scholar,GS-C3-01
REC-01015,GS:GS-B1-02-010,GS:GS-C3-03-053,Google Scholar,GS-C3-03
REC-01015,GS:GS-B1-02-010,ARX:FORMAL-ARXIV-V12-Q-B1:2604.11790v2,arXiv,Q-B1
REC-01015,GS:GS-B1-02-010,ARX:FORMAL-ARXIV-V12-Q-D1:2604.11790v2,arXiv,Q-D1
REC-01015,GS:GS-B1-02-010,ARX:FORMAL-ARXIV-V12-Q-D2:2604.11790v2,arXiv,Q-D2
REC-01015,GS:GS-B1-02-010,ARX:FORMAL-ARXIV-V12-Q-S0:2604.11790v2,arXiv,Q-S0
REC-01015,GS:GS-B1-02-010,ARX:FORMAL-ARXIV-V12-Q-S1:2604.11790v2,arXiv,Q-S1
REC-01017,GS:GS-B1-02-012,GS:GS-B2-02-097,Google Scholar,GS-B2-02
REC-01017,GS:GS-B1-02-012,GS:GS-B3-03-007,Google Scholar,GS-B3-03
REC-01017,GS:GS-B1-02-012,GS:GS-C1-02-041,Google Scholar,GS-C1-02
REC-01017,GS:GS-B1-02-012,GS:GS-C3-01-001,Google Scholar,GS-C3-01
REC-01017,GS:GS-B1-02-012,GS:GS-C3-04-002,Google Scholar,GS-C3-04
REC-01017,GS:GS-B1-02-012,ARX:FORMAL-ARXIV-V12-Q-B1:2603.19469v1,arXiv,Q-B1
REC-01017,GS:GS-B1-02-012,ARX:FORMAL-ARXIV-V12-Q-B3:2603.19469v1,arXiv,Q-B3
REC-01017,GS:GS-B1-02-012,ARX:FORMAL-ARXIV-V12-Q-C3:2603.19469v1,arXiv,Q-C3
REC-01017,GS:GS-B1-02-012,ARX:FORMAL-ARXIV-V12-Q-D2:2603.19469v1,arXiv,Q-D2
REC-01017,GS:GS-B1-02-012,ARX:FORMAL-ARXIV-V12-Q-S0:2603.19469v1,arXiv,Q-S0
REC-01018,GS:GS-B1-02-013,GS:GS-B3-02-014,Google Scholar,GS-B3-02
REC-01018,GS:GS-B1-02-013,GS:GS-B3-03-042,Google Scholar,GS-B3-03
REC-01018,GS:GS-B1-02-013,ARX:FORMAL-ARXIV-V12-Q-B1:2603.10749v2,arXiv,Q-B1
REC-01018,GS:GS-B1-02-013,ARX:FORMAL-ARXIV-V12-Q-D1:2603.10749v2,arXiv,Q-D1
REC-01018,GS:GS-B1-02-013,ARX:FORMAL-ARXIV-V12-Q-D2:2603.10749v2,arXiv,Q-D2
REC-01018,GS:GS-B1-02-013,ARX:FORMAL-ARXIV-V12-Q-S0:2603.10749v2,arXiv,Q-S0
REC-01018,GS:GS-B1-02-013,ARX:FORMAL-ARXIV-V12-Q-S1:2603.10749v2,arXiv,Q-S1
REC-01019,GS:GS-B1-02-014,GS:GS-B2-01-016,Google Scholar,GS-B2-01
REC-01019,GS:GS-B1-02-014,ARX:FORMAL-ARXIV-V12-Q-B1:2602.20708v1,arXiv,Q-B1
REC-01019,GS:GS-B1-02-014,ARX:FORMAL-ARXIV-V12-Q-D2:2602.20708v1,arXiv,Q-D2
REC-01019,GS:GS-B1-02-014,ARX:FORMAL-ARXIV-V12-Q-D3:2602.20708v1,arXiv,Q-D3
REC-01019,GS:GS-B1-02-014,ARX:FORMAL-ARXIV-V12-Q-S0:2602.20708v1,arXiv,Q-S0
REC-01019,GS:GS-B1-02-014,ARX:FORMAL-ARXIV-V12-Q-S1:2602.20708v1,arXiv,Q-S1
REC-01020,GS:GS-B1-02-015,GS:GS-B3-03-006,Google Scholar,GS-B3-03
REC-01020,GS:GS-B1-02-015,GS:GS-C3-01-039,Google Scholar,GS-C3-01
REC-01020,GS:GS-B1-02-015,ARX:FORMAL-ARXIV-V12-Q-B1:2602.07398v1,arXiv,Q-B1
REC-01020,GS:GS-B1-02-015,ARX:FORMAL-ARXIV-V12-Q-C1:2602.07398v1,arXiv,Q-C1
REC-01020,GS:GS-B1-02-015,ARX:FORMAL-ARXIV-V12-Q-D1:2602.07398v1,arXiv,Q-D1
REC-01020,GS:GS-B1-02-015,ARX:FORMAL-ARXIV-V12-Q-D2:2602.07398v1,arXiv,Q-D2
REC-01020,GS:GS-B1-02-015,ARX:FORMAL-ARXIV-V12-Q-S0:2602.07398v1,arXiv,Q-S0
REC-01022,GS:GS-B1-02-017,ARX:FORMAL-ARXIV-V12-Q-B1:2605.24659v1,arXiv,Q-B1
REC-01022,GS:GS-B1-02-017,ARX:FORMAL-ARXIV-V12-Q-D2:2605.24659v1,arXiv,Q-D2
REC-01022,GS:GS-B1-02-017,ARX:FORMAL-ARXIV-V12-Q-S0:2605.24659v1,arXiv,Q-S0
REC-01022,GS:GS-B1-02-017,ARX:FORMAL-ARXIV-V12-Q-S1:2605.24659v1,arXiv,Q-S1
REC-01025,GS:GS-B1-02-020,GS:GS-C2-01-009,Google Scholar,GS-C2-01
REC-01025,GS:GS-B1-02-020,GS:GS-C2-03-024,Google Scholar,GS-C2-03
REC-01026,GS:GS-B1-02-021,GS:GS-C3-04-032,Google Scholar,GS-C3-04
REC-01026,GS:GS-B1-02-021,ARX:FORMAL-ARXIV-V12-Q-B1:2602.22450v1,arXiv,Q-B1
REC-01026,GS:GS-B1-02-021,ARX:FORMAL-ARXIV-V12-Q-D1:2602.22450v1,arXiv,Q-D1
REC-01026,GS:GS-B1-02-021,ARX:FORMAL-ARXIV-V12-Q-D2:2602.22450v1,arXiv,Q-D2
REC-01026,GS:GS-B1-02-021,ARX:FORMAL-ARXIV-V12-Q-S0:2602.22450v1,arXiv,Q-S0
REC-01026,GS:GS-B1-02-021,ARX:FORMAL-ARXIV-V12-Q-S1:2602.22450v1,arXiv,Q-S1
REC-01027,GS:GS-B1-02-022,GS:GS-B1-03-001,Google Scholar,GS-B1-03
REC-01027,GS:GS-B1-02-022,ARX:FORMAL-ARXIV-V12-Q-A1:2602.09222v2,arXiv,Q-A1
REC-01027,GS:GS-B1-02-022,ARX:FORMAL-ARXIV-V12-Q-B1:2602.09222v2,arXiv,Q-B1
REC-01027,GS:GS-B1-02-022,ARX:FORMAL-ARXIV-V12-Q-D1:2602.09222v2,arXiv,Q-D1
REC-01027,GS:GS-B1-02-022,ARX:FORMAL-ARXIV-V12-Q-S0:2602.09222v2,arXiv,Q-S0
REC-01027,GS:GS-B1-02-022,ARX:FORMAL-ARXIV-V12-Q-S1:2602.09222v2,arXiv,Q-S1
REC-01028,GS:GS-B1-02-023,ACL:FORMAL-ACL-V12-Q-B1:zhan-etal-2024-injecagent,ACL Anthology,Q-B1
REC-01028,GS:GS-B1-02-023,ACL:FORMAL-ACL-V12-Q-S0:zhan-etal-2024-injecagent,ACL Anthology,Q-S0
REC-01028,GS:GS-B1-02-023,ACL:FORMAL-ACL-V12-Q-S1:zhan-etal-2024-injecagent,ACL Anthology,Q-S1
REC-01029,GS:GS-B1-02-024,ARX:FORMAL-ARXIV-V12-Q-B1:2603.30016v1,arXiv,Q-B1
REC-01029,GS:GS-B1-02-024,ARX:FORMAL-ARXIV-V12-Q-D2:2603.30016v1,arXiv,Q-D2
REC-01029,GS:GS-B1-02-024,ARX:FORMAL-ARXIV-V12-Q-S0:2603.30016v1,arXiv,Q-S0
REC-01029,GS:GS-B1-02-024,ARX:FORMAL-ARXIV-V12-Q-S1:2603.30016v1,arXiv,Q-S1
REC-01030,GS:GS-B1-02-025,GS:GS-C2-01-022,Google Scholar,GS-C2-01
REC-01031,GS:GS-B1-02-026,GS:GS-C3-03-041,Google Scholar,GS-C3-03
REC-01032,GS:GS-B1-02-027,ARX:FORMAL-ARXIV-V12-Q-B1:2607.10490v1,arXiv,Q-B1
REC-01032,GS:GS-B1-02-027,ARX:FORMAL-ARXIV-V12-Q-C3:2607.10490v1,arXiv,Q-C3
REC-01032,GS:GS-B1-02-027,ARX:FORMAL-ARXIV-V12-Q-D3:2607.10490v1,arXiv,Q-D3
REC-01032,GS:GS-B1-02-027,ARX:FORMAL-ARXIV-V12-Q-S0:2607.10490v1,arXiv,Q-S0
REC-01032,GS:GS-B1-02-027,ARX:FORMAL-ARXIV-V12-Q-S1:2607.10490v1,arXiv,Q-S1
REC-01033,GS:GS-B1-02-028,GS:GS-C3-01-093,Google Scholar,GS-C3-01
REC-01033,GS:GS-B1-02-028,ARX:FORMAL-ARXIV-V12-Q-B1:2506.01055v1,arXiv,Q-B1
REC-01033,GS:GS-B1-02-028,ARX:FORMAL-ARXIV-V12-Q-B3:2506.01055v1,arXiv,Q-B3
REC-01033,GS:GS-B1-02-028,ARX:FORMAL-ARXIV-V12-Q-C3:2506.01055v1,arXiv,Q-C3
REC-01033,GS:GS-B1-02-028,ARX:FORMAL-ARXIV-V12-Q-D2:2506.01055v1,arXiv,Q-D2
REC-01033,GS:GS-B1-02-028,ARX:FORMAL-ARXIV-V12-Q-S0:2506.01055v1,arXiv,Q-S0
REC-01033,GS:GS-B1-02-028,ARX:FORMAL-ARXIV-V12-Q-S1:2506.01055v1,arXiv,Q-S1
REC-01035,GS:GS-B1-02-030,GS:GS-B3-03-027,Google Scholar,GS-B3-03
REC-01035,GS:GS-B1-02-030,ARX:FORMAL-ARXIV-V12-Q-B1:2604.03870v1,arXiv,Q-B1
REC-01035,GS:GS-B1-02-030,ARX:FORMAL-ARXIV-V12-Q-C2:2604.03870v1,arXiv,Q-C2
REC-01035,GS:GS-B1-02-030,ARX:FORMAL-ARXIV-V12-Q-D1:2604.03870v1,arXiv,Q-D1
REC-01035,GS:GS-B1-02-030,ARX:FORMAL-ARXIV-V12-Q-D2:2604.03870v1,arXiv,Q-D2
REC-01035,GS:GS-B1-02-030,ARX:FORMAL-ARXIV-V12-Q-S0:2604.03870v1,arXiv,Q-S0
REC-01036,GS:GS-B1-02-031,ARX:FORMAL-ARXIV-V12-Q-B1:2601.04795v1,arXiv,Q-B1
REC-01036,GS:GS-B1-02-031,ARX:FORMAL-ARXIV-V12-Q-D1:2601.04795v1,arXiv,Q-D1
REC-01036,GS:GS-B1-02-031,ARX:FORMAL-ARXIV-V12-Q-D2:2601.04795v1,arXiv,Q-D2
REC-01036,GS:GS-B1-02-031,ARX:FORMAL-ARXIV-V12-Q-S1:2601.04795v1,arXiv,Q-S1
REC-01037,GS:GS-B1-02-032,GS:GS-C3-03-086,Google Scholar,GS-C3-03
REC-01037,GS:GS-B1-02-032,ARX:FORMAL-ARXIV-V12-Q-B1:2606.26479v1,arXiv,Q-B1
REC-01037,GS:GS-B1-02-032,ARX:FORMAL-ARXIV-V12-Q-B3:2606.26479v1,arXiv,Q-B3
REC-01037,GS:GS-B1-02-032,ARX:FORMAL-ARXIV-V12-Q-C3:2606.26479v1,arXiv,Q-C3
REC-01037,GS:GS-B1-02-032,ARX:FORMAL-ARXIV-V12-Q-D2:2606.26479v1,arXiv,Q-D2
REC-01037,GS:GS-B1-02-032,ARX:FORMAL-ARXIV-V12-Q-S0:2606.26479v1,arXiv,Q-S0
REC-01037,GS:GS-B1-02-032,ARX:FORMAL-ARXIV-V12-Q-S1:2606.26479v1,arXiv,Q-S1
REC-01038,GS:GS-B1-02-033,ARX:FORMAL-ARXIV-V12-Q-B1:2510.05244v2,arXiv,Q-B1
REC-01038,GS:GS-B1-02-033,ARX:FORMAL-ARXIV-V12-Q-D1:2510.05244v2,arXiv,Q-D1
REC-01038,GS:GS-B1-02-033,ARX:FORMAL-ARXIV-V12-Q-D2:2510.05244v2,arXiv,Q-D2
REC-01038,GS:GS-B1-02-033,ARX:FORMAL-ARXIV-V12-Q-S1:2510.05244v2,arXiv,Q-S1
REC-01039,GS:GS-B1-02-034,GS:GS-C3-01-052,Google Scholar,GS-C3-01
REC-01039,GS:GS-B1-02-034,ARX:FORMAL-ARXIV-V12-Q-B1:2602.10453v1,arXiv,Q-B1
REC-01039,GS:GS-B1-02-034,ARX:FORMAL-ARXIV-V12-Q-C3:2602.10453v1,arXiv,Q-C3
REC-01039,GS:GS-B1-02-034,ARX:FORMAL-ARXIV-V12-Q-D2:2602.10453v1,arXiv,Q-D2
REC-01039,GS:GS-B1-02-034,ARX:FORMAL-ARXIV-V12-Q-S0:2602.10453v1,arXiv,Q-S0
REC-01039,GS:GS-B1-02-034,ARX:FORMAL-ARXIV-V12-Q-S1:2602.10453v1,arXiv,Q-S1
REC-01040,GS:GS-B1-02-035,GS:GS-C3-03-010,Google Scholar,GS-C3-03
REC-01041,GS:GS-B1-02-036,ARX:FORMAL-ARXIV-V12-Q-S1:2410.20911v2,arXiv,Q-S1
REC-01044,GS:GS-B1-02-039,ARX:FORMAL-ARXIV-V12-Q-B1:2606.10525v1,arXiv,Q-B1
REC-01044,GS:GS-B1-02-039,ARX:FORMAL-ARXIV-V12-Q-D1:2606.10525v1,arXiv,Q-D1
REC-01044,GS:GS-B1-02-039,ARX:FORMAL-ARXIV-V12-Q-S0:2606.10525v1,arXiv,Q-S0
REC-01044,GS:GS-B1-02-039,ARX:FORMAL-ARXIV-V12-Q-S1:2606.10525v1,arXiv,Q-S1
REC-01045,GS:GS-B1-02-040,GS:GS-C3-01-072,Google Scholar,GS-C3-01
REC-01045,GS:GS-B1-02-040,GS:GS-C3-03-023,Google Scholar,GS-C3-03
REC-01045,GS:GS-B1-02-040,ARX:FORMAL-ARXIV-V12-Q-B1:2605.26269v1,arXiv,Q-B1
REC-01045,GS:GS-B1-02-040,ARX:FORMAL-ARXIV-V12-Q-B3:2605.26269v1,arXiv,Q-B3
REC-01045,GS:GS-B1-02-040,ARX:FORMAL-ARXIV-V12-Q-C3:2605.26269v1,arXiv,Q-C3
REC-01045,GS:GS-B1-02-040,ARX:FORMAL-ARXIV-V12-Q-D1:2605.26269v1,arXiv,Q-D1
REC-01045,GS:GS-B1-02-040,ARX:FORMAL-ARXIV-V12-Q-D2:2605.26269v1,arXiv,Q-D2
REC-01045,GS:GS-B1-02-040,ARX:FORMAL-ARXIV-V12-Q-S0:2605.26269v1,arXiv,Q-S0
REC-01045,GS:GS-B1-02-040,ARX:FORMAL-ARXIV-V12-Q-S1:2605.26269v1,arXiv,Q-S1
REC-01047,GS:GS-B1-02-042,GS:GS-B2-01-026,Google Scholar,GS-B2-01
REC-01048,GS:GS-B1-02-043,GS:GS-B3-02-003,Google Scholar,GS-B3-02
REC-01048,GS:GS-B1-02-043,GS:GS-B3-03-030,Google Scholar,GS-B3-03
REC-01048,GS:GS-B1-02-043,GS:GS-B4-04-085,Google Scholar,GS-B4-04
REC-01048,GS:GS-B1-02-043,GS:GS-C3-03-075,Google Scholar,GS-C3-03
REC-01049,GS:GS-B1-02-044,GS:GS-B3-03-020,Google Scholar,GS-B3-03
REC-01051,GS:GS-B1-02-046,GS:GS-B3-03-033,Google Scholar,GS-B3-03
REC-01051,GS:GS-B1-02-046,GS:GS-B4-01-075,Google Scholar,GS-B4-01
REC-01051,GS:GS-B1-02-046,GS:GS-B4-02-027,Google Scholar,GS-B4-02
REC-01052,GS:GS-B1-02-048,GS:GS-B3-02-047,Google Scholar,GS-B3-02
REC-01052,GS:GS-B1-02-048,GS:GS-D2-03-042,Google Scholar,GS-D2-03
REC-01052,GS:GS-B1-02-048,ARX:FORMAL-ARXIV-V12-Q-B1:2508.01249v3,arXiv,Q-B1
REC-01052,GS:GS-B1-02-048,ARX:FORMAL-ARXIV-V12-Q-B3:2508.01249v3,arXiv,Q-B3
REC-01052,GS:GS-B1-02-048,ARX:FORMAL-ARXIV-V12-Q-S0:2508.01249v3,arXiv,Q-S0
REC-01052,GS:GS-B1-02-048,ARX:FORMAL-ARXIV-V12-Q-S1:2508.01249v3,arXiv,Q-S1
REC-01053,GS:GS-B1-02-049,GS:GS-B2-01-043,Google Scholar,GS-B2-01
REC-01054,GS:GS-B1-02-050,GS:GS-C1-03-050,Google Scholar,GS-C1-03
REC-01054,GS:GS-B1-02-050,ARX:FORMAL-ARXIV-V12-Q-B1:2606.04425v2,arXiv,Q-B1
REC-01054,GS:GS-B1-02-050,ARX:FORMAL-ARXIV-V12-Q-C1:2606.04425v2,arXiv,Q-C1
REC-01054,GS:GS-B1-02-050,ARX:FORMAL-ARXIV-V12-Q-C3:2606.04425v2,arXiv,Q-C3
REC-01054,GS:GS-B1-02-050,ARX:FORMAL-ARXIV-V12-Q-S0:2606.04425v2,arXiv,Q-S0
REC-01054,GS:GS-B1-02-050,ARX:FORMAL-ARXIV-V12-Q-S1:2606.04425v2,arXiv,Q-S1
REC-01055,GS:GS-B1-02-051,GS:GS-B3-03-036,Google Scholar,GS-B3-03
REC-01056,GS:GS-B1-02-052,GS:GS-B3-02-005,Google Scholar,GS-B3-02
REC-01056,GS:GS-B1-02-052,GS:GS-B3-03-021,Google Scholar,GS-B3-03
REC-01056,GS:GS-B1-02-052,ARX:FORMAL-ARXIV-V12-Q-B1:2504.19793v3,arXiv,Q-B1
REC-01056,GS:GS-B1-02-052,ARX:FORMAL-ARXIV-V12-Q-B3:2504.19793v3,arXiv,Q-B3
REC-01056,GS:GS-B1-02-052,ARX:FORMAL-ARXIV-V12-Q-D2:2504.19793v3,arXiv,Q-D2
REC-01056,GS:GS-B1-02-052,ARX:FORMAL-ARXIV-V12-Q-S0:2504.19793v3,arXiv,Q-S0
REC-01056,GS:GS-B1-02-052,ARX:FORMAL-ARXIV-V12-Q-S1:2504.19793v3,arXiv,Q-S1
REC-01058,GS:GS-B1-02-054,GS:GS-C3-04-096,Google Scholar,GS-C3-04
REC-01060,GS:GS-B1-02-056,GS:GS-B3-02-015,Google Scholar,GS-B3-02
REC-01060,GS:GS-B1-02-056,GS:GS-B3-03-019,Google Scholar,GS-B3-03
REC-01060,GS:GS-B1-02-056,GS:GS-C1-02-045,Google Scholar,GS-C1-02
REC-01060,GS:GS-B1-02-056,GS:GS-C2-01-051,Google Scholar,GS-C2-01
REC-01060,GS:GS-B1-02-056,GS:GS-C3-03-022,Google Scholar,GS-C3-03
REC-01060,GS:GS-B1-02-056,GS:GS-C3-04-012,Google Scholar,GS-C3-04
REC-01061,GS:GS-B1-02-057,GS:GS-C3-04-056,Google Scholar,GS-C3-04
REC-01063,GS:GS-B1-02-060,GS:GS-C2-01-057,Google Scholar,GS-C2-01
REC-01063,GS:GS-B1-02-060,GS:GS-C2-03-034,Google Scholar,GS-C2-03
REC-01064,GS:GS-B1-02-061,GS:GS-B3-03-010,Google Scholar,GS-B3-03
REC-01064,GS:GS-B1-02-061,GS:GS-C1-02-049,Google Scholar,GS-C1-02
REC-01064,GS:GS-B1-02-061,GS:GS-C2-03-013,Google Scholar,GS-C2-03
REC-01064,GS:GS-B1-02-061,GS:GS-C3-01-075,Google Scholar,GS-C3-01
REC-01064,GS:GS-B1-02-061,GS:GS-C3-03-027,Google Scholar,GS-C3-03
REC-01065,GS:GS-B1-02-063,ARX:FORMAL-ARXIV-V12-Q-B1:2503.18813v2,arXiv,Q-B1
REC-01065,GS:GS-B1-02-063,ARX:FORMAL-ARXIV-V12-Q-B3:2503.18813v2,arXiv,Q-B3
REC-01065,GS:GS-B1-02-063,ARX:FORMAL-ARXIV-V12-Q-D2:2503.18813v2,arXiv,Q-D2
REC-01065,GS:GS-B1-02-063,ARX:FORMAL-ARXIV-V12-Q-S1:2503.18813v2,arXiv,Q-S1
REC-01066,GS:GS-B1-02-064,ARX:FORMAL-ARXIV-V12-Q-B1:2604.01194v2,arXiv,Q-B1
REC-01066,GS:GS-B1-02-064,ARX:FORMAL-ARXIV-V12-Q-D2:2604.01194v2,arXiv,Q-D2
REC-01066,GS:GS-B1-02-064,ARX:FORMAL-ARXIV-V12-Q-S1:2604.01194v2,arXiv,Q-S1
REC-01068,GS:GS-B1-02-066,GS:GS-C3-03-095,Google Scholar,GS-C3-03
REC-01069,GS:GS-B1-02-067,ARX:FORMAL-ARXIV-V12-Q-B1:2510.23675v3,arXiv,Q-B1
REC-01069,GS:GS-B1-02-067,ARX:FORMAL-ARXIV-V12-Q-B3:2510.23675v3,arXiv,Q-B3
REC-01069,GS:GS-B1-02-067,ARX:FORMAL-ARXIV-V12-Q-S0:2510.23675v3,arXiv,Q-S0
REC-01069,GS:GS-B1-02-067,ARX:FORMAL-ARXIV-V12-Q-S1:2510.23675v3,arXiv,Q-S1
REC-01070,GS:GS-B1-02-068,GS:GS-B3-02-078,Google Scholar,GS-B3-02
REC-01070,GS:GS-B1-02-068,GS:GS-D2-02-063,Google Scholar,GS-D2-02
REC-01071,GS:GS-B1-02-069,ARX:FORMAL-ARXIV-V12-Q-B1:2605.03378v2,arXiv,Q-B1
REC-01071,GS:GS-B1-02-069,ARX:FORMAL-ARXIV-V12-Q-C3:2605.03378v2,arXiv,Q-C3
REC-01071,GS:GS-B1-02-069,ARX:FORMAL-ARXIV-V12-Q-D1:2605.03378v2,arXiv,Q-D1
REC-01071,GS:GS-B1-02-069,ARX:FORMAL-ARXIV-V12-Q-D2:2605.03378v2,arXiv,Q-D2
REC-01071,GS:GS-B1-02-069,ARX:FORMAL-ARXIV-V12-Q-S0:2605.03378v2,arXiv,Q-S0
REC-01071,GS:GS-B1-02-069,ARX:FORMAL-ARXIV-V12-Q-S1:2605.03378v2,arXiv,Q-S1
REC-01074,GS:GS-B1-02-072,GS:GS-B3-03-048,Google Scholar,GS-B3-03
REC-01075,GS:GS-B1-02-073,GS:GS-C3-03-059,Google Scholar,GS-C3-03
REC-01075,GS:GS-B1-02-073,ARX:FORMAL-ARXIV-V12-Q-B1:2506.08837v3,arXiv,Q-B1
REC-01075,GS:GS-B1-02-073,ARX:FORMAL-ARXIV-V12-Q-S0:2506.08837v3,arXiv,Q-S0
REC-01075,GS:GS-B1-02-073,ARX:FORMAL-ARXIV-V12-Q-S1:2506.08837v3,arXiv,Q-S1
REC-01076,GS:GS-B1-02-074,ARX:FORMAL-ARXIV-V12-Q-A2W:2510.13543v1,arXiv,Q-A2W
REC-01076,GS:GS-B1-02-074,ARX:FORMAL-ARXIV-V12-Q-B1:2510.13543v1,arXiv,Q-B1
REC-01076,GS:GS-B1-02-074,ARX:FORMAL-ARXIV-V12-Q-S0:2510.13543v1,arXiv,Q-S0
REC-01076,GS:GS-B1-02-074,ARX:FORMAL-ARXIV-V12-Q-S1:2510.13543v1,arXiv,Q-S1
REC-01077,GS:GS-B1-02-076,ARX:FORMAL-ARXIV-V12-Q-B1:2507.02735v3,arXiv,Q-B1
REC-01077,GS:GS-B1-02-076,ARX:FORMAL-ARXIV-V12-Q-S1:2507.02735v3,arXiv,Q-S1
REC-01078,GS:GS-B1-02-077,GS:GS-B3-02-023,Google Scholar,GS-B3-02
REC-01078,GS:GS-B1-02-077,GS:GS-C1-02-060,Google Scholar,GS-C1-02
REC-01078,GS:GS-B1-02-077,GS:GS-C2-01-075,Google Scholar,GS-C2-01
REC-01078,GS:GS-B1-02-077,GS:GS-C2-03-016,Google Scholar,GS-C2-03
REC-01078,GS:GS-B1-02-077,GS:GS-C3-01-059,Google Scholar,GS-C3-01
REC-01078,GS:GS-B1-02-077,GS:GS-C3-03-038,Google Scholar,GS-C3-03
REC-01079,GS:GS-B1-02-078,GS:GS-B3-03-005,Google Scholar,GS-B3-03
REC-01079,GS:GS-B1-02-078,GS:GS-C2-03-005,Google Scholar,GS-C2-03
REC-01083,GS:GS-B1-02-084,GS:GS-C3-01-048,Google Scholar,GS-C3-01
REC-01083,GS:GS-B1-02-084,GS:GS-C3-03-004,Google Scholar,GS-C3-03
REC-01083,GS:GS-B1-02-084,ARX:FORMAL-ARXIV-V12-Q-D2:2503.15547v2,arXiv,Q-D2
REC-01083,GS:GS-B1-02-084,ARX:FORMAL-ARXIV-V12-Q-S0:2503.15547v2,arXiv,Q-S0
REC-01086,GS:GS-B1-02-087,ARX:FORMAL-ARXIV-V12-Q-B1:2602.05746v2,arXiv,Q-B1
REC-01086,GS:GS-B1-02-087,ARX:FORMAL-ARXIV-V12-Q-D2:2602.05746v2,arXiv,Q-D2
REC-01086,GS:GS-B1-02-087,ARX:FORMAL-ARXIV-V12-Q-S1:2602.05746v2,arXiv,Q-S1
REC-01087,GS:GS-B1-02-088,GS:GS-B3-02-020,Google Scholar,GS-B3-02
REC-01087,GS:GS-B1-02-088,GS:GS-B3-03-018,Google Scholar,GS-B3-03
REC-01087,GS:GS-B1-02-088,GS:GS-C1-02-082,Google Scholar,GS-C1-02
REC-01087,GS:GS-B1-02-088,GS:GS-C3-01-057,Google Scholar,GS-C3-01
REC-01087,GS:GS-B1-02-088,GS:GS-C3-03-019,Google Scholar,GS-C3-03
REC-01087,GS:GS-B1-02-088,GS:GS-D2-03-045,Google Scholar,GS-D2-03
REC-01087,GS:GS-B1-02-088,GS:GS-D3-03-053,Google Scholar,GS-D3-03
REC-01088,GS:GS-B1-02-089,ARX:FORMAL-ARXIV-V12-Q-B1:2602.14211v3,arXiv,Q-B1
REC-01088,GS:GS-B1-02-089,ARX:FORMAL-ARXIV-V12-Q-S0:2602.14211v3,arXiv,Q-S0
REC-01088,GS:GS-B1-02-089,ARX:FORMAL-ARXIV-V12-Q-S1:2602.14211v3,arXiv,Q-S1
REC-01089,GS:GS-B1-02-090,GS:GS-C1-02-061,Google Scholar,GS-C1-02
REC-01089,GS:GS-B1-02-090,GS:GS-C2-01-052,Google Scholar,GS-C2-01
REC-01089,GS:GS-B1-02-090,GS:GS-C2-02-057,Google Scholar,GS-C2-02
REC-01089,GS:GS-B1-02-090,GS:GS-C2-03-001,Google Scholar,GS-C2-03
REC-01089,GS:GS-B1-02-090,GS:GS-C3-01-003,Google Scholar,GS-C3-01
REC-01089,GS:GS-B1-02-090,GS:GS-C3-03-026,Google Scholar,GS-C3-03
REC-01089,GS:GS-B1-02-090,ARX:FORMAL-ARXIV-V12-Q-C2:2506.19676v4,arXiv,Q-C2
REC-01089,GS:GS-B1-02-090,ARX:FORMAL-ARXIV-V12-Q-D2:2506.19676v4,arXiv,Q-D2
REC-01089,GS:GS-B1-02-090,ARX:FORMAL-ARXIV-V12-Q-S0:2506.19676v4,arXiv,Q-S0
REC-01090,GS:GS-B1-02-091,GS:GS-B3-03-002,Google Scholar,GS-B3-03
REC-01090,GS:GS-B1-02-091,GS:GS-C1-01-033,Google Scholar,GS-C1-01
REC-01090,GS:GS-B1-02-091,GS:GS-C1-02-001,Google Scholar,GS-C1-02
REC-01091,GS:GS-B1-02-092,GS:GS-B3-03-011,Google Scholar,GS-B3-03
REC-01091,GS:GS-B1-02-092,GS:GS-C3-01-066,Google Scholar,GS-C3-01
REC-01091,GS:GS-B1-02-092,GS:GS-C3-03-017,Google Scholar,GS-C3-03
REC-01091,GS:GS-B1-02-092,GS:GS-C3-04-007,Google Scholar,GS-C3-04
REC-01091,GS:GS-B1-02-092,GS:GS-D2-02-009,Google Scholar,GS-D2-02
REC-01091,GS:GS-B1-02-092,GS:GS-D3-02-090,Google Scholar,GS-D3-02
REC-01092,GS:GS-B1-02-093,GS:GS-B3-02-044,Google Scholar,GS-B3-02
REC-01092,GS:GS-B1-02-093,ARX:FORMAL-ARXIV-V12-Q-B1:2602.20156v3,arXiv,Q-B1
REC-01092,GS:GS-B1-02-093,ARX:FORMAL-ARXIV-V12-Q-C3:2602.20156v3,arXiv,Q-C3
REC-01092,GS:GS-B1-02-093,ARX:FORMAL-ARXIV-V12-Q-D3:2602.20156v3,arXiv,Q-D3
REC-01092,GS:GS-B1-02-093,ARX:FORMAL-ARXIV-V12-Q-S0:2602.20156v3,arXiv,Q-S0
REC-01093,GS:GS-B1-02-094,GS:GS-C1-02-048,Google Scholar,GS-C1-02
REC-01093,GS:GS-B1-02-094,GS:GS-C2-01-055,Google Scholar,GS-C2-01
REC-01093,GS:GS-B1-02-094,GS:GS-C2-03-026,Google Scholar,GS-C2-03
REC-01093,GS:GS-B1-02-094,GS:GS-C3-01-019,Google Scholar,GS-C3-01
REC-01093,GS:GS-B1-02-094,GS:GS-C3-03-021,Google Scholar,GS-C3-03
REC-01093,GS:GS-B1-02-094,GS:GS-D2-02-014,Google Scholar,GS-D2-02
REC-01093,GS:GS-B1-02-094,GS:GS-D3-02-032,Google Scholar,GS-D3-02
REC-01093,GS:GS-B1-02-094,GS:GS-D3-03-019,Google Scholar,GS-D3-03
REC-01094,GS:GS-B1-02-095,ARX:FORMAL-ARXIV-V12-Q-D2:2603.25056v1,arXiv,Q-D2
REC-01094,GS:GS-B1-02-095,ARX:FORMAL-ARXIV-V12-Q-S0:2603.25056v1,arXiv,Q-S0
REC-01096,GS:GS-B1-02-097,GS:GS-B3-02-007,Google Scholar,GS-B3-02
REC-01096,GS:GS-B1-02-097,GS:GS-B3-03-008,Google Scholar,GS-B3-03
REC-01096,GS:GS-B1-02-097,GS:GS-C1-01-077,Google Scholar,GS-C1-01
REC-01096,GS:GS-B1-02-097,GS:GS-C1-02-043,Google Scholar,GS-C1-02
REC-01096,GS:GS-B1-02-097,GS:GS-C2-01-082,Google Scholar,GS-C2-01
REC-01096,GS:GS-B1-02-097,GS:GS-C2-03-009,Google Scholar,GS-C2-03
REC-01096,GS:GS-B1-02-097,GS:GS-C3-03-031,Google Scholar,GS-C3-03
REC-01096,GS:GS-B1-02-097,GS:GS-D2-02-001,Google Scholar,GS-D2-02
REC-01096,GS:GS-B1-02-097,GS:GS-D2-03-067,Google Scholar,GS-D2-03
REC-01096,GS:GS-B1-02-097,GS:GS-D3-03-093,Google Scholar,GS-D3-03
REC-01096,GS:GS-B1-02-097,ARX:FORMAL-ARXIV-V12-Q-B1:2604.23338v2,arXiv,Q-B1
REC-01096,GS:GS-B1-02-097,ARX:FORMAL-ARXIV-V12-Q-C1:2604.23338v2,arXiv,Q-C1
REC-01096,GS:GS-B1-02-097,ARX:FORMAL-ARXIV-V12-Q-C3:2604.23338v2,arXiv,Q-C3
REC-01096,GS:GS-B1-02-097,ARX:FORMAL-ARXIV-V12-Q-D2:2604.23338v2,arXiv,Q-D2
REC-01096,GS:GS-B1-02-097,ARX:FORMAL-ARXIV-V12-Q-S0:2604.23338v2,arXiv,Q-S0
REC-01098,GS:GS-B1-02-099,GS:GS-B3-03-015,Google Scholar,GS-B3-03
REC-01098,GS:GS-B1-02-099,GS:GS-C2-03-035,Google Scholar,GS-C2-03
REC-01098,GS:GS-B1-02-099,ARX:FORMAL-ARXIV-V12-Q-B1:2507.06850v6,arXiv,Q-B1
REC-01098,GS:GS-B1-02-099,ARX:FORMAL-ARXIV-V12-Q-B2:2507.06850v6,arXiv,Q-B2
REC-01098,GS:GS-B1-02-099,ARX:FORMAL-ARXIV-V12-Q-C2:2507.06850v6,arXiv,Q-C2
REC-01098,GS:GS-B1-02-099,ARX:FORMAL-ARXIV-V12-Q-S0:2507.06850v6,arXiv,Q-S0
REC-01099,GS:GS-B1-02-100,GS:GS-B4-01-007,Google Scholar,GS-B4-01
REC-01099,GS:GS-B1-02-100,GS:GS-B4-02-006,Google Scholar,GS-B4-02
REC-01099,GS:GS-B1-02-100,ARX:FORMAL-ARXIV-V12-Q-B1:2601.17549v1,arXiv,Q-B1
REC-01099,GS:GS-B1-02-100,ARX:FORMAL-ARXIV-V12-Q-B4:2601.17549v1,arXiv,Q-B4
REC-01099,GS:GS-B1-02-100,ARX:FORMAL-ARXIV-V12-Q-C3:2601.17549v1,arXiv,Q-C3
REC-01099,GS:GS-B1-02-100,ARX:FORMAL-ARXIV-V12-Q-D1:2601.17549v1,arXiv,Q-D1
REC-01099,GS:GS-B1-02-100,ARX:FORMAL-ARXIV-V12-Q-S0:2601.17549v1,arXiv,Q-S0
REC-01099,GS:GS-B1-02-100,ARX:FORMAL-ARXIV-V12-Q-S1:2601.17549v1,arXiv,Q-S1
REC-01100,GS:GS-B1-03-004,GS:GS-B3-02-013,Google Scholar,GS-B3-02
REC-01100,GS:GS-B1-03-004,ARX:FORMAL-ARXIV-V12-Q-B1:2604.01438v2,arXiv,Q-B1
REC-01100,GS:GS-B1-03-004,ARX:FORMAL-ARXIV-V12-Q-D1:2604.01438v2,arXiv,Q-D1
REC-01100,GS:GS-B1-03-004,ARX:FORMAL-ARXIV-V12-Q-D2:2604.01438v2,arXiv,Q-D2
REC-01101,GS:GS-B1-03-005,GS:GS-C1-02-069,Google Scholar,GS-C1-02
REC-01101,GS:GS-B1-03-005,GS:GS-C3-04-023,Google Scholar,GS-C3-04
REC-01102,GS:GS-B1-03-006,ARX:FORMAL-ARXIV-V12-Q-A1:2607.05120v1,arXiv,Q-A1
REC-01102,GS:GS-B1-03-006,ARX:FORMAL-ARXIV-V12-Q-B1:2607.05120v1,arXiv,Q-B1
REC-01102,GS:GS-B1-03-006,ARX:FORMAL-ARXIV-V12-Q-D2:2607.05120v1,arXiv,Q-D2
REC-01102,GS:GS-B1-03-006,ARX:FORMAL-ARXIV-V12-Q-S0:2607.05120v1,arXiv,Q-S0
REC-01103,GS:GS-B1-03-008,ARX:FORMAL-ARXIV-V12-Q-B1:2602.04653v4,arXiv,Q-B1
REC-01103,GS:GS-B1-03-008,ARX:FORMAL-ARXIV-V12-Q-B2:2602.04653v4,arXiv,Q-B2
REC-01103,GS:GS-B1-03-008,ARX:FORMAL-ARXIV-V12-Q-C2:2602.04653v4,arXiv,Q-C2
REC-01103,GS:GS-B1-03-008,ARX:FORMAL-ARXIV-V12-Q-S0:2602.04653v4,arXiv,Q-S0
REC-01104,GS:GS-B1-03-009,ARX:FORMAL-ARXIV-V12-Q-B1:2512.14448v1,arXiv,Q-B1
REC-01104,GS:GS-B1-03-009,ARX:FORMAL-ARXIV-V12-Q-D2:2512.14448v1,arXiv,Q-D2
REC-01104,GS:GS-B1-03-009,ARX:FORMAL-ARXIV-V12-Q-S0:2512.14448v1,arXiv,Q-S0
REC-01105,GS:GS-B1-03-012,ARX:FORMAL-ARXIV-V12-Q-A1:2603.04364v1,arXiv,Q-A1
REC-01105,GS:GS-B1-03-012,ARX:FORMAL-ARXIV-V12-Q-A3:2603.04364v1,arXiv,Q-A3
REC-01105,GS:GS-B1-03-012,ARX:FORMAL-ARXIV-V12-Q-D2:2603.04364v1,arXiv,Q-D2
REC-01105,GS:GS-B1-03-012,ARX:FORMAL-ARXIV-V12-Q-S0:2603.04364v1,arXiv,Q-S0
REC-01106,GS:GS-B1-03-013,GS:GS-C1-01-032,Google Scholar,GS-C1-01
REC-01106,GS:GS-B1-03-013,GS:GS-C1-03-027,Google Scholar,GS-C1-03
REC-01106,GS:GS-B1-03-013,GS:GS-C2-01-097,Google Scholar,GS-C2-01
REC-01106,GS:GS-B1-03-013,GS:GS-C2-02-013,Google Scholar,GS-C2-02
REC-01106,GS:GS-B1-03-013,ARX:FORMAL-ARXIV-V12-Q-C1:2603.09002v2,arXiv,Q-C1
REC-01106,GS:GS-B1-03-013,ARX:FORMAL-ARXIV-V12-Q-C2:2603.09002v2,arXiv,Q-C2
REC-01106,GS:GS-B1-03-013,ARX:FORMAL-ARXIV-V12-Q-C3:2603.09002v2,arXiv,Q-C3
REC-01106,GS:GS-B1-03-013,ARX:FORMAL-ARXIV-V12-Q-S0:2603.09002v2,arXiv,Q-S0
REC-01107,GS:GS-B1-03-014,ARX:FORMAL-ARXIV-V12-Q-A1:2508.04010v1,arXiv,Q-A1
REC-01107,GS:GS-B1-03-014,ARX:FORMAL-ARXIV-V12-Q-A3:2508.04010v1,arXiv,Q-A3
REC-01107,GS:GS-B1-03-014,ARX:FORMAL-ARXIV-V12-Q-C2:2508.04010v1,arXiv,Q-C2
REC-01107,GS:GS-B1-03-014,ARX:FORMAL-ARXIV-V12-Q-S0:2508.04010v1,arXiv,Q-S0
REC-01108,GS:GS-B1-03-015,ARX:FORMAL-ARXIV-V12-Q-D1:2605.11891v1,arXiv,Q-D1
REC-01108,GS:GS-B1-03-015,ARX:FORMAL-ARXIV-V12-Q-D2:2605.11891v1,arXiv,Q-D2
REC-01109,GS:GS-B1-03-017,ARX:FORMAL-ARXIV-V12-Q-S0:2505.11063v3,arXiv,Q-S0
REC-01110,GS:GS-B1-03-018,ARX:FORMAL-ARXIV-V12-Q-D2:2602.05386v2,arXiv,Q-D2
REC-01110,GS:GS-B1-03-018,ARX:FORMAL-ARXIV-V12-Q-S0:2602.05386v2,arXiv,Q-S0
REC-01112,GS:GS-B1-03-020,GS:GS-B2-01-033,Google Scholar,GS-B2-01
REC-01112,GS:GS-B1-03-020,ARX:FORMAL-ARXIV-V12-Q-A2W:2607.28165v2,arXiv,Q-A2W
REC-01112,GS:GS-B1-03-020,ARX:FORMAL-ARXIV-V12-Q-B1:2607.28165v2,arXiv,Q-B1
REC-01112,GS:GS-B1-03-020,ARX:FORMAL-ARXIV-V12-Q-D2:2607.28165v2,arXiv,Q-D2
REC-01112,GS:GS-B1-03-020,ARX:FORMAL-ARXIV-V12-Q-D3:2607.28165v2,arXiv,Q-D3
REC-01112,GS:GS-B1-03-020,ARX:FORMAL-ARXIV-V12-Q-S0:2607.28165v2,arXiv,Q-S0
REC-01112,GS:GS-B1-03-020,ARX:FORMAL-ARXIV-V12-Q-S1:2607.28165v2,arXiv,Q-S1
REC-01117,GS:GS-B2-01-004,ARX:FORMAL-ARXIV-V12-Q-S1:2601.17383v1,arXiv,Q-S1
REC-01118,GS:GS-B2-01-005,GS:GS-C2-03-067,Google Scholar,GS-C2-03
REC-01118,GS:GS-B2-01-005,ARX:FORMAL-ARXIV-V12-Q-B1:2512.23557v1,arXiv,Q-B1
REC-01118,GS:GS-B2-01-005,ARX:FORMAL-ARXIV-V12-Q-C2:2512.23557v1,arXiv,Q-C2
REC-01118,GS:GS-B2-01-005,ARX:FORMAL-ARXIV-V12-Q-D1:2512.23557v1,arXiv,Q-D1
REC-01118,GS:GS-B2-01-005,ARX:FORMAL-ARXIV-V12-Q-D2:2512.23557v1,arXiv,Q-D2
REC-01118,GS:GS-B2-01-005,ARX:FORMAL-ARXIV-V12-Q-D3:2512.23557v1,arXiv,Q-D3
REC-01118,GS:GS-B2-01-005,ARX:FORMAL-ARXIV-V12-Q-S0:2512.23557v1,arXiv,Q-S0
REC-01118,GS:GS-B2-01-005,ARX:FORMAL-ARXIV-V12-Q-S1:2512.23557v1,arXiv,Q-S1
REC-01119,GS:GS-B2-01-006,GS:GS-B2-02-048,Google Scholar,GS-B2-02
REC-01119,GS:GS-B2-01-006,ARX:FORMAL-ARXIV-V12-Q-A1:2606.20717v1,arXiv,Q-A1
REC-01119,GS:GS-B2-01-006,ARX:FORMAL-ARXIV-V12-Q-A2W:2606.20717v1,arXiv,Q-A2W
REC-01119,GS:GS-B2-01-006,ARX:FORMAL-ARXIV-V12-Q-A3:2606.20717v1,arXiv,Q-A3
REC-01119,GS:GS-B2-01-006,ARX:FORMAL-ARXIV-V12-Q-B1:2606.20717v1,arXiv,Q-B1
REC-01119,GS:GS-B2-01-006,ARX:FORMAL-ARXIV-V12-Q-B2:2606.20717v1,arXiv,Q-B2
REC-01119,GS:GS-B2-01-006,ARX:FORMAL-ARXIV-V12-Q-C3:2606.20717v1,arXiv,Q-C3
REC-01119,GS:GS-B2-01-006,ARX:FORMAL-ARXIV-V12-Q-D2:2606.20717v1,arXiv,Q-D2
REC-01119,GS:GS-B2-01-006,ARX:FORMAL-ARXIV-V12-Q-S0:2606.20717v1,arXiv,Q-S0
REC-01119,GS:GS-B2-01-006,ARX:FORMAL-ARXIV-V12-Q-S1:2606.20717v1,arXiv,Q-S1
REC-01120,GS:GS-B2-01-007,ARX:FORMAL-ARXIV-V12-Q-B1:2512.04895v1,arXiv,Q-B1
REC-01120,GS:GS-B2-01-007,ARX:FORMAL-ARXIV-V12-Q-B2:2512.04895v1,arXiv,Q-B2
REC-01120,GS:GS-B2-01-007,ARX:FORMAL-ARXIV-V12-Q-S0:2512.04895v1,arXiv,Q-S0
REC-01120,GS:GS-B2-01-007,ARX:FORMAL-ARXIV-V12-Q-S1:2512.04895v1,arXiv,Q-S1
REC-01121,GS:GS-B2-01-009,ARX:FORMAL-ARXIV-V12-Q-B2:2405.10529v2,arXiv,Q-B2
REC-01124,GS:GS-B2-01-013,ARX:FORMAL-ARXIV-V12-Q-B2:2503.11519v4,arXiv,Q-B2
REC-01124,GS:GS-B2-01-013,ARX:FORMAL-ARXIV-V12-Q-S1:2503.11519v4,arXiv,Q-S1
REC-01125,GS:GS-B2-01-015,ARX:FORMAL-ARXIV-V12-Q-A1:2510.01354v1,arXiv,Q-A1
REC-01125,GS:GS-B2-01-015,ARX:FORMAL-ARXIV-V12-Q-A3:2510.01354v1,arXiv,Q-A3
REC-01125,GS:GS-B2-01-015,ARX:FORMAL-ARXIV-V12-Q-B1:2510.01354v1,arXiv,Q-B1
REC-01125,GS:GS-B2-01-015,ARX:FORMAL-ARXIV-V12-Q-D2:2510.01354v1,arXiv,Q-D2
REC-01125,GS:GS-B2-01-015,ARX:FORMAL-ARXIV-V12-Q-D3:2510.01354v1,arXiv,Q-D3
REC-01125,GS:GS-B2-01-015,ARX:FORMAL-ARXIV-V12-Q-S0:2510.01354v1,arXiv,Q-S0
REC-01125,GS:GS-B2-01-015,ARX:FORMAL-ARXIV-V12-Q-S1:2510.01354v1,arXiv,Q-S1
REC-01126,GS:GS-B2-01-017,ARX:FORMAL-ARXIV-V12-Q-S1:2509.05883v1,arXiv,Q-S1
REC-01128,GS:GS-B2-01-022,ARX:FORMAL-ARXIV-V12-Q-B2:2607.10269v1,arXiv,Q-B2
REC-01128,GS:GS-B2-01-022,ARX:FORMAL-ARXIV-V12-Q-S1:2607.10269v1,arXiv,Q-S1
REC-01129,GS:GS-B2-01-023,ARX:FORMAL-ARXIV-V12-Q-B1:2604.19844v1,arXiv,Q-B1
REC-01129,GS:GS-B2-01-023,ARX:FORMAL-ARXIV-V12-Q-B2:2604.19844v1,arXiv,Q-B2
REC-01129,GS:GS-B2-01-023,ARX:FORMAL-ARXIV-V12-Q-S0:2604.19844v1,arXiv,Q-S0
REC-01130,GS:GS-B2-01-024,ARX:FORMAL-ARXIV-V12-Q-S1:2603.29418v2,arXiv,Q-S1
REC-01132,GS:GS-B2-01-028,GS:GS-C3-04-077,Google Scholar,GS-C3-04
REC-01133,GS:GS-B2-01-029,GS:GS-B2-02-016,Google Scholar,GS-B2-02
REC-01133,GS:GS-B2-01-029,ARX:FORMAL-ARXIV-V12-Q-A1:2605.28116v1,arXiv,Q-A1
REC-01133,GS:GS-B2-01-029,ARX:FORMAL-ARXIV-V12-Q-A3:2605.28116v1,arXiv,Q-A3
REC-01133,GS:GS-B2-01-029,ARX:FORMAL-ARXIV-V12-Q-B1:2605.28116v1,arXiv,Q-B1
REC-01133,GS:GS-B2-01-029,ARX:FORMAL-ARXIV-V12-Q-S0:2605.28116v1,arXiv,Q-S0
REC-01133,GS:GS-B2-01-029,ARX:FORMAL-ARXIV-V12-Q-S1:2605.28116v1,arXiv,Q-S1
REC-01137,GS:GS-B2-01-034,ARX:FORMAL-ARXIV-V12-Q-C1:2601.09625v2,arXiv,Q-C1
REC-01137,GS:GS-B2-01-034,ARX:FORMAL-ARXIV-V12-Q-S1:2601.09625v2,arXiv,Q-S1
REC-01143,GS:GS-B2-01-040,ARX:FORMAL-ARXIV-V12-Q-S1:2605.25194v1,arXiv,Q-S1
REC-01150,GS:GS-B2-01-055,GS:GS-B2-02-041,Google Scholar,GS-B2-02
REC-01150,GS:GS-B2-01-055,ARX:FORMAL-ARXIV-V12-Q-A1:2601.12822v1,arXiv,Q-A1
REC-01150,GS:GS-B2-01-055,ARX:FORMAL-ARXIV-V12-Q-A3:2601.12822v1,arXiv,Q-A3
REC-01150,GS:GS-B2-01-055,ARX:FORMAL-ARXIV-V12-Q-B1:2601.12822v1,arXiv,Q-B1
REC-01150,GS:GS-B2-01-055,ARX:FORMAL-ARXIV-V12-Q-B2:2601.12822v1,arXiv,Q-B2
REC-01150,GS:GS-B2-01-055,ARX:FORMAL-ARXIV-V12-Q-D2:2601.12822v1,arXiv,Q-D2
REC-01150,GS:GS-B2-01-055,ARX:FORMAL-ARXIV-V12-Q-S0:2601.12822v1,arXiv,Q-S0
REC-01152,GS:GS-B2-01-058,ACL:FORMAL-ACL-V12-Q-B1:lin-etal-2026-vigil,ACL Anthology,Q-B1
REC-01152,GS:GS-B2-01-058,ACL:FORMAL-ACL-V12-Q-D2:lin-etal-2026-vigil,ACL Anthology,Q-D2
REC-01152,GS:GS-B2-01-058,ACL:FORMAL-ACL-V12-Q-S0:lin-etal-2026-vigil,ACL Anthology,Q-S0
REC-01155,GS:GS-B2-01-061,ARX:FORMAL-ARXIV-V12-Q-B3:2606.07595v1,arXiv,Q-B3
REC-01157,GS:GS-B2-01-064,GS:GS-B2-02-012,Google Scholar,GS-B2-02
REC-01160,GS:GS-B2-01-068,ARX:FORMAL-ARXIV-V12-Q-D1:2402.08567v2,arXiv,Q-D1
REC-01160,GS:GS-B2-01-068,ARX:FORMAL-ARXIV-V12-Q-D2:2402.08567v2,arXiv,Q-D2
REC-01160,GS:GS-B2-01-068,ARX:FORMAL-ARXIV-V12-Q-D3:2402.08567v2,arXiv,Q-D3
REC-01162,GS:GS-B2-01-073,GS:GS-C1-01-097,Google Scholar,GS-C1-01
REC-01162,GS:GS-B2-01-073,GS:GS-C1-02-073,Google Scholar,GS-C1-02
REC-01162,GS:GS-B2-01-073,GS:GS-C1-03-015,Google Scholar,GS-C1-03
REC-01163,GS:GS-B2-01-074,GS:GS-B2-02-042,Google Scholar,GS-B2-02
REC-01163,GS:GS-B2-01-074,ARX:FORMAL-ARXIV-V12-Q-A1:2604.09155v1,arXiv,Q-A1
REC-01163,GS:GS-B2-01-074,ARX:FORMAL-ARXIV-V12-Q-A3:2604.09155v1,arXiv,Q-A3
REC-01163,GS:GS-B2-01-074,ARX:FORMAL-ARXIV-V12-Q-B2:2604.09155v1,arXiv,Q-B2
REC-01163,GS:GS-B2-01-074,ARX:FORMAL-ARXIV-V12-Q-D2:2604.09155v1,arXiv,Q-D2
REC-01163,GS:GS-B2-01-074,ARX:FORMAL-ARXIV-V12-Q-S0:2604.09155v1,arXiv,Q-S0
REC-01166,GS:GS-B2-01-078,GS:GS-B3-02-034,Google Scholar,GS-B3-02
REC-01166,GS:GS-B2-01-078,GS:GS-B3-03-077,Google Scholar,GS-B3-03
REC-01166,GS:GS-B2-01-078,GS:GS-D2-02-074,Google Scholar,GS-D2-02
REC-01166,GS:GS-B2-01-078,ARX:FORMAL-ARXIV-V12-Q-B4:2512.02321v1,arXiv,Q-B4
REC-01166,GS:GS-B2-01-078,ARX:FORMAL-ARXIV-V12-Q-C3:2512.02321v1,arXiv,Q-C3
REC-01166,GS:GS-B2-01-078,ARX:FORMAL-ARXIV-V12-Q-S0:2512.02321v1,arXiv,Q-S0
REC-01167,GS:GS-B2-01-079,GS:GS-C1-02-071,Google Scholar,GS-C1-02
REC-01167,GS:GS-B2-01-079,GS:GS-C3-02-035,Google Scholar,GS-C3-02
REC-01169,GS:GS-B2-01-081,ARX:FORMAL-ARXIV-V12-Q-C2:2605.04019v1,arXiv,Q-C2
REC-01171,GS:GS-B2-01-083,ARX:FORMAL-ARXIV-V12-Q-B3:2607.02961v1,arXiv,Q-B3
REC-01178,GS:GS-B2-01-090,ARX:FORMAL-ARXIV-V12-Q-S0:2602.21447v1,arXiv,Q-S0
REC-01180,GS:GS-B2-01-094,ARX:FORMAL-ARXIV-V12-Q-C3:2605.19192v2,arXiv,Q-C3
REC-01180,GS:GS-B2-01-094,ARX:FORMAL-ARXIV-V12-Q-S0:2605.19192v2,arXiv,Q-S0
REC-01181,GS:GS-B2-01-095,GS:GS-D3-02-026,Google Scholar,GS-D3-02
REC-01181,GS:GS-B2-01-095,ARX:FORMAL-ARXIV-V12-Q-D2:2606.05805v1,arXiv,Q-D2
REC-01181,GS:GS-B2-01-095,ARX:FORMAL-ARXIV-V12-Q-S0:2606.05805v1,arXiv,Q-S0
REC-01182,GS:GS-B2-01-096,GS:GS-B3-03-024,Google Scholar,GS-B3-03
REC-01182,GS:GS-B2-01-096,ARX:FORMAL-ARXIV-V12-Q-S0:2411.09523v1,arXiv,Q-S0
REC-01184,GS:GS-B2-01-098,ARX:FORMAL-ARXIV-V12-Q-D2:2511.22441v1,arXiv,Q-D2
REC-01184,GS:GS-B2-01-098,ARX:FORMAL-ARXIV-V12-Q-S0:2511.22441v1,arXiv,Q-S0
REC-01186,GS:GS-B2-01-100,GS:GS-B2-03-098,Google Scholar,GS-B2-03
REC-01186,GS:GS-B2-01-100,ARX:FORMAL-ARXIV-V12-Q-A1:2607.04334v2,arXiv,Q-A1
REC-01186,GS:GS-B2-01-100,ARX:FORMAL-ARXIV-V12-Q-A3:2607.04334v2,arXiv,Q-A3
REC-01186,GS:GS-B2-01-100,ARX:FORMAL-ARXIV-V12-Q-D1:2607.04334v2,arXiv,Q-D1
REC-01186,GS:GS-B2-01-100,ARX:FORMAL-ARXIV-V12-Q-D2:2607.04334v2,arXiv,Q-D2
REC-01186,GS:GS-B2-01-100,ARX:FORMAL-ARXIV-V12-Q-D3:2607.04334v2,arXiv,Q-D3
REC-01188,GS:GS-B2-02-002,GS:GS-B2-03-033,Google Scholar,GS-B2-03
REC-01188,GS:GS-B2-02-002,GS:GS-D1-01-082,Google Scholar,GS-D1-01
REC-01190,GS:GS-B2-02-005,ARX:FORMAL-ARXIV-V12-Q-A1:2507.06899v2,arXiv,Q-A1
REC-01190,GS:GS-B2-02-005,ARX:FORMAL-ARXIV-V12-Q-B2:2507.06899v2,arXiv,Q-B2
REC-01190,GS:GS-B2-02-005,ARX:FORMAL-ARXIV-V12-Q-S0:2507.06899v2,arXiv,Q-S0
REC-01191,GS:GS-B2-02-010,ARX:FORMAL-ARXIV-V12-Q-A1:2509.11250v2,arXiv,Q-A1
REC-01191,GS:GS-B2-02-010,ARX:FORMAL-ARXIV-V12-Q-A3:2509.11250v2,arXiv,Q-A3
REC-01191,GS:GS-B2-02-010,ARX:FORMAL-ARXIV-V12-Q-B1:2509.11250v2,arXiv,Q-B1
REC-01191,GS:GS-B2-02-010,ARX:FORMAL-ARXIV-V12-Q-S0:2509.11250v2,arXiv,Q-S0
REC-01192,GS:GS-B2-02-011,ARX:FORMAL-ARXIV-V12-Q-A1:2407.09295v3,arXiv,Q-A1
REC-01192,GS:GS-B2-02-011,ARX:FORMAL-ARXIV-V12-Q-A3:2407.09295v3,arXiv,Q-A3
REC-01192,GS:GS-B2-02-011,ARX:FORMAL-ARXIV-V12-Q-S0:2407.09295v3,arXiv,Q-S0
REC-01193,GS:GS-B2-02-015,ARX:FORMAL-ARXIV-V12-Q-A1:2603.23007v1,arXiv,Q-A1
REC-01193,GS:GS-B2-02-015,ARX:FORMAL-ARXIV-V12-Q-B1:2603.23007v1,arXiv,Q-B1
REC-01193,GS:GS-B2-02-015,ARX:FORMAL-ARXIV-V12-Q-B2:2603.23007v1,arXiv,Q-B2
REC-01193,GS:GS-B2-02-015,ARX:FORMAL-ARXIV-V12-Q-D2:2603.23007v1,arXiv,Q-D2
REC-01193,GS:GS-B2-02-015,ARX:FORMAL-ARXIV-V12-Q-S0:2603.23007v1,arXiv,Q-S0
REC-01194,GS:GS-B2-02-021,ARX:FORMAL-ARXIV-V12-Q-A1:2603.08316v3,arXiv,Q-A1
REC-01194,GS:GS-B2-02-021,ARX:FORMAL-ARXIV-V12-Q-B2:2603.08316v3,arXiv,Q-B2
REC-01194,GS:GS-B2-02-021,ARX:FORMAL-ARXIV-V12-Q-D2:2603.08316v3,arXiv,Q-D2
REC-01194,GS:GS-B2-02-021,ARX:FORMAL-ARXIV-V12-Q-D3:2603.08316v3,arXiv,Q-D3
REC-01194,GS:GS-B2-02-021,ARX:FORMAL-ARXIV-V12-Q-S0:2603.08316v3,arXiv,Q-S0
REC-01195,GS:GS-B2-02-023,ARX:FORMAL-ARXIV-V12-Q-B1:2602.10915v3,arXiv,Q-B1
REC-01195,GS:GS-B2-02-023,ARX:FORMAL-ARXIV-V12-Q-C3:2602.10915v3,arXiv,Q-C3
REC-01195,GS:GS-B2-02-023,ARX:FORMAL-ARXIV-V12-Q-D1:2602.10915v3,arXiv,Q-D1
REC-01195,GS:GS-B2-02-023,ARX:FORMAL-ARXIV-V12-Q-D2:2602.10915v3,arXiv,Q-D2
REC-01195,GS:GS-B2-02-023,ARX:FORMAL-ARXIV-V12-Q-S0:2602.10915v3,arXiv,Q-S0
REC-01197,GS:GS-B2-02-027,ARX:FORMAL-ARXIV-V12-Q-A1:2601.12349v3,arXiv,Q-A1
REC-01197,GS:GS-B2-02-027,ARX:FORMAL-ARXIV-V12-Q-C3:2601.12349v3,arXiv,Q-C3
REC-01197,GS:GS-B2-02-027,ARX:FORMAL-ARXIV-V12-Q-D2:2601.12349v3,arXiv,Q-D2
REC-01197,GS:GS-B2-02-027,ARX:FORMAL-ARXIV-V12-Q-D3:2601.12349v3,arXiv,Q-D3
REC-01197,GS:GS-B2-02-027,ARX:FORMAL-ARXIV-V12-Q-S0:2601.12349v3,arXiv,Q-S0
REC-01198,GS:GS-B2-02-031,GS:GS-C1-01-088,Google Scholar,GS-C1-01
REC-01198,GS:GS-B2-02-031,GS:GS-C2-03-062,Google Scholar,GS-C2-03
REC-01198,GS:GS-B2-02-031,ARX:FORMAL-ARXIV-V12-Q-D2:2603.11088v1,arXiv,Q-D2
REC-01198,GS:GS-B2-02-031,ARX:FORMAL-ARXIV-V12-Q-S0:2603.11088v1,arXiv,Q-S0
REC-01200,GS:GS-B2-02-044,ARX:FORMAL-ARXIV-V12-Q-B1:2510.07809v4,arXiv,Q-B1
REC-01200,GS:GS-B2-02-044,ARX:FORMAL-ARXIV-V12-Q-B2:2510.07809v4,arXiv,Q-B2
REC-01200,GS:GS-B2-02-044,ARX:FORMAL-ARXIV-V12-Q-S0:2510.07809v4,arXiv,Q-S0
REC-01203,GS:GS-B2-02-057,ARX:FORMAL-ARXIV-V12-Q-A1:2503.09241v1,arXiv,Q-A1
REC-01203,GS:GS-B2-02-057,ARX:FORMAL-ARXIV-V12-Q-S0:2503.09241v1,arXiv,Q-S0
REC-01206,GS:GS-B2-02-066,ARX:FORMAL-ARXIV-V12-Q-A1:2607.15550v1,arXiv,Q-A1
REC-01206,GS:GS-B2-02-066,ARX:FORMAL-ARXIV-V12-Q-D2:2607.15550v1,arXiv,Q-D2
REC-01206,GS:GS-B2-02-066,ARX:FORMAL-ARXIV-V12-Q-S0:2607.15550v1,arXiv,Q-S0
REC-01207,GS:GS-B2-02-067,ARX:FORMAL-ARXIV-V12-Q-A1:2605.28646v2,arXiv,Q-A1
REC-01207,GS:GS-B2-02-067,ARX:FORMAL-ARXIV-V12-Q-A3:2605.28646v2,arXiv,Q-A3
REC-01207,GS:GS-B2-02-067,ARX:FORMAL-ARXIV-V12-Q-D2:2605.28646v2,arXiv,Q-D2
REC-01207,GS:GS-B2-02-067,ARX:FORMAL-ARXIV-V12-Q-D3:2605.28646v2,arXiv,Q-D3
REC-01210,GS:GS-B2-02-073,ARX:FORMAL-ARXIV-V12-Q-A1:2607.29199v1,arXiv,Q-A1
REC-01210,GS:GS-B2-02-073,ARX:FORMAL-ARXIV-V12-Q-A3:2607.29199v1,arXiv,Q-A3
REC-01210,GS:GS-B2-02-073,ARX:FORMAL-ARXIV-V12-Q-D2:2607.29199v1,arXiv,Q-D2
REC-01211,GS:GS-B2-02-076,ARX:FORMAL-ARXIV-V12-Q-A1:2509.23263v2,arXiv,Q-A1
REC-01211,GS:GS-B2-02-076,ARX:FORMAL-ARXIV-V12-Q-A3:2509.23263v2,arXiv,Q-A3
REC-01212,GS:GS-B2-02-078,ARX:FORMAL-ARXIV-V12-Q-A1:2602.10139v3,arXiv,Q-A1
REC-01212,GS:GS-B2-02-078,ARX:FORMAL-ARXIV-V12-Q-A3:2602.10139v3,arXiv,Q-A3
REC-01212,GS:GS-B2-02-078,ARX:FORMAL-ARXIV-V12-Q-C3:2602.10139v3,arXiv,Q-C3
REC-01212,GS:GS-B2-02-078,ARX:FORMAL-ARXIV-V12-Q-D2:2602.10139v3,arXiv,Q-D2
REC-01213,GS:GS-B2-02-080,ARX:FORMAL-ARXIV-V12-Q-D2:2606.27944v1,arXiv,Q-D2
REC-01213,GS:GS-B2-02-080,ARX:FORMAL-ARXIV-V12-Q-S0:2606.27944v1,arXiv,Q-S0
REC-01216,GS:GS-B2-02-085,ARX:FORMAL-ARXIV-V12-Q-A1:2602.09012v2,arXiv,Q-A1
REC-01216,GS:GS-B2-02-085,ARX:FORMAL-ARXIV-V12-Q-A3:2602.09012v2,arXiv,Q-A3
REC-01216,GS:GS-B2-02-085,ARX:FORMAL-ARXIV-V12-Q-D2:2602.09012v2,arXiv,Q-D2
REC-01216,GS:GS-B2-02-085,ARX:FORMAL-ARXIV-V12-Q-S0:2602.09012v2,arXiv,Q-S0
REC-01217,GS:GS-B2-02-086,ARX:FORMAL-ARXIV-V12-Q-B2:2604.06811v2,arXiv,Q-B2
REC-01217,GS:GS-B2-02-086,ARX:FORMAL-ARXIV-V12-Q-S0:2604.06811v2,arXiv,Q-S0
REC-01219,GS:GS-B2-02-090,ARX:FORMAL-ARXIV-V12-Q-A1:2601.18842v3,arXiv,Q-A1
REC-01219,GS:GS-B2-02-090,ARX:FORMAL-ARXIV-V12-Q-A3:2601.18842v3,arXiv,Q-A3
REC-01219,GS:GS-B2-02-090,ARX:FORMAL-ARXIV-V12-Q-D2:2601.18842v3,arXiv,Q-D2
REC-01219,GS:GS-B2-02-090,ARX:FORMAL-ARXIV-V12-Q-D3:2601.18842v3,arXiv,Q-D3
REC-01221,GS:GS-B2-02-094,ACL:FORMAL-ACL-V12-Q-A1:ma-etal-2025-caution,ACL Anthology,Q-A1
REC-01222,GS:GS-B2-02-095,ARX:FORMAL-ARXIV-V12-Q-A1:2606.20636v1,arXiv,Q-A1
REC-01222,GS:GS-B2-02-095,ARX:FORMAL-ARXIV-V12-Q-A3:2606.20636v1,arXiv,Q-A3
REC-01222,GS:GS-B2-02-095,ARX:FORMAL-ARXIV-V12-Q-B1:2606.20636v1,arXiv,Q-B1
REC-01224,GS:GS-B2-02-099,ARX:FORMAL-ARXIV-V12-Q-A1:2511.13248v1,arXiv,Q-A1
REC-01224,GS:GS-B2-02-099,ARX:FORMAL-ARXIV-V12-Q-D3:2511.13248v1,arXiv,Q-D3
REC-01225,GS:GS-B2-02-100,ARX:FORMAL-ARXIV-V12-Q-A1:2606.12666v2,arXiv,Q-A1
REC-01225,GS:GS-B2-02-100,ARX:FORMAL-ARXIV-V12-Q-D2:2606.12666v2,arXiv,Q-D2
REC-01225,GS:GS-B2-02-100,ARX:FORMAL-ARXIV-V12-Q-S0:2606.12666v2,arXiv,Q-S0
REC-01226,GS:GS-B2-03-041,GS:GS-D2-01-026,Google Scholar,GS-D2-01
REC-01226,GS:GS-B2-03-041,ARX:FORMAL-ARXIV-V12-Q-B2:2606.06914v1,arXiv,Q-B2
REC-01226,GS:GS-B2-03-041,ARX:FORMAL-ARXIV-V12-Q-S0:2606.06914v1,arXiv,Q-S0
REC-01227,GS:GS-B2-03-071,GS:GS-D1-01-064,Google Scholar,GS-D1-01
REC-01227,GS:GS-B2-03-071,ARX:FORMAL-ARXIV-V12-Q-A1:2603.17357v1,arXiv,Q-A1
REC-01227,GS:GS-B2-03-071,ARX:FORMAL-ARXIV-V12-Q-A3:2603.17357v1,arXiv,Q-A3
REC-01227,GS:GS-B2-03-071,ARX:FORMAL-ARXIV-V12-Q-D2:2603.17357v1,arXiv,Q-D2
REC-01227,GS:GS-B2-03-071,ARX:FORMAL-ARXIV-V12-Q-D3:2603.17357v1,arXiv,Q-D3
REC-01228,GS:GS-B2-03-077,GS:GS-D1-02-096,Google Scholar,GS-D1-02
REC-01228,GS:GS-B2-03-077,GS:GS-D3-01-045,Google Scholar,GS-D3-01
REC-01228,GS:GS-B2-03-077,ARX:FORMAL-ARXIV-V12-Q-A1:2607.26041v2,arXiv,Q-A1
REC-01228,GS:GS-B2-03-077,ARX:FORMAL-ARXIV-V12-Q-A3:2607.26041v2,arXiv,Q-A3
REC-01228,GS:GS-B2-03-077,ARX:FORMAL-ARXIV-V12-Q-D1:2607.26041v2,arXiv,Q-D1
REC-01228,GS:GS-B2-03-077,ARX:FORMAL-ARXIV-V12-Q-D3:2607.26041v2,arXiv,Q-D3
REC-01229,GS:GS-B2-03-078,GS:GS-D1-02-090,Google Scholar,GS-D1-02
REC-01230,GS:GS-B2-03-081,GS:GS-D2-01-067,Google Scholar,GS-D2-01
REC-01230,GS:GS-B2-03-081,ARX:FORMAL-ARXIV-V12-Q-A1:2605.15962v1,arXiv,Q-A1
REC-01234,GS:GS-B2-03-096,GS:GS-D1-01-059,Google Scholar,GS-D1-01
REC-01234,GS:GS-B2-03-096,GS:GS-D2-01-074,Google Scholar,GS-D2-01
REC-01235,GS:GS-B2-03-097,ARX:FORMAL-ARXIV-V12-Q-A1:2603.23559v2,arXiv,Q-A1
REC-01235,GS:GS-B2-03-097,ARX:FORMAL-ARXIV-V12-Q-A3:2603.23559v2,arXiv,Q-A3
REC-01235,GS:GS-B2-03-097,ARX:FORMAL-ARXIV-V12-Q-D3:2603.23559v2,arXiv,Q-D3
REC-01236,GS:GS-B2-03-099,GS:GS-D2-01-093,Google Scholar,GS-D2-01
REC-01236,GS:GS-B2-03-099,ACL:FORMAL-ACL-V12-Q-A1:wu-etal-2026-mirrorcaptcha,ACL Anthology,Q-A1
REC-01236,GS:GS-B2-03-099,ACL:FORMAL-ACL-V12-Q-A3:wu-etal-2026-mirrorcaptcha,ACL Anthology,Q-A3
REC-01237,GS:GS-B3-02-001,GS:GS-B3-03-090,Google Scholar,GS-B3-03
REC-01237,GS:GS-B3-02-001,GS:GS-B4-03-070,Google Scholar,GS-B4-03
REC-01237,GS:GS-B3-02-001,GS:GS-B4-04-003,Google Scholar,GS-B4-04
REC-01238,GS:GS-B3-02-002,GS:GS-B3-03-047,Google Scholar,GS-B3-03
REC-01238,GS:GS-B3-02-002,GS:GS-C1-02-039,Google Scholar,GS-C1-02
REC-01238,GS:GS-B3-02-002,GS:GS-C3-04-004,Google Scholar,GS-C3-04
REC-01238,GS:GS-B3-02-002,GS:GS-D2-03-094,Google Scholar,GS-D2-03
REC-01238,GS:GS-B3-02-002,ARX:FORMAL-ARXIV-V12-Q-B3:2508.20412v3,arXiv,Q-B3
REC-01238,GS:GS-B3-02-002,ARX:FORMAL-ARXIV-V12-Q-B4:2508.20412v3,arXiv,Q-B4
REC-01238,GS:GS-B3-02-002,ARX:FORMAL-ARXIV-V12-Q-D1:2508.20412v3,arXiv,Q-D1
REC-01238,GS:GS-B3-02-002,ARX:FORMAL-ARXIV-V12-Q-D2:2508.20412v3,arXiv,Q-D2
REC-01238,GS:GS-B3-02-002,ARX:FORMAL-ARXIV-V12-Q-S0:2508.20412v3,arXiv,Q-S0
REC-01239,GS:GS-B3-02-004,GS:GS-B4-04-005,Google Scholar,GS-B4-04
REC-01239,GS:GS-B3-02-004,ARX:FORMAL-ARXIV-V12-Q-B3:2601.07395v1,arXiv,Q-B3
REC-01239,GS:GS-B3-02-004,ARX:FORMAL-ARXIV-V12-Q-B4:2601.07395v1,arXiv,Q-B4
REC-01239,GS:GS-B3-02-004,ARX:FORMAL-ARXIV-V12-Q-D2:2601.07395v1,arXiv,Q-D2
REC-01239,GS:GS-B3-02-004,ARX:FORMAL-ARXIV-V12-Q-S0:2601.07395v1,arXiv,Q-S0
REC-01240,GS:GS-B3-02-008,GS:GS-B4-04-009,Google Scholar,GS-B4-04
REC-01241,GS:GS-B3-02-009,GS:GS-B4-04-008,Google Scholar,GS-B4-04
REC-01242,GS:GS-B3-02-011,GS:GS-B3-03-003,Google Scholar,GS-B3-03
REC-01242,GS:GS-B3-02-011,GS:GS-C1-02-063,Google Scholar,GS-C1-02
REC-01242,GS:GS-B3-02-011,ARX:FORMAL-ARXIV-V12-Q-B3:2602.12194v3,arXiv,Q-B3
REC-01242,GS:GS-B3-02-011,ARX:FORMAL-ARXIV-V12-Q-D1:2602.12194v3,arXiv,Q-D1
REC-01242,GS:GS-B3-02-011,ARX:FORMAL-ARXIV-V12-Q-D2:2602.12194v3,arXiv,Q-D2
REC-01242,GS:GS-B3-02-011,ARX:FORMAL-ARXIV-V12-Q-S0:2602.12194v3,arXiv,Q-S0
REC-01243,GS:GS-B3-02-012,GS:GS-B3-03-026,Google Scholar,GS-B3-03
REC-01243,GS:GS-B3-02-012,GS:GS-B4-04-012,Google Scholar,GS-B4-04
REC-01244,GS:GS-B3-02-016,GS:GS-B3-03-039,Google Scholar,GS-B3-03
REC-01244,GS:GS-B3-02-016,ARX:FORMAL-ARXIV-V12-Q-B1:2601.12449v1,arXiv,Q-B1
REC-01244,GS:GS-B3-02-016,ARX:FORMAL-ARXIV-V12-Q-B3:2601.12449v1,arXiv,Q-B3
REC-01244,GS:GS-B3-02-016,ARX:FORMAL-ARXIV-V12-Q-C3:2601.12449v1,arXiv,Q-C3
REC-01244,GS:GS-B3-02-016,ARX:FORMAL-ARXIV-V12-Q-D1:2601.12449v1,arXiv,Q-D1
REC-01244,GS:GS-B3-02-016,ARX:FORMAL-ARXIV-V12-Q-D2:2601.12449v1,arXiv,Q-D2
REC-01244,GS:GS-B3-02-016,ARX:FORMAL-ARXIV-V12-Q-S0:2601.12449v1,arXiv,Q-S0
REC-01245,GS:GS-B3-02-017,GS:GS-B3-03-063,Google Scholar,GS-B3-03
REC-01246,GS:GS-B3-02-018,GS:GS-B3-03-085,Google Scholar,GS-B3-03
REC-01246,GS:GS-B3-02-018,GS:GS-D3-02-012,Google Scholar,GS-D3-02
REC-01247,GS:GS-B3-02-019,ARX:FORMAL-ARXIV-V12-Q-S0:2510.02554v1,arXiv,Q-S0
REC-01248,GS:GS-B3-02-021,GS:GS-B4-01-061,Google Scholar,GS-B4-01
REC-01248,GS:GS-B3-02-021,GS:GS-B4-02-038,Google Scholar,GS-B4-02
REC-01248,GS:GS-B3-02-021,GS:GS-B4-04-015,Google Scholar,GS-B4-04
REC-01248,GS:GS-B3-02-021,ACL:FORMAL-ACL-V12-Q-B1:yergattikar-2026-securing,ACL Anthology,Q-B1
REC-01248,GS:GS-B3-02-021,ACL:FORMAL-ACL-V12-Q-B3:yergattikar-2026-securing,ACL Anthology,Q-B3
REC-01248,GS:GS-B3-02-021,ACL:FORMAL-ACL-V12-Q-B4:yergattikar-2026-securing,ACL Anthology,Q-B4
REC-01248,GS:GS-B3-02-021,ACL:FORMAL-ACL-V12-Q-D1:yergattikar-2026-securing,ACL Anthology,Q-D1
REC-01248,GS:GS-B3-02-021,ACL:FORMAL-ACL-V12-Q-D2:yergattikar-2026-securing,ACL Anthology,Q-D2
REC-01249,GS:GS-B3-02-022,GS:GS-B3-03-016,Google Scholar,GS-B3-03
REC-01249,GS:GS-B3-02-022,GS:GS-C1-01-080,Google Scholar,GS-C1-01
REC-01249,GS:GS-B3-02-022,GS:GS-C1-02-037,Google Scholar,GS-C1-02
REC-01249,GS:GS-B3-02-022,GS:GS-C1-03-082,Google Scholar,GS-C1-03
REC-01249,GS:GS-B3-02-022,GS:GS-C2-03-039,Google Scholar,GS-C2-03
REC-01249,GS:GS-B3-02-022,GS:GS-C3-01-088,Google Scholar,GS-C3-01
REC-01249,GS:GS-B3-02-022,GS:GS-C3-03-044,Google Scholar,GS-C3-03
REC-01249,GS:GS-B3-02-022,GS:GS-D3-02-037,Google Scholar,GS-D3-02
REC-01249,GS:GS-B3-02-022,ARX:FORMAL-ARXIV-V12-Q-D2:2606.23075v1,arXiv,Q-D2
REC-01249,GS:GS-B3-02-022,ARX:FORMAL-ARXIV-V12-Q-S0:2606.23075v1,arXiv,Q-S0
REC-01250,GS:GS-B3-02-024,GS:GS-D2-03-057,Google Scholar,GS-D2-03
REC-01250,GS:GS-B3-02-024,ARX:FORMAL-ARXIV-V12-Q-B3:2604.04035v1,arXiv,Q-B3
REC-01250,GS:GS-B3-02-024,ARX:FORMAL-ARXIV-V12-Q-D1:2604.04035v1,arXiv,Q-D1
REC-01251,GS:GS-B3-02-026,GS:GS-B3-03-055,Google Scholar,GS-B3-03
REC-01251,GS:GS-B3-02-026,GS:GS-B4-01-049,Google Scholar,GS-B4-01
REC-01251,GS:GS-B3-02-026,GS:GS-B4-02-011,Google Scholar,GS-B4-02
REC-01251,GS:GS-B3-02-026,GS:GS-B4-04-050,Google Scholar,GS-B4-04
REC-01251,GS:GS-B3-02-026,ARX:FORMAL-ARXIV-V12-Q-B1:2512.06556v2,arXiv,Q-B1
REC-01251,GS:GS-B3-02-026,ARX:FORMAL-ARXIV-V12-Q-B3:2512.06556v2,arXiv,Q-B3
REC-01251,GS:GS-B3-02-026,ARX:FORMAL-ARXIV-V12-Q-B4:2512.06556v2,arXiv,Q-B4
REC-01252,GS:GS-B3-02-027,GS:GS-B4-03-057,Google Scholar,GS-B4-03
REC-01252,GS:GS-B3-02-027,GS:GS-B4-04-038,Google Scholar,GS-B4-04
REC-01252,GS:GS-B3-02-027,GS:GS-D2-02-024,Google Scholar,GS-D2-02
REC-01252,GS:GS-B3-02-027,ARX:FORMAL-ARXIV-V12-Q-B4:2607.25297v1,arXiv,Q-B4
REC-01252,GS:GS-B3-02-027,ARX:FORMAL-ARXIV-V12-Q-D1:2607.25297v1,arXiv,Q-D1
REC-01252,GS:GS-B3-02-027,ARX:FORMAL-ARXIV-V12-Q-D2:2607.25297v1,arXiv,Q-D2
REC-01252,GS:GS-B3-02-027,ARX:FORMAL-ARXIV-V12-Q-S0:2607.25297v1,arXiv,Q-S0
REC-01253,GS:GS-B3-02-028,GS:GS-B3-03-041,Google Scholar,GS-B3-03
REC-01253,GS:GS-B3-02-028,ARX:FORMAL-ARXIV-V12-Q-B3:2605.11053v3,arXiv,Q-B3
REC-01253,GS:GS-B3-02-028,ARX:FORMAL-ARXIV-V12-Q-B4:2605.11053v3,arXiv,Q-B4
REC-01253,GS:GS-B3-02-028,ARX:FORMAL-ARXIV-V12-Q-D2:2605.11053v3,arXiv,Q-D2
REC-01253,GS:GS-B3-02-028,ARX:FORMAL-ARXIV-V12-Q-S0:2605.11053v3,arXiv,Q-S0
REC-01254,GS:GS-B3-02-029,ARX:FORMAL-ARXIV-V12-Q-B3:2606.07943v2,arXiv,Q-B3
REC-01254,GS:GS-B3-02-029,ARX:FORMAL-ARXIV-V12-Q-D1:2606.07943v2,arXiv,Q-D1
REC-01254,GS:GS-B3-02-029,ARX:FORMAL-ARXIV-V12-Q-D2:2606.07943v2,arXiv,Q-D2
REC-01254,GS:GS-B3-02-029,ARX:FORMAL-ARXIV-V12-Q-S0:2606.07943v2,arXiv,Q-S0
REC-01255,GS:GS-B3-02-030,GS:GS-B3-03-029,Google Scholar,GS-B3-03
REC-01255,GS:GS-B3-02-030,GS:GS-D2-02-095,Google Scholar,GS-D2-02
REC-01255,GS:GS-B3-02-030,ARX:FORMAL-ARXIV-V12-Q-B3:2603.12614v1,arXiv,Q-B3
REC-01255,GS:GS-B3-02-030,ARX:FORMAL-ARXIV-V12-Q-D1:2603.12614v1,arXiv,Q-D1
REC-01255,GS:GS-B3-02-030,ARX:FORMAL-ARXIV-V12-Q-D2:2603.12614v1,arXiv,Q-D2
REC-01256,GS:GS-B3-02-031,GS:GS-B3-03-066,Google Scholar,GS-B3-03
REC-01257,GS:GS-B3-02-032,GS:GS-C1-02-091,Google Scholar,GS-C1-02
REC-01257,GS:GS-B3-02-032,GS:GS-C3-03-051,Google Scholar,GS-C3-03
REC-01258,GS:GS-B3-02-033,GS:GS-D1-02-095,Google Scholar,GS-D1-02
REC-01258,GS:GS-B3-02-033,GS:GS-D2-01-090,Google Scholar,GS-D2-01
REC-01258,GS:GS-B3-02-033,GS:GS-D3-02-078,Google Scholar,GS-D3-02
REC-01259,GS:GS-B3-02-035,GS:GS-B4-04-071,Google Scholar,GS-B4-04
REC-01259,GS:GS-B3-02-035,GS:GS-C3-04-088,Google Scholar,GS-C3-04
REC-01259,GS:GS-B3-02-035,ARX:FORMAL-ARXIV-V12-Q-B1:2605.09822v1,arXiv,Q-B1
REC-01259,GS:GS-B3-02-035,ARX:FORMAL-ARXIV-V12-Q-C3:2605.09822v1,arXiv,Q-C3
REC-01259,GS:GS-B3-02-035,ARX:FORMAL-ARXIV-V12-Q-S0:2605.09822v1,arXiv,Q-S0
REC-01260,GS:GS-B3-02-036,GS:GS-B3-03-035,Google Scholar,GS-B3-03
REC-01260,GS:GS-B3-02-036,GS:GS-B4-01-029,Google Scholar,GS-B4-01
REC-01260,GS:GS-B3-02-036,GS:GS-B4-02-005,Google Scholar,GS-B4-02
REC-01260,GS:GS-B3-02-036,GS:GS-B4-03-078,Google Scholar,GS-B4-03
REC-01261,GS:GS-B3-02-038,ARX:FORMAL-ARXIV-V12-Q-S0:2605.29354v1,arXiv,Q-S0
REC-01262,GS:GS-B3-02-039,GS:GS-B4-04-016,Google Scholar,GS-B4-04
REC-01262,GS:GS-B3-02-039,ARX:FORMAL-ARXIV-V12-Q-B3:2606.27027v1,arXiv,Q-B3
REC-01262,GS:GS-B3-02-039,ARX:FORMAL-ARXIV-V12-Q-B4:2606.27027v1,arXiv,Q-B4
REC-01262,GS:GS-B3-02-039,ARX:FORMAL-ARXIV-V12-Q-S0:2606.27027v1,arXiv,Q-S0
REC-01263,GS:GS-B3-02-040,ARX:FORMAL-ARXIV-V12-Q-C1:2604.04759v1,arXiv,Q-C1
REC-01263,GS:GS-B3-02-040,ARX:FORMAL-ARXIV-V12-Q-D1:2604.04759v1,arXiv,Q-D1
REC-01263,GS:GS-B3-02-040,ARX:FORMAL-ARXIV-V12-Q-D2:2604.04759v1,arXiv,Q-D2
REC-01263,GS:GS-B3-02-040,ARX:FORMAL-ARXIV-V12-Q-S0:2604.04759v1,arXiv,Q-S0
REC-01264,GS:GS-B3-02-041,GS:GS-B4-03-081,Google Scholar,GS-B4-03
REC-01264,GS:GS-B3-02-041,GS:GS-B4-04-079,Google Scholar,GS-B4-04
REC-01264,GS:GS-B3-02-041,GS:GS-C3-03-077,Google Scholar,GS-C3-03
REC-01264,GS:GS-B3-02-041,GS:GS-D2-03-008,Google Scholar,GS-D2-03
REC-01265,GS:GS-B3-02-042,GS:GS-B3-03-078,Google Scholar,GS-B3-03
REC-01265,GS:GS-B3-02-042,GS:GS-D2-02-086,Google Scholar,GS-D2-02
REC-01266,GS:GS-B3-02-043,GS:GS-B4-01-040,Google Scholar,GS-B4-01
REC-01266,GS:GS-B3-02-043,GS:GS-B4-02-050,Google Scholar,GS-B4-02
REC-01266,GS:GS-B3-02-043,GS:GS-C3-03-078,Google Scholar,GS-C3-03
REC-01266,GS:GS-B3-02-043,GS:GS-C3-04-040,Google Scholar,GS-C3-04
REC-01267,GS:GS-B3-02-045,GS:GS-B3-03-061,Google Scholar,GS-B3-03
REC-01267,GS:GS-B3-02-045,GS:GS-C3-03-002,Google Scholar,GS-C3-03
REC-01267,GS:GS-B3-02-045,ARX:FORMAL-ARXIV-V12-Q-B1:2504.11703v3,arXiv,Q-B1
REC-01267,GS:GS-B3-02-045,ARX:FORMAL-ARXIV-V12-Q-C3:2504.11703v3,arXiv,Q-C3
REC-01267,GS:GS-B3-02-045,ARX:FORMAL-ARXIV-V12-Q-D1:2504.11703v3,arXiv,Q-D1
REC-01267,GS:GS-B3-02-045,ARX:FORMAL-ARXIV-V12-Q-S0:2504.11703v3,arXiv,Q-S0
REC-01268,GS:GS-B3-02-046,GS:GS-B4-01-079,Google Scholar,GS-B4-01
REC-01268,GS:GS-B3-02-046,GS:GS-B4-02-043,Google Scholar,GS-B4-02
REC-01268,GS:GS-B3-02-046,GS:GS-C2-02-015,Google Scholar,GS-C2-02
REC-01268,GS:GS-B3-02-046,GS:GS-C2-03-021,Google Scholar,GS-C2-03
REC-01268,GS:GS-B3-02-046,GS:GS-C3-04-022,Google Scholar,GS-C3-04
REC-01269,GS:GS-B3-02-048,ARX:FORMAL-ARXIV-V12-Q-B4:2607.11098v3,arXiv,Q-B4
REC-01269,GS:GS-B3-02-048,ARX:FORMAL-ARXIV-V12-Q-D1:2607.11098v3,arXiv,Q-D1
REC-01269,GS:GS-B3-02-048,ARX:FORMAL-ARXIV-V12-Q-D2:2607.11098v3,arXiv,Q-D2
REC-01270,GS:GS-B3-02-050,GS:GS-B3-03-087,Google Scholar,GS-B3-03
REC-01270,GS:GS-B3-02-050,GS:GS-C3-04-046,Google Scholar,GS-C3-04
REC-01271,GS:GS-B3-02-051,GS:GS-C3-01-002,Google Scholar,GS-C3-01
REC-01271,GS:GS-B3-02-051,GS:GS-C3-03-085,Google Scholar,GS-C3-03
REC-01271,GS:GS-B3-02-051,GS:GS-C3-04-021,Google Scholar,GS-C3-04
REC-01271,GS:GS-B3-02-051,ARX:FORMAL-ARXIV-V12-Q-B1:2512.06914v2,arXiv,Q-B1
REC-01271,GS:GS-B3-02-051,ARX:FORMAL-ARXIV-V12-Q-B3:2512.06914v2,arXiv,Q-B3
REC-01271,GS:GS-B3-02-051,ARX:FORMAL-ARXIV-V12-Q-C3:2512.06914v2,arXiv,Q-C3
REC-01271,GS:GS-B3-02-051,ARX:FORMAL-ARXIV-V12-Q-D2:2512.06914v2,arXiv,Q-D2
REC-01271,GS:GS-B3-02-051,ARX:FORMAL-ARXIV-V12-Q-S0:2512.06914v2,arXiv,Q-S0
REC-01272,GS:GS-B3-02-052,GS:GS-B3-03-075,Google Scholar,GS-B3-03
REC-01273,GS:GS-B3-02-053,GS:GS-B3-03-060,Google Scholar,GS-B3-03
REC-01273,GS:GS-B3-02-053,ARX:FORMAL-ARXIV-V12-Q-S0:2509.24240v1,arXiv,Q-S0
REC-01274,GS:GS-B3-02-054,GS:GS-C3-03-089,Google Scholar,GS-C3-03
REC-01275,GS:GS-B3-02-055,GS:GS-C1-02-095,Google Scholar,GS-C1-02
REC-01275,GS:GS-B3-02-055,ARX:FORMAL-ARXIV-V12-Q-C1:2603.17239v1,arXiv,Q-C1
REC-01275,GS:GS-B3-02-055,ARX:FORMAL-ARXIV-V12-Q-S0:2603.17239v1,arXiv,Q-S0
REC-01276,GS:GS-B3-02-056,GS:GS-C2-02-031,Google Scholar,GS-C2-02
REC-01276,GS:GS-B3-02-056,GS:GS-C2-03-041,Google Scholar,GS-C2-03
REC-01277,GS:GS-B3-02-057,ARX:FORMAL-ARXIV-V12-Q-D2:2606.22388v1,arXiv,Q-D2
REC-01277,GS:GS-B3-02-057,ARX:FORMAL-ARXIV-V12-Q-D3:2606.22388v1,arXiv,Q-D3
REC-01278,GS:GS-B3-02-058,GS:GS-B3-03-057,Google Scholar,GS-B3-03
REC-01278,GS:GS-B3-02-058,GS:GS-C2-01-025,Google Scholar,GS-C2-01
REC-01278,GS:GS-B3-02-058,GS:GS-C2-02-012,Google Scholar,GS-C2-02
REC-01278,GS:GS-B3-02-058,GS:GS-C2-03-049,Google Scholar,GS-C2-03
REC-01278,GS:GS-B3-02-058,GS:GS-C3-03-099,Google Scholar,GS-C3-03
REC-01278,GS:GS-B3-02-058,GS:GS-D2-02-031,Google Scholar,GS-D2-02
REC-01278,GS:GS-B3-02-058,GS:GS-D2-03-035,Google Scholar,GS-D2-03
REC-01278,GS:GS-B3-02-058,ARX:FORMAL-ARXIV-V12-Q-D2:2505.02077v2,arXiv,Q-D2
REC-01278,GS:GS-B3-02-058,ARX:FORMAL-ARXIV-V12-Q-S0:2505.02077v2,arXiv,Q-S0
REC-01281,GS:GS-B3-02-061,GS:GS-C1-01-098,Google Scholar,GS-C1-01
REC-01281,GS:GS-B3-02-061,ARX:FORMAL-ARXIV-V12-Q-C1:2606.10484v1,arXiv,Q-C1
REC-01281,GS:GS-B3-02-061,ARX:FORMAL-ARXIV-V12-Q-D1:2606.10484v1,arXiv,Q-D1
REC-01281,GS:GS-B3-02-061,ARX:FORMAL-ARXIV-V12-Q-S0:2606.10484v1,arXiv,Q-S0
REC-01283,GS:GS-B3-02-063,ARX:FORMAL-ARXIV-V12-Q-C3:2606.22916v3,arXiv,Q-C3
REC-01283,GS:GS-B3-02-063,ARX:FORMAL-ARXIV-V12-Q-S0:2606.22916v3,arXiv,Q-S0
REC-01284,GS:GS-B3-02-064,GS:GS-B3-03-070,Google Scholar,GS-B3-03
REC-01284,GS:GS-B3-02-064,GS:GS-B4-03-023,Google Scholar,GS-B4-03
REC-01284,GS:GS-B3-02-064,GS:GS-B4-04-043,Google Scholar,GS-B4-04
REC-01284,GS:GS-B3-02-064,GS:GS-C3-04-064,Google Scholar,GS-C3-04
REC-01284,GS:GS-B3-02-064,ARX:FORMAL-ARXIV-V12-Q-B3:2604.05969v1,arXiv,Q-B3
REC-01284,GS:GS-B3-02-064,ARX:FORMAL-ARXIV-V12-Q-B4:2604.05969v1,arXiv,Q-B4
REC-01284,GS:GS-B3-02-064,ARX:FORMAL-ARXIV-V12-Q-C3:2604.05969v1,arXiv,Q-C3
REC-01284,GS:GS-B3-02-064,ARX:FORMAL-ARXIV-V12-Q-D2:2604.05969v1,arXiv,Q-D2
REC-01284,GS:GS-B3-02-064,ARX:FORMAL-ARXIV-V12-Q-S0:2604.05969v1,arXiv,Q-S0
REC-01285,GS:GS-B3-02-065,GS:GS-D2-03-066,Google Scholar,GS-D2-03
REC-01286,GS:GS-B3-02-066,GS:GS-B4-04-095,Google Scholar,GS-B4-04
REC-01287,GS:GS-B3-02-067,GS:GS-C1-02-078,Google Scholar,GS-C1-02
REC-01287,GS:GS-B3-02-067,ARX:FORMAL-ARXIV-V12-Q-D1:2605.28201v1,arXiv,Q-D1
REC-01287,GS:GS-B3-02-067,ARX:FORMAL-ARXIV-V12-Q-D2:2605.28201v1,arXiv,Q-D2
REC-01287,GS:GS-B3-02-067,ARX:FORMAL-ARXIV-V12-Q-S0:2605.28201v1,arXiv,Q-S0
REC-01288,GS:GS-B3-02-068,GS:GS-B4-02-088,Google Scholar,GS-B4-02
REC-01288,GS:GS-B3-02-068,GS:GS-B4-03-014,Google Scholar,GS-B4-03
REC-01288,GS:GS-B3-02-068,ARX:FORMAL-ARXIV-V12-Q-B4:2509.24272v1,arXiv,Q-B4
REC-01288,GS:GS-B3-02-068,ARX:FORMAL-ARXIV-V12-Q-D2:2509.24272v1,arXiv,Q-D2
REC-01288,GS:GS-B3-02-068,ARX:FORMAL-ARXIV-V12-Q-S0:2509.24272v1,arXiv,Q-S0
REC-01289,GS:GS-B3-02-069,ARX:FORMAL-ARXIV-V12-Q-D1:2606.02302v1,arXiv,Q-D1
REC-01289,GS:GS-B3-02-069,ARX:FORMAL-ARXIV-V12-Q-S0:2606.02302v1,arXiv,Q-S0
REC-01290,GS:GS-B3-02-070,GS:GS-B4-01-008,Google Scholar,GS-B4-01
REC-01290,GS:GS-B3-02-070,GS:GS-B4-02-023,Google Scholar,GS-B4-02
REC-01290,GS:GS-B3-02-070,GS:GS-B4-04-075,Google Scholar,GS-B4-04
REC-01290,GS:GS-B3-02-070,GS:GS-C3-04-072,Google Scholar,GS-C3-04
REC-01290,GS:GS-B3-02-070,ARX:FORMAL-ARXIV-V12-Q-B1:2512.08290v2,arXiv,Q-B1
REC-01290,GS:GS-B3-02-070,ARX:FORMAL-ARXIV-V12-Q-B3:2512.08290v2,arXiv,Q-B3
REC-01290,GS:GS-B3-02-070,ARX:FORMAL-ARXIV-V12-Q-B4:2512.08290v2,arXiv,Q-B4
REC-01290,GS:GS-B3-02-070,ARX:FORMAL-ARXIV-V12-Q-D1:2512.08290v2,arXiv,Q-D1
REC-01290,GS:GS-B3-02-070,ARX:FORMAL-ARXIV-V12-Q-D2:2512.08290v2,arXiv,Q-D2
REC-01291,GS:GS-B3-02-071,GS:GS-D3-02-060,Google Scholar,GS-D3-02
REC-01292,GS:GS-B3-02-073,GS:GS-B3-03-091,Google Scholar,GS-B3-03
REC-01292,GS:GS-B3-02-073,GS:GS-B4-01-009,Google Scholar,GS-B4-01
REC-01292,GS:GS-B3-02-073,GS:GS-B4-02-009,Google Scholar,GS-B4-02
REC-01292,GS:GS-B3-02-073,GS:GS-B4-04-007,Google Scholar,GS-B4-04
REC-01294,GS:GS-B3-02-075,GS:GS-B4-03-058,Google Scholar,GS-B4-03
REC-01294,GS:GS-B3-02-075,ARX:FORMAL-ARXIV-V12-Q-B4:2506.13666v1,arXiv,Q-B4
REC-01294,GS:GS-B3-02-075,ARX:FORMAL-ARXIV-V12-Q-D1:2506.13666v1,arXiv,Q-D1
REC-01294,GS:GS-B3-02-075,ARX:FORMAL-ARXIV-V12-Q-D2:2506.13666v1,arXiv,Q-D2
REC-01294,GS:GS-B3-02-075,ARX:FORMAL-ARXIV-V12-Q-S0:2506.13666v1,arXiv,Q-S0
REC-01295,GS:GS-B3-02-076,GS:GS-B4-01-005,Google Scholar,GS-B4-01
REC-01295,GS:GS-B3-02-076,GS:GS-B4-02-002,Google Scholar,GS-B4-02
REC-01295,GS:GS-B3-02-076,GS:GS-B4-03-040,Google Scholar,GS-B4-03
REC-01295,GS:GS-B3-02-076,GS:GS-B4-04-004,Google Scholar,GS-B4-04
REC-01296,GS:GS-B3-02-077,GS:GS-B4-01-038,Google Scholar,GS-B4-01
REC-01296,GS:GS-B3-02-077,GS:GS-B4-02-012,Google Scholar,GS-B4-02
REC-01296,GS:GS-B3-02-077,GS:GS-B4-04-035,Google Scholar,GS-B4-04
REC-01296,GS:GS-B3-02-077,GS:GS-C3-04-008,Google Scholar,GS-C3-04
REC-01298,GS:GS-B3-02-080,ARX:FORMAL-ARXIV-V12-Q-B1:2604.04426v1,arXiv,Q-B1
REC-01298,GS:GS-B3-02-080,ARX:FORMAL-ARXIV-V12-Q-B4:2604.04426v1,arXiv,Q-B4
REC-01298,GS:GS-B3-02-080,ARX:FORMAL-ARXIV-V12-Q-D1:2604.04426v1,arXiv,Q-D1
REC-01298,GS:GS-B3-02-080,ARX:FORMAL-ARXIV-V12-Q-D2:2604.04426v1,arXiv,Q-D2
REC-01298,GS:GS-B3-02-080,ARX:FORMAL-ARXIV-V12-Q-S0:2604.04426v1,arXiv,Q-S0
REC-01299,GS:GS-B3-02-081,ARX:FORMAL-ARXIV-V12-Q-B3:2510.11203v1,arXiv,Q-B3
REC-01299,GS:GS-B3-02-081,ARX:FORMAL-ARXIV-V12-Q-S0:2510.11203v1,arXiv,Q-S0
REC-01300,GS:GS-B3-02-082,GS:GS-C3-04-048,Google Scholar,GS-C3-04
REC-01301,GS:GS-B3-02-084,GS:GS-B3-03-069,Google Scholar,GS-B3-03
REC-01301,GS:GS-B3-02-084,GS:GS-C3-03-037,Google Scholar,GS-C3-03
REC-01301,GS:GS-B3-02-084,GS:GS-D2-02-007,Google Scholar,GS-D2-02
REC-01301,GS:GS-B3-02-084,ARX:FORMAL-ARXIV-V12-Q-B1:2512.01295v2,arXiv,Q-B1
REC-01301,GS:GS-B3-02-084,ARX:FORMAL-ARXIV-V12-Q-S0:2512.01295v2,arXiv,Q-S0
REC-01303,GS:GS-B3-02-086,GS:GS-B4-02-047,Google Scholar,GS-B4-02
REC-01303,GS:GS-B3-02-086,GS:GS-B4-04-100,Google Scholar,GS-B4-04
REC-01303,GS:GS-B3-02-086,ARX:FORMAL-ARXIV-V12-Q-B4:2512.14166v2,arXiv,Q-B4
REC-01303,GS:GS-B3-02-086,ARX:FORMAL-ARXIV-V12-Q-C3:2512.14166v2,arXiv,Q-C3
REC-01304,GS:GS-B3-02-087,GS:GS-C3-04-093,Google Scholar,GS-C3-04
REC-01305,GS:GS-B3-02-088,GS:GS-B4-01-027,Google Scholar,GS-B4-01
REC-01305,GS:GS-B3-02-088,GS:GS-B4-02-014,Google Scholar,GS-B4-02
REC-01305,GS:GS-B3-02-088,GS:GS-B4-04-067,Google Scholar,GS-B4-04
REC-01306,GS:GS-B3-02-089,GS:GS-B3-03-089,Google Scholar,GS-B3-03
REC-01306,GS:GS-B3-02-089,GS:GS-B4-03-005,Google Scholar,GS-B4-03
REC-01306,GS:GS-B3-02-089,GS:GS-B4-04-006,Google Scholar,GS-B4-04
REC-01306,GS:GS-B3-02-089,ARX:FORMAL-ARXIV-V12-Q-B4:2510.23673v1,arXiv,Q-B4
REC-01307,GS:GS-B3-02-090,ARX:FORMAL-ARXIV-V12-Q-D2:2604.20994v1,arXiv,Q-D2
REC-01307,GS:GS-B3-02-090,ARX:FORMAL-ARXIV-V12-Q-S0:2604.20994v1,arXiv,Q-S0
REC-01308,GS:GS-B3-02-091,GS:GS-B4-01-030,Google Scholar,GS-B4-01
REC-01308,GS:GS-B3-02-091,GS:GS-B4-02-032,Google Scholar,GS-B4-02
REC-01308,GS:GS-B3-02-091,GS:GS-B4-03-041,Google Scholar,GS-B4-03
REC-01308,GS:GS-B3-02-091,GS:GS-D2-02-051,Google Scholar,GS-D2-02
REC-01309,GS:GS-B3-02-092,GS:GS-C2-03-075,Google Scholar,GS-C2-03
REC-01309,GS:GS-B3-02-092,GS:GS-C3-03-093,Google Scholar,GS-C3-03
REC-01309,GS:GS-B3-02-092,ARX:FORMAL-ARXIV-V12-Q-C2:2506.01245v3,arXiv,Q-C2
REC-01311,GS:GS-B3-02-095,GS:GS-B4-03-054,Google Scholar,GS-B4-03
REC-01311,GS:GS-B3-02-095,GS:GS-B4-04-024,Google Scholar,GS-B4-04
REC-01312,GS:GS-B3-02-096,GS:GS-C3-04-009,Google Scholar,GS-C3-04
REC-01313,GS:GS-B3-02-097,GS:GS-B4-03-062,Google Scholar,GS-B4-03
REC-01313,GS:GS-B3-02-097,GS:GS-B4-04-027,Google Scholar,GS-B4-04
REC-01315,GS:GS-B3-02-100,GS:GS-C3-04-059,Google Scholar,GS-C3-04
REC-01316,GS:GS-B3-03-001,GS:GS-C1-02-002,Google Scholar,GS-C1-02
REC-01316,GS:GS-B3-03-001,GS:GS-C2-03-036,Google Scholar,GS-C2-03
REC-01316,GS:GS-B3-03-001,GS:GS-C3-01-083,Google Scholar,GS-C3-01
REC-01318,GS:GS-B3-03-012,GS:GS-C1-02-068,Google Scholar,GS-C1-02
REC-01318,GS:GS-B3-03-012,GS:GS-C2-01-054,Google Scholar,GS-C2-01
REC-01318,GS:GS-B3-03-012,GS:GS-C2-03-060,Google Scholar,GS-C2-03
REC-01318,GS:GS-B3-03-012,GS:GS-C3-01-004,Google Scholar,GS-C3-01
REC-01318,GS:GS-B3-03-012,GS:GS-C3-03-003,Google Scholar,GS-C3-03
REC-01318,GS:GS-B3-03-012,GS:GS-D2-03-012,Google Scholar,GS-D2-03
REC-01318,GS:GS-B3-03-012,ARX:FORMAL-ARXIV-V12-Q-B1:2505.24019v1,arXiv,Q-B1
REC-01318,GS:GS-B3-03-012,ARX:FORMAL-ARXIV-V12-Q-B4:2505.24019v1,arXiv,Q-B4
REC-01318,GS:GS-B3-03-012,ARX:FORMAL-ARXIV-V12-Q-C3:2505.24019v1,arXiv,Q-C3
REC-01318,GS:GS-B3-03-012,ARX:FORMAL-ARXIV-V12-Q-D2:2505.24019v1,arXiv,Q-D2
REC-01318,GS:GS-B3-03-012,ARX:FORMAL-ARXIV-V12-Q-S0:2505.24019v1,arXiv,Q-S0
REC-01319,GS:GS-B3-03-013,GS:GS-B4-04-014,Google Scholar,GS-B4-04
REC-01319,GS:GS-B3-03-013,ARX:FORMAL-ARXIV-V12-Q-B3:2606.06387v1,arXiv,Q-B3
REC-01319,GS:GS-B3-03-013,ARX:FORMAL-ARXIV-V12-Q-D1:2606.06387v1,arXiv,Q-D1
REC-01319,GS:GS-B3-03-013,ARX:FORMAL-ARXIV-V12-Q-D2:2606.06387v1,arXiv,Q-D2
REC-01319,GS:GS-B3-03-013,ARX:FORMAL-ARXIV-V12-Q-S0:2606.06387v1,arXiv,Q-S0
REC-01320,GS:GS-B3-03-014,GS:GS-C1-02-046,Google Scholar,GS-C1-02
REC-01320,GS:GS-B3-03-014,GS:GS-C2-01-053,Google Scholar,GS-C2-01
REC-01320,GS:GS-B3-03-014,GS:GS-C2-03-015,Google Scholar,GS-C2-03
REC-01320,GS:GS-B3-03-014,GS:GS-C3-03-034,Google Scholar,GS-C3-03
REC-01320,GS:GS-B3-03-014,GS:GS-D2-03-072,Google Scholar,GS-D2-03
REC-01321,GS:GS-B3-03-017,GS:GS-C3-03-087,Google Scholar,GS-C3-03
REC-01321,GS:GS-B3-03-017,GS:GS-D2-02-010,Google Scholar,GS-D2-02
REC-01321,GS:GS-B3-03-017,GS:GS-D2-03-009,Google Scholar,GS-D2-03
REC-01321,GS:GS-B3-03-017,GS:GS-D3-03-072,Google Scholar,GS-D3-03
REC-01321,GS:GS-B3-03-017,ARX:FORMAL-ARXIV-V12-Q-C3:2607.21835v1,arXiv,Q-C3
REC-01321,GS:GS-B3-03-017,ARX:FORMAL-ARXIV-V12-Q-D1:2607.21835v1,arXiv,Q-D1
REC-01321,GS:GS-B3-03-017,ARX:FORMAL-ARXIV-V12-Q-D2:2607.21835v1,arXiv,Q-D2
REC-01321,GS:GS-B3-03-017,ARX:FORMAL-ARXIV-V12-Q-S0:2607.21835v1,arXiv,Q-S0
REC-01322,GS:GS-B3-03-022,ARX:FORMAL-ARXIV-V12-Q-D1:2509.25624v3,arXiv,Q-D1
REC-01322,GS:GS-B3-03-022,ARX:FORMAL-ARXIV-V12-Q-D2:2509.25624v3,arXiv,Q-D2
REC-01323,GS:GS-B3-03-023,GS:GS-C1-01-095,Google Scholar,GS-C1-01
REC-01323,GS:GS-B3-03-023,GS:GS-C2-03-065,Google Scholar,GS-C2-03
REC-01323,GS:GS-B3-03-023,GS:GS-C3-03-061,Google Scholar,GS-C3-03
REC-01323,GS:GS-B3-03-023,GS:GS-D2-02-022,Google Scholar,GS-D2-02
REC-01323,GS:GS-B3-03-023,ARX:FORMAL-ARXIV-V12-Q-S0:2510.06445v3,arXiv,Q-S0
REC-01324,GS:GS-B3-03-025,GS:GS-D3-02-049,Google Scholar,GS-D3-02
REC-01324,GS:GS-B3-03-025,ARX:FORMAL-ARXIV-V12-Q-D1:2605.14460v1,arXiv,Q-D1
REC-01324,GS:GS-B3-03-025,ARX:FORMAL-ARXIV-V12-Q-D2:2605.14460v1,arXiv,Q-D2
REC-01324,GS:GS-B3-03-025,ARX:FORMAL-ARXIV-V12-Q-S0:2605.14460v1,arXiv,Q-S0
REC-01325,GS:GS-B3-03-028,GS:GS-B4-04-051,Google Scholar,GS-B4-04
REC-01325,GS:GS-B3-03-028,GS:GS-C3-04-051,Google Scholar,GS-C3-04
REC-01326,GS:GS-B3-03-031,ARX:FORMAL-ARXIV-V12-Q-B1:2509.05755v6,arXiv,Q-B1
REC-01326,GS:GS-B3-03-031,ARX:FORMAL-ARXIV-V12-Q-B3:2509.05755v6,arXiv,Q-B3
REC-01326,GS:GS-B3-03-031,ARX:FORMAL-ARXIV-V12-Q-S0:2509.05755v6,arXiv,Q-S0
REC-01327,GS:GS-B3-03-034,GS:GS-C3-01-025,Google Scholar,GS-C3-01
REC-01327,GS:GS-B3-03-034,ARX:FORMAL-ARXIV-V12-Q-B1:2607.18485v1,arXiv,Q-B1
REC-01327,GS:GS-B3-03-034,ARX:FORMAL-ARXIV-V12-Q-B3:2607.18485v1,arXiv,Q-B3
REC-01327,GS:GS-B3-03-034,ARX:FORMAL-ARXIV-V12-Q-C3:2607.18485v1,arXiv,Q-C3
REC-01327,GS:GS-B3-03-034,ARX:FORMAL-ARXIV-V12-Q-S0:2607.18485v1,arXiv,Q-S0
REC-01330,GS:GS-B3-03-040,GS:GS-C1-02-064,Google Scholar,GS-C1-02
REC-01331,GS:GS-B3-03-043,GS:GS-C2-03-037,Google Scholar,GS-C2-03
REC-01332,GS:GS-B3-03-044,GS:GS-C2-01-011,Google Scholar,GS-C2-01
REC-01332,GS:GS-B3-03-044,GS:GS-C2-03-010,Google Scholar,GS-C2-03
REC-01332,GS:GS-B3-03-044,GS:GS-D2-03-046,Google Scholar,GS-D2-03
REC-01333,GS:GS-B3-03-045,GS:GS-B4-03-037,Google Scholar,GS-B4-03
REC-01333,GS:GS-B3-03-045,GS:GS-B4-04-064,Google Scholar,GS-B4-04
REC-01333,GS:GS-B3-03-045,GS:GS-C3-03-005,Google Scholar,GS-C3-03
REC-01334,GS:GS-B3-03-046,GS:GS-D2-02-002,Google Scholar,GS-D2-02
REC-01334,GS:GS-B3-03-046,ARX:FORMAL-ARXIV-V12-Q-B1:2603.11853v1,arXiv,Q-B1
REC-01334,GS:GS-B3-03-046,ARX:FORMAL-ARXIV-V12-Q-D1:2603.11853v1,arXiv,Q-D1
REC-01334,GS:GS-B3-03-046,ARX:FORMAL-ARXIV-V12-Q-D2:2603.11853v1,arXiv,Q-D2
REC-01334,GS:GS-B3-03-046,ARX:FORMAL-ARXIV-V12-Q-D3:2603.11853v1,arXiv,Q-D3
REC-01334,GS:GS-B3-03-046,ARX:FORMAL-ARXIV-V12-Q-S0:2603.11853v1,arXiv,Q-S0
REC-01335,GS:GS-B3-03-049,GS:GS-C3-03-032,Google Scholar,GS-C3-03
REC-01335,GS:GS-B3-03-049,GS:GS-D2-03-055,Google Scholar,GS-D2-03
REC-01335,GS:GS-B3-03-049,ARX:FORMAL-ARXIV-V12-Q-B1:2509.08646v1,arXiv,Q-B1
REC-01335,GS:GS-B3-03-049,ARX:FORMAL-ARXIV-V12-Q-C3:2509.08646v1,arXiv,Q-C3
REC-01335,GS:GS-B3-03-049,ARX:FORMAL-ARXIV-V12-Q-D2:2509.08646v1,arXiv,Q-D2
REC-01335,GS:GS-B3-03-049,ARX:FORMAL-ARXIV-V12-Q-S0:2509.08646v1,arXiv,Q-S0
REC-01339,GS:GS-B3-03-053,GS:GS-C2-03-068,Google Scholar,GS-C2-03
REC-01340,GS:GS-B3-03-054,ARX:FORMAL-ARXIV-V12-Q-B1:2603.17639v1,arXiv,Q-B1
REC-01340,GS:GS-B3-03-054,ARX:FORMAL-ARXIV-V12-Q-B3:2603.17639v1,arXiv,Q-B3
REC-01341,GS:GS-B3-03-056,ARX:FORMAL-ARXIV-V12-Q-B1:2602.10498v1,arXiv,Q-B1
REC-01341,GS:GS-B3-03-056,ARX:FORMAL-ARXIV-V12-Q-B3:2602.10498v1,arXiv,Q-B3
REC-01341,GS:GS-B3-03-056,ARX:FORMAL-ARXIV-V12-Q-D2:2602.10498v1,arXiv,Q-D2
REC-01341,GS:GS-B3-03-056,ARX:FORMAL-ARXIV-V12-Q-D3:2602.10498v1,arXiv,Q-D3
REC-01341,GS:GS-B3-03-056,ARX:FORMAL-ARXIV-V12-Q-S0:2602.10498v1,arXiv,Q-S0
REC-01342,GS:GS-B3-03-058,GS:GS-C1-02-098,Google Scholar,GS-C1-02
REC-01342,GS:GS-B3-03-058,ARX:FORMAL-ARXIV-V12-Q-B1:2601.10758v3,arXiv,Q-B1
REC-01342,GS:GS-B3-03-058,ARX:FORMAL-ARXIV-V12-Q-S0:2601.10758v3,arXiv,Q-S0
REC-01343,GS:GS-B3-03-059,GS:GS-D2-02-055,Google Scholar,GS-D2-02
REC-01343,GS:GS-B3-03-059,GS:GS-D2-03-097,Google Scholar,GS-D2-03
REC-01343,GS:GS-B3-03-059,ARX:FORMAL-ARXIV-V12-Q-B1:2511.15203v1,arXiv,Q-B1
REC-01343,GS:GS-B3-03-059,ARX:FORMAL-ARXIV-V12-Q-D2:2511.15203v1,arXiv,Q-D2
REC-01343,GS:GS-B3-03-059,ARX:FORMAL-ARXIV-V12-Q-S0:2511.15203v1,arXiv,Q-S0
REC-01344,GS:GS-B3-03-062,GS:GS-C1-01-047,Google Scholar,GS-C1-01
REC-01344,GS:GS-B3-03-062,GS:GS-C1-02-072,Google Scholar,GS-C1-02
REC-01344,GS:GS-B3-03-062,GS:GS-C1-03-079,Google Scholar,GS-C1-03
REC-01344,GS:GS-B3-03-062,GS:GS-C3-03-090,Google Scholar,GS-C3-03
REC-01344,GS:GS-B3-03-062,GS:GS-D2-02-057,Google Scholar,GS-D2-02
REC-01344,GS:GS-B3-03-062,ARX:FORMAL-ARXIV-V12-Q-B3:2605.25435v1,arXiv,Q-B3
REC-01344,GS:GS-B3-03-062,ARX:FORMAL-ARXIV-V12-Q-C1:2605.25435v1,arXiv,Q-C1
REC-01344,GS:GS-B3-03-062,ARX:FORMAL-ARXIV-V12-Q-D2:2605.25435v1,arXiv,Q-D2
REC-01344,GS:GS-B3-03-062,ARX:FORMAL-ARXIV-V12-Q-S0:2605.25435v1,arXiv,Q-S0
REC-01345,GS:GS-B3-03-064,ARX:FORMAL-ARXIV-V12-Q-D1:2502.09809v1,arXiv,Q-D1
REC-01345,GS:GS-B3-03-064,ARX:FORMAL-ARXIV-V12-Q-S0:2502.09809v1,arXiv,Q-S0
REC-01346,GS:GS-B3-03-065,GS:GS-C1-02-033,Google Scholar,GS-C1-02
REC-01346,GS:GS-B3-03-065,ARX:FORMAL-ARXIV-V12-Q-C1:2605.03228v1,arXiv,Q-C1
REC-01346,GS:GS-B3-03-065,ARX:FORMAL-ARXIV-V12-Q-D2:2605.03228v1,arXiv,Q-D2
REC-01346,GS:GS-B3-03-065,ARX:FORMAL-ARXIV-V12-Q-S0:2605.03228v1,arXiv,Q-S0
REC-01348,GS:GS-B3-03-068,ARX:FORMAL-ARXIV-V12-Q-B3:2504.03111v3,arXiv,Q-B3
REC-01348,GS:GS-B3-03-068,ARX:FORMAL-ARXIV-V12-Q-D2:2504.03111v3,arXiv,Q-D2
REC-01349,GS:GS-B3-03-073,GS:GS-C1-02-093,Google Scholar,GS-C1-02
REC-01349,GS:GS-B3-03-073,GS:GS-C2-03-097,Google Scholar,GS-C2-03
REC-01351,GS:GS-B3-03-076,GS:GS-C1-02-083,Google Scholar,GS-C1-02
REC-01351,GS:GS-B3-03-076,GS:GS-C2-03-054,Google Scholar,GS-C2-03
REC-01351,GS:GS-B3-03-076,GS:GS-D2-02-049,Google Scholar,GS-D2-02
REC-01351,GS:GS-B3-03-076,ARX:FORMAL-ARXIV-V12-Q-D1:2607.09756v1,arXiv,Q-D1
REC-01352,GS:GS-B3-03-079,GS:GS-D2-02-098,Google Scholar,GS-D2-02
REC-01352,GS:GS-B3-03-079,ARX:FORMAL-ARXIV-V12-Q-B1:2603.28807v1,arXiv,Q-B1
REC-01352,GS:GS-B3-03-079,ARX:FORMAL-ARXIV-V12-Q-C2:2603.28807v1,arXiv,Q-C2
REC-01352,GS:GS-B3-03-079,ARX:FORMAL-ARXIV-V12-Q-C3:2603.28807v1,arXiv,Q-C3
REC-01352,GS:GS-B3-03-079,ARX:FORMAL-ARXIV-V12-Q-S0:2603.28807v1,arXiv,Q-S0
REC-01353,GS:GS-B3-03-080,GS:GS-C1-01-075,Google Scholar,GS-C1-01
REC-01353,GS:GS-B3-03-080,GS:GS-C3-04-041,Google Scholar,GS-C3-04
REC-01353,GS:GS-B3-03-080,ARX:FORMAL-ARXIV-V12-Q-C2:2603.07496v2,arXiv,Q-C2
REC-01353,GS:GS-B3-03-080,ARX:FORMAL-ARXIV-V12-Q-D2:2603.07496v2,arXiv,Q-D2
REC-01353,GS:GS-B3-03-080,ARX:FORMAL-ARXIV-V12-Q-S0:2603.07496v2,arXiv,Q-S0
REC-01354,GS:GS-B3-03-081,ARX:FORMAL-ARXIV-V12-Q-D2:2312.00374v3,arXiv,Q-D2
REC-01356,GS:GS-B3-03-084,ARX:FORMAL-ARXIV-V12-Q-D2:2512.00136v1,arXiv,Q-D2
REC-01357,GS:GS-B3-03-088,ARX:FORMAL-ARXIV-V12-Q-D1:2511.21990v1,arXiv,Q-D1
REC-01357,GS:GS-B3-03-088,ARX:FORMAL-ARXIV-V12-Q-D2:2511.21990v1,arXiv,Q-D2
REC-01357,GS:GS-B3-03-088,ARX:FORMAL-ARXIV-V12-Q-D3:2511.21990v1,arXiv,Q-D3
REC-01357,GS:GS-B3-03-088,ARX:FORMAL-ARXIV-V12-Q-S0:2511.21990v1,arXiv,Q-S0
REC-01358,GS:GS-B3-03-092,GS:GS-C2-01-081,Google Scholar,GS-C2-01
REC-01358,GS:GS-B3-03-092,GS:GS-C2-03-017,Google Scholar,GS-C2-03
REC-01358,GS:GS-B3-03-092,ARX:FORMAL-ARXIV-V12-Q-C2:2606.12474v1,arXiv,Q-C2
REC-01358,GS:GS-B3-03-092,ARX:FORMAL-ARXIV-V12-Q-S0:2606.12474v1,arXiv,Q-S0
REC-01359,GS:GS-B3-03-093,GS:GS-D3-02-022,Google Scholar,GS-D3-02
REC-01362,GS:GS-B3-03-099,ARX:FORMAL-ARXIV-V12-Q-C2:2605.21694v1,arXiv,Q-C2
REC-01362,GS:GS-B3-03-099,ARX:FORMAL-ARXIV-V12-Q-S0:2605.21694v1,arXiv,Q-S0
REC-01363,GS:GS-B3-03-100,ARX:FORMAL-ARXIV-V12-Q-B1:2605.01143v2,arXiv,Q-B1
REC-01364,GS:GS-B4-01-001,GS:GS-B4-02-001,Google Scholar,GS-B4-02
REC-01364,GS:GS-B4-01-001,GS:GS-B4-03-012,Google Scholar,GS-B4-03
REC-01364,GS:GS-B4-01-001,GS:GS-B4-04-029,Google Scholar,GS-B4-04
REC-01365,GS:GS-B4-01-002,GS:GS-B4-02-015,Google Scholar,GS-B4-02
REC-01365,GS:GS-B4-01-002,GS:GS-B4-03-017,Google Scholar,GS-B4-03
REC-01365,GS:GS-B4-01-002,GS:GS-B4-04-001,Google Scholar,GS-B4-04
REC-01366,GS:GS-B4-01-003,GS:GS-B4-02-004,Google Scholar,GS-B4-02
REC-01366,GS:GS-B4-01-003,GS:GS-B4-04-002,Google Scholar,GS-B4-04
REC-01367,GS:GS-B4-01-004,GS:GS-B4-02-019,Google Scholar,GS-B4-02
REC-01368,GS:GS-B4-01-006,GS:GS-B4-02-007,Google Scholar,GS-B4-02
REC-01368,GS:GS-B4-01-006,GS:GS-B4-03-028,Google Scholar,GS-B4-03
REC-01369,GS:GS-B4-01-010,GS:GS-B4-02-008,Google Scholar,GS-B4-02
REC-01369,GS:GS-B4-01-010,GS:GS-B4-03-003,Google Scholar,GS-B4-03
REC-01369,GS:GS-B4-01-010,GS:GS-B4-04-032,Google Scholar,GS-B4-04
REC-01369,GS:GS-B4-01-010,ARX:FORMAL-ARXIV-V12-Q-B3:2511.20920v1,arXiv,Q-B3
REC-01369,GS:GS-B4-01-010,ARX:FORMAL-ARXIV-V12-Q-B4:2511.20920v1,arXiv,Q-B4
REC-01369,GS:GS-B4-01-010,ARX:FORMAL-ARXIV-V12-Q-C3:2511.20920v1,arXiv,Q-C3
REC-01369,GS:GS-B4-01-010,ARX:FORMAL-ARXIV-V12-Q-S0:2511.20920v1,arXiv,Q-S0
REC-01370,GS:GS-B4-01-011,GS:GS-B4-02-016,Google Scholar,GS-B4-02
REC-01370,GS:GS-B4-01-011,GS:GS-B4-03-064,Google Scholar,GS-B4-03
REC-01370,GS:GS-B4-01-011,GS:GS-B4-04-069,Google Scholar,GS-B4-04
REC-01370,GS:GS-B4-01-011,ARX:FORMAL-ARXIV-V12-Q-B1:2602.01129v1,arXiv,Q-B1
REC-01370,GS:GS-B4-01-011,ARX:FORMAL-ARXIV-V12-Q-B3:2602.01129v1,arXiv,Q-B3
REC-01370,GS:GS-B4-01-011,ARX:FORMAL-ARXIV-V12-Q-B4:2602.01129v1,arXiv,Q-B4
REC-01370,GS:GS-B4-01-011,ARX:FORMAL-ARXIV-V12-Q-D1:2602.01129v1,arXiv,Q-D1
REC-01370,GS:GS-B4-01-011,ARX:FORMAL-ARXIV-V12-Q-D2:2602.01129v1,arXiv,Q-D2
REC-01371,GS:GS-B4-01-012,GS:GS-B4-02-024,Google Scholar,GS-B4-02
REC-01371,GS:GS-B4-01-012,ARX:FORMAL-ARXIV-V12-Q-B4:2509.25292v3,arXiv,Q-B4
REC-01372,GS:GS-B4-01-013,GS:GS-B4-02-026,Google Scholar,GS-B4-02
REC-01372,GS:GS-B4-01-013,ARX:FORMAL-ARXIV-V12-Q-B4:2509.22814v1,arXiv,Q-B4
REC-01373,GS:GS-B4-01-014,GS:GS-B4-02-010,Google Scholar,GS-B4-02
REC-01374,GS:GS-B4-01-015,GS:GS-B4-02-022,Google Scholar,GS-B4-02
REC-01375,GS:GS-B4-01-016,GS:GS-B4-02-017,Google Scholar,GS-B4-02
REC-01375,GS:GS-B4-01-016,GS:GS-B4-03-006,Google Scholar,GS-B4-03
REC-01376,GS:GS-B4-01-017,GS:GS-B4-02-021,Google Scholar,GS-B4-02
REC-01376,GS:GS-B4-01-017,GS:GS-B4-04-098,Google Scholar,GS-B4-04
REC-01376,GS:GS-B4-01-017,GS:GS-C1-01-068,Google Scholar,GS-C1-01
REC-01376,GS:GS-B4-01-017,GS:GS-C1-03-088,Google Scholar,GS-C1-03
REC-01377,GS:GS-B4-01-018,GS:GS-B4-02-025,Google Scholar,GS-B4-02
REC-01377,GS:GS-B4-01-018,GS:GS-B4-04-063,Google Scholar,GS-B4-04
REC-01378,GS:GS-B4-01-019,GS:GS-B4-02-020,Google Scholar,GS-B4-02
REC-01378,GS:GS-B4-01-019,GS:GS-B4-03-066,Google Scholar,GS-B4-03
REC-01378,GS:GS-B4-01-019,GS:GS-B4-04-082,Google Scholar,GS-B4-04
REC-01379,GS:GS-B4-01-020,GS:GS-B4-02-052,Google Scholar,GS-B4-02
REC-01380,GS:GS-B4-01-021,GS:GS-B4-02-018,Google Scholar,GS-B4-02
REC-01381,GS:GS-B4-01-022,GS:GS-B4-02-033,Google Scholar,GS-B4-02
REC-01381,GS:GS-B4-01-022,GS:GS-B4-04-080,Google Scholar,GS-B4-04
REC-01382,GS:GS-B4-01-023,GS:GS-B4-02-031,Google Scholar,GS-B4-02
REC-01383,GS:GS-B4-01-024,GS:GS-B4-02-037,Google Scholar,GS-B4-02
REC-01383,GS:GS-B4-01-024,GS:GS-B4-03-046,Google Scholar,GS-B4-03
REC-01383,GS:GS-B4-01-024,GS:GS-B4-04-084,Google Scholar,GS-B4-04
REC-01383,GS:GS-B4-01-024,ARX:FORMAL-ARXIV-V12-Q-B4:2602.14281v3,arXiv,Q-B4
REC-01383,GS:GS-B4-01-024,ARX:FORMAL-ARXIV-V12-Q-S0:2602.14281v3,arXiv,Q-S0
REC-01384,GS:GS-B4-01-025,GS:GS-B4-02-041,Google Scholar,GS-B4-02
REC-01385,GS:GS-B4-01-026,GS:GS-B4-02-030,Google Scholar,GS-B4-02
REC-01385,GS:GS-B4-01-026,GS:GS-B4-03-001,Google Scholar,GS-B4-03
REC-01385,GS:GS-B4-01-026,ARX:FORMAL-ARXIV-V12-Q-B4:2504.03767v2,arXiv,Q-B4
REC-01385,GS:GS-B4-01-026,ARX:FORMAL-ARXIV-V12-Q-C3:2504.03767v2,arXiv,Q-C3
REC-01385,GS:GS-B4-01-026,ARX:FORMAL-ARXIV-V12-Q-S0:2504.03767v2,arXiv,Q-S0
REC-01386,GS:GS-B4-01-028,GS:GS-B4-02-013,Google Scholar,GS-B4-02
REC-01386,GS:GS-B4-01-028,GS:GS-B4-03-089,Google Scholar,GS-B4-03
REC-01386,GS:GS-B4-01-028,GS:GS-B4-04-023,Google Scholar,GS-B4-04
REC-01386,GS:GS-B4-01-028,ARX:FORMAL-ARXIV-V12-Q-B1:2603.18063v1,arXiv,Q-B1
REC-01386,GS:GS-B4-01-028,ARX:FORMAL-ARXIV-V12-Q-B3:2603.18063v1,arXiv,Q-B3
REC-01386,GS:GS-B4-01-028,ARX:FORMAL-ARXIV-V12-Q-B4:2603.18063v1,arXiv,Q-B4
REC-01387,GS:GS-B4-01-031,GS:GS-B4-02-056,Google Scholar,GS-B4-02
REC-01387,GS:GS-B4-01-031,GS:GS-B4-03-087,Google Scholar,GS-B4-03
REC-01387,GS:GS-B4-01-031,GS:GS-C2-02-004,Google Scholar,GS-C2-02
REC-01387,GS:GS-B4-01-031,ARX:FORMAL-ARXIV-V12-Q-B4:2505.02279v2,arXiv,Q-B4
REC-01387,GS:GS-B4-01-031,ARX:FORMAL-ARXIV-V12-Q-C2:2505.02279v2,arXiv,Q-C2
REC-01389,GS:GS-B4-01-033,GS:GS-B4-02-029,Google Scholar,GS-B4-02
REC-01389,GS:GS-B4-01-033,GS:GS-B4-04-010,Google Scholar,GS-B4-04
REC-01389,GS:GS-B4-01-033,ARX:FORMAL-ARXIV-V12-Q-B4:2604.07551v1,arXiv,Q-B4
REC-01389,GS:GS-B4-01-033,ARX:FORMAL-ARXIV-V12-Q-S0:2604.07551v1,arXiv,Q-S0
REC-01390,GS:GS-B4-01-034,GS:GS-B4-02-055,Google Scholar,GS-B4-02
REC-01391,GS:GS-B4-01-035,GS:GS-B4-02-059,Google Scholar,GS-B4-02
REC-01392,GS:GS-B4-01-036,GS:GS-B4-02-035,Google Scholar,GS-B4-02
REC-01392,GS:GS-B4-01-036,ARX:FORMAL-ARXIV-V12-Q-B4:2508.13220v3,arXiv,Q-B4
REC-01392,GS:GS-B4-01-036,ARX:FORMAL-ARXIV-V12-Q-D1:2508.13220v3,arXiv,Q-D1
REC-01393,GS:GS-B4-01-037,GS:GS-B4-02-036,Google Scholar,GS-B4-02
REC-01394,GS:GS-B4-01-039,GS:GS-B4-02-046,Google Scholar,GS-B4-02
REC-01396,GS:GS-B4-01-042,GS:GS-B4-02-028,Google Scholar,GS-B4-02
REC-01397,GS:GS-B4-01-043,GS:GS-B4-02-058,Google Scholar,GS-B4-02
REC-01399,GS:GS-B4-01-045,GS:GS-B4-02-048,Google Scholar,GS-B4-02
REC-01399,GS:GS-B4-01-045,GS:GS-B4-03-082,Google Scholar,GS-B4-03
REC-01399,GS:GS-B4-01-045,GS:GS-B4-04-088,Google Scholar,GS-B4-04
REC-01400,GS:GS-B4-01-046,GS:GS-B4-02-053,Google Scholar,GS-B4-02
REC-01400,GS:GS-B4-01-046,GS:GS-B4-03-038,Google Scholar,GS-B4-03
REC-01400,GS:GS-B4-01-046,GS:GS-B4-04-013,Google Scholar,GS-B4-04
REC-01401,GS:GS-B4-01-047,GS:GS-B4-02-051,Google Scholar,GS-B4-02
REC-01401,GS:GS-B4-01-047,GS:GS-B4-03-086,Google Scholar,GS-B4-03
REC-01401,GS:GS-B4-01-047,GS:GS-D2-02-075,Google Scholar,GS-D2-02
REC-01402,GS:GS-B4-01-048,GS:GS-B4-02-049,Google Scholar,GS-B4-02
REC-01403,GS:GS-B4-01-050,GS:GS-B4-02-084,Google Scholar,GS-B4-02
REC-01403,GS:GS-B4-01-050,GS:GS-D2-02-053,Google Scholar,GS-D2-02
REC-01404,GS:GS-B4-01-051,ARX:FORMAL-ARXIV-V12-Q-B4:2603.05637v2,arXiv,Q-B4
REC-01405,GS:GS-B4-01-052,GS:GS-B4-02-054,Google Scholar,GS-B4-02
REC-01405,GS:GS-B4-01-052,GS:GS-B4-03-061,Google Scholar,GS-B4-03
REC-01405,GS:GS-B4-01-052,GS:GS-B4-04-089,Google Scholar,GS-B4-04
REC-01405,GS:GS-B4-01-052,ARX:FORMAL-ARXIV-V12-Q-B4:2605.24248v2,arXiv,Q-B4
REC-01405,GS:GS-B4-01-052,ARX:FORMAL-ARXIV-V12-Q-D1:2605.24248v2,arXiv,Q-D1
REC-01406,GS:GS-B4-01-053,GS:GS-B4-02-044,Google Scholar,GS-B4-02
REC-01407,GS:GS-B4-01-054,GS:GS-B4-02-072,Google Scholar,GS-B4-02
REC-01408,GS:GS-B4-01-055,GS:GS-B4-02-079,Google Scholar,GS-B4-02
REC-01409,GS:GS-B4-01-056,GS:GS-B4-02-063,Google Scholar,GS-B4-02
REC-01409,GS:GS-B4-01-056,ARX:FORMAL-ARXIV-V12-Q-B4:2603.13417v1,arXiv,Q-B4
REC-01409,GS:GS-B4-01-056,ARX:FORMAL-ARXIV-V12-Q-D3:2603.13417v1,arXiv,Q-D3
REC-01410,GS:GS-B4-01-057,GS:GS-B4-02-078,Google Scholar,GS-B4-02
REC-01411,GS:GS-B4-01-058,GS:GS-B4-02-092,Google Scholar,GS-B4-02
REC-01411,GS:GS-B4-01-058,GS:GS-C3-02-018,Google Scholar,GS-C3-02
REC-01412,GS:GS-B4-01-059,GS:GS-B4-02-040,Google Scholar,GS-B4-02
REC-01412,GS:GS-B4-01-059,GS:GS-B4-03-092,Google Scholar,GS-B4-03
REC-01413,GS:GS-B4-01-060,GS:GS-B4-02-034,Google Scholar,GS-B4-02
REC-01414,GS:GS-B4-01-062,GS:GS-B4-02-042,Google Scholar,GS-B4-02
REC-01414,GS:GS-B4-01-062,GS:GS-B4-04-073,Google Scholar,GS-B4-04
REC-01414,GS:GS-B4-01-062,ACL:FORMAL-ACL-V12-Q-B1:xing-etal-2026-mcp,ACL Anthology,Q-B1
REC-01414,GS:GS-B4-01-062,ACL:FORMAL-ACL-V12-Q-B4:xing-etal-2026-mcp,ACL Anthology,Q-B4
REC-01414,GS:GS-B4-01-062,ACL:FORMAL-ACL-V12-Q-D2:xing-etal-2026-mcp,ACL Anthology,Q-D2
REC-01414,GS:GS-B4-01-062,ACL:FORMAL-ACL-V12-Q-S0:xing-etal-2026-mcp,ACL Anthology,Q-S0
REC-01415,GS:GS-B4-01-063,GS:GS-B4-02-070,Google Scholar,GS-B4-02
REC-01415,GS:GS-B4-01-063,ARX:FORMAL-ARXIV-V12-Q-B4:2512.03775v1,arXiv,Q-B4
REC-01416,GS:GS-B4-01-064,GS:GS-B4-02-068,Google Scholar,GS-B4-02
REC-01417,GS:GS-B4-01-065,GS:GS-B4-02-064,Google Scholar,GS-B4-02
REC-01418,GS:GS-B4-01-066,GS:GS-B4-02-039,Google Scholar,GS-B4-02
REC-01418,GS:GS-B4-01-066,GS:GS-B4-04-058,Google Scholar,GS-B4-04
REC-01419,GS:GS-B4-01-067,GS:GS-B4-02-061,Google Scholar,GS-B4-02
REC-01419,GS:GS-B4-01-067,ARX:FORMAL-ARXIV-V12-Q-B4:2606.05339v1,arXiv,Q-B4
REC-01420,GS:GS-B4-01-068,GS:GS-B4-02-065,Google Scholar,GS-B4-02
REC-01420,GS:GS-B4-01-068,GS:GS-B4-03-083,Google Scholar,GS-B4-03
REC-01420,GS:GS-B4-01-068,GS:GS-C2-02-034,Google Scholar,GS-C2-02
REC-01421,GS:GS-B4-01-069,GS:GS-B4-02-069,Google Scholar,GS-B4-02
REC-01421,GS:GS-B4-01-069,GS:GS-C2-02-063,Google Scholar,GS-C2-02
REC-01423,GS:GS-B4-01-071,GS:GS-B4-02-083,Google Scholar,GS-B4-02
REC-01423,GS:GS-B4-01-071,ARX:FORMAL-ARXIV-V12-Q-B4:2512.14737v1,arXiv,Q-B4
REC-01423,GS:GS-B4-01-071,ARX:FORMAL-ARXIV-V12-Q-C2:2512.14737v1,arXiv,Q-C2
REC-01426,GS:GS-B4-01-074,GS:GS-B4-02-081,Google Scholar,GS-B4-02
REC-01427,GS:GS-B4-01-076,GS:GS-B4-02-075,Google Scholar,GS-B4-02
REC-01428,GS:GS-B4-01-077,GS:GS-B4-02-067,Google Scholar,GS-B4-02
REC-01428,GS:GS-B4-01-077,ACL:FORMAL-ACL-V12-Q-B4:jing-etal-2025-mcip,ACL Anthology,Q-B4
REC-01428,GS:GS-B4-01-077,ACL:FORMAL-ACL-V12-Q-S0:jing-etal-2025-mcip,ACL Anthology,Q-S0
REC-01429,GS:GS-B4-01-078,ARX:FORMAL-ARXIV-V12-Q-B4:2508.18489v1,arXiv,Q-B4
REC-01430,GS:GS-B4-01-080,GS:GS-C2-02-010,Google Scholar,GS-C2-02
REC-01430,GS:GS-B4-01-080,ARX:FORMAL-ARXIV-V12-Q-B4:2602.15055v1,arXiv,Q-B4
REC-01430,GS:GS-B4-01-080,ARX:FORMAL-ARXIV-V12-Q-C2:2602.15055v1,arXiv,Q-C2
REC-01430,GS:GS-B4-01-080,ARX:FORMAL-ARXIV-V12-Q-S0:2602.15055v1,arXiv,Q-S0
REC-01431,GS:GS-B4-01-081,GS:GS-B4-02-077,Google Scholar,GS-B4-02
REC-01433,GS:GS-B4-01-083,GS:GS-B4-02-045,Google Scholar,GS-B4-02
REC-01433,GS:GS-B4-01-083,ARX:FORMAL-ARXIV-V12-Q-B1:2603.24203v1,arXiv,Q-B1
REC-01433,GS:GS-B4-01-083,ARX:FORMAL-ARXIV-V12-Q-B4:2603.24203v1,arXiv,Q-B4
REC-01435,GS:GS-B4-01-085,GS:GS-B4-02-091,Google Scholar,GS-B4-02
REC-01435,GS:GS-B4-01-085,GS:GS-B4-03-076,Google Scholar,GS-B4-03
REC-01435,GS:GS-B4-01-085,ARX:FORMAL-ARXIV-V12-Q-B3:2602.14878v3,arXiv,Q-B3
REC-01435,GS:GS-B4-01-085,ARX:FORMAL-ARXIV-V12-Q-D3:2602.14878v3,arXiv,Q-D3
REC-01438,GS:GS-B4-01-088,GS:GS-B4-02-071,Google Scholar,GS-B4-02
REC-01438,GS:GS-B4-01-088,GS:GS-B4-03-051,Google Scholar,GS-B4-03
REC-01439,GS:GS-B4-01-089,GS:GS-B4-02-003,Google Scholar,GS-B4-02
REC-01440,GS:GS-B4-01-090,GS:GS-B4-02-073,Google Scholar,GS-B4-02
REC-01440,GS:GS-B4-01-090,ARX:FORMAL-ARXIV-V12-Q-B4:2605.05260v1,arXiv,Q-B4
REC-01441,GS:GS-B4-01-091,GS:GS-B4-02-089,Google Scholar,GS-B4-02
REC-01442,GS:GS-B4-01-092,GS:GS-B4-02-099,Google Scholar,GS-B4-02
REC-01442,GS:GS-B4-01-092,ARX:FORMAL-ARXIV-V12-Q-B4:2606.09182v1,arXiv,Q-B4
REC-01444,GS:GS-B4-01-094,GS:GS-B4-02-086,Google Scholar,GS-B4-02
REC-01444,GS:GS-B4-01-094,ARX:FORMAL-ARXIV-V12-Q-D1:2602.18764v2,arXiv,Q-D1
REC-01446,GS:GS-B4-01-096,GS:GS-B4-02-062,Google Scholar,GS-B4-02
REC-01447,GS:GS-B4-01-097,GS:GS-B4-02-074,Google Scholar,GS-B4-02
REC-01448,GS:GS-B4-01-098,GS:GS-B4-02-090,Google Scholar,GS-B4-02
REC-01449,GS:GS-B4-01-099,GS:GS-B4-02-060,Google Scholar,GS-B4-02
REC-01449,GS:GS-B4-01-099,GS:GS-B4-04-045,Google Scholar,GS-B4-04
REC-01449,GS:GS-B4-01-099,ARX:FORMAL-ARXIV-V12-Q-B4:2604.13849v1,arXiv,Q-B4
REC-01450,GS:GS-B4-01-100,GS:GS-B4-02-057,Google Scholar,GS-B4-02
REC-01453,GS:GS-B4-02-082,ARX:FORMAL-ARXIV-V12-Q-B1:2605.26159v1,arXiv,Q-B1
REC-01453,GS:GS-B4-02-082,ARX:FORMAL-ARXIV-V12-Q-B4:2605.26159v1,arXiv,Q-B4
REC-01454,GS:GS-B4-02-085,GS:GS-B4-04-061,Google Scholar,GS-B4-04
REC-01461,GS:GS-B4-02-098,GS:GS-C2-02-009,Google Scholar,GS-C2-02
REC-01462,GS:GS-B4-02-100,GS:GS-B4-03-052,Google Scholar,GS-B4-03
REC-01462,GS:GS-B4-02-100,GS:GS-B4-04-048,Google Scholar,GS-B4-04
REC-01463,GS:GS-B4-03-002,GS:GS-B4-04-030,Google Scholar,GS-B4-04
REC-01463,GS:GS-B4-03-002,ARX:FORMAL-ARXIV-V12-Q-B3:2504.12757v2,arXiv,Q-B3
REC-01463,GS:GS-B4-03-002,ARX:FORMAL-ARXIV-V12-Q-B4:2504.12757v2,arXiv,Q-B4
REC-01463,GS:GS-B4-03-002,ARX:FORMAL-ARXIV-V12-Q-D2:2504.12757v2,arXiv,Q-D2
REC-01463,GS:GS-B4-03-002,ARX:FORMAL-ARXIV-V12-Q-S0:2504.12757v2,arXiv,Q-S0
REC-01464,GS:GS-B4-03-004,GS:GS-B4-04-037,Google Scholar,GS-B4-04
REC-01465,GS:GS-B4-03-007,GS:GS-B4-04-026,Google Scholar,GS-B4-04
REC-01465,GS:GS-B4-03-007,ARX:FORMAL-ARXIV-V12-Q-B4:2607.11086v1,arXiv,Q-B4
REC-01465,GS:GS-B4-03-007,ARX:FORMAL-ARXIV-V12-Q-S0:2607.11086v1,arXiv,Q-S0
REC-01466,GS:GS-B4-03-008,GS:GS-B4-04-028,Google Scholar,GS-B4-04
REC-01467,GS:GS-B4-03-009,GS:GS-B4-04-053,Google Scholar,GS-B4-04
REC-01471,GS:GS-B4-03-015,GS:GS-B4-04-057,Google Scholar,GS-B4-04
REC-01472,GS:GS-B4-03-016,GS:GS-B4-04-077,Google Scholar,GS-B4-04
REC-01472,GS:GS-B4-03-016,ARX:FORMAL-ARXIV-V12-Q-B4:2605.22333v1,arXiv,Q-B4
REC-01472,GS:GS-B4-03-016,ARX:FORMAL-ARXIV-V12-Q-C3:2605.22333v1,arXiv,Q-C3
REC-01472,GS:GS-B4-03-016,ARX:FORMAL-ARXIV-V12-Q-S0:2605.22333v1,arXiv,Q-S0
REC-01474,GS:GS-B4-03-019,GS:GS-B4-04-019,Google Scholar,GS-B4-04
REC-01476,GS:GS-B4-03-021,GS:GS-C2-02-061,Google Scholar,GS-C2-02
REC-01477,GS:GS-B4-03-022,GS:GS-B4-04-066,Google Scholar,GS-B4-04
REC-01477,GS:GS-B4-03-022,GS:GS-C2-02-014,Google Scholar,GS-C2-02
REC-01477,GS:GS-B4-03-022,ARX:FORMAL-ARXIV-V12-Q-B4:2602.11327v2,arXiv,Q-B4
REC-01477,GS:GS-B4-03-022,ARX:FORMAL-ARXIV-V12-Q-C2:2602.11327v2,arXiv,Q-C2
REC-01477,GS:GS-B4-03-022,ARX:FORMAL-ARXIV-V12-Q-S0:2602.11327v2,arXiv,Q-S0
REC-01479,GS:GS-B4-03-025,GS:GS-B4-04-017,Google Scholar,GS-B4-04
REC-01479,GS:GS-B4-03-025,ARX:FORMAL-ARXIV-V12-Q-B3:2604.21477v2,arXiv,Q-B3
REC-01479,GS:GS-B4-03-025,ARX:FORMAL-ARXIV-V12-Q-B4:2604.21477v2,arXiv,Q-B4
REC-01479,GS:GS-B4-03-025,ARX:FORMAL-ARXIV-V12-Q-C3:2604.21477v2,arXiv,Q-C3
REC-01479,GS:GS-B4-03-025,ARX:FORMAL-ARXIV-V12-Q-D1:2604.21477v2,arXiv,Q-D1
REC-01479,GS:GS-B4-03-025,ARX:FORMAL-ARXIV-V12-Q-D2:2604.21477v2,arXiv,Q-D2
REC-01479,GS:GS-B4-03-025,ARX:FORMAL-ARXIV-V12-Q-S0:2604.21477v2,arXiv,Q-S0
REC-01480,GS:GS-B4-03-026,ARX:FORMAL-ARXIV-V12-Q-B4:2504.19997v1,arXiv,Q-B4
REC-01480,GS:GS-B4-03-026,ARX:FORMAL-ARXIV-V12-Q-D2:2504.19997v1,arXiv,Q-D2
REC-01480,GS:GS-B4-03-026,ARX:FORMAL-ARXIV-V12-Q-S0:2504.19997v1,arXiv,Q-S0
REC-01481,GS:GS-B4-03-027,GS:GS-B4-04-059,Google Scholar,GS-B4-04
REC-01482,GS:GS-B4-03-029,GS:GS-C3-04-100,Google Scholar,GS-C3-04
REC-01482,GS:GS-B4-03-029,ARX:FORMAL-ARXIV-V12-Q-B4:2603.10194v1,arXiv,Q-B4
REC-01482,GS:GS-B4-03-029,ARX:FORMAL-ARXIV-V12-Q-D2:2603.10194v1,arXiv,Q-D2
REC-01482,GS:GS-B4-03-029,ARX:FORMAL-ARXIV-V12-Q-D3:2603.10194v1,arXiv,Q-D3
REC-01482,GS:GS-B4-03-029,ARX:FORMAL-ARXIV-V12-Q-S0:2603.10194v1,arXiv,Q-S0
REC-01483,GS:GS-B4-03-031,GS:GS-B4-04-011,Google Scholar,GS-B4-04
REC-01484,GS:GS-B4-03-032,ARX:FORMAL-ARXIV-V12-Q-B3:2606.29073v1,arXiv,Q-B3
REC-01484,GS:GS-B4-03-032,ARX:FORMAL-ARXIV-V12-Q-B4:2606.29073v1,arXiv,Q-B4
REC-01484,GS:GS-B4-03-032,ARX:FORMAL-ARXIV-V12-Q-C3:2606.29073v1,arXiv,Q-C3
REC-01484,GS:GS-B4-03-032,ARX:FORMAL-ARXIV-V12-Q-S0:2606.29073v1,arXiv,Q-S0
REC-01485,GS:GS-B4-03-033,GS:GS-B4-04-091,Google Scholar,GS-B4-04
REC-01486,GS:GS-B4-03-034,GS:GS-B4-04-068,Google Scholar,GS-B4-04
REC-01487,GS:GS-B4-03-035,ARX:FORMAL-ARXIV-V12-Q-B3:2507.19880v1,arXiv,Q-B3
REC-01487,GS:GS-B4-03-035,ARX:FORMAL-ARXIV-V12-Q-B4:2507.19880v1,arXiv,Q-B4
REC-01487,GS:GS-B4-03-035,ARX:FORMAL-ARXIV-V12-Q-D2:2507.19880v1,arXiv,Q-D2
REC-01488,GS:GS-B4-03-036,GS:GS-B4-04-049,Google Scholar,GS-B4-04
REC-01489,GS:GS-B4-03-039,GS:GS-B4-04-021,Google Scholar,GS-B4-04
REC-01489,GS:GS-B4-03-039,ARX:FORMAL-ARXIV-V12-Q-B3:2607.07461v1,arXiv,Q-B3
REC-01489,GS:GS-B4-03-039,ARX:FORMAL-ARXIV-V12-Q-B4:2607.07461v1,arXiv,Q-B4
REC-01489,GS:GS-B4-03-039,ARX:FORMAL-ARXIV-V12-Q-D2:2607.07461v1,arXiv,Q-D2
REC-01489,GS:GS-B4-03-039,ARX:FORMAL-ARXIV-V12-Q-S0:2607.07461v1,arXiv,Q-S0
REC-01490,GS:GS-B4-03-042,GS:GS-B4-04-020,Google Scholar,GS-B4-04
REC-01490,GS:GS-B4-03-042,ARX:FORMAL-ARXIV-V12-Q-B4:2603.21641v1,arXiv,Q-B4
REC-01490,GS:GS-B4-03-042,ARX:FORMAL-ARXIV-V12-Q-S0:2603.21641v1,arXiv,Q-S0
REC-01491,GS:GS-B4-03-043,GS:GS-B4-04-078,Google Scholar,GS-B4-04
REC-01500,GS:GS-B4-03-056,GS:GS-B4-04-041,Google Scholar,GS-B4-04
REC-01500,GS:GS-B4-03-056,ARX:FORMAL-ARXIV-V12-Q-B4:2607.14754v1,arXiv,Q-B4
REC-01500,GS:GS-B4-03-056,ARX:FORMAL-ARXIV-V12-Q-D1:2607.14754v1,arXiv,Q-D1
REC-01500,GS:GS-B4-03-056,ARX:FORMAL-ARXIV-V12-Q-D2:2607.14754v1,arXiv,Q-D2
REC-01500,GS:GS-B4-03-056,ARX:FORMAL-ARXIV-V12-Q-D3:2607.14754v1,arXiv,Q-D3
REC-01500,GS:GS-B4-03-056,ARX:FORMAL-ARXIV-V12-Q-S0:2607.14754v1,arXiv,Q-S0
REC-01505,GS:GS-B4-03-067,ARX:FORMAL-ARXIV-V12-Q-B4:2603.24775v1,arXiv,Q-B4
REC-01505,GS:GS-B4-03-067,ARX:FORMAL-ARXIV-V12-Q-C2:2603.24775v1,arXiv,Q-C2
REC-01505,GS:GS-B4-03-067,ARX:FORMAL-ARXIV-V12-Q-C3:2603.24775v1,arXiv,Q-C3
REC-01505,GS:GS-B4-03-067,ARX:FORMAL-ARXIV-V12-Q-D1:2603.24775v1,arXiv,Q-D1
REC-01505,GS:GS-B4-03-067,ARX:FORMAL-ARXIV-V12-Q-D2:2603.24775v1,arXiv,Q-D2
REC-01506,GS:GS-B4-03-068,GS:GS-B4-04-099,Google Scholar,GS-B4-04
REC-01509,GS:GS-B4-03-073,GS:GS-B4-04-033,Google Scholar,GS-B4-04
REC-01509,GS:GS-B4-03-073,ARX:FORMAL-ARXIV-V12-Q-B3:2602.03580v1,arXiv,Q-B3
REC-01509,GS:GS-B4-03-073,ARX:FORMAL-ARXIV-V12-Q-B4:2602.03580v1,arXiv,Q-B4
REC-01509,GS:GS-B4-03-073,ARX:FORMAL-ARXIV-V12-Q-D1:2602.03580v1,arXiv,Q-D1
REC-01510,GS:GS-B4-03-074,ARX:FORMAL-ARXIV-V12-Q-B4:2603.23802v1,arXiv,Q-B4
REC-01512,GS:GS-B4-03-079,GS:GS-B4-04-040,Google Scholar,GS-B4-04
REC-01513,GS:GS-B4-03-080,GS:GS-D2-03-047,Google Scholar,GS-D2-03
REC-01514,GS:GS-B4-03-084,ARX:FORMAL-ARXIV-V12-Q-B4:2510.03610v1,arXiv,Q-B4
REC-01516,GS:GS-B4-03-088,GS:GS-B4-04-022,Google Scholar,GS-B4-04
REC-01516,GS:GS-B4-03-088,ARX:FORMAL-ARXIV-V12-Q-B4:2602.15945v1,arXiv,Q-B4
REC-01519,GS:GS-B4-03-093,ARX:FORMAL-ARXIV-V12-Q-B4:2505.03864v1,arXiv,Q-B4
REC-01519,GS:GS-B4-03-093,ARX:FORMAL-ARXIV-V12-Q-C2:2505.03864v1,arXiv,Q-C2
REC-01520,GS:GS-B4-03-094,ARX:FORMAL-ARXIV-V12-Q-B4:2512.15144v3,arXiv,Q-B4
REC-01520,GS:GS-B4-03-094,ARX:FORMAL-ARXIV-V12-Q-D1:2512.15144v3,arXiv,Q-D1
REC-01521,GS:GS-B4-03-095,ARX:FORMAL-ARXIV-V12-Q-B4:2606.21338v1,arXiv,Q-B4
REC-01521,GS:GS-B4-03-095,ARX:FORMAL-ARXIV-V12-Q-D2:2606.21338v1,arXiv,Q-D2
REC-01521,GS:GS-B4-03-095,ARX:FORMAL-ARXIV-V12-Q-S0:2606.21338v1,arXiv,Q-S0
REC-01523,GS:GS-B4-03-097,GS:GS-B4-04-039,Google Scholar,GS-B4-04
REC-01523,GS:GS-B4-03-097,ARX:FORMAL-ARXIV-V12-Q-B1:2607.19432v1,arXiv,Q-B1
REC-01523,GS:GS-B4-03-097,ARX:FORMAL-ARXIV-V12-Q-B4:2607.19432v1,arXiv,Q-B4
REC-01523,GS:GS-B4-03-097,ARX:FORMAL-ARXIV-V12-Q-D2:2607.19432v1,arXiv,Q-D2
REC-01523,GS:GS-B4-03-097,ARX:FORMAL-ARXIV-V12-Q-S0:2607.19432v1,arXiv,Q-S0
REC-01526,GS:GS-B4-03-100,GS:GS-B4-04-070,Google Scholar,GS-B4-04
REC-01528,GS:GS-B4-04-025,ARX:FORMAL-ARXIV-V12-Q-B4:2604.16870v2,arXiv,Q-B4
REC-01528,GS:GS-B4-04-025,ARX:FORMAL-ARXIV-V12-Q-D1:2604.16870v2,arXiv,Q-D1
REC-01528,GS:GS-B4-04-025,ARX:FORMAL-ARXIV-V12-Q-D2:2604.16870v2,arXiv,Q-D2
REC-01528,GS:GS-B4-04-025,ARX:FORMAL-ARXIV-V12-Q-S0:2604.16870v2,arXiv,Q-S0
REC-01529,GS:GS-B4-04-031,ARX:FORMAL-ARXIV-V12-Q-B4:2604.01905v2,arXiv,Q-B4
REC-01529,GS:GS-B4-04-031,ARX:FORMAL-ARXIV-V12-Q-S0:2604.01905v2,arXiv,Q-S0
REC-01531,GS:GS-B4-04-042,ARX:FORMAL-ARXIV-V12-Q-B4:2604.10534v1,arXiv,Q-B4
REC-01531,GS:GS-B4-04-042,ARX:FORMAL-ARXIV-V12-Q-S0:2604.10534v1,arXiv,Q-S0
REC-01532,GS:GS-B4-04-044,ARX:FORMAL-ARXIV-V12-Q-B1:2604.17125v1,arXiv,Q-B1
REC-01532,GS:GS-B4-04-044,ARX:FORMAL-ARXIV-V12-Q-B4:2604.17125v1,arXiv,Q-B4
REC-01532,GS:GS-B4-04-044,ARX:FORMAL-ARXIV-V12-Q-S0:2604.17125v1,arXiv,Q-S0
REC-01532,GS:GS-B4-04-044,ARX:FORMAL-ARXIV-V12-Q-S1:2604.17125v1,arXiv,Q-S1
REC-01534,GS:GS-B4-04-052,ARX:FORMAL-ARXIV-V12-Q-B4:2603.21642v1,arXiv,Q-B4
REC-01534,GS:GS-B4-04-052,ARX:FORMAL-ARXIV-V12-Q-S1:2603.21642v1,arXiv,Q-S1
REC-01535,GS:GS-B4-04-054,ARX:FORMAL-ARXIV-V12-Q-B3:2604.27819v1,arXiv,Q-B3
REC-01535,GS:GS-B4-04-054,ARX:FORMAL-ARXIV-V12-Q-C3:2604.27819v1,arXiv,Q-C3
REC-01536,GS:GS-B4-04-055,ARX:FORMAL-ARXIV-V12-Q-B3:2606.04769v1,arXiv,Q-B3
REC-01536,GS:GS-B4-04-055,ARX:FORMAL-ARXIV-V12-Q-B4:2606.04769v1,arXiv,Q-B4
REC-01536,GS:GS-B4-04-055,ARX:FORMAL-ARXIV-V12-Q-S0:2606.04769v1,arXiv,Q-S0
REC-01537,GS:GS-B4-04-056,ARX:FORMAL-ARXIV-V12-Q-B3:2605.07836v1,arXiv,Q-B3
REC-01537,GS:GS-B4-04-056,ARX:FORMAL-ARXIV-V12-Q-B4:2605.07836v1,arXiv,Q-B4
REC-01537,GS:GS-B4-04-056,ARX:FORMAL-ARXIV-V12-Q-D2:2605.07836v1,arXiv,Q-D2
REC-01537,GS:GS-B4-04-056,ARX:FORMAL-ARXIV-V12-Q-D3:2605.07836v1,arXiv,Q-D3
REC-01537,GS:GS-B4-04-056,ARX:FORMAL-ARXIV-V12-Q-S0:2605.07836v1,arXiv,Q-S0
REC-01540,GS:GS-B4-04-065,ARX:FORMAL-ARXIV-V12-Q-B4:2505.23634v1,arXiv,Q-B4
REC-01540,GS:GS-B4-04-065,ARX:FORMAL-ARXIV-V12-Q-D2:2505.23634v1,arXiv,Q-D2
REC-01540,GS:GS-B4-04-065,ARX:FORMAL-ARXIV-V12-Q-S0:2505.23634v1,arXiv,Q-S0
REC-01541,GS:GS-B4-04-072,ARX:FORMAL-ARXIV-V12-Q-B1:2604.07536v1,arXiv,Q-B1
REC-01543,GS:GS-B4-04-076,ARX:FORMAL-ARXIV-V12-Q-D1:2604.21816v1,arXiv,Q-D1
REC-01545,GS:GS-B4-04-083,GS:GS-B4-04-086,Google Scholar,GS-B4-04
REC-01546,GS:GS-B4-04-087,ARX:FORMAL-ARXIV-V12-Q-B3:2602.14798v1,arXiv,Q-B3
REC-01546,GS:GS-B4-04-087,ARX:FORMAL-ARXIV-V12-Q-B4:2602.14798v1,arXiv,Q-B4
REC-01546,GS:GS-B4-04-087,ARX:FORMAL-ARXIV-V12-Q-D2:2602.14798v1,arXiv,Q-D2
REC-01546,GS:GS-B4-04-087,ARX:FORMAL-ARXIV-V12-Q-S0:2602.14798v1,arXiv,Q-S0
REC-01547,GS:GS-B4-04-090,GS:GS-C3-04-092,Google Scholar,GS-C3-04
REC-01547,GS:GS-B4-04-090,ARX:FORMAL-ARXIV-V12-Q-B3:2601.01241v2,arXiv,Q-B3
REC-01547,GS:GS-B4-04-090,ARX:FORMAL-ARXIV-V12-Q-B4:2601.01241v2,arXiv,Q-B4
REC-01547,GS:GS-B4-04-090,ARX:FORMAL-ARXIV-V12-Q-C3:2601.01241v2,arXiv,Q-C3
REC-01547,GS:GS-B4-04-090,ARX:FORMAL-ARXIV-V12-Q-D1:2601.01241v2,arXiv,Q-D1
REC-01547,GS:GS-B4-04-090,ARX:FORMAL-ARXIV-V12-Q-D2:2601.01241v2,arXiv,Q-D2
REC-01547,GS:GS-B4-04-090,ARX:FORMAL-ARXIV-V12-Q-S0:2601.01241v2,arXiv,Q-S0
REC-01549,GS:GS-B4-04-093,ARX:FORMAL-ARXIV-V12-Q-B4:2607.05744v1,arXiv,Q-B4
REC-01554,GS:GS-C1-01-002,GS:GS-C1-03-045,Google Scholar,GS-C1-03
REC-01554,GS:GS-C1-01-002,ARX:FORMAL-ARXIV-V12-Q-C1:2601.05504v2,arXiv,Q-C1
REC-01554,GS:GS-C1-01-002,ARX:FORMAL-ARXIV-V12-Q-D2:2601.05504v2,arXiv,Q-D2
REC-01554,GS:GS-C1-01-002,ARX:FORMAL-ARXIV-V12-Q-S0:2601.05504v2,arXiv,Q-S0
REC-01555,GS:GS-C1-01-003,ARX:FORMAL-ARXIV-V12-Q-C2:2603.20357v1,arXiv,Q-C2
REC-01555,GS:GS-C1-01-003,ARX:FORMAL-ARXIV-V12-Q-D2:2603.20357v1,arXiv,Q-D2
REC-01555,GS:GS-C1-01-003,ARX:FORMAL-ARXIV-V12-Q-S0:2603.20357v1,arXiv,Q-S0
REC-01556,GS:GS-C1-01-004,ARX:FORMAL-ARXIV-V12-Q-A1:2604.02623v2,arXiv,Q-A1
REC-01556,GS:GS-C1-01-004,ARX:FORMAL-ARXIV-V12-Q-C1:2604.02623v2,arXiv,Q-C1
REC-01556,GS:GS-C1-01-004,ARX:FORMAL-ARXIV-V12-Q-C3:2604.02623v2,arXiv,Q-C3
REC-01556,GS:GS-C1-01-004,ARX:FORMAL-ARXIV-V12-Q-D2:2604.02623v2,arXiv,Q-D2
REC-01556,GS:GS-C1-01-004,ARX:FORMAL-ARXIV-V12-Q-S0:2604.02623v2,arXiv,Q-S0
REC-01557,GS:GS-C1-01-005,GS:GS-C1-03-005,Google Scholar,GS-C1-03
REC-01557,GS:GS-C1-01-005,ARX:FORMAL-ARXIV-V12-Q-B4:2603.02240v1,arXiv,Q-B4
REC-01557,GS:GS-C1-01-005,ARX:FORMAL-ARXIV-V12-Q-C1:2603.02240v1,arXiv,Q-C1
REC-01557,GS:GS-C1-01-005,ARX:FORMAL-ARXIV-V12-Q-D1:2603.02240v1,arXiv,Q-D1
REC-01557,GS:GS-C1-01-005,ARX:FORMAL-ARXIV-V12-Q-D2:2603.02240v1,arXiv,Q-D2
REC-01557,GS:GS-C1-01-005,ARX:FORMAL-ARXIV-V12-Q-S0:2603.02240v1,arXiv,Q-S0
REC-01558,GS:GS-C1-01-006,GS:GS-C1-02-006,Google Scholar,GS-C1-02
REC-01558,GS:GS-C1-01-006,GS:GS-C1-03-026,Google Scholar,GS-C1-03
REC-01558,GS:GS-C1-01-006,ARX:FORMAL-ARXIV-V12-Q-B1:2512.16962v1,arXiv,Q-B1
REC-01558,GS:GS-C1-01-006,ARX:FORMAL-ARXIV-V12-Q-C1:2512.16962v1,arXiv,Q-C1
REC-01558,GS:GS-C1-01-006,ARX:FORMAL-ARXIV-V12-Q-S0:2512.16962v1,arXiv,Q-S0
REC-01559,GS:GS-C1-01-007,ACL:FORMAL-ACL-V12-Q-B1:qian-2026-visual,ACL Anthology,Q-B1
REC-01559,GS:GS-C1-01-007,ACL:FORMAL-ACL-V12-Q-C1:qian-2026-visual,ACL Anthology,Q-C1
REC-01559,GS:GS-C1-01-007,ACL:FORMAL-ACL-V12-Q-D1:qian-2026-visual,ACL Anthology,Q-D1
REC-01559,GS:GS-C1-01-007,ACL:FORMAL-ACL-V12-Q-D2:qian-2026-visual,ACL Anthology,Q-D2
REC-01559,GS:GS-C1-01-007,ACL:FORMAL-ACL-V12-Q-S0:qian-2026-visual,ACL Anthology,Q-S0
REC-01560,GS:GS-C1-01-008,GS:GS-C1-03-008,Google Scholar,GS-C1-03
REC-01560,GS:GS-C1-01-008,ARX:FORMAL-ARXIV-V12-Q-C1:2607.06595v1,arXiv,Q-C1
REC-01560,GS:GS-C1-01-008,ARX:FORMAL-ARXIV-V12-Q-D2:2607.06595v1,arXiv,Q-D2
REC-01560,GS:GS-C1-01-008,ARX:FORMAL-ARXIV-V12-Q-S0:2607.06595v1,arXiv,Q-S0
REC-01561,GS:GS-C1-01-009,GS:GS-C1-02-025,Google Scholar,GS-C1-02
REC-01561,GS:GS-C1-01-009,GS:GS-C1-03-001,Google Scholar,GS-C1-03
REC-01561,GS:GS-C1-01-009,ARX:FORMAL-ARXIV-V12-Q-C1:2607.14651v1,arXiv,Q-C1
REC-01561,GS:GS-C1-01-009,ARX:FORMAL-ARXIV-V12-Q-D2:2607.14651v1,arXiv,Q-D2
REC-01562,GS:GS-C1-01-010,GS:GS-C1-02-009,Google Scholar,GS-C1-02
REC-01562,GS:GS-C1-01-010,GS:GS-C1-03-042,Google Scholar,GS-C1-03
REC-01562,GS:GS-C1-01-010,ARX:FORMAL-ARXIV-V12-Q-B1:2605.15338v2,arXiv,Q-B1
REC-01562,GS:GS-C1-01-010,ARX:FORMAL-ARXIV-V12-Q-C1:2605.15338v2,arXiv,Q-C1
REC-01562,GS:GS-C1-01-010,ARX:FORMAL-ARXIV-V12-Q-S0:2605.15338v2,arXiv,Q-S0
REC-01563,GS:GS-C1-01-011,GS:GS-C1-02-012,Google Scholar,GS-C1-02
REC-01563,GS:GS-C1-01-011,GS:GS-C1-03-047,Google Scholar,GS-C1-03
REC-01563,GS:GS-C1-01-011,ARX:FORMAL-ARXIV-V12-Q-B1:2606.04329v2,arXiv,Q-B1
REC-01563,GS:GS-C1-01-011,ARX:FORMAL-ARXIV-V12-Q-C1:2606.04329v2,arXiv,Q-C1
REC-01563,GS:GS-C1-01-011,ARX:FORMAL-ARXIV-V12-Q-D2:2606.04329v2,arXiv,Q-D2
REC-01563,GS:GS-C1-01-011,ARX:FORMAL-ARXIV-V12-Q-S0:2606.04329v2,arXiv,Q-S0
REC-01564,GS:GS-C1-01-012,GS:GS-C2-03-083,Google Scholar,GS-C2-03
REC-01564,GS:GS-C1-01-012,GS:GS-C3-04-050,Google Scholar,GS-C3-04
REC-01565,GS:GS-C1-01-013,ARX:FORMAL-ARXIV-V12-Q-A1:2606.10742v1,arXiv,Q-A1
REC-01565,GS:GS-C1-01-013,ARX:FORMAL-ARXIV-V12-Q-A3:2606.10742v1,arXiv,Q-A3
REC-01565,GS:GS-C1-01-013,ARX:FORMAL-ARXIV-V12-Q-S0:2606.10742v1,arXiv,Q-S0
REC-01566,GS:GS-C1-01-014,GS:GS-C1-02-042,Google Scholar,GS-C1-02
REC-01566,GS:GS-C1-01-014,GS:GS-C1-03-059,Google Scholar,GS-C1-03
REC-01566,GS:GS-C1-01-014,ARX:FORMAL-ARXIV-V12-Q-B3:2605.22842v1,arXiv,Q-B3
REC-01566,GS:GS-C1-01-014,ARX:FORMAL-ARXIV-V12-Q-C1:2605.22842v1,arXiv,Q-C1
REC-01566,GS:GS-C1-01-014,ARX:FORMAL-ARXIV-V12-Q-C3:2605.22842v1,arXiv,Q-C3
REC-01566,GS:GS-C1-01-014,ARX:FORMAL-ARXIV-V12-Q-D1:2605.22842v1,arXiv,Q-D1
REC-01566,GS:GS-C1-01-014,ARX:FORMAL-ARXIV-V12-Q-D2:2605.22842v1,arXiv,Q-D2
REC-01566,GS:GS-C1-01-014,ARX:FORMAL-ARXIV-V12-Q-D3:2605.22842v1,arXiv,Q-D3
REC-01566,GS:GS-C1-01-014,ARX:FORMAL-ARXIV-V12-Q-S0:2605.22842v1,arXiv,Q-S0
REC-01567,GS:GS-C1-01-016,GS:GS-C1-02-028,Google Scholar,GS-C1-02
REC-01567,GS:GS-C1-01-016,ARX:FORMAL-ARXIV-V12-Q-C1:2605.29960v1,arXiv,Q-C1
REC-01567,GS:GS-C1-01-016,ARX:FORMAL-ARXIV-V12-Q-D2:2605.29960v1,arXiv,Q-D2
REC-01567,GS:GS-C1-01-016,ARX:FORMAL-ARXIV-V12-Q-S0:2605.29960v1,arXiv,Q-S0
REC-01568,GS:GS-C1-01-017,GS:GS-C1-02-014,Google Scholar,GS-C1-02
REC-01568,GS:GS-C1-01-017,GS:GS-C1-03-032,Google Scholar,GS-C1-03
REC-01568,GS:GS-C1-01-017,ARX:FORMAL-ARXIV-V12-Q-C1:2607.05029v1,arXiv,Q-C1
REC-01568,GS:GS-C1-01-017,ARX:FORMAL-ARXIV-V12-Q-D2:2607.05029v1,arXiv,Q-D2
REC-01568,GS:GS-C1-01-017,ARX:FORMAL-ARXIV-V12-Q-S0:2607.05029v1,arXiv,Q-S0
REC-01569,GS:GS-C1-01-018,GS:GS-C1-02-017,Google Scholar,GS-C1-02
REC-01569,GS:GS-C1-01-018,GS:GS-C1-03-012,Google Scholar,GS-C1-03
REC-01569,GS:GS-C1-01-018,ARX:FORMAL-ARXIV-V12-Q-C1:2607.27080v1,arXiv,Q-C1
REC-01569,GS:GS-C1-01-018,ARX:FORMAL-ARXIV-V12-Q-S0:2607.27080v1,arXiv,Q-S0
REC-01571,GS:GS-C1-01-020,GS:GS-C1-03-060,Google Scholar,GS-C1-03
REC-01572,GS:GS-C1-01-021,GS:GS-C1-02-026,Google Scholar,GS-C1-02
REC-01572,GS:GS-C1-01-021,GS:GS-C1-03-003,Google Scholar,GS-C1-03
REC-01572,GS:GS-C1-01-021,GS:GS-D3-02-088,Google Scholar,GS-D3-02
REC-01572,GS:GS-C1-01-021,ARX:FORMAL-ARXIV-V12-Q-C1:2604.16548v2,arXiv,Q-C1
REC-01572,GS:GS-C1-01-021,ARX:FORMAL-ARXIV-V12-Q-D1:2604.16548v2,arXiv,Q-D1
REC-01572,GS:GS-C1-01-021,ARX:FORMAL-ARXIV-V12-Q-D2:2604.16548v2,arXiv,Q-D2
REC-01572,GS:GS-C1-01-021,ARX:FORMAL-ARXIV-V12-Q-D3:2604.16548v2,arXiv,Q-D3
REC-01572,GS:GS-C1-01-021,ARX:FORMAL-ARXIV-V12-Q-S0:2604.16548v2,arXiv,Q-S0
REC-01573,GS:GS-C1-01-022,GS:GS-C1-02-016,Google Scholar,GS-C1-02
REC-01573,GS:GS-C1-01-022,ARX:FORMAL-ARXIV-V12-Q-B4:2605.26154v1,arXiv,Q-B4
REC-01573,GS:GS-C1-01-022,ARX:FORMAL-ARXIV-V12-Q-C1:2605.26154v1,arXiv,Q-C1
REC-01573,GS:GS-C1-01-022,ARX:FORMAL-ARXIV-V12-Q-D1:2605.26154v1,arXiv,Q-D1
REC-01573,GS:GS-C1-01-022,ARX:FORMAL-ARXIV-V12-Q-D2:2605.26154v1,arXiv,Q-D2
REC-01573,GS:GS-C1-01-022,ARX:FORMAL-ARXIV-V12-Q-S0:2605.26154v1,arXiv,Q-S0
REC-01574,GS:GS-C1-01-023,GS:GS-C1-02-008,Google Scholar,GS-C1-02
REC-01574,GS:GS-C1-01-023,GS:GS-C1-03-053,Google Scholar,GS-C1-03
REC-01575,GS:GS-C1-01-024,GS:GS-C1-02-019,Google Scholar,GS-C1-02
REC-01575,GS:GS-C1-01-024,GS:GS-C1-03-070,Google Scholar,GS-C1-03
REC-01575,GS:GS-C1-01-024,ARX:FORMAL-ARXIV-V12-Q-C1:2606.30566v2,arXiv,Q-C1
REC-01575,GS:GS-C1-01-024,ARX:FORMAL-ARXIV-V12-Q-D2:2606.30566v2,arXiv,Q-D2
REC-01575,GS:GS-C1-01-024,ARX:FORMAL-ARXIV-V12-Q-D3:2606.30566v2,arXiv,Q-D3
REC-01575,GS:GS-C1-01-024,ARX:FORMAL-ARXIV-V12-Q-S0:2606.30566v2,arXiv,Q-S0
REC-01576,GS:GS-C1-01-025,GS:GS-C1-02-038,Google Scholar,GS-C1-02
REC-01577,GS:GS-C1-01-026,ARX:FORMAL-ARXIV-V12-Q-C1:2605.23723v1,arXiv,Q-C1
REC-01577,GS:GS-C1-01-026,ARX:FORMAL-ARXIV-V12-Q-D1:2605.23723v1,arXiv,Q-D1
REC-01577,GS:GS-C1-01-026,ARX:FORMAL-ARXIV-V12-Q-D2:2605.23723v1,arXiv,Q-D2
REC-01577,GS:GS-C1-01-026,ARX:FORMAL-ARXIV-V12-Q-S0:2605.23723v1,arXiv,Q-S0
REC-01578,GS:GS-C1-01-027,GS:GS-C1-02-018,Google Scholar,GS-C1-02
REC-01578,GS:GS-C1-01-027,GS:GS-C1-03-043,Google Scholar,GS-C1-03
REC-01578,GS:GS-C1-01-027,GS:GS-C3-01-030,Google Scholar,GS-C3-01
REC-01578,GS:GS-C1-01-027,ARX:FORMAL-ARXIV-V12-Q-B3:2606.24322v1,arXiv,Q-B3
REC-01578,GS:GS-C1-01-027,ARX:FORMAL-ARXIV-V12-Q-C1:2606.24322v1,arXiv,Q-C1
REC-01578,GS:GS-C1-01-027,ARX:FORMAL-ARXIV-V12-Q-C2:2606.24322v1,arXiv,Q-C2
REC-01578,GS:GS-C1-01-027,ARX:FORMAL-ARXIV-V12-Q-C3:2606.24322v1,arXiv,Q-C3
REC-01578,GS:GS-C1-01-027,ARX:FORMAL-ARXIV-V12-Q-D2:2606.24322v1,arXiv,Q-D2
REC-01578,GS:GS-C1-01-027,ARX:FORMAL-ARXIV-V12-Q-S0:2606.24322v1,arXiv,Q-S0
REC-01579,GS:GS-C1-01-028,GS:GS-C1-02-099,Google Scholar,GS-C1-02
REC-01582,GS:GS-C1-01-034,GS:GS-C1-02-020,Google Scholar,GS-C1-02
REC-01582,GS:GS-C1-01-034,GS:GS-C1-03-030,Google Scholar,GS-C1-03
REC-01582,GS:GS-C1-01-034,ARX:FORMAL-ARXIV-V12-Q-C1:2606.12703v1,arXiv,Q-C1
REC-01582,GS:GS-C1-01-034,ARX:FORMAL-ARXIV-V12-Q-D1:2606.12703v1,arXiv,Q-D1
REC-01582,GS:GS-C1-01-034,ARX:FORMAL-ARXIV-V12-Q-S0:2606.12703v1,arXiv,Q-S0
REC-01584,GS:GS-C1-01-036,GS:GS-C1-02-032,Google Scholar,GS-C1-02
REC-01585,GS:GS-C1-01-038,ARX:FORMAL-ARXIV-V12-Q-C1:2605.09033v3,arXiv,Q-C1
REC-01585,GS:GS-C1-01-038,ARX:FORMAL-ARXIV-V12-Q-D2:2605.09033v3,arXiv,Q-D2
REC-01585,GS:GS-C1-01-038,ARX:FORMAL-ARXIV-V12-Q-S0:2605.09033v3,arXiv,Q-S0
REC-01586,GS:GS-C1-01-039,GS:GS-C1-02-013,Google Scholar,GS-C1-02
REC-01587,GS:GS-C1-01-040,GS:GS-C1-02-005,Google Scholar,GS-C1-02
REC-01587,GS:GS-C1-01-040,ARX:FORMAL-ARXIV-V12-Q-C1:2510.02373v1,arXiv,Q-C1
REC-01587,GS:GS-C1-01-040,ARX:FORMAL-ARXIV-V12-Q-D1:2510.02373v1,arXiv,Q-D1
REC-01587,GS:GS-C1-01-040,ARX:FORMAL-ARXIV-V12-Q-D2:2510.02373v1,arXiv,Q-D2
REC-01587,GS:GS-C1-01-040,ARX:FORMAL-ARXIV-V12-Q-S0:2510.02373v1,arXiv,Q-S0
REC-01589,GS:GS-C1-01-042,GS:GS-C1-02-027,Google Scholar,GS-C1-02
REC-01590,GS:GS-C1-01-043,ARX:FORMAL-ARXIV-V12-Q-C1:2503.04392v2,arXiv,Q-C1
REC-01590,GS:GS-C1-01-043,ARX:FORMAL-ARXIV-V12-Q-C2:2503.04392v2,arXiv,Q-C2
REC-01590,GS:GS-C1-01-043,ARX:FORMAL-ARXIV-V12-Q-C3:2503.04392v2,arXiv,Q-C3
REC-01590,GS:GS-C1-01-043,ARX:FORMAL-ARXIV-V12-Q-S0:2503.04392v2,arXiv,Q-S0
REC-01591,GS:GS-C1-01-044,GS:GS-C1-02-077,Google Scholar,GS-C1-02
REC-01593,GS:GS-C1-01-048,GS:GS-C1-02-081,Google Scholar,GS-C1-02
REC-01594,GS:GS-C1-01-050,ARX:FORMAL-ARXIV-V12-Q-C1:2605.16746v1,arXiv,Q-C1
REC-01594,GS:GS-C1-01-050,ARX:FORMAL-ARXIV-V12-Q-D2:2605.16746v1,arXiv,Q-D2
REC-01595,GS:GS-C1-01-051,GS:GS-C1-02-024,Google Scholar,GS-C1-02
REC-01596,GS:GS-C1-01-052,GS:GS-C1-03-011,Google Scholar,GS-C1-03
REC-01596,GS:GS-C1-01-052,ARX:FORMAL-ARXIV-V12-Q-B1:2605.11032v1,arXiv,Q-B1
REC-01596,GS:GS-C1-01-052,ARX:FORMAL-ARXIV-V12-Q-C1:2605.11032v1,arXiv,Q-C1
REC-01596,GS:GS-C1-01-052,ARX:FORMAL-ARXIV-V12-Q-C3:2605.11032v1,arXiv,Q-C3
REC-01596,GS:GS-C1-01-052,ARX:FORMAL-ARXIV-V12-Q-D1:2605.11032v1,arXiv,Q-D1
REC-01596,GS:GS-C1-01-052,ARX:FORMAL-ARXIV-V12-Q-D2:2605.11032v1,arXiv,Q-D2
REC-01597,GS:GS-C1-01-053,GS:GS-C1-03-037,Google Scholar,GS-C1-03
REC-01598,GS:GS-C1-01-054,GS:GS-C1-03-039,Google Scholar,GS-C1-03
REC-01598,GS:GS-C1-01-054,ARX:FORMAL-ARXIV-V12-Q-C1:2607.01919v1,arXiv,Q-C1
REC-01598,GS:GS-C1-01-054,ARX:FORMAL-ARXIV-V12-Q-C3:2607.01919v1,arXiv,Q-C3
REC-01599,GS:GS-C1-01-055,GS:GS-C1-02-057,Google Scholar,GS-C1-02
REC-01599,GS:GS-C1-01-055,ARX:FORMAL-ARXIV-V12-Q-D2:2605.03482v2,arXiv,Q-D2
REC-01599,GS:GS-C1-01-055,ARX:FORMAL-ARXIV-V12-Q-S0:2605.03482v2,arXiv,Q-S0
REC-01600,GS:GS-C1-01-056,GS:GS-C1-03-073,Google Scholar,GS-C1-03
REC-01601,GS:GS-C1-01-057,GS:GS-C1-02-100,Google Scholar,GS-C1-02
REC-01602,GS:GS-C1-01-058,GS:GS-C1-02-015,Google Scholar,GS-C1-02
REC-01602,GS:GS-C1-01-058,GS:GS-C1-03-044,Google Scholar,GS-C1-03
REC-01602,GS:GS-C1-01-058,GS:GS-C3-01-089,Google Scholar,GS-C3-01
REC-01602,GS:GS-C1-01-058,GS:GS-C3-04-026,Google Scholar,GS-C3-04
REC-01602,GS:GS-C1-01-058,ARX:FORMAL-ARXIV-V12-Q-C1:2605.14421v1,arXiv,Q-C1
REC-01602,GS:GS-C1-01-058,ARX:FORMAL-ARXIV-V12-Q-D1:2605.14421v1,arXiv,Q-D1
REC-01602,GS:GS-C1-01-058,ARX:FORMAL-ARXIV-V12-Q-D2:2605.14421v1,arXiv,Q-D2
REC-01603,GS:GS-C1-01-059,GS:GS-C1-02-053,Google Scholar,GS-C1-02
REC-01603,GS:GS-C1-01-059,GS:GS-C1-03-054,Google Scholar,GS-C1-03
REC-01603,GS:GS-C1-01-059,ARX:FORMAL-ARXIV-V12-Q-C1:2605.01970v3,arXiv,Q-C1
REC-01603,GS:GS-C1-01-059,ARX:FORMAL-ARXIV-V12-Q-D1:2605.01970v3,arXiv,Q-D1
REC-01603,GS:GS-C1-01-059,ARX:FORMAL-ARXIV-V12-Q-D2:2605.01970v3,arXiv,Q-D2
REC-01604,GS:GS-C1-01-060,GS:GS-C1-02-022,Google Scholar,GS-C1-02
REC-01607,GS:GS-C1-01-063,GS:GS-C1-03-072,Google Scholar,GS-C1-03
REC-01608,GS:GS-C1-01-064,GS:GS-C1-02-021,Google Scholar,GS-C1-02
REC-01609,GS:GS-C1-01-065,GS:GS-C1-02-092,Google Scholar,GS-C1-02
REC-01610,GS:GS-C1-01-066,GS:GS-C1-02-011,Google Scholar,GS-C1-02
REC-01610,GS:GS-C1-01-066,ARX:FORMAL-ARXIV-V12-Q-B1:2605.17830v1,arXiv,Q-B1
REC-01610,GS:GS-C1-01-066,ARX:FORMAL-ARXIV-V12-Q-D1:2605.17830v1,arXiv,Q-D1
REC-01610,GS:GS-C1-01-066,ARX:FORMAL-ARXIV-V12-Q-D2:2605.17830v1,arXiv,Q-D2
REC-01610,GS:GS-C1-01-066,ARX:FORMAL-ARXIV-V12-Q-S0:2605.17830v1,arXiv,Q-S0
REC-01611,GS:GS-C1-01-067,GS:GS-C1-03-087,Google Scholar,GS-C1-03
REC-01611,GS:GS-C1-01-067,ARX:FORMAL-ARXIV-V12-Q-B1:2607.22024v1,arXiv,Q-B1
REC-01611,GS:GS-C1-01-067,ARX:FORMAL-ARXIV-V12-Q-B3:2607.22024v1,arXiv,Q-B3
REC-01611,GS:GS-C1-01-067,ARX:FORMAL-ARXIV-V12-Q-C3:2607.22024v1,arXiv,Q-C3
REC-01611,GS:GS-C1-01-067,ARX:FORMAL-ARXIV-V12-Q-S0:2607.22024v1,arXiv,Q-S0
REC-01612,GS:GS-C1-01-069,GS:GS-C1-03-094,Google Scholar,GS-C1-03
REC-01612,GS:GS-C1-01-069,ARX:FORMAL-ARXIV-V12-Q-C3:2508.10043v1,arXiv,Q-C3
REC-01612,GS:GS-C1-01-069,ARX:FORMAL-ARXIV-V12-Q-D1:2508.10043v1,arXiv,Q-D1
REC-01612,GS:GS-C1-01-069,ARX:FORMAL-ARXIV-V12-Q-D2:2508.10043v1,arXiv,Q-D2
REC-01612,GS:GS-C1-01-069,ARX:FORMAL-ARXIV-V12-Q-S0:2508.10043v1,arXiv,Q-S0
REC-01613,GS:GS-C1-01-070,GS:GS-C1-02-066,Google Scholar,GS-C1-02
REC-01613,GS:GS-C1-01-070,GS:GS-C1-03-021,Google Scholar,GS-C1-03
REC-01613,GS:GS-C1-01-070,ARX:FORMAL-ARXIV-V12-Q-C1:2607.05189v1,arXiv,Q-C1
REC-01613,GS:GS-C1-01-070,ARX:FORMAL-ARXIV-V12-Q-S0:2607.05189v1,arXiv,Q-S0
REC-01615,GS:GS-C1-01-072,GS:GS-C3-04-006,Google Scholar,GS-C3-04
REC-01615,GS:GS-C1-01-072,ARX:FORMAL-ARXIV-V12-Q-A2W:2603.26221v1,arXiv,Q-A2W
REC-01615,GS:GS-C1-01-072,ARX:FORMAL-ARXIV-V12-Q-C1:2603.26221v1,arXiv,Q-C1
REC-01615,GS:GS-C1-01-072,ARX:FORMAL-ARXIV-V12-Q-C3:2603.26221v1,arXiv,Q-C3
REC-01616,GS:GS-C1-01-074,GS:GS-D2-02-067,Google Scholar,GS-D2-02
REC-01616,GS:GS-C1-01-074,ARX:FORMAL-ARXIV-V12-Q-D2:2604.24657v1,arXiv,Q-D2
REC-01616,GS:GS-C1-01-074,ARX:FORMAL-ARXIV-V12-Q-D3:2604.24657v1,arXiv,Q-D3
REC-01616,GS:GS-C1-01-074,ARX:FORMAL-ARXIV-V12-Q-S0:2604.24657v1,arXiv,Q-S0
REC-01618,GS:GS-C1-01-078,GS:GS-C1-02-094,Google Scholar,GS-C1-02
REC-01618,GS:GS-C1-01-078,GS:GS-C1-03-067,Google Scholar,GS-C1-03
REC-01618,GS:GS-C1-01-078,GS:GS-C2-02-011,Google Scholar,GS-C2-02
REC-01618,GS:GS-C1-01-078,GS:GS-C2-03-096,Google Scholar,GS-C2-03
REC-01618,GS:GS-C1-01-078,GS:GS-C3-03-065,Google Scholar,GS-C3-03
REC-01618,GS:GS-C1-01-078,GS:GS-D2-02-004,Google Scholar,GS-D2-02
REC-01618,GS:GS-C1-01-078,GS:GS-D2-03-059,Google Scholar,GS-D2-03
REC-01618,GS:GS-C1-01-078,ARX:FORMAL-ARXIV-V12-Q-C1:2603.01564v1,arXiv,Q-C1
REC-01618,GS:GS-C1-01-078,ARX:FORMAL-ARXIV-V12-Q-C3:2603.01564v1,arXiv,Q-C3
REC-01618,GS:GS-C1-01-078,ARX:FORMAL-ARXIV-V12-Q-D1:2603.01564v1,arXiv,Q-D1
REC-01618,GS:GS-C1-01-078,ARX:FORMAL-ARXIV-V12-Q-D2:2603.01564v1,arXiv,Q-D2
REC-01618,GS:GS-C1-01-078,ARX:FORMAL-ARXIV-V12-Q-S0:2603.01564v1,arXiv,Q-S0
REC-01619,GS:GS-C1-01-079,GS:GS-D2-02-029,Google Scholar,GS-D2-02
REC-01621,GS:GS-C1-01-082,GS:GS-C1-02-023,Google Scholar,GS-C1-02
REC-01621,GS:GS-C1-01-082,ARX:FORMAL-ARXIV-V12-Q-C1:2605.18930v1,arXiv,Q-C1
REC-01621,GS:GS-C1-01-082,ARX:FORMAL-ARXIV-V12-Q-D1:2605.18930v1,arXiv,Q-D1
REC-01621,GS:GS-C1-01-082,ARX:FORMAL-ARXIV-V12-Q-D2:2605.18930v1,arXiv,Q-D2
REC-01621,GS:GS-C1-01-082,ARX:FORMAL-ARXIV-V12-Q-S0:2605.18930v1,arXiv,Q-S0
REC-01624,GS:GS-C1-01-085,GS:GS-C2-02-049,Google Scholar,GS-C2-02
REC-01625,GS:GS-C1-01-086,GS:GS-C1-02-067,Google Scholar,GS-C1-02
REC-01625,GS:GS-C1-01-086,ARX:FORMAL-ARXIV-V12-Q-B3:2509.24408v2,arXiv,Q-B3
REC-01625,GS:GS-C1-01-086,ARX:FORMAL-ARXIV-V12-Q-C2:2509.24408v2,arXiv,Q-C2
REC-01625,GS:GS-C1-01-086,ARX:FORMAL-ARXIV-V12-Q-S0:2509.24408v2,arXiv,Q-S0
REC-01626,GS:GS-C1-01-087,GS:GS-C1-03-052,Google Scholar,GS-C1-03
REC-01626,GS:GS-C1-01-087,GS:GS-C2-02-083,Google Scholar,GS-C2-02
REC-01626,GS:GS-C1-01-087,GS:GS-C3-02-001,Google Scholar,GS-C3-02
REC-01626,GS:GS-C1-01-087,ARX:FORMAL-ARXIV-V12-Q-B1:2605.03213v2,arXiv,Q-B1
REC-01626,GS:GS-C1-01-087,ARX:FORMAL-ARXIV-V12-Q-C1:2605.03213v2,arXiv,Q-C1
REC-01626,GS:GS-C1-01-087,ARX:FORMAL-ARXIV-V12-Q-C2:2605.03213v2,arXiv,Q-C2
REC-01626,GS:GS-C1-01-087,ARX:FORMAL-ARXIV-V12-Q-D1:2605.03213v2,arXiv,Q-D1
REC-01626,GS:GS-C1-01-087,ARX:FORMAL-ARXIV-V12-Q-D2:2605.03213v2,arXiv,Q-D2
REC-01627,GS:GS-C1-01-089,ARX:FORMAL-ARXIV-V12-Q-C2:2512.15790v1,arXiv,Q-C2
REC-01627,GS:GS-C1-01-089,ARX:FORMAL-ARXIV-V12-Q-D2:2512.15790v1,arXiv,Q-D2
REC-01628,GS:GS-C1-01-091,ARX:FORMAL-ARXIV-V12-Q-C1:2602.19555v2,arXiv,Q-C1
REC-01628,GS:GS-C1-01-091,ARX:FORMAL-ARXIV-V12-Q-S0:2602.19555v2,arXiv,Q-S0
REC-01630,GS:GS-C1-01-093,GS:GS-C1-02-050,Google Scholar,GS-C1-02
REC-01630,GS:GS-C1-01-093,ARX:FORMAL-ARXIV-V12-Q-C1:2607.15657v1,arXiv,Q-C1
REC-01630,GS:GS-C1-01-093,ARX:FORMAL-ARXIV-V12-Q-S0:2607.15657v1,arXiv,Q-S0
REC-01631,GS:GS-C1-01-094,GS:GS-C1-02-003,Google Scholar,GS-C1-02
REC-01631,GS:GS-C1-01-094,GS:GS-C3-01-074,Google Scholar,GS-C3-01
REC-01631,GS:GS-C1-01-094,GS:GS-C3-03-045,Google Scholar,GS-C3-03
REC-01631,GS:GS-C1-01-094,GS:GS-C3-04-015,Google Scholar,GS-C3-04
REC-01631,GS:GS-C1-01-094,ARX:FORMAL-ARXIV-V12-Q-B1:2603.11619v1,arXiv,Q-B1
REC-01631,GS:GS-C1-01-094,ARX:FORMAL-ARXIV-V12-Q-D2:2603.11619v1,arXiv,Q-D2
REC-01631,GS:GS-C1-01-094,ARX:FORMAL-ARXIV-V12-Q-S0:2603.11619v1,arXiv,Q-S0
REC-01632,GS:GS-C1-01-096,ARX:FORMAL-ARXIV-V12-Q-C1:2605.25002v2,arXiv,Q-C1
REC-01633,GS:GS-C1-01-099,GS:GS-C2-02-080,Google Scholar,GS-C2-02
REC-01634,GS:GS-C1-01-100,ACL:FORMAL-ACL-V12-Q-C1:liu-etal-2026-topology,ACL Anthology,Q-C1
REC-01634,GS:GS-C1-01-100,ACL:FORMAL-ACL-V12-Q-C2:liu-etal-2026-topology,ACL Anthology,Q-C2
REC-01634,GS:GS-C1-01-100,ACL:FORMAL-ACL-V12-Q-C3:liu-etal-2026-topology,ACL Anthology,Q-C3
REC-01635,GS:GS-C1-02-004,ARX:FORMAL-ARXIV-V12-Q-D2:2602.16901v1,arXiv,Q-D2
REC-01635,GS:GS-C1-02-004,ARX:FORMAL-ARXIV-V12-Q-S0:2602.16901v1,arXiv,Q-S0
REC-01637,GS:GS-C1-02-010,ARX:FORMAL-ARXIV-V12-Q-C1:2606.25115v1,arXiv,Q-C1
REC-01637,GS:GS-C1-02-010,ARX:FORMAL-ARXIV-V12-Q-D1:2606.25115v1,arXiv,Q-D1
REC-01638,GS:GS-C1-02-029,ARX:FORMAL-ARXIV-V12-Q-C1:2603.11768v2,arXiv,Q-C1
REC-01638,GS:GS-C1-02-029,ARX:FORMAL-ARXIV-V12-Q-C3:2603.11768v2,arXiv,Q-C3
REC-01638,GS:GS-C1-02-029,ARX:FORMAL-ARXIV-V12-Q-D2:2603.11768v2,arXiv,Q-D2
REC-01638,GS:GS-C1-02-029,ARX:FORMAL-ARXIV-V12-Q-S0:2603.11768v2,arXiv,Q-S0
REC-01640,GS:GS-C1-02-040,GS:GS-C1-03-002,Google Scholar,GS-C1-03
REC-01640,GS:GS-C1-02-040,ARX:FORMAL-ARXIV-V12-Q-C1:2602.15654v2,arXiv,Q-C1
REC-01640,GS:GS-C1-02-040,ARX:FORMAL-ARXIV-V12-Q-D1:2602.15654v2,arXiv,Q-D1
REC-01640,GS:GS-C1-02-040,ARX:FORMAL-ARXIV-V12-Q-D2:2602.15654v2,arXiv,Q-D2
REC-01640,GS:GS-C1-02-040,ARX:FORMAL-ARXIV-V12-Q-S0:2602.15654v2,arXiv,Q-S0
REC-01641,GS:GS-C1-02-044,ACL:FORMAL-ACL-V12-Q-B2:feng-etal-2026-backdooragent,ACL Anthology,Q-B2
REC-01641,GS:GS-C1-02-044,ACL:FORMAL-ACL-V12-Q-S0:feng-etal-2026-backdooragent,ACL Anthology,Q-S0
REC-01642,GS:GS-C1-02-052,GS:GS-C1-03-068,Google Scholar,GS-C1-03
REC-01642,GS:GS-C1-02-052,ARX:FORMAL-ARXIV-V12-Q-S0:2603.15125v3,arXiv,Q-S0
REC-01643,GS:GS-C1-02-054,GS:GS-C3-02-046,Google Scholar,GS-C3-02
REC-01643,GS:GS-C1-02-054,ARX:FORMAL-ARXIV-V12-Q-D2:2606.05743v1,arXiv,Q-D2
REC-01643,GS:GS-C1-02-054,ARX:FORMAL-ARXIV-V12-Q-S0:2606.05743v1,arXiv,Q-S0
REC-01644,GS:GS-C1-02-056,GS:GS-C1-03-055,Google Scholar,GS-C1-03
REC-01644,GS:GS-C1-02-056,GS:GS-C2-01-042,Google Scholar,GS-C2-01
REC-01644,GS:GS-C1-02-056,GS:GS-C3-01-055,Google Scholar,GS-C3-01
REC-01644,GS:GS-C1-02-056,ARX:FORMAL-ARXIV-V12-Q-C1:2605.06812v1,arXiv,Q-C1
REC-01644,GS:GS-C1-02-056,ARX:FORMAL-ARXIV-V12-Q-C2:2605.06812v1,arXiv,Q-C2
REC-01644,GS:GS-C1-02-056,ARX:FORMAL-ARXIV-V12-Q-D1:2605.06812v1,arXiv,Q-D1
REC-01644,GS:GS-C1-02-056,ARX:FORMAL-ARXIV-V12-Q-S0:2605.06812v1,arXiv,Q-S0
REC-01645,GS:GS-C1-02-058,GS:GS-C3-03-028,Google Scholar,GS-C3-03
REC-01645,GS:GS-C1-02-058,ARX:FORMAL-ARXIV-V12-Q-B1:2606.26627v1,arXiv,Q-B1
REC-01645,GS:GS-C1-02-058,ARX:FORMAL-ARXIV-V12-Q-B3:2606.26627v1,arXiv,Q-B3
REC-01645,GS:GS-C1-02-058,ARX:FORMAL-ARXIV-V12-Q-C1:2606.26627v1,arXiv,Q-C1
REC-01645,GS:GS-C1-02-058,ARX:FORMAL-ARXIV-V12-Q-C3:2606.26627v1,arXiv,Q-C3
REC-01646,GS:GS-C1-02-059,ARX:FORMAL-ARXIV-V12-Q-D2:2604.01350v1,arXiv,Q-D2
REC-01646,GS:GS-C1-02-059,ARX:FORMAL-ARXIV-V12-Q-S0:2604.01350v1,arXiv,Q-S0
REC-01647,GS:GS-C1-02-062,ARX:FORMAL-ARXIV-V12-Q-B1:2604.18658v1,arXiv,Q-B1
REC-01647,GS:GS-C1-02-062,ARX:FORMAL-ARXIV-V12-Q-D1:2604.18658v1,arXiv,Q-D1
REC-01647,GS:GS-C1-02-062,ARX:FORMAL-ARXIV-V12-Q-D2:2604.18658v1,arXiv,Q-D2
REC-01647,GS:GS-C1-02-062,ARX:FORMAL-ARXIV-V12-Q-S0:2604.18658v1,arXiv,Q-S0
REC-01648,GS:GS-C1-02-070,ARX:FORMAL-ARXIV-V12-Q-B1:2604.23374v1,arXiv,Q-B1
REC-01648,GS:GS-C1-02-070,ARX:FORMAL-ARXIV-V12-Q-B3:2604.23374v1,arXiv,Q-B3
REC-01648,GS:GS-C1-02-070,ARX:FORMAL-ARXIV-V12-Q-C1:2604.23374v1,arXiv,Q-C1
REC-01648,GS:GS-C1-02-070,ARX:FORMAL-ARXIV-V12-Q-D1:2604.23374v1,arXiv,Q-D1
REC-01648,GS:GS-C1-02-070,ARX:FORMAL-ARXIV-V12-Q-D2:2604.23374v1,arXiv,Q-D2
REC-01650,GS:GS-C1-02-075,GS:GS-D3-02-055,Google Scholar,GS-D3-02
REC-01651,GS:GS-C1-02-076,ARX:FORMAL-ARXIV-V12-Q-B3:2605.02812v1,arXiv,Q-B3
REC-01651,GS:GS-C1-02-076,ARX:FORMAL-ARXIV-V12-Q-C2:2605.02812v1,arXiv,Q-C2
REC-01651,GS:GS-C1-02-076,ARX:FORMAL-ARXIV-V12-Q-D1:2605.02812v1,arXiv,Q-D1
REC-01651,GS:GS-C1-02-076,ARX:FORMAL-ARXIV-V12-Q-D2:2605.02812v1,arXiv,Q-D2
REC-01651,GS:GS-C1-02-076,ARX:FORMAL-ARXIV-V12-Q-S0:2605.02812v1,arXiv,Q-S0
REC-01652,GS:GS-C1-02-079,GS:GS-D2-03-038,Google Scholar,GS-D2-03
REC-01653,GS:GS-C1-02-080,GS:GS-C2-03-078,Google Scholar,GS-C2-03
REC-01653,GS:GS-C1-02-080,GS:GS-C3-01-023,Google Scholar,GS-C3-01
REC-01653,GS:GS-C1-02-080,GS:GS-C3-03-018,Google Scholar,GS-C3-03
REC-01653,GS:GS-C1-02-080,GS:GS-D2-02-012,Google Scholar,GS-D2-02
REC-01653,GS:GS-C1-02-080,GS:GS-D2-03-019,Google Scholar,GS-D2-03
REC-01653,GS:GS-C1-02-080,GS:GS-D3-03-015,Google Scholar,GS-D3-03
REC-01654,GS:GS-C1-02-084,ARX:FORMAL-ARXIV-V12-Q-B1:2606.15899v1,arXiv,Q-B1
REC-01654,GS:GS-C1-02-084,ARX:FORMAL-ARXIV-V12-Q-B3:2606.15899v1,arXiv,Q-B3
REC-01654,GS:GS-C1-02-084,ARX:FORMAL-ARXIV-V12-Q-D2:2606.15899v1,arXiv,Q-D2
REC-01654,GS:GS-C1-02-084,ARX:FORMAL-ARXIV-V12-Q-S0:2606.15899v1,arXiv,Q-S0
REC-01655,GS:GS-C1-02-085,ARX:FORMAL-ARXIV-V12-Q-D1:2607.18826v1,arXiv,Q-D1
REC-01655,GS:GS-C1-02-085,ARX:FORMAL-ARXIV-V12-Q-D2:2607.18826v1,arXiv,Q-D2
REC-01655,GS:GS-C1-02-085,ARX:FORMAL-ARXIV-V12-Q-S0:2607.18826v1,arXiv,Q-S0
REC-01656,GS:GS-C1-02-086,GS:GS-D2-03-001,Google Scholar,GS-D2-03
REC-01656,GS:GS-C1-02-086,ARX:FORMAL-ARXIV-V12-Q-D1:2510.05156v1,arXiv,Q-D1
REC-01656,GS:GS-C1-02-086,ARX:FORMAL-ARXIV-V12-Q-D2:2510.05156v1,arXiv,Q-D2
REC-01656,GS:GS-C1-02-086,ARX:FORMAL-ARXIV-V12-Q-S0:2510.05156v1,arXiv,Q-S0
REC-01657,GS:GS-C1-02-087,GS:GS-D2-02-068,Google Scholar,GS-D2-02
REC-01657,GS:GS-C1-02-087,ARX:FORMAL-ARXIV-V12-Q-B3:2602.06547v4,arXiv,Q-B3
REC-01657,GS:GS-C1-02-087,ARX:FORMAL-ARXIV-V12-Q-D2:2602.06547v4,arXiv,Q-D2
REC-01657,GS:GS-C1-02-087,ARX:FORMAL-ARXIV-V12-Q-D3:2602.06547v4,arXiv,Q-D3
REC-01657,GS:GS-C1-02-087,ARX:FORMAL-ARXIV-V12-Q-S0:2602.06547v4,arXiv,Q-S0
REC-01658,GS:GS-C1-02-088,ARX:FORMAL-ARXIV-V12-Q-C1:2606.12797v1,arXiv,Q-C1
REC-01658,GS:GS-C1-02-088,ARX:FORMAL-ARXIV-V12-Q-D1:2606.12797v1,arXiv,Q-D1
REC-01658,GS:GS-C1-02-088,ARX:FORMAL-ARXIV-V12-Q-D2:2606.12797v1,arXiv,Q-D2
REC-01658,GS:GS-C1-02-088,ARX:FORMAL-ARXIV-V12-Q-D3:2606.12797v1,arXiv,Q-D3
REC-01658,GS:GS-C1-02-088,ARX:FORMAL-ARXIV-V12-Q-S0:2606.12797v1,arXiv,Q-S0
REC-01659,GS:GS-C1-02-089,GS:GS-C2-01-059,Google Scholar,GS-C2-01
REC-01659,GS:GS-C1-02-089,GS:GS-C3-01-042,Google Scholar,GS-C3-01
REC-01660,GS:GS-C1-02-090,GS:GS-C2-01-088,Google Scholar,GS-C2-01
REC-01660,GS:GS-C1-02-090,GS:GS-C2-02-059,Google Scholar,GS-C2-02
REC-01660,GS:GS-C1-02-090,GS:GS-C2-03-050,Google Scholar,GS-C2-03
REC-01660,GS:GS-C1-02-090,GS:GS-C3-01-005,Google Scholar,GS-C3-01
REC-01660,GS:GS-C1-02-090,ARX:FORMAL-ARXIV-V12-Q-C2:2604.15367v2,arXiv,Q-C2
REC-01660,GS:GS-C1-02-090,ARX:FORMAL-ARXIV-V12-Q-C3:2604.15367v2,arXiv,Q-C3
REC-01660,GS:GS-C1-02-090,ARX:FORMAL-ARXIV-V12-Q-D2:2604.15367v2,arXiv,Q-D2
REC-01660,GS:GS-C1-02-090,ARX:FORMAL-ARXIV-V12-Q-S0:2604.15367v2,arXiv,Q-S0
REC-01661,GS:GS-C1-02-096,ARX:FORMAL-ARXIV-V12-Q-C2:2607.06807v1,arXiv,Q-C2
REC-01661,GS:GS-C1-02-096,ARX:FORMAL-ARXIV-V12-Q-S0:2607.06807v1,arXiv,Q-S0
REC-01662,GS:GS-C1-02-097,ARX:FORMAL-ARXIV-V12-Q-D1:2602.08412v2,arXiv,Q-D1
REC-01662,GS:GS-C1-02-097,ARX:FORMAL-ARXIV-V12-Q-S0:2602.08412v2,arXiv,Q-S0
REC-01664,GS:GS-C1-03-006,ARX:FORMAL-ARXIV-V12-Q-D2:2606.06054v1,arXiv,Q-D2
REC-01665,GS:GS-C1-03-007,ARX:FORMAL-ARXIV-V12-Q-C1:2507.10562v1,arXiv,Q-C1
REC-01665,GS:GS-C1-03-007,ARX:FORMAL-ARXIV-V12-Q-C2:2507.10562v1,arXiv,Q-C2
REC-01665,GS:GS-C1-03-007,ARX:FORMAL-ARXIV-V12-Q-C3:2507.10562v1,arXiv,Q-C3
REC-01665,GS:GS-C1-03-007,ARX:FORMAL-ARXIV-V12-Q-D1:2507.10562v1,arXiv,Q-D1
REC-01665,GS:GS-C1-03-007,ARX:FORMAL-ARXIV-V12-Q-S0:2507.10562v1,arXiv,Q-S0
REC-01666,GS:GS-C1-03-009,ARX:FORMAL-ARXIV-V12-Q-D2:2607.19433v1,arXiv,Q-D2
REC-01667,GS:GS-C1-03-010,ARX:FORMAL-ARXIV-V12-Q-C1:2607.29167v1,arXiv,Q-C1
REC-01667,GS:GS-C1-03-010,ARX:FORMAL-ARXIV-V12-Q-C3:2607.29167v1,arXiv,Q-C3
REC-01667,GS:GS-C1-03-010,ARX:FORMAL-ARXIV-V12-Q-D1:2607.29167v1,arXiv,Q-D1
REC-01667,GS:GS-C1-03-010,ARX:FORMAL-ARXIV-V12-Q-S0:2607.29167v1,arXiv,Q-S0
REC-01668,GS:GS-C1-03-014,GS:GS-C3-02-050,Google Scholar,GS-C3-02
REC-01668,GS:GS-C1-03-014,GS:GS-D3-02-010,Google Scholar,GS-D3-02
REC-01668,GS:GS-C1-03-014,ARX:FORMAL-ARXIV-V12-Q-C1:2606.30306v1,arXiv,Q-C1
REC-01668,GS:GS-C1-03-014,ARX:FORMAL-ARXIV-V12-Q-C3:2606.30306v1,arXiv,Q-C3
REC-01675,GS:GS-C1-03-023,ARX:FORMAL-ARXIV-V12-Q-C1:2607.09493v1,arXiv,Q-C1
REC-01675,GS:GS-C1-03-023,ARX:FORMAL-ARXIV-V12-Q-C3:2607.09493v1,arXiv,Q-C3
REC-01676,GS:GS-C1-03-024,ARX:FORMAL-ARXIV-V12-Q-B1:2605.08442v5,arXiv,Q-B1
REC-01676,GS:GS-C1-03-024,ARX:FORMAL-ARXIV-V12-Q-C1:2605.08442v5,arXiv,Q-C1
REC-01676,GS:GS-C1-03-024,ARX:FORMAL-ARXIV-V12-Q-C3:2605.08442v5,arXiv,Q-C3
REC-01676,GS:GS-C1-03-024,ARX:FORMAL-ARXIV-V12-Q-D2:2605.08442v5,arXiv,Q-D2
REC-01676,GS:GS-C1-03-024,ARX:FORMAL-ARXIV-V12-Q-S0:2605.08442v5,arXiv,Q-S0
REC-01676,GS:GS-C1-03-024,ARX:FORMAL-ARXIV-V12-Q-S2:2605.08442v5,arXiv,Q-S2
REC-01678,GS:GS-C1-03-028,ARX:FORMAL-ARXIV-V12-Q-C1:2312.17259v2,arXiv,Q-C1
REC-01679,GS:GS-C1-03-029,ARX:FORMAL-ARXIV-V12-Q-B3:2607.23444v1,arXiv,Q-B3
REC-01679,GS:GS-C1-03-029,ARX:FORMAL-ARXIV-V12-Q-C1:2607.23444v1,arXiv,Q-C1
REC-01679,GS:GS-C1-03-029,ARX:FORMAL-ARXIV-V12-Q-D2:2607.23444v1,arXiv,Q-D2
REC-01679,GS:GS-C1-03-029,ARX:FORMAL-ARXIV-V12-Q-D3:2607.23444v1,arXiv,Q-D3
REC-01679,GS:GS-C1-03-029,ARX:FORMAL-ARXIV-V12-Q-S0:2607.23444v1,arXiv,Q-S0
REC-01680,GS:GS-C1-03-031,ARX:FORMAL-ARXIV-V12-Q-B1:2607.14611v1,arXiv,Q-B1
REC-01680,GS:GS-C1-03-031,ARX:FORMAL-ARXIV-V12-Q-C1:2607.14611v1,arXiv,Q-C1
REC-01680,GS:GS-C1-03-031,ARX:FORMAL-ARXIV-V12-Q-S0:2607.14611v1,arXiv,Q-S0
REC-01680,GS:GS-C1-03-031,ARX:FORMAL-ARXIV-V12-Q-S1:2607.14611v1,arXiv,Q-S1
REC-01680,GS:GS-C1-03-031,ARX:FORMAL-ARXIV-V12-Q-S2:2607.14611v1,arXiv,Q-S2
REC-01684,GS:GS-C1-03-036,ARX:FORMAL-ARXIV-V12-Q-C1:2604.27707v2,arXiv,Q-C1
REC-01685,GS:GS-C1-03-038,GS:GS-C2-02-035,Google Scholar,GS-C2-02
REC-01689,GS:GS-C1-03-049,ARX:FORMAL-ARXIV-V12-Q-C1:2607.23929v2,arXiv,Q-C1
REC-01689,GS:GS-C1-03-049,ARX:FORMAL-ARXIV-V12-Q-C3:2607.23929v2,arXiv,Q-C3
REC-01689,GS:GS-C1-03-049,ARX:FORMAL-ARXIV-V12-Q-D1:2607.23929v2,arXiv,Q-D1
REC-01691,GS:GS-C1-03-056,ARX:FORMAL-ARXIV-V12-Q-D3:2605.26870v1,arXiv,Q-D3
REC-01692,GS:GS-C1-03-057,ARX:FORMAL-ARXIV-V12-Q-C1:2604.20300v2,arXiv,Q-C1
REC-01693,GS:GS-C1-03-058,ARX:FORMAL-ARXIV-V12-Q-C1:2604.04853v1,arXiv,Q-C1
REC-01695,GS:GS-C1-03-063,ARX:FORMAL-ARXIV-V12-Q-C1:2507.00081v1,arXiv,Q-C1
REC-01697,GS:GS-C1-03-065,ARX:FORMAL-ARXIV-V12-Q-C1:2606.06240v1,arXiv,Q-C1
REC-01697,GS:GS-C1-03-065,ARX:FORMAL-ARXIV-V12-Q-D1:2606.06240v1,arXiv,Q-D1
REC-01699,GS:GS-C1-03-071,GS:GS-C2-01-091,Google Scholar,GS-C2-01
REC-01701,GS:GS-C1-03-075,ARX:FORMAL-ARXIV-V12-Q-D3:2607.13157v1,arXiv,Q-D3
REC-01703,GS:GS-C1-03-077,ARX:FORMAL-ARXIV-V12-Q-B2:2605.06158v1,arXiv,Q-B2
REC-01703,GS:GS-C1-03-077,ARX:FORMAL-ARXIV-V12-Q-C3:2605.06158v1,arXiv,Q-C3
REC-01703,GS:GS-C1-03-077,ARX:FORMAL-ARXIV-V12-Q-S0:2605.06158v1,arXiv,Q-S0
REC-01706,GS:GS-C1-03-081,GS:GS-D2-02-089,Google Scholar,GS-D2-02
REC-01706,GS:GS-C1-03-081,ARX:FORMAL-ARXIV-V12-Q-S0:2604.02837v1,arXiv,Q-S0
REC-01708,GS:GS-C1-03-084,GS:GS-C2-02-077,Google Scholar,GS-C2-02
REC-01708,GS:GS-C1-03-084,ARX:FORMAL-ARXIV-V12-Q-B4:2603.09134v1,arXiv,Q-B4
REC-01708,GS:GS-C1-03-084,ARX:FORMAL-ARXIV-V12-Q-C2:2603.09134v1,arXiv,Q-C2
REC-01708,GS:GS-C1-03-084,ARX:FORMAL-ARXIV-V12-Q-C3:2603.09134v1,arXiv,Q-C3
REC-01708,GS:GS-C1-03-084,ARX:FORMAL-ARXIV-V12-Q-D1:2603.09134v1,arXiv,Q-D1
REC-01708,GS:GS-C1-03-084,ARX:FORMAL-ARXIV-V12-Q-D2:2603.09134v1,arXiv,Q-D2
REC-01708,GS:GS-C1-03-084,ARX:FORMAL-ARXIV-V12-Q-S0:2603.09134v1,arXiv,Q-S0
REC-01709,GS:GS-C1-03-085,ARX:FORMAL-ARXIV-V12-Q-C2:2604.23459v1,arXiv,Q-C2
REC-01709,GS:GS-C1-03-085,ARX:FORMAL-ARXIV-V12-Q-C3:2604.23459v1,arXiv,Q-C3
REC-01709,GS:GS-C1-03-085,ARX:FORMAL-ARXIV-V12-Q-S0:2604.23459v1,arXiv,Q-S0
REC-01710,GS:GS-C1-03-086,ARX:FORMAL-ARXIV-V12-Q-C1:2510.07925v1,arXiv,Q-C1
REC-01717,GS:GS-C1-03-096,ARX:FORMAL-ARXIV-V12-Q-B1:2507.15330v1,arXiv,Q-B1
REC-01717,GS:GS-C1-03-096,ARX:FORMAL-ARXIV-V12-Q-D2:2507.15330v1,arXiv,Q-D2
REC-01719,GS:GS-C1-03-099,GS:GS-C2-02-039,Google Scholar,GS-C2-02
REC-01721,GS:GS-C2-01-001,GS:GS-C2-03-086,Google Scholar,GS-C2-03
REC-01721,GS:GS-C2-01-001,ACL:FORMAL-ACL-V12-Q-B1:wang-etal-2025-g,ACL Anthology,Q-B1
REC-01721,GS:GS-C2-01-001,ACL:FORMAL-ACL-V12-Q-C2:wang-etal-2025-g,ACL Anthology,Q-C2
REC-01721,GS:GS-C2-01-001,ACL:FORMAL-ACL-V12-Q-S0:wang-etal-2025-g,ACL Anthology,Q-S0
REC-01723,GS:GS-C2-01-003,ACL:FORMAL-ACL-V12-Q-C2:kavathekar-etal-2026-tamas,ACL Anthology,Q-C2
REC-01723,GS:GS-C2-01-003,ACL:FORMAL-ACL-V12-Q-D2:kavathekar-etal-2026-tamas,ACL Anthology,Q-D2
REC-01723,GS:GS-C2-01-003,ACL:FORMAL-ACL-V12-Q-S0:kavathekar-etal-2026-tamas,ACL Anthology,Q-S0
REC-01724,GS:GS-C2-01-004,ARX:FORMAL-ARXIV-V12-Q-S0:2409.10737v2,arXiv,Q-S0
REC-01725,GS:GS-C2-01-005,GS:GS-C2-03-031,Google Scholar,GS-C2-03
REC-01725,GS:GS-C2-01-005,ACL:FORMAL-ACL-V12-Q-C2:miao-etal-2026-blindguard,ACL Anthology,Q-C2
REC-01725,GS:GS-C2-01-005,ACL:FORMAL-ACL-V12-Q-S0:miao-etal-2026-blindguard,ACL Anthology,Q-S0
REC-01727,GS:GS-C2-01-007,GS:GS-C2-03-002,Google Scholar,GS-C2-03
REC-01727,GS:GS-C2-01-007,ACL:FORMAL-ACL-V12-Q-C2:he-etal-2025-red,ACL Anthology,Q-C2
REC-01727,GS:GS-C2-01-007,ACL:FORMAL-ACL-V12-Q-S0:he-etal-2025-red,ACL Anthology,Q-S0
REC-01729,GS:GS-C2-01-010,GS:GS-C2-02-036,Google Scholar,GS-C2-02
REC-01730,GS:GS-C2-01-012,GS:GS-C2-03-020,Google Scholar,GS-C2-03
REC-01730,GS:GS-C2-01-012,ARX:FORMAL-ARXIV-V12-Q-C2:2502.14321v3,arXiv,Q-C2
REC-01731,GS:GS-C2-01-013,GS:GS-C2-03-027,Google Scholar,GS-C2-03
REC-01734,GS:GS-C2-01-016,GS:GS-C2-03-006,Google Scholar,GS-C2-03
REC-01741,GS:GS-C2-01-024,GS:GS-C2-03-008,Google Scholar,GS-C2-03
REC-01741,GS:GS-C2-01-024,ARX:FORMAL-ARXIV-V12-Q-C2:2507.04724v2,arXiv,Q-C2
REC-01741,GS:GS-C2-01-024,ARX:FORMAL-ARXIV-V12-Q-S0:2507.04724v2,arXiv,Q-S0
REC-01742,GS:GS-C2-01-026,ARX:FORMAL-ARXIV-V12-Q-C2:2601.17817v1,arXiv,Q-C2
REC-01742,GS:GS-C2-01-026,ARX:FORMAL-ARXIV-V12-Q-D2:2601.17817v1,arXiv,Q-D2
REC-01743,GS:GS-C2-01-027,GS:GS-C3-01-085,Google Scholar,GS-C3-01
REC-01744,GS:GS-C2-01-028,GS:GS-C2-03-003,Google Scholar,GS-C2-03
REC-01744,GS:GS-C2-01-028,ACL:FORMAL-ACL-V12-Q-C2:shahroz-etal-2025-agents,ACL Anthology,Q-C2
REC-01744,GS:GS-C2-01-028,ACL:FORMAL-ACL-V12-Q-S0:shahroz-etal-2025-agents,ACL Anthology,Q-S0
REC-01746,GS:GS-C2-01-030,GS:GS-C2-03-088,Google Scholar,GS-C2-03
REC-01746,GS:GS-C2-01-030,ACL:FORMAL-ACL-V12-Q-C2:kong-etal-2026-web,ACL Anthology,Q-C2
REC-01746,GS:GS-C2-01-030,ACL:FORMAL-ACL-V12-Q-S0:kong-etal-2026-web,ACL Anthology,Q-S0
REC-01748,GS:GS-C2-01-032,GS:GS-C2-03-059,Google Scholar,GS-C2-03
REC-01748,GS:GS-C2-01-032,ARX:FORMAL-ARXIV-V12-Q-C2:2601.14667v1,arXiv,Q-C2
REC-01748,GS:GS-C2-01-032,ARX:FORMAL-ARXIV-V12-Q-S0:2601.14667v1,arXiv,Q-S0
REC-01750,GS:GS-C2-01-034,GS:GS-C2-03-081,Google Scholar,GS-C2-03
REC-01750,GS:GS-C2-01-034,ARX:FORMAL-ARXIV-V12-Q-C2:2505.20824v1,arXiv,Q-C2
REC-01750,GS:GS-C2-01-034,ARX:FORMAL-ARXIV-V12-Q-S0:2505.20824v1,arXiv,Q-S0
REC-01752,GS:GS-C2-01-036,GS:GS-C3-01-076,Google Scholar,GS-C3-01
REC-01752,GS:GS-C2-01-036,GS:GS-D2-02-030,Google Scholar,GS-D2-02
REC-01752,GS:GS-C2-01-036,ARX:FORMAL-ARXIV-V12-Q-C2:2605.10481v1,arXiv,Q-C2
REC-01752,GS:GS-C2-01-036,ARX:FORMAL-ARXIV-V12-Q-C3:2605.10481v1,arXiv,Q-C3
REC-01753,GS:GS-C2-01-037,GS:GS-C2-03-057,Google Scholar,GS-C2-03
REC-01755,GS:GS-C2-01-039,GS:GS-D3-02-095,Google Scholar,GS-D3-02
REC-01755,GS:GS-C2-01-039,GS:GS-D3-03-022,Google Scholar,GS-D3-03
REC-01755,GS:GS-C2-01-039,ARX:FORMAL-ARXIV-V12-Q-D1:2508.05687v1,arXiv,Q-D1
REC-01755,GS:GS-C2-01-039,ARX:FORMAL-ARXIV-V12-Q-S0:2508.05687v1,arXiv,Q-S0
REC-01761,GS:GS-C2-01-047,GS:GS-D2-02-041,Google Scholar,GS-D2-02
REC-01761,GS:GS-C2-01-047,ARX:FORMAL-ARXIV-V12-Q-C2:2603.15408v1,arXiv,Q-C2
REC-01761,GS:GS-C2-01-047,ARX:FORMAL-ARXIV-V12-Q-S0:2603.15408v1,arXiv,Q-S0
REC-01762,GS:GS-C2-01-048,GS:GS-C3-01-018,Google Scholar,GS-C3-01
REC-01762,GS:GS-C2-01-048,ARX:FORMAL-ARXIV-V12-Q-B4:2603.22853v1,arXiv,Q-B4
REC-01762,GS:GS-C2-01-048,ARX:FORMAL-ARXIV-V12-Q-C2:2603.22853v1,arXiv,Q-C2
REC-01762,GS:GS-C2-01-048,ARX:FORMAL-ARXIV-V12-Q-D1:2603.22853v1,arXiv,Q-D1
REC-01762,GS:GS-C2-01-048,ARX:FORMAL-ARXIV-V12-Q-D2:2603.22853v1,arXiv,Q-D2
REC-01762,GS:GS-C2-01-048,ARX:FORMAL-ARXIV-V12-Q-S0:2603.22853v1,arXiv,Q-S0
REC-01763,GS:GS-C2-01-049,GS:GS-C2-03-007,Google Scholar,GS-C2-03
REC-01763,GS:GS-C2-01-049,ACL:FORMAL-ACL-V12-Q-C2:wu-etal-2026-cia,ACL Anthology,Q-C2
REC-01765,GS:GS-C2-01-056,ARX:FORMAL-ARXIV-V12-Q-C2:2408.14972v1,arXiv,Q-C2
REC-01765,GS:GS-C2-01-056,ARX:FORMAL-ARXIV-V12-Q-S0:2408.14972v1,arXiv,Q-S0
REC-01767,GS:GS-C2-01-060,ARX:FORMAL-ARXIV-V12-Q-C2:2306.03314v1,arXiv,Q-C2
REC-01771,GS:GS-C2-01-065,ARX:FORMAL-ARXIV-V12-Q-B3:2603.05520v1,arXiv,Q-B3
REC-01771,GS:GS-C2-01-065,ARX:FORMAL-ARXIV-V12-Q-C2:2603.05520v1,arXiv,Q-C2
REC-01773,GS:GS-C2-01-067,ARX:FORMAL-ARXIV-V12-Q-C2:2403.04783v2,arXiv,Q-C2
REC-01773,GS:GS-C2-01-067,ARX:FORMAL-ARXIV-V12-Q-D2:2403.04783v2,arXiv,Q-D2
REC-01773,GS:GS-C2-01-067,ARX:FORMAL-ARXIV-V12-Q-S0:2403.04783v2,arXiv,Q-S0
REC-01774,GS:GS-C2-01-068,GS:GS-C2-03-074,Google Scholar,GS-C2-03
REC-01774,GS:GS-C2-01-068,ARX:FORMAL-ARXIV-V12-Q-B3:2603.04474v2,arXiv,Q-B3
REC-01774,GS:GS-C2-01-068,ARX:FORMAL-ARXIV-V12-Q-C2:2603.04474v2,arXiv,Q-C2
REC-01777,GS:GS-C2-01-071,GS:GS-C2-03-076,Google Scholar,GS-C2-03
REC-01778,GS:GS-C2-01-072,GS:GS-C2-03-033,Google Scholar,GS-C2-03
REC-01780,GS:GS-C2-01-074,GS:GS-C2-03-045,Google Scholar,GS-C2-03
REC-01780,GS:GS-C2-01-074,ARX:FORMAL-ARXIV-V12-Q-D1:2507.10621v1,arXiv,Q-D1
REC-01780,GS:GS-C2-01-074,ARX:FORMAL-ARXIV-V12-Q-D2:2507.10621v1,arXiv,Q-D2
REC-01781,GS:GS-C2-01-076,ACL:FORMAL-ACL-V12-Q-C2:pan-etal-2026-explainable,ACL Anthology,Q-C2
REC-01781,GS:GS-C2-01-076,ACL:FORMAL-ACL-V12-Q-S0:pan-etal-2026-explainable,ACL Anthology,Q-S0
REC-01782,GS:GS-C2-01-078,ARX:FORMAL-ARXIV-V12-Q-C2:2510.14008v2,arXiv,Q-C2
REC-01783,GS:GS-C2-01-079,ACL:FORMAL-ACL-V12-Q-C2:li-etal-2025-1,ACL Anthology,Q-C2
REC-01784,GS:GS-C2-01-080,ARX:FORMAL-ARXIV-V12-Q-B1:2505.24201v1,arXiv,Q-B1
REC-01784,GS:GS-C2-01-080,ARX:FORMAL-ARXIV-V12-Q-C2:2505.24201v1,arXiv,Q-C2
REC-01786,GS:GS-C2-01-084,GS:GS-C2-02-028,Google Scholar,GS-C2-02
REC-01786,GS:GS-C2-01-084,ARX:FORMAL-ARXIV-V12-Q-B1:2509.14956v1,arXiv,Q-B1
REC-01786,GS:GS-C2-01-084,ARX:FORMAL-ARXIV-V12-Q-C2:2509.14956v1,arXiv,Q-C2
REC-01786,GS:GS-C2-01-084,ARX:FORMAL-ARXIV-V12-Q-C3:2509.14956v1,arXiv,Q-C3
REC-01786,GS:GS-C2-01-084,ARX:FORMAL-ARXIV-V12-Q-D1:2509.14956v1,arXiv,Q-D1
REC-01786,GS:GS-C2-01-084,ARX:FORMAL-ARXIV-V12-Q-D2:2509.14956v1,arXiv,Q-D2
REC-01786,GS:GS-C2-01-084,ARX:FORMAL-ARXIV-V12-Q-D3:2509.14956v1,arXiv,Q-D3
REC-01786,GS:GS-C2-01-084,ARX:FORMAL-ARXIV-V12-Q-S0:2509.14956v1,arXiv,Q-S0
REC-01788,GS:GS-C2-01-086,ARX:FORMAL-ARXIV-V12-Q-C2:2603.21019v1,arXiv,Q-C2
REC-01788,GS:GS-C2-01-086,ARX:FORMAL-ARXIV-V12-Q-D1:2603.21019v1,arXiv,Q-D1
REC-01788,GS:GS-C2-01-086,ARX:FORMAL-ARXIV-V12-Q-D2:2603.21019v1,arXiv,Q-D2
REC-01788,GS:GS-C2-01-086,ARX:FORMAL-ARXIV-V12-Q-S0:2603.21019v1,arXiv,Q-S0
REC-01791,GS:GS-C2-01-090,GS:GS-C2-03-095,Google Scholar,GS-C2-03
REC-01796,GS:GS-C2-01-096,ARX:FORMAL-ARXIV-V12-Q-C2:2410.15686v1,arXiv,Q-C2
REC-01796,GS:GS-C2-01-096,ARX:FORMAL-ARXIV-V12-Q-S0:2410.15686v1,arXiv,Q-S0
REC-01802,GS:GS-C2-02-003,ARX:FORMAL-ARXIV-V12-Q-B4:2504.16902v2,arXiv,Q-B4
REC-01802,GS:GS-C2-02-003,ARX:FORMAL-ARXIV-V12-Q-C2:2504.16902v2,arXiv,Q-C2
REC-01802,GS:GS-C2-02-003,ARX:FORMAL-ARXIV-V12-Q-S0:2504.16902v2,arXiv,Q-S0
REC-01803,GS:GS-C2-02-005,ARX:FORMAL-ARXIV-V12-Q-C2:2508.01332v3,arXiv,Q-C2
REC-01803,GS:GS-C2-02-005,ARX:FORMAL-ARXIV-V12-Q-C3:2508.01332v3,arXiv,Q-C3
REC-01803,GS:GS-C2-02-005,ARX:FORMAL-ARXIV-V12-Q-D1:2508.01332v3,arXiv,Q-D1
REC-01803,GS:GS-C2-02-005,ARX:FORMAL-ARXIV-V12-Q-D2:2508.01332v3,arXiv,Q-D2
REC-01803,GS:GS-C2-02-005,ARX:FORMAL-ARXIV-V12-Q-D3:2508.01332v3,arXiv,Q-D3
REC-01803,GS:GS-C2-02-005,ARX:FORMAL-ARXIV-V12-Q-S0:2508.01332v3,arXiv,Q-S0
REC-01804,GS:GS-C2-02-006,GS:GS-C3-01-068,Google Scholar,GS-C3-01
REC-01804,GS:GS-C2-02-006,ARX:FORMAL-ARXIV-V12-Q-B4:2504.16736v3,arXiv,Q-B4
REC-01804,GS:GS-C2-02-006,ARX:FORMAL-ARXIV-V12-Q-C2:2504.16736v3,arXiv,Q-C2
REC-01805,GS:GS-C2-02-007,GS:GS-C2-03-093,Google Scholar,GS-C2-03
REC-01806,GS:GS-C2-02-008,ACL:FORMAL-ACL-V12-Q-C2:gomaa-etal-2026-converse,ACL Anthology,Q-C2
REC-01806,GS:GS-C2-02-008,ACL:FORMAL-ACL-V12-Q-S0:gomaa-etal-2026-converse,ACL Anthology,Q-S0
REC-01807,GS:GS-C2-02-016,GS:GS-C2-03-038,Google Scholar,GS-C2-03
REC-01808,GS:GS-C2-02-017,ARX:FORMAL-ARXIV-V12-Q-B4:2603.23801v1,arXiv,Q-B4
REC-01808,GS:GS-C2-02-017,ARX:FORMAL-ARXIV-V12-Q-C2:2603.23801v1,arXiv,Q-C2
REC-01808,GS:GS-C2-02-017,ARX:FORMAL-ARXIV-V12-Q-D1:2603.23801v1,arXiv,Q-D1
REC-01808,GS:GS-C2-02-017,ARX:FORMAL-ARXIV-V12-Q-D2:2603.23801v1,arXiv,Q-D2
REC-01808,GS:GS-C2-02-017,ARX:FORMAL-ARXIV-V12-Q-S0:2603.23801v1,arXiv,Q-S0
REC-01809,GS:GS-C2-02-018,ARX:FORMAL-ARXIV-V12-Q-C2:2604.03733v1,arXiv,Q-C2
REC-01809,GS:GS-C2-02-018,ARX:FORMAL-ARXIV-V12-Q-C3:2604.03733v1,arXiv,Q-C3
REC-01810,GS:GS-C2-02-019,GS:GS-C3-04-020,Google Scholar,GS-C3-04
REC-01811,GS:GS-C2-02-020,GS:GS-C2-03-022,Google Scholar,GS-C2-03
REC-01812,GS:GS-C2-02-021,ARX:FORMAL-ARXIV-V12-Q-B1:2603.12230v2,arXiv,Q-B1
REC-01812,GS:GS-C2-02-021,ARX:FORMAL-ARXIV-V12-Q-C2:2603.12230v2,arXiv,Q-C2
REC-01812,GS:GS-C2-02-021,ARX:FORMAL-ARXIV-V12-Q-C3:2603.12230v2,arXiv,Q-C3
REC-01812,GS:GS-C2-02-021,ARX:FORMAL-ARXIV-V12-Q-D1:2603.12230v2,arXiv,Q-D1
REC-01812,GS:GS-C2-02-021,ARX:FORMAL-ARXIV-V12-Q-D2:2603.12230v2,arXiv,Q-D2
REC-01812,GS:GS-C2-02-021,ARX:FORMAL-ARXIV-V12-Q-S0:2603.12230v2,arXiv,Q-S0
REC-01816,GS:GS-C2-02-025,ARX:FORMAL-ARXIV-V12-Q-C2:2507.21146v1,arXiv,Q-C2
REC-01816,GS:GS-C2-02-025,ARX:FORMAL-ARXIV-V12-Q-D1:2507.21146v1,arXiv,Q-D1
REC-01816,GS:GS-C2-02-025,ARX:FORMAL-ARXIV-V12-Q-D2:2507.21146v1,arXiv,Q-D2
REC-01816,GS:GS-C2-02-025,ARX:FORMAL-ARXIV-V12-Q-S0:2507.21146v1,arXiv,Q-S0
REC-01817,GS:GS-C2-02-026,ARX:FORMAL-ARXIV-V12-Q-C2:2510.13825v1,arXiv,Q-C2
REC-01817,GS:GS-C2-02-026,ARX:FORMAL-ARXIV-V12-Q-D2:2510.13825v1,arXiv,Q-D2
REC-01817,GS:GS-C2-02-026,ARX:FORMAL-ARXIV-V12-Q-S0:2510.13825v1,arXiv,Q-S0
REC-01818,GS:GS-C2-02-027,ARX:FORMAL-ARXIV-V12-Q-C2:2504.21034v2,arXiv,Q-C2
REC-01818,GS:GS-C2-02-027,ARX:FORMAL-ARXIV-V12-Q-C3:2504.21034v2,arXiv,Q-C3
REC-01818,GS:GS-C2-02-027,ARX:FORMAL-ARXIV-V12-Q-D2:2504.21034v2,arXiv,Q-D2
REC-01818,GS:GS-C2-02-027,ARX:FORMAL-ARXIV-V12-Q-S0:2504.21034v2,arXiv,Q-S0
REC-01820,GS:GS-C2-02-030,ARX:FORMAL-ARXIV-V12-Q-B4:2510.14133v2,arXiv,Q-B4
REC-01820,GS:GS-C2-02-030,ARX:FORMAL-ARXIV-V12-Q-C2:2510.14133v2,arXiv,Q-C2
REC-01820,GS:GS-C2-02-030,ARX:FORMAL-ARXIV-V12-Q-D2:2510.14133v2,arXiv,Q-D2
REC-01820,GS:GS-C2-02-030,ARX:FORMAL-ARXIV-V12-Q-S0:2510.14133v2,arXiv,Q-S0
REC-01821,GS:GS-C2-02-033,ARX:FORMAL-ARXIV-V12-Q-C2:2508.09815v1,arXiv,Q-C2
REC-01821,GS:GS-C2-02-033,ARX:FORMAL-ARXIV-V12-Q-S0:2508.09815v1,arXiv,Q-S0
REC-01824,GS:GS-C2-02-041,ARX:FORMAL-ARXIV-V12-Q-C3:2510.25819v1,arXiv,Q-C3
REC-01824,GS:GS-C2-02-041,ARX:FORMAL-ARXIV-V12-Q-S0:2510.25819v1,arXiv,Q-S0
REC-01828,GS:GS-C2-02-045,ARX:FORMAL-ARXIV-V12-Q-B4:2606.28690v1,arXiv,Q-B4
REC-01828,GS:GS-C2-02-045,ARX:FORMAL-ARXIV-V12-Q-S0:2606.28690v1,arXiv,Q-S0
REC-01830,GS:GS-C2-02-047,ARX:FORMAL-ARXIV-V12-Q-D1:2501.06243v1,arXiv,Q-D1
REC-01830,GS:GS-C2-02-047,ARX:FORMAL-ARXIV-V12-Q-D3:2501.06243v1,arXiv,Q-D3
REC-01833,GS:GS-C2-02-052,ARX:FORMAL-ARXIV-V12-Q-C2:2509.02317v1,arXiv,Q-C2
REC-01834,GS:GS-C2-02-053,ARX:FORMAL-ARXIV-V12-Q-C2:2604.02369v3,arXiv,Q-C2
REC-01836,GS:GS-C2-02-055,GS:GS-C3-01-087,Google Scholar,GS-C3-01
REC-01836,GS:GS-C2-02-055,GS:GS-C3-04-049,Google Scholar,GS-C3-04
REC-01836,GS:GS-C2-02-055,ARX:FORMAL-ARXIV-V12-Q-B1:2511.03434v1,arXiv,Q-B1
REC-01836,GS:GS-C2-02-055,ARX:FORMAL-ARXIV-V12-Q-B4:2511.03434v1,arXiv,Q-B4
REC-01836,GS:GS-C2-02-055,ARX:FORMAL-ARXIV-V12-Q-C2:2511.03434v1,arXiv,Q-C2
REC-01836,GS:GS-C2-02-055,ARX:FORMAL-ARXIV-V12-Q-D1:2511.03434v1,arXiv,Q-D1
REC-01836,GS:GS-C2-02-055,ARX:FORMAL-ARXIV-V12-Q-D2:2511.03434v1,arXiv,Q-D2
REC-01836,GS:GS-C2-02-055,ARX:FORMAL-ARXIV-V12-Q-D3:2511.03434v1,arXiv,Q-D3
REC-01837,GS:GS-C2-02-058,GS:GS-C3-03-074,Google Scholar,GS-C3-03
REC-01837,GS:GS-C2-02-058,GS:GS-C3-04-024,Google Scholar,GS-C3-04
REC-01837,GS:GS-C2-02-058,GS:GS-D2-02-006,Google Scholar,GS-D2-02
REC-01837,GS:GS-C2-02-058,GS:GS-D2-03-027,Google Scholar,GS-D2-03
REC-01837,GS:GS-C2-02-058,GS:GS-D3-03-083,Google Scholar,GS-D3-03
REC-01837,GS:GS-C2-02-058,ARX:FORMAL-ARXIV-V12-Q-C2:2512.00520v2,arXiv,Q-C2
REC-01837,GS:GS-C2-02-058,ARX:FORMAL-ARXIV-V12-Q-D2:2512.00520v2,arXiv,Q-D2
REC-01838,GS:GS-C2-02-060,ARX:FORMAL-ARXIV-V12-Q-C2:2511.02841v2,arXiv,Q-C2
REC-01838,GS:GS-C2-02-060,ARX:FORMAL-ARXIV-V12-Q-D1:2511.02841v2,arXiv,Q-D1
REC-01839,GS:GS-C2-02-062,ARX:FORMAL-ARXIV-V12-Q-A2S:2512.08104v3,arXiv,Q-A2S
REC-01839,GS:GS-C2-02-062,ARX:FORMAL-ARXIV-V12-Q-C2:2512.08104v3,arXiv,Q-C2
REC-01839,GS:GS-C2-02-062,ARX:FORMAL-ARXIV-V12-Q-C3:2512.08104v3,arXiv,Q-C3
REC-01839,GS:GS-C2-02-062,ARX:FORMAL-ARXIV-V12-Q-D2:2512.08104v3,arXiv,Q-D2
REC-01839,GS:GS-C2-02-062,ARX:FORMAL-ARXIV-V12-Q-S0:2512.08104v3,arXiv,Q-S0
REC-01840,GS:GS-C2-02-064,ARX:FORMAL-ARXIV-V12-Q-C2:2605.19035v2,arXiv,Q-C2
REC-01844,GS:GS-C2-02-069,GS:GS-C2-03-047,Google Scholar,GS-C2-03
REC-01844,GS:GS-C2-02-069,GS:GS-C3-01-011,Google Scholar,GS-C3-01
REC-01844,GS:GS-C2-02-069,GS:GS-C3-03-016,Google Scholar,GS-C3-03
REC-01844,GS:GS-C2-02-069,GS:GS-C3-04-010,Google Scholar,GS-C3-04
REC-01844,GS:GS-C2-02-069,GS:GS-D2-03-022,Google Scholar,GS-D2-03
REC-01845,GS:GS-C2-02-070,GS:GS-C3-03-073,Google Scholar,GS-C3-03
REC-01845,GS:GS-C2-02-070,ARX:FORMAL-ARXIV-V12-Q-C3:2604.02767v1,arXiv,Q-C3
REC-01845,GS:GS-C2-02-070,ARX:FORMAL-ARXIV-V12-Q-D1:2604.02767v1,arXiv,Q-D1
REC-01845,GS:GS-C2-02-070,ARX:FORMAL-ARXIV-V12-Q-D3:2604.02767v1,arXiv,Q-D3
REC-01845,GS:GS-C2-02-070,ARX:FORMAL-ARXIV-V12-Q-S0:2604.02767v1,arXiv,Q-S0
REC-01847,GS:GS-C2-02-072,ARX:FORMAL-ARXIV-V12-Q-D1:2607.00245v1,arXiv,Q-D1
REC-01848,GS:GS-C2-02-073,ARX:FORMAL-ARXIV-V12-Q-C2:2507.07901v3,arXiv,Q-C2
REC-01848,GS:GS-C2-02-073,ARX:FORMAL-ARXIV-V12-Q-D1:2507.07901v3,arXiv,Q-D1
REC-01851,GS:GS-C2-02-078,GS:GS-C3-01-078,Google Scholar,GS-C3-01
REC-01851,GS:GS-C2-02-078,GS:GS-D2-03-024,Google Scholar,GS-D2-03
REC-01851,GS:GS-C2-02-078,ARX:FORMAL-ARXIV-V12-Q-B1:2603.27517v3,arXiv,Q-B1
REC-01851,GS:GS-C2-02-078,ARX:FORMAL-ARXIV-V12-Q-B3:2603.27517v3,arXiv,Q-B3
REC-01851,GS:GS-C2-02-078,ARX:FORMAL-ARXIV-V12-Q-D2:2603.27517v3,arXiv,Q-D2
REC-01851,GS:GS-C2-02-078,ARX:FORMAL-ARXIV-V12-Q-D3:2603.27517v3,arXiv,Q-D3
REC-01851,GS:GS-C2-02-078,ARX:FORMAL-ARXIV-V12-Q-S0:2603.27517v3,arXiv,Q-S0
REC-01852,GS:GS-C2-02-079,ARX:FORMAL-ARXIV-V12-Q-C2:2602.16424v2,arXiv,Q-C2
REC-01856,GS:GS-C2-02-085,ARX:FORMAL-ARXIV-V12-Q-B1:2512.08737v1,arXiv,Q-B1
REC-01856,GS:GS-C2-02-085,ARX:FORMAL-ARXIV-V12-Q-C2:2512.08737v1,arXiv,Q-C2
REC-01856,GS:GS-C2-02-085,ARX:FORMAL-ARXIV-V12-Q-D1:2512.08737v1,arXiv,Q-D1
REC-01868,GS:GS-C2-02-097,ARX:FORMAL-ARXIV-V12-Q-B1:2606.29142v1,arXiv,Q-B1
REC-01868,GS:GS-C2-02-097,ARX:FORMAL-ARXIV-V12-Q-C2:2606.29142v1,arXiv,Q-C2
REC-01868,GS:GS-C2-02-097,ARX:FORMAL-ARXIV-V12-Q-C3:2606.29142v1,arXiv,Q-C3
REC-01868,GS:GS-C2-02-097,ARX:FORMAL-ARXIV-V12-Q-D1:2606.29142v1,arXiv,Q-D1
REC-01868,GS:GS-C2-02-097,ARX:FORMAL-ARXIV-V12-Q-D2:2606.29142v1,arXiv,Q-D2
REC-01868,GS:GS-C2-02-097,ARX:FORMAL-ARXIV-V12-Q-S0:2606.29142v1,arXiv,Q-S0
REC-01869,GS:GS-C2-02-098,ARX:FORMAL-ARXIV-V12-Q-D1:2604.25189v1,arXiv,Q-D1
REC-01873,GS:GS-C2-03-011,GS:GS-C3-03-062,Google Scholar,GS-C3-03
REC-01873,GS:GS-C2-03-011,ACL:FORMAL-ACL-V12-Q-C2:arif-etal-2026-conjunctive,ACL Anthology,Q-C2
REC-01873,GS:GS-C2-03-011,ACL:FORMAL-ACL-V12-Q-S0:arif-etal-2026-conjunctive,ACL Anthology,Q-S0
REC-01874,GS:GS-C2-03-014,ARX:FORMAL-ARXIV-V12-Q-C2:2605.28104v1,arXiv,Q-C2
REC-01874,GS:GS-C2-03-014,ARX:FORMAL-ARXIV-V12-Q-S0:2605.28104v1,arXiv,Q-S0
REC-01875,GS:GS-C2-03-019,ARX:FORMAL-ARXIV-V12-Q-C2:2504.00218v2,arXiv,Q-C2
REC-01875,GS:GS-C2-03-019,ARX:FORMAL-ARXIV-V12-Q-S0:2504.00218v2,arXiv,Q-S0
REC-01877,GS:GS-C2-03-025,GS:GS-C3-01-092,Google Scholar,GS-C3-01
REC-01877,GS:GS-C2-03-025,ARX:FORMAL-ARXIV-V12-Q-C2:2510.13821v1,arXiv,Q-C2
REC-01878,GS:GS-C2-03-028,GS:GS-C3-03-030,Google Scholar,GS-C3-03
REC-01879,GS:GS-C2-03-030,ARX:FORMAL-ARXIV-V12-Q-C1:2602.11510v3,arXiv,Q-C1
REC-01879,GS:GS-C2-03-030,ARX:FORMAL-ARXIV-V12-Q-C2:2602.11510v3,arXiv,Q-C2
REC-01880,GS:GS-C2-03-032,ARX:FORMAL-ARXIV-V12-Q-C2:2603.19677v1,arXiv,Q-C2
REC-01882,GS:GS-C2-03-042,GS:GS-C3-01-051,Google Scholar,GS-C3-01
REC-01882,GS:GS-C2-03-042,GS:GS-C3-03-006,Google Scholar,GS-C3-03
REC-01882,GS:GS-C2-03-042,ARX:FORMAL-ARXIV-V12-Q-C2:2508.19870v1,arXiv,Q-C2
REC-01882,GS:GS-C2-03-042,ARX:FORMAL-ARXIV-V12-Q-C3:2508.19870v1,arXiv,Q-C3
REC-01882,GS:GS-C2-03-042,ARX:FORMAL-ARXIV-V12-Q-D1:2508.19870v1,arXiv,Q-D1
REC-01882,GS:GS-C2-03-042,ARX:FORMAL-ARXIV-V12-Q-S0:2508.19870v1,arXiv,Q-S0
REC-01884,GS:GS-C2-03-044,ARX:FORMAL-ARXIV-V12-Q-C2:2602.05877v1,arXiv,Q-C2
REC-01888,GS:GS-C2-03-053,ARX:FORMAL-ARXIV-V12-Q-C2:2506.02546v2,arXiv,Q-C2
REC-01889,GS:GS-C2-03-055,ARX:FORMAL-ARXIV-V12-Q-B3:2605.13213v1,arXiv,Q-B3
REC-01889,GS:GS-C2-03-055,ARX:FORMAL-ARXIV-V12-Q-C2:2605.13213v1,arXiv,Q-C2
REC-01889,GS:GS-C2-03-055,ARX:FORMAL-ARXIV-V12-Q-S0:2605.13213v1,arXiv,Q-S0
REC-01890,GS:GS-C2-03-056,ARX:FORMAL-ARXIV-V12-Q-B1:2607.16199v1,arXiv,Q-B1
REC-01890,GS:GS-C2-03-056,ARX:FORMAL-ARXIV-V12-Q-C2:2607.16199v1,arXiv,Q-C2
REC-01890,GS:GS-C2-03-056,ARX:FORMAL-ARXIV-V12-Q-S0:2607.16199v1,arXiv,Q-S0
REC-01890,GS:GS-C2-03-056,ARX:FORMAL-ARXIV-V12-Q-S1:2607.16199v1,arXiv,Q-S1
REC-01893,GS:GS-C2-03-063,ARX:FORMAL-ARXIV-V12-Q-B3:2506.05364v2,arXiv,Q-B3
REC-01893,GS:GS-C2-03-063,ARX:FORMAL-ARXIV-V12-Q-B4:2506.05364v2,arXiv,Q-B4
REC-01893,GS:GS-C2-03-063,ARX:FORMAL-ARXIV-V12-Q-C2:2506.05364v2,arXiv,Q-C2
REC-01894,GS:GS-C2-03-064,ARX:FORMAL-ARXIV-V12-Q-B1:2508.16481v3,arXiv,Q-B1
REC-01894,GS:GS-C2-03-064,ARX:FORMAL-ARXIV-V12-Q-C2:2508.16481v3,arXiv,Q-C2
REC-01896,GS:GS-C2-03-069,ARX:FORMAL-ARXIV-V12-Q-C2:2605.01133v3,arXiv,Q-C2
REC-01896,GS:GS-C2-03-069,ARX:FORMAL-ARXIV-V12-Q-S0:2605.01133v3,arXiv,Q-S0
REC-01897,GS:GS-C2-03-070,ARX:FORMAL-ARXIV-V12-Q-C2:2505.12442v3,arXiv,Q-C2
REC-01897,GS:GS-C2-03-070,ARX:FORMAL-ARXIV-V12-Q-S0:2505.12442v3,arXiv,Q-S0
REC-01899,GS:GS-C2-03-073,ARX:FORMAL-ARXIV-V12-Q-C2:2506.04572v1,arXiv,Q-C2
REC-01899,GS:GS-C2-03-073,ARX:FORMAL-ARXIV-V12-Q-S0:2506.04572v1,arXiv,Q-S0
REC-01900,GS:GS-C2-03-077,ARX:FORMAL-ARXIV-V12-Q-C2:2606.30602v1,arXiv,Q-C2
REC-01900,GS:GS-C2-03-077,ARX:FORMAL-ARXIV-V12-Q-S0:2606.30602v1,arXiv,Q-S0
REC-01902,GS:GS-C2-03-080,GS:GS-C3-01-053,Google Scholar,GS-C3-01
REC-01902,GS:GS-C2-03-080,GS:GS-C3-03-015,Google Scholar,GS-C3-03
REC-01903,GS:GS-C2-03-082,ACL:FORMAL-ACL-V12-Q-C2:zhou-etal-2026-corba,ACL Anthology,Q-C2
REC-01903,GS:GS-C2-03-082,ACL:FORMAL-ACL-V12-Q-S0:zhou-etal-2026-corba,ACL Anthology,Q-S0
REC-01909,GS:GS-C2-03-098,ARX:FORMAL-ARXIV-V12-Q-C2:2512.04129v2,arXiv,Q-C2
REC-01909,GS:GS-C2-03-098,ARX:FORMAL-ARXIV-V12-Q-S0:2512.04129v2,arXiv,Q-S0
REC-01910,GS:GS-C2-03-099,ARX:FORMAL-ARXIV-V12-Q-C2:2606.07790v1,arXiv,Q-C2
REC-01912,GS:GS-C3-01-006,GS:GS-C3-03-029,Google Scholar,GS-C3-03
REC-01912,GS:GS-C3-01-006,GS:GS-C3-04-005,Google Scholar,GS-C3-04
REC-01912,GS:GS-C3-01-006,GS:GS-C3-04-078,Google Scholar,GS-C3-04
REC-01912,GS:GS-C3-01-006,GS:GS-D2-03-065,Google Scholar,GS-D2-03
REC-01912,GS:GS-C3-01-006,ARX:FORMAL-ARXIV-V12-Q-C3:2606.28679v1,arXiv,Q-C3
REC-01912,GS:GS-C3-01-006,ARX:FORMAL-ARXIV-V12-Q-D1:2606.28679v1,arXiv,Q-D1
REC-01912,GS:GS-C3-01-006,ARX:FORMAL-ARXIV-V12-Q-D3:2606.28679v1,arXiv,Q-D3
REC-01912,GS:GS-C3-01-006,ARX:FORMAL-ARXIV-V12-Q-S0:2606.28679v1,arXiv,Q-S0
REC-01913,GS:GS-C3-01-007,GS:GS-C3-03-048,Google Scholar,GS-C3-03
REC-01914,GS:GS-C3-01-008,GS:GS-C3-03-076,Google Scholar,GS-C3-03
REC-01914,GS:GS-C3-01-008,GS:GS-C3-04-027,Google Scholar,GS-C3-04
REC-01914,GS:GS-C3-01-008,ARX:FORMAL-ARXIV-V12-Q-B1:2605.26497v1,arXiv,Q-B1
REC-01914,GS:GS-C3-01-008,ARX:FORMAL-ARXIV-V12-Q-C3:2605.26497v1,arXiv,Q-C3
REC-01914,GS:GS-C3-01-008,ARX:FORMAL-ARXIV-V12-Q-D1:2605.26497v1,arXiv,Q-D1
REC-01914,GS:GS-C3-01-008,ARX:FORMAL-ARXIV-V12-Q-D2:2605.26497v1,arXiv,Q-D2
REC-01914,GS:GS-C3-01-008,ARX:FORMAL-ARXIV-V12-Q-S0:2605.26497v1,arXiv,Q-S0
REC-01915,GS:GS-C3-01-010,GS:GS-C3-04-028,Google Scholar,GS-C3-04
REC-01915,GS:GS-C3-01-010,GS:GS-D1-03-004,Google Scholar,GS-D1-03
REC-01915,GS:GS-C3-01-010,ARX:FORMAL-ARXIV-V12-Q-C3:2607.10487v1,arXiv,Q-C3
REC-01915,GS:GS-C3-01-010,ARX:FORMAL-ARXIV-V12-Q-D2:2607.10487v1,arXiv,Q-D2
REC-01915,GS:GS-C3-01-010,ARX:FORMAL-ARXIV-V12-Q-S0:2607.10487v1,arXiv,Q-S0
REC-01916,GS:GS-C3-01-012,GS:GS-C3-03-039,Google Scholar,GS-C3-03
REC-01916,GS:GS-C3-01-012,GS:GS-C3-04-011,Google Scholar,GS-C3-04
REC-01916,GS:GS-C3-01-012,GS:GS-D2-03-016,Google Scholar,GS-D2-03
REC-01917,GS:GS-C3-01-013,GS:GS-C3-04-013,Google Scholar,GS-C3-04
REC-01920,GS:GS-C3-01-024,GS:GS-C3-03-046,Google Scholar,GS-C3-03
REC-01920,GS:GS-C3-01-024,GS:GS-C3-04-014,Google Scholar,GS-C3-04
REC-01920,GS:GS-C3-01-024,ARX:FORMAL-ARXIV-V12-Q-C3:2606.06460v4,arXiv,Q-C3
REC-01921,GS:GS-C3-01-026,GS:GS-C3-03-035,Google Scholar,GS-C3-03
REC-01921,GS:GS-C3-01-026,GS:GS-D2-02-019,Google Scholar,GS-D2-02
REC-01921,GS:GS-C3-01-026,GS:GS-D2-03-039,Google Scholar,GS-D2-03
REC-01922,GS:GS-C3-01-027,ARX:FORMAL-ARXIV-V12-Q-B4:2505.22368v1,arXiv,Q-B4
REC-01922,GS:GS-C3-01-027,ARX:FORMAL-ARXIV-V12-Q-C2:2505.22368v1,arXiv,Q-C2
REC-01923,GS:GS-C3-01-028,GS:GS-C3-01-064,Google Scholar,GS-C3-01
REC-01923,GS:GS-C3-01-028,GS:GS-D3-02-034,Google Scholar,GS-D3-02
REC-01923,GS:GS-C3-01-028,GS:GS-D3-02-081,Google Scholar,GS-D3-02
REC-01924,GS:GS-C3-01-031,GS:GS-D2-02-027,Google Scholar,GS-D2-02
REC-01924,GS:GS-C3-01-031,ARX:FORMAL-ARXIV-V12-Q-D2:2512.23738v1,arXiv,Q-D2
REC-01926,GS:GS-C3-01-033,GS:GS-C3-03-070,Google Scholar,GS-C3-03
REC-01927,GS:GS-C3-01-035,GS:GS-C3-03-058,Google Scholar,GS-C3-03
REC-01929,GS:GS-C3-01-037,ARX:FORMAL-ARXIV-V12-Q-A1:2406.09187v3,arXiv,Q-A1
REC-01929,GS:GS-C3-01-037,ARX:FORMAL-ARXIV-V12-Q-A3:2406.09187v3,arXiv,Q-A3
REC-01929,GS:GS-C3-01-037,ARX:FORMAL-ARXIV-V12-Q-C3:2406.09187v3,arXiv,Q-C3
REC-01929,GS:GS-C3-01-037,ARX:FORMAL-ARXIV-V12-Q-D2:2406.09187v3,arXiv,Q-D2
REC-01929,GS:GS-C3-01-037,ARX:FORMAL-ARXIV-V12-Q-S0:2406.09187v3,arXiv,Q-S0
REC-01930,GS:GS-C3-01-038,GS:GS-D2-03-086,Google Scholar,GS-D2-03
REC-01931,GS:GS-C3-01-040,ARX:FORMAL-ARXIV-V12-Q-D2:2606.19135v1,arXiv,Q-D2
REC-01933,GS:GS-C3-01-043,ARX:FORMAL-ARXIV-V12-Q-B3:2510.11108v2,arXiv,Q-B3
REC-01933,GS:GS-C3-01-043,ARX:FORMAL-ARXIV-V12-Q-C3:2510.11108v2,arXiv,Q-C3
REC-01934,GS:GS-C3-01-044,ARX:FORMAL-ARXIV-V12-Q-C3:2607.15593v1,arXiv,Q-C3
REC-01935,GS:GS-C3-01-045,GS:GS-D2-03-058,Google Scholar,GS-D2-03
REC-01936,GS:GS-C3-01-047,GS:GS-C3-03-052,Google Scholar,GS-C3-03
REC-01936,GS:GS-C3-01-047,ARX:FORMAL-ARXIV-V12-Q-C2:2606.04903v1,arXiv,Q-C2
REC-01936,GS:GS-C3-01-047,ARX:FORMAL-ARXIV-V12-Q-C3:2606.04903v1,arXiv,Q-C3
REC-01936,GS:GS-C3-01-047,ARX:FORMAL-ARXIV-V12-Q-D1:2606.04903v1,arXiv,Q-D1
REC-01936,GS:GS-C3-01-047,ARX:FORMAL-ARXIV-V12-Q-S0:2606.04903v1,arXiv,Q-S0
REC-01937,GS:GS-C3-01-049,GS:GS-C3-03-068,Google Scholar,GS-C3-03
REC-01937,GS:GS-C3-01-049,GS:GS-C3-04-043,Google Scholar,GS-C3-04
REC-01938,GS:GS-C3-01-050,GS:GS-C3-04-003,Google Scholar,GS-C3-04
REC-01938,GS:GS-C3-01-050,GS:GS-D2-02-025,Google Scholar,GS-D2-02
REC-01938,GS:GS-C3-01-050,GS:GS-D3-02-030,Google Scholar,GS-D3-02
REC-01938,GS:GS-C3-01-050,GS:GS-D3-03-059,Google Scholar,GS-D3-03
REC-01938,GS:GS-C3-01-050,ARX:FORMAL-ARXIV-V12-Q-A2W:2602.20867v1,arXiv,Q-A2W
REC-01938,GS:GS-C3-01-050,ARX:FORMAL-ARXIV-V12-Q-B1:2602.20867v1,arXiv,Q-B1
REC-01938,GS:GS-C3-01-050,ARX:FORMAL-ARXIV-V12-Q-B3:2602.20867v1,arXiv,Q-B3
REC-01938,GS:GS-C3-01-050,ARX:FORMAL-ARXIV-V12-Q-D1:2602.20867v1,arXiv,Q-D1
REC-01941,GS:GS-C3-01-058,GS:GS-C3-03-063,Google Scholar,GS-C3-03
REC-01941,GS:GS-C3-01-058,GS:GS-D2-03-071,Google Scholar,GS-D2-03
REC-01941,GS:GS-C3-01-058,ARX:FORMAL-ARXIV-V12-Q-B3:2605.16976v1,arXiv,Q-B3
REC-01941,GS:GS-C3-01-058,ARX:FORMAL-ARXIV-V12-Q-D2:2605.16976v1,arXiv,Q-D2
REC-01941,GS:GS-C3-01-058,ARX:FORMAL-ARXIV-V12-Q-S0:2605.16976v1,arXiv,Q-S0
REC-01943,GS:GS-C3-01-061,GS:GS-C3-03-097,Google Scholar,GS-C3-03
REC-01943,GS:GS-C3-01-061,ARX:FORMAL-ARXIV-V12-Q-S0:2507.02699v1,arXiv,Q-S0
REC-01944,GS:GS-C3-01-062,GS:GS-C3-03-054,Google Scholar,GS-C3-03
REC-01944,GS:GS-C3-01-062,GS:GS-C3-04-016,Google Scholar,GS-C3-04
REC-01944,GS:GS-C3-01-062,GS:GS-D2-03-030,Google Scholar,GS-D2-03
REC-01944,GS:GS-C3-01-062,ARX:FORMAL-ARXIV-V12-Q-B1:2607.24625v1,arXiv,Q-B1
REC-01944,GS:GS-C3-01-062,ARX:FORMAL-ARXIV-V12-Q-B3:2607.24625v1,arXiv,Q-B3
REC-01944,GS:GS-C3-01-062,ARX:FORMAL-ARXIV-V12-Q-C3:2607.24625v1,arXiv,Q-C3
REC-01944,GS:GS-C3-01-062,ARX:FORMAL-ARXIV-V12-Q-S0:2607.24625v1,arXiv,Q-S0
REC-01948,GS:GS-C3-01-070,ARX:FORMAL-ARXIV-V12-Q-D2:2510.07176v1,arXiv,Q-D2
REC-01948,GS:GS-C3-01-070,ARX:FORMAL-ARXIV-V12-Q-S0:2510.07176v1,arXiv,Q-S0
REC-01949,GS:GS-C3-01-071,GS:GS-D3-03-062,Google Scholar,GS-D3-03
REC-01952,GS:GS-C3-01-081,ARX:FORMAL-ARXIV-V12-Q-D1:2605.19362v2,arXiv,Q-D1
REC-01952,GS:GS-C3-01-081,ARX:FORMAL-ARXIV-V12-Q-D3:2605.19362v2,arXiv,Q-D3
REC-01953,GS:GS-C3-01-084,ARX:FORMAL-ARXIV-V12-Q-D1:2607.01641v1,arXiv,Q-D1
REC-01953,GS:GS-C3-01-084,ARX:FORMAL-ARXIV-V12-Q-D2:2607.01641v1,arXiv,Q-D2
REC-01955,GS:GS-C3-01-090,GS:GS-C3-03-040,Google Scholar,GS-C3-03
REC-01955,GS:GS-C3-01-090,ARX:FORMAL-ARXIV-V12-Q-S0:2606.08661v1,arXiv,Q-S0
REC-01957,GS:GS-C3-01-094,GS:GS-C3-04-055,Google Scholar,GS-C3-04
REC-01957,GS:GS-C3-01-094,GS:GS-D2-03-041,Google Scholar,GS-D2-03
REC-01957,GS:GS-C3-01-094,GS:GS-D3-03-058,Google Scholar,GS-D3-03
REC-01957,GS:GS-C3-01-094,ARX:FORMAL-ARXIV-V12-Q-B4:2605.30604v1,arXiv,Q-B4
REC-01957,GS:GS-C3-01-094,ARX:FORMAL-ARXIV-V12-Q-D1:2605.30604v1,arXiv,Q-D1
REC-01957,GS:GS-C3-01-094,ARX:FORMAL-ARXIV-V12-Q-D2:2605.30604v1,arXiv,Q-D2
REC-01961,GS:GS-C3-01-098,ARX:FORMAL-ARXIV-V12-Q-D2:2508.00500v4,arXiv,Q-D2
REC-01961,GS:GS-C3-01-098,ARX:FORMAL-ARXIV-V12-Q-S0:2508.00500v4,arXiv,Q-S0
REC-01962,GS:GS-C3-01-099,GS:GS-C3-04-045,Google Scholar,GS-C3-04
REC-01962,GS:GS-C3-01-099,GS:GS-D3-03-056,Google Scholar,GS-D3-03
REC-01963,GS:GS-C3-02-002,ARX:FORMAL-ARXIV-V12-Q-C3:2603.17170v1,arXiv,Q-C3
REC-01963,GS:GS-C3-02-002,ARX:FORMAL-ARXIV-V12-Q-D1:2603.17170v1,arXiv,Q-D1
REC-01963,GS:GS-C3-02-002,ARX:FORMAL-ARXIV-V12-Q-S0:2603.17170v1,arXiv,Q-S0
REC-01964,GS:GS-C3-02-003,ARX:FORMAL-ARXIV-V12-Q-B4:2605.28914v1,arXiv,Q-B4
REC-01964,GS:GS-C3-02-003,ARX:FORMAL-ARXIV-V12-Q-C3:2605.28914v1,arXiv,Q-C3
REC-01964,GS:GS-C3-02-003,ARX:FORMAL-ARXIV-V12-Q-S0:2605.28914v1,arXiv,Q-S0
REC-01965,GS:GS-C3-02-004,ARX:FORMAL-ARXIV-V12-Q-D1:2602.10479v1,arXiv,Q-D1
REC-01965,GS:GS-C3-02-004,ARX:FORMAL-ARXIV-V12-Q-D2:2602.10479v1,arXiv,Q-D2
REC-01966,GS:GS-C3-02-005,ARX:FORMAL-ARXIV-V12-Q-C3:2605.26542v4,arXiv,Q-C3
REC-01967,GS:GS-C3-02-006,GS:GS-D3-03-025,Google Scholar,GS-D3-03
REC-01969,GS:GS-C3-02-008,GS:GS-C3-04-061,Google Scholar,GS-C3-04
REC-01971,GS:GS-C3-02-011,ARX:FORMAL-ARXIV-V12-Q-C3:2606.09549v1,arXiv,Q-C3
REC-01971,GS:GS-C3-02-011,ARX:FORMAL-ARXIV-V12-Q-D1:2606.09549v1,arXiv,Q-D1
REC-01971,GS:GS-C3-02-011,ARX:FORMAL-ARXIV-V12-Q-D2:2606.09549v1,arXiv,Q-D2
REC-01973,GS:GS-C3-02-013,ARX:FORMAL-ARXIV-V12-Q-B3:2605.14271v2,arXiv,Q-B3
REC-01973,GS:GS-C3-02-013,ARX:FORMAL-ARXIV-V12-Q-C3:2605.14271v2,arXiv,Q-C3
REC-01973,GS:GS-C3-02-013,ARX:FORMAL-ARXIV-V12-Q-D1:2605.14271v2,arXiv,Q-D1
REC-01973,GS:GS-C3-02-013,ARX:FORMAL-ARXIV-V12-Q-S0:2605.14271v2,arXiv,Q-S0
REC-01975,GS:GS-C3-02-015,ARX:FORMAL-ARXIV-V12-Q-B1:2606.18356v1,arXiv,Q-B1
REC-01975,GS:GS-C3-02-015,ARX:FORMAL-ARXIV-V12-Q-C1:2606.18356v1,arXiv,Q-C1
REC-01975,GS:GS-C3-02-015,ARX:FORMAL-ARXIV-V12-Q-D1:2606.18356v1,arXiv,Q-D1
REC-01975,GS:GS-C3-02-015,ARX:FORMAL-ARXIV-V12-Q-D2:2606.18356v1,arXiv,Q-D2
REC-01976,GS:GS-C3-02-016,ARX:FORMAL-ARXIV-V12-Q-B4:2606.09751v2,arXiv,Q-B4
REC-01977,GS:GS-C3-02-019,ARX:FORMAL-ARXIV-V12-Q-C2:2605.08258v1,arXiv,Q-C2
REC-01977,GS:GS-C3-02-019,ARX:FORMAL-ARXIV-V12-Q-C3:2605.08258v1,arXiv,Q-C3
REC-01978,GS:GS-C3-02-020,ARX:FORMAL-ARXIV-V12-Q-B3:2607.11126v1,arXiv,Q-B3
REC-01978,GS:GS-C3-02-020,ARX:FORMAL-ARXIV-V12-Q-D1:2607.11126v1,arXiv,Q-D1
REC-01979,GS:GS-C3-02-021,ARX:FORMAL-ARXIV-V12-Q-D2:2602.13379v2,arXiv,Q-D2
REC-01979,GS:GS-C3-02-021,ARX:FORMAL-ARXIV-V12-Q-S0:2602.13379v2,arXiv,Q-S0
REC-01980,GS:GS-C3-02-022,GS:GS-D3-03-087,Google Scholar,GS-D3-03
REC-01980,GS:GS-C3-02-022,ARX:FORMAL-ARXIV-V12-Q-D1:2601.03624v3,arXiv,Q-D1
REC-01982,GS:GS-C3-02-024,ARX:FORMAL-ARXIV-V12-Q-C1:2603.07670v1,arXiv,Q-C1
REC-01984,GS:GS-C3-02-026,GS:GS-C3-04-083,Google Scholar,GS-C3-04
REC-01984,GS:GS-C3-02-026,ARX:FORMAL-ARXIV-V12-Q-B3:2607.25364v2,arXiv,Q-B3
REC-01984,GS:GS-C3-02-026,ARX:FORMAL-ARXIV-V12-Q-C3:2607.25364v2,arXiv,Q-C3
REC-01984,GS:GS-C3-02-026,ARX:FORMAL-ARXIV-V12-Q-D1:2607.25364v2,arXiv,Q-D1
REC-01985,GS:GS-C3-02-028,ARX:FORMAL-ARXIV-V12-Q-D1:2601.07880v1,arXiv,Q-D1
REC-01985,GS:GS-C3-02-028,ARX:FORMAL-ARXIV-V12-Q-S0:2601.07880v1,arXiv,Q-S0
REC-01986,GS:GS-C3-02-029,ARX:FORMAL-ARXIV-V12-Q-S0:2605.22643v2,arXiv,Q-S0
REC-01987,GS:GS-C3-02-030,ARX:FORMAL-ARXIV-V12-Q-C3:2606.22737v2,arXiv,Q-C3
REC-01994,GS:GS-C3-02-041,GS:GS-D3-02-007,Google Scholar,GS-D3-02
REC-02001,GS:GS-C3-02-049,ARX:FORMAL-ARXIV-V12-Q-D1:2607.27834v1,arXiv,Q-D1
REC-02001,GS:GS-C3-02-049,ARX:FORMAL-ARXIV-V12-Q-D3:2607.27834v1,arXiv,Q-D3
REC-02002,GS:GS-C3-02-051,ARX:FORMAL-ARXIV-V12-Q-C3:2604.05793v1,arXiv,Q-C3
REC-02008,GS:GS-C3-03-007,ARX:FORMAL-ARXIV-V12-Q-C3:2605.05868v1,arXiv,Q-C3
REC-02008,GS:GS-C3-03-007,ARX:FORMAL-ARXIV-V12-Q-D2:2605.05868v1,arXiv,Q-D2
REC-02008,GS:GS-C3-03-007,ARX:FORMAL-ARXIV-V12-Q-S0:2605.05868v1,arXiv,Q-S0
REC-02009,GS:GS-C3-03-008,GS:GS-C3-04-067,Google Scholar,GS-C3-04
REC-02009,GS:GS-C3-03-008,ARX:FORMAL-ARXIV-V12-Q-C3:2606.13884v1,arXiv,Q-C3
REC-02009,GS:GS-C3-03-008,ARX:FORMAL-ARXIV-V12-Q-D1:2606.13884v1,arXiv,Q-D1
REC-02009,GS:GS-C3-03-008,ARX:FORMAL-ARXIV-V12-Q-S0:2606.13884v1,arXiv,Q-S0
REC-02010,GS:GS-C3-03-009,GS:GS-C3-04-058,Google Scholar,GS-C3-04
REC-02010,GS:GS-C3-03-009,ARX:FORMAL-ARXIV-V12-Q-C3:2606.20023v2,arXiv,Q-C3
REC-02010,GS:GS-C3-03-009,ARX:FORMAL-ARXIV-V12-Q-D2:2606.20023v2,arXiv,Q-D2
REC-02010,GS:GS-C3-03-009,ARX:FORMAL-ARXIV-V12-Q-S0:2606.20023v2,arXiv,Q-S0
REC-02011,GS:GS-C3-03-011,GS:GS-D2-03-040,Google Scholar,GS-D2-03
REC-02011,GS:GS-C3-03-011,ARX:FORMAL-ARXIV-V12-Q-S0:2605.18991v2,arXiv,Q-S0
REC-02012,GS:GS-C3-03-025,GS:GS-C3-04-044,Google Scholar,GS-C3-04
REC-02014,GS:GS-C3-03-036,ARX:FORMAL-ARXIV-V12-Q-C3:2605.09721v1,arXiv,Q-C3
REC-02014,GS:GS-C3-03-036,ARX:FORMAL-ARXIV-V12-Q-D1:2605.09721v1,arXiv,Q-D1
REC-02014,GS:GS-C3-03-036,ARX:FORMAL-ARXIV-V12-Q-D2:2605.09721v1,arXiv,Q-D2
REC-02014,GS:GS-C3-03-036,ARX:FORMAL-ARXIV-V12-Q-S0:2605.09721v1,arXiv,Q-S0
REC-02015,GS:GS-C3-03-042,GS:GS-D2-03-070,Google Scholar,GS-D2-03
REC-02015,GS:GS-C3-03-042,GS:GS-D3-02-087,Google Scholar,GS-D3-02
REC-02017,GS:GS-C3-03-047,GS:GS-D3-03-049,Google Scholar,GS-D3-03
REC-02017,GS:GS-C3-03-047,ARX:FORMAL-ARXIV-V12-Q-D1:2602.21127v1,arXiv,Q-D1
REC-02017,GS:GS-C3-03-047,ARX:FORMAL-ARXIV-V12-Q-D2:2602.21127v1,arXiv,Q-D2
REC-02018,GS:GS-C3-03-049,GS:GS-D2-03-050,Google Scholar,GS-D2-03
REC-02019,GS:GS-C3-03-050,ARX:FORMAL-ARXIV-V12-Q-B3:2606.03024v2,arXiv,Q-B3
REC-02019,GS:GS-C3-03-050,ARX:FORMAL-ARXIV-V12-Q-C3:2606.03024v2,arXiv,Q-C3
REC-02019,GS:GS-C3-03-050,ARX:FORMAL-ARXIV-V12-Q-D1:2606.03024v2,arXiv,Q-D1
REC-02019,GS:GS-C3-03-050,ARX:FORMAL-ARXIV-V12-Q-D2:2606.03024v2,arXiv,Q-D2
REC-02019,GS:GS-C3-03-050,ARX:FORMAL-ARXIV-V12-Q-S0:2606.03024v2,arXiv,Q-S0
REC-02020,GS:GS-C3-03-055,GS:GS-D2-02-045,Google Scholar,GS-D2-02
REC-02021,GS:GS-C3-03-057,GS:GS-D2-03-096,Google Scholar,GS-D2-03
REC-02022,GS:GS-C3-03-066,ARX:FORMAL-ARXIV-V12-Q-B1:2508.17155v1,arXiv,Q-B1
REC-02023,GS:GS-C3-03-069,GS:GS-D2-02-023,Google Scholar,GS-D2-02
REC-02023,GS:GS-C3-03-069,GS:GS-D2-03-069,Google Scholar,GS-D2-03
REC-02023,GS:GS-C3-03-069,ARX:FORMAL-ARXIV-V12-Q-B3:2603.07557v1,arXiv,Q-B3
REC-02023,GS:GS-C3-03-069,ARX:FORMAL-ARXIV-V12-Q-D1:2603.07557v1,arXiv,Q-D1
REC-02023,GS:GS-C3-03-069,ARX:FORMAL-ARXIV-V12-Q-D2:2603.07557v1,arXiv,Q-D2
REC-02024,GS:GS-C3-03-071,GS:GS-C3-04-037,Google Scholar,GS-C3-04
REC-02024,GS:GS-C3-03-071,ARX:FORMAL-ARXIV-V12-Q-D2:2605.14932v1,arXiv,Q-D2
REC-02024,GS:GS-C3-03-071,ARX:FORMAL-ARXIV-V12-Q-S0:2605.14932v1,arXiv,Q-S0
REC-02025,GS:GS-C3-03-079,GS:GS-D2-03-011,Google Scholar,GS-D2-03
REC-02025,GS:GS-C3-03-079,ARX:FORMAL-ARXIV-V12-Q-B1:2607.13718v2,arXiv,Q-B1
REC-02025,GS:GS-C3-03-079,ARX:FORMAL-ARXIV-V12-Q-C3:2607.13718v2,arXiv,Q-C3
REC-02025,GS:GS-C3-03-079,ARX:FORMAL-ARXIV-V12-Q-S0:2607.13718v2,arXiv,Q-S0
REC-02027,GS:GS-C3-03-081,ARX:FORMAL-ARXIV-V12-Q-D2:2503.04596v2,arXiv,Q-D2
REC-02030,GS:GS-C3-03-084,ARX:FORMAL-ARXIV-V12-Q-C3:2606.00914v1,arXiv,Q-C3
REC-02030,GS:GS-C3-03-084,ARX:FORMAL-ARXIV-V12-Q-D1:2606.00914v1,arXiv,Q-D1
REC-02030,GS:GS-C3-03-084,ARX:FORMAL-ARXIV-V12-Q-D2:2606.00914v1,arXiv,Q-D2
REC-02032,GS:GS-C3-03-092,ARX:FORMAL-ARXIV-V12-Q-B1:2604.17562v1,arXiv,Q-B1
REC-02032,GS:GS-C3-03-092,ARX:FORMAL-ARXIV-V12-Q-D2:2604.17562v1,arXiv,Q-D2
REC-02032,GS:GS-C3-03-092,ARX:FORMAL-ARXIV-V12-Q-D3:2604.17562v1,arXiv,Q-D3
REC-02034,GS:GS-C3-03-096,GS:GS-D2-02-072,Google Scholar,GS-D2-02
REC-02034,GS:GS-C3-03-096,ARX:FORMAL-ARXIV-V12-Q-D2:2605.06713v1,arXiv,Q-D2
REC-02034,GS:GS-C3-03-096,ARX:FORMAL-ARXIV-V12-Q-D3:2605.06713v1,arXiv,Q-D3
REC-02034,GS:GS-C3-03-096,ARX:FORMAL-ARXIV-V12-Q-S0:2605.06713v1,arXiv,Q-S0
REC-02036,GS:GS-C3-04-019,ARX:FORMAL-ARXIV-V12-Q-B3:2606.09692v1,arXiv,Q-B3
REC-02036,GS:GS-C3-04-019,ARX:FORMAL-ARXIV-V12-Q-C3:2606.09692v1,arXiv,Q-C3
REC-02036,GS:GS-C3-04-019,ARX:FORMAL-ARXIV-V12-Q-D1:2606.09692v1,arXiv,Q-D1
REC-02038,GS:GS-C3-04-031,ARX:FORMAL-ARXIV-V12-Q-C1:2606.24535v1,arXiv,Q-C1
REC-02038,GS:GS-C3-04-031,ARX:FORMAL-ARXIV-V12-Q-C2:2606.24535v1,arXiv,Q-C2
REC-02039,GS:GS-C3-04-035,ARX:FORMAL-ARXIV-V12-Q-B1:2604.24920v3,arXiv,Q-B1
REC-02039,GS:GS-C3-04-035,ARX:FORMAL-ARXIV-V12-Q-C3:2604.24920v3,arXiv,Q-C3
REC-02040,GS:GS-C3-04-036,ARX:FORMAL-ARXIV-V12-Q-B1:2606.21732v1,arXiv,Q-B1
REC-02040,GS:GS-C3-04-036,ARX:FORMAL-ARXIV-V12-Q-C3:2606.21732v1,arXiv,Q-C3
REC-02040,GS:GS-C3-04-036,ARX:FORMAL-ARXIV-V12-Q-D2:2606.21732v1,arXiv,Q-D2
REC-02042,GS:GS-C3-04-042,ARX:FORMAL-ARXIV-V12-Q-B1:2605.08460v1,arXiv,Q-B1
REC-02042,GS:GS-C3-04-042,ARX:FORMAL-ARXIV-V12-Q-C2:2605.08460v1,arXiv,Q-C2
REC-02042,GS:GS-C3-04-042,ARX:FORMAL-ARXIV-V12-Q-C3:2605.08460v1,arXiv,Q-C3
REC-02042,GS:GS-C3-04-042,ARX:FORMAL-ARXIV-V12-Q-S0:2605.08460v1,arXiv,Q-S0
REC-02044,GS:GS-C3-04-053,GS:GS-D2-02-047,Google Scholar,GS-D2-02
REC-02045,GS:GS-C3-04-054,GS:GS-D2-03-079,Google Scholar,GS-D2-03
REC-02046,GS:GS-C3-04-060,ARX:FORMAL-ARXIV-V12-Q-C2:2602.10465v1,arXiv,Q-C2
REC-02046,GS:GS-C3-04-060,ARX:FORMAL-ARXIV-V12-Q-D2:2602.10465v1,arXiv,Q-D2
REC-02047,GS:GS-C3-04-063,GS:GS-D3-02-097,Google Scholar,GS-D3-02
REC-02047,GS:GS-C3-04-063,ARX:FORMAL-ARXIV-V12-Q-C3:2605.12729v2,arXiv,Q-C3
REC-02047,GS:GS-C3-04-063,ARX:FORMAL-ARXIV-V12-Q-S0:2605.12729v2,arXiv,Q-S0
REC-02051,GS:GS-C3-04-073,ARX:FORMAL-ARXIV-V12-Q-B1:2605.05440v1,arXiv,Q-B1
REC-02051,GS:GS-C3-04-073,ARX:FORMAL-ARXIV-V12-Q-C2:2605.05440v1,arXiv,Q-C2
REC-02051,GS:GS-C3-04-073,ARX:FORMAL-ARXIV-V12-Q-C3:2605.05440v1,arXiv,Q-C3
REC-02051,GS:GS-C3-04-073,ARX:FORMAL-ARXIV-V12-Q-D2:2605.05440v1,arXiv,Q-D2
REC-02051,GS:GS-C3-04-073,ARX:FORMAL-ARXIV-V12-Q-D3:2605.05440v1,arXiv,Q-D3
REC-02051,GS:GS-C3-04-073,ARX:FORMAL-ARXIV-V12-Q-S0:2605.05440v1,arXiv,Q-S0
REC-02052,GS:GS-C3-04-074,GS:GS-D2-03-099,Google Scholar,GS-D2-03
REC-02053,GS:GS-C3-04-075,ARX:FORMAL-ARXIV-V12-Q-B3:2605.09594v1,arXiv,Q-B3
REC-02053,GS:GS-C3-04-075,ARX:FORMAL-ARXIV-V12-Q-S0:2605.09594v1,arXiv,Q-S0
REC-02055,GS:GS-C3-04-079,ARX:FORMAL-ARXIV-V12-Q-S1:2607.14493v1,arXiv,Q-S1
REC-02059,GS:GS-C3-04-085,ARX:FORMAL-ARXIV-V12-Q-B1:2602.10481v1,arXiv,Q-B1
REC-02066,GS:GS-C3-04-097,ARX:FORMAL-ARXIV-V12-Q-B1:2602.09433v1,arXiv,Q-B1
REC-02066,GS:GS-C3-04-097,ARX:FORMAL-ARXIV-V12-Q-C3:2602.09433v1,arXiv,Q-C3
REC-02066,GS:GS-C3-04-097,ARX:FORMAL-ARXIV-V12-Q-D2:2602.09433v1,arXiv,Q-D2
REC-02067,GS:GS-C3-04-098,ARX:FORMAL-ARXIV-V12-Q-C3:2607.29190v1,arXiv,Q-C3
REC-02067,GS:GS-C3-04-098,ARX:FORMAL-ARXIV-V12-Q-D1:2607.29190v1,arXiv,Q-D1
REC-02067,GS:GS-C3-04-098,ARX:FORMAL-ARXIV-V12-Q-S0:2607.29190v1,arXiv,Q-S0
REC-02069,GS:GS-D1-01-077,GS:GS-D3-01-098,Google Scholar,GS-D3-01
REC-02069,GS:GS-D1-01-077,ARX:FORMAL-ARXIV-V12-Q-A1:2605.08261v1,arXiv,Q-A1
REC-02069,GS:GS-D1-01-077,ARX:FORMAL-ARXIV-V12-Q-A3:2605.08261v1,arXiv,Q-A3
REC-02069,GS:GS-D1-01-077,ARX:FORMAL-ARXIV-V12-Q-D1:2605.08261v1,arXiv,Q-D1
REC-02069,GS:GS-D1-01-077,ARX:FORMAL-ARXIV-V12-Q-D2:2605.08261v1,arXiv,Q-D2
REC-02070,GS:GS-D1-01-086,GS:GS-D3-01-039,Google Scholar,GS-D3-01
REC-02070,GS:GS-D1-01-086,ARX:FORMAL-ARXIV-V12-Q-A1:2605.17320v1,arXiv,Q-A1
REC-02070,GS:GS-D1-01-086,ARX:FORMAL-ARXIV-V12-Q-D3:2605.17320v1,arXiv,Q-D3
REC-02071,GS:GS-D1-01-088,GS:GS-D3-01-049,Google Scholar,GS-D3-01
REC-02072,GS:GS-D1-01-089,GS:GS-D3-01-046,Google Scholar,GS-D3-01
REC-02072,GS:GS-D1-01-089,ARX:FORMAL-ARXIV-V12-Q-D1:2511.16108v1,arXiv,Q-D1
REC-02073,GS:GS-D1-01-090,GS:GS-D3-01-073,Google Scholar,GS-D3-01
REC-02073,GS:GS-D1-01-090,ARX:FORMAL-ARXIV-V12-Q-A1:2602.11514v1,arXiv,Q-A1
REC-02073,GS:GS-D1-01-090,ARX:FORMAL-ARXIV-V12-Q-A3:2602.11514v1,arXiv,Q-A3
REC-02074,GS:GS-D1-01-097,GS:GS-D3-01-068,Google Scholar,GS-D3-01
REC-02074,GS:GS-D1-01-097,ARX:FORMAL-ARXIV-V12-Q-A1:2607.28573v1,arXiv,Q-A1
REC-02074,GS:GS-D1-01-097,ARX:FORMAL-ARXIV-V12-Q-A2S:2607.28573v1,arXiv,Q-A2S
REC-02074,GS:GS-D1-01-097,ARX:FORMAL-ARXIV-V12-Q-A3:2607.28573v1,arXiv,Q-A3
REC-02074,GS:GS-D1-01-097,ARX:FORMAL-ARXIV-V12-Q-D2:2607.28573v1,arXiv,Q-D2
REC-02075,GS:GS-D1-01-098,GS:GS-D3-01-070,Google Scholar,GS-D3-01
REC-02078,GS:GS-D1-02-062,GS:GS-D3-01-052,Google Scholar,GS-D3-01
REC-02078,GS:GS-D1-02-062,ARX:FORMAL-ARXIV-V12-Q-A1:2606.11078v1,arXiv,Q-A1
REC-02078,GS:GS-D1-02-062,ARX:FORMAL-ARXIV-V12-Q-A3:2606.11078v1,arXiv,Q-A3
REC-02078,GS:GS-D1-02-062,ARX:FORMAL-ARXIV-V12-Q-D1:2606.11078v1,arXiv,Q-D1
REC-02078,GS:GS-D1-02-062,ARX:FORMAL-ARXIV-V12-Q-D2:2606.11078v1,arXiv,Q-D2
REC-02079,GS:GS-D1-02-077,ARX:FORMAL-ARXIV-V12-Q-D2:2604.15384v2,arXiv,Q-D2
REC-02079,GS:GS-D1-02-077,ARX:FORMAL-ARXIV-V12-Q-D3:2604.15384v2,arXiv,Q-D3
REC-02080,GS:GS-D1-02-089,GS:GS-D3-01-067,Google Scholar,GS-D3-01
REC-02081,GS:GS-D1-02-094,ACL:FORMAL-ACL-V12-Q-A1:cheng-etal-2026-apeiron,ACL Anthology,Q-A1
REC-02082,GS:GS-D1-02-097,GS:GS-D2-01-087,Google Scholar,GS-D2-01
REC-02082,GS:GS-D1-02-097,ARX:FORMAL-ARXIV-V12-Q-A1:2605.15040v3,arXiv,Q-A1
REC-02082,GS:GS-D1-02-097,ARX:FORMAL-ARXIV-V12-Q-A2S:2605.15040v3,arXiv,Q-A2S
REC-02082,GS:GS-D1-02-097,ARX:FORMAL-ARXIV-V12-Q-D1:2605.15040v3,arXiv,Q-D1
REC-02082,GS:GS-D1-02-097,ARX:FORMAL-ARXIV-V12-Q-D2:2605.15040v3,arXiv,Q-D2
REC-02083,GS:GS-D1-02-099,GS:GS-D3-01-095,Google Scholar,GS-D3-01
REC-02083,GS:GS-D1-02-099,ARX:FORMAL-ARXIV-V12-Q-A1:2607.21557v3,arXiv,Q-A1
REC-02083,GS:GS-D1-02-099,ARX:FORMAL-ARXIV-V12-Q-A3:2607.21557v3,arXiv,Q-A3
REC-02083,GS:GS-D1-02-099,ARX:FORMAL-ARXIV-V12-Q-D1:2607.21557v3,arXiv,Q-D1
REC-02083,GS:GS-D1-02-099,ARX:FORMAL-ARXIV-V12-Q-D3:2607.21557v3,arXiv,Q-D3
REC-02084,GS:GS-D1-03-002,ARX:FORMAL-ARXIV-V12-Q-D1:2603.18245v1,arXiv,Q-D1
REC-02084,GS:GS-D1-03-002,ARX:FORMAL-ARXIV-V12-Q-S0:2603.18245v1,arXiv,Q-S0
REC-02085,GS:GS-D1-03-003,ARX:FORMAL-ARXIV-V12-Q-D1:2603.05517v1,arXiv,Q-D1
REC-02085,GS:GS-D1-03-003,ARX:FORMAL-ARXIV-V12-Q-D2:2603.05517v1,arXiv,Q-D2
REC-02085,GS:GS-D1-03-003,ARX:FORMAL-ARXIV-V12-Q-D3:2603.05517v1,arXiv,Q-D3
REC-02087,GS:GS-D1-03-006,ACL:FORMAL-ACL-V12-Q-D2:chen-etal-2026-memophishagent,ACL Anthology,Q-D2
REC-02089,GS:GS-D1-03-008,ARX:FORMAL-ARXIV-V12-Q-D2:2510.20211v1,arXiv,Q-D2
REC-02097,GS:GS-D2-01-075,ARX:FORMAL-ARXIV-V12-Q-D1:2602.23368v1,arXiv,Q-D1
REC-02100,GS:GS-D2-02-005,ARX:FORMAL-ARXIV-V12-Q-S0:2607.19356v1,arXiv,Q-S0
REC-02101,GS:GS-D2-02-008,GS:GS-D2-03-095,Google Scholar,GS-D2-03
REC-02103,GS:GS-D2-02-015,ARX:FORMAL-ARXIV-V12-Q-D2:2605.03034v1,arXiv,Q-D2
REC-02103,GS:GS-D2-02-015,ARX:FORMAL-ARXIV-V12-Q-S0:2605.03034v1,arXiv,Q-S0
REC-02104,GS:GS-D2-02-018,GS:GS-D3-02-027,Google Scholar,GS-D3-02
REC-02104,GS:GS-D2-02-018,ARX:FORMAL-ARXIV-V12-Q-S0:2504.15585v4,arXiv,Q-S0
REC-02107,GS:GS-D2-02-034,GS:GS-D2-03-020,Google Scholar,GS-D2-03
REC-02107,GS:GS-D2-02-034,ARX:FORMAL-ARXIV-V12-Q-C3:2604.07833v4,arXiv,Q-C3
REC-02111,GS:GS-D2-02-038,ARX:FORMAL-ARXIV-V12-Q-C2:2605.11514v1,arXiv,Q-C2
REC-02112,GS:GS-D2-02-039,GS:GS-D2-03-037,Google Scholar,GS-D2-03
REC-02112,GS:GS-D2-02-039,GS:GS-D3-02-043,Google Scholar,GS-D3-02
REC-02112,GS:GS-D2-02-039,ARX:FORMAL-ARXIV-V12-Q-D1:2606.04990v4,arXiv,Q-D1
REC-02112,GS:GS-D2-02-039,ARX:FORMAL-ARXIV-V12-Q-D2:2606.04990v4,arXiv,Q-D2
REC-02112,GS:GS-D2-02-039,ARX:FORMAL-ARXIV-V12-Q-D3:2606.04990v4,arXiv,Q-D3
REC-02113,GS:GS-D2-02-042,GS:GS-D3-03-065,Google Scholar,GS-D3-03
REC-02114,GS:GS-D2-02-044,GS:GS-D2-03-053,Google Scholar,GS-D2-03
REC-02114,GS:GS-D2-02-044,ARX:FORMAL-ARXIV-V12-Q-B1:2601.04583v1,arXiv,Q-B1
REC-02114,GS:GS-D2-02-044,ARX:FORMAL-ARXIV-V12-Q-C3:2601.04583v1,arXiv,Q-C3
REC-02114,GS:GS-D2-02-044,ARX:FORMAL-ARXIV-V12-Q-D1:2601.04583v1,arXiv,Q-D1
REC-02114,GS:GS-D2-02-044,ARX:FORMAL-ARXIV-V12-Q-D2:2601.04583v1,arXiv,Q-D2
REC-02114,GS:GS-D2-02-044,ARX:FORMAL-ARXIV-V12-Q-D3:2601.04583v1,arXiv,Q-D3
REC-02115,GS:GS-D2-02-046,GS:GS-D2-03-073,Google Scholar,GS-D2-03
REC-02115,GS:GS-D2-02-046,GS:GS-D3-03-080,Google Scholar,GS-D3-03
REC-02116,GS:GS-D2-02-048,GS:GS-D2-03-031,Google Scholar,GS-D2-03
REC-02116,GS:GS-D2-02-048,GS:GS-D3-02-074,Google Scholar,GS-D3-02
REC-02117,GS:GS-D2-02-050,ARX:FORMAL-ARXIV-V12-Q-D2:2508.20737v1,arXiv,Q-D2
REC-02118,GS:GS-D2-02-052,GS:GS-D3-03-055,Google Scholar,GS-D3-03
REC-02119,GS:GS-D2-02-054,ARX:FORMAL-ARXIV-V12-Q-D1:2607.18548v1,arXiv,Q-D1
REC-02120,GS:GS-D2-02-058,ARX:FORMAL-ARXIV-V12-Q-D2:2602.22302v1,arXiv,Q-D2
REC-02120,GS:GS-D2-02-058,ARX:FORMAL-ARXIV-V12-Q-D3:2602.22302v1,arXiv,Q-D3
REC-02122,GS:GS-D2-02-060,ARX:FORMAL-ARXIV-V12-Q-D2:2607.07689v1,arXiv,Q-D2
REC-02128,GS:GS-D2-02-070,ARX:FORMAL-ARXIV-V12-Q-D2:2601.05293v1,arXiv,Q-D2
REC-02131,GS:GS-D2-02-076,ARX:FORMAL-ARXIV-V12-Q-C1:2605.22321v2,arXiv,Q-C1
REC-02131,GS:GS-D2-02-076,ARX:FORMAL-ARXIV-V12-Q-S0:2605.22321v2,arXiv,Q-S0
REC-02132,GS:GS-D2-02-078,ARX:FORMAL-ARXIV-V12-Q-B3:2606.28061v1,arXiv,Q-B3
REC-02132,GS:GS-D2-02-078,ARX:FORMAL-ARXIV-V12-Q-C3:2606.28061v1,arXiv,Q-C3
REC-02132,GS:GS-D2-02-078,ARX:FORMAL-ARXIV-V12-Q-D1:2606.28061v1,arXiv,Q-D1
REC-02132,GS:GS-D2-02-078,ARX:FORMAL-ARXIV-V12-Q-D3:2606.28061v1,arXiv,Q-D3
REC-02133,GS:GS-D2-02-079,ARX:FORMAL-ARXIV-V12-Q-D2:2605.05704v3,arXiv,Q-D2
REC-02133,GS:GS-D2-02-079,ARX:FORMAL-ARXIV-V12-Q-S0:2605.05704v3,arXiv,Q-S0
REC-02137,GS:GS-D2-02-084,GS:GS-D2-03-076,Google Scholar,GS-D2-03
REC-02142,GS:GS-D2-02-091,ARX:FORMAL-ARXIV-V12-Q-B1:2607.13987v1,arXiv,Q-B1
REC-02142,GS:GS-D2-02-091,ARX:FORMAL-ARXIV-V12-Q-B3:2607.13987v1,arXiv,Q-B3
REC-02142,GS:GS-D2-02-091,ARX:FORMAL-ARXIV-V12-Q-D2:2607.13987v1,arXiv,Q-D2
REC-02142,GS:GS-D2-02-091,ARX:FORMAL-ARXIV-V12-Q-S0:2607.13987v1,arXiv,Q-S0
REC-02147,GS:GS-D2-02-100,ARX:FORMAL-ARXIV-V12-Q-S0:2605.16626v2,arXiv,Q-S0
REC-02150,GS:GS-D2-03-004,ARX:FORMAL-ARXIV-V12-Q-B3:2606.25189v2,arXiv,Q-B3
REC-02150,GS:GS-D2-03-004,ARX:FORMAL-ARXIV-V12-Q-D1:2606.25189v2,arXiv,Q-D1
REC-02150,GS:GS-D2-03-004,ARX:FORMAL-ARXIV-V12-Q-D2:2606.25189v2,arXiv,Q-D2
REC-02151,GS:GS-D2-03-005,ARX:FORMAL-ARXIV-V12-Q-C3:2601.10440v1,arXiv,Q-C3
REC-02151,GS:GS-D2-03-005,ARX:FORMAL-ARXIV-V12-Q-D2:2601.10440v1,arXiv,Q-D2
REC-02152,GS:GS-D2-03-006,ARX:FORMAL-ARXIV-V12-Q-C2:2606.19464v1,arXiv,Q-C2
REC-02152,GS:GS-D2-03-006,ARX:FORMAL-ARXIV-V12-Q-C3:2606.19464v1,arXiv,Q-C3
REC-02153,GS:GS-D2-03-007,ARX:FORMAL-ARXIV-V12-Q-B1:2505.04799v5,arXiv,Q-B1
REC-02153,GS:GS-D2-03-007,ARX:FORMAL-ARXIV-V12-Q-C2:2505.04799v5,arXiv,Q-C2
REC-02154,GS:GS-D2-03-010,GS:GS-D3-02-076,Google Scholar,GS-D3-02
REC-02154,GS:GS-D2-03-010,ARX:FORMAL-ARXIV-V12-Q-D1:2606.29225v1,arXiv,Q-D1
REC-02154,GS:GS-D2-03-010,ARX:FORMAL-ARXIV-V12-Q-D2:2606.29225v1,arXiv,Q-D2
REC-02155,GS:GS-D2-03-013,GS:GS-D3-03-028,Google Scholar,GS-D3-03
REC-02161,GS:GS-D2-03-028,ARX:FORMAL-ARXIV-V12-Q-D2:2606.04306v1,arXiv,Q-D2
REC-02162,GS:GS-D2-03-029,GS:GS-D3-02-069,Google Scholar,GS-D3-02
REC-02162,GS:GS-D2-03-029,GS:GS-D3-03-100,Google Scholar,GS-D3-03
REC-02163,GS:GS-D2-03-032,ARX:FORMAL-ARXIV-V12-Q-C3:2607.07405v2,arXiv,Q-C3
REC-02163,GS:GS-D2-03-032,ARX:FORMAL-ARXIV-V12-Q-D1:2607.07405v2,arXiv,Q-D1
REC-02164,GS:GS-D2-03-033,GS:GS-D3-02-096,Google Scholar,GS-D3-02
REC-02164,GS:GS-D2-03-033,GS:GS-D3-03-029,Google Scholar,GS-D3-03
REC-02165,GS:GS-D2-03-034,GS:GS-D3-03-007,Google Scholar,GS-D3-03
REC-02168,GS:GS-D2-03-044,GS:GS-D3-03-075,Google Scholar,GS-D3-03
REC-02169,GS:GS-D2-03-048,ARX:FORMAL-ARXIV-V12-Q-C3:2606.26524v1,arXiv,Q-C3
REC-02169,GS:GS-D2-03-048,ARX:FORMAL-ARXIV-V12-Q-D2:2606.26524v1,arXiv,Q-D2
REC-02171,GS:GS-D2-03-052,GS:GS-D3-03-005,Google Scholar,GS-D3-03
REC-02172,GS:GS-D2-03-056,GS:GS-D3-03-051,Google Scholar,GS-D3-03
REC-02173,GS:GS-D2-03-060,ARX:FORMAL-ARXIV-V12-Q-D2:2506.23978v3,arXiv,Q-D2
REC-02173,GS:GS-D2-03-060,ARX:FORMAL-ARXIV-V12-Q-D3:2506.23978v3,arXiv,Q-D3
REC-02174,GS:GS-D2-03-061,ARX:FORMAL-ARXIV-V12-Q-B4:2604.05440v1,arXiv,Q-B4
REC-02174,GS:GS-D2-03-061,ARX:FORMAL-ARXIV-V12-Q-D2:2604.05440v1,arXiv,Q-D2
REC-02174,GS:GS-D2-03-061,ARX:FORMAL-ARXIV-V12-Q-D3:2604.05440v1,arXiv,Q-D3
REC-02174,GS:GS-D2-03-061,ARX:FORMAL-ARXIV-V12-Q-S0:2604.05440v1,arXiv,Q-S0
REC-02175,GS:GS-D2-03-063,GS:GS-D3-03-091,Google Scholar,GS-D3-03
REC-02179,GS:GS-D2-03-075,GS:GS-D3-03-082,Google Scholar,GS-D3-03
REC-02181,GS:GS-D2-03-078,ARX:FORMAL-ARXIV-V12-Q-D2:2606.22528v2,arXiv,Q-D2
REC-02181,GS:GS-D2-03-078,ARX:FORMAL-ARXIV-V12-Q-D3:2606.22528v2,arXiv,Q-D3
REC-02181,GS:GS-D2-03-078,ARX:FORMAL-ARXIV-V12-Q-S0:2606.22528v2,arXiv,Q-S0
REC-02184,GS:GS-D2-03-082,ARX:FORMAL-ARXIV-V12-Q-B3:2604.22879v1,arXiv,Q-B3
REC-02184,GS:GS-D2-03-082,ARX:FORMAL-ARXIV-V12-Q-C2:2604.22879v1,arXiv,Q-C2
REC-02185,GS:GS-D2-03-084,ARX:FORMAL-ARXIV-V12-Q-B1:2607.08282v1,arXiv,Q-B1
REC-02185,GS:GS-D2-03-084,ARX:FORMAL-ARXIV-V12-Q-S0:2607.08282v1,arXiv,Q-S0
REC-02186,GS:GS-D2-03-085,ARX:FORMAL-ARXIV-V12-Q-B1:2505.03574v1,arXiv,Q-B1
REC-02186,GS:GS-D2-03-085,ARX:FORMAL-ARXIV-V12-Q-D2:2505.03574v1,arXiv,Q-D2
REC-02186,GS:GS-D2-03-085,ARX:FORMAL-ARXIV-V12-Q-S0:2505.03574v1,arXiv,Q-S0
REC-02188,GS:GS-D2-03-089,ARX:FORMAL-ARXIV-V12-Q-C3:2604.19818v1,arXiv,Q-C3
REC-02188,GS:GS-D2-03-089,ARX:FORMAL-ARXIV-V12-Q-D1:2604.19818v1,arXiv,Q-D1
REC-02191,GS:GS-D2-03-092,ARX:FORMAL-ARXIV-V12-Q-C3:2604.08567v2,arXiv,Q-C3
REC-02195,GS:GS-D3-01-047,ARX:FORMAL-ARXIV-V12-Q-A1:2607.11119v1,arXiv,Q-A1
REC-02195,GS:GS-D3-01-047,ARX:FORMAL-ARXIV-V12-Q-A3:2607.11119v1,arXiv,Q-A3
REC-02195,GS:GS-D3-01-047,ARX:FORMAL-ARXIV-V12-Q-D3:2607.11119v1,arXiv,Q-D3
REC-02196,GS:GS-D3-01-051,ARX:FORMAL-ARXIV-V12-Q-C3:2602.11749v2,arXiv,Q-C3
REC-02196,GS:GS-D3-01-051,ARX:FORMAL-ARXIV-V12-Q-D2:2602.11749v2,arXiv,Q-D2
REC-02196,GS:GS-D3-01-051,ARX:FORMAL-ARXIV-V12-Q-D3:2602.11749v2,arXiv,Q-D3
REC-02196,GS:GS-D3-01-051,ARX:FORMAL-ARXIV-V12-Q-S0:2602.11749v2,arXiv,Q-S0
REC-02198,GS:GS-D3-01-059,ARX:FORMAL-ARXIV-V12-Q-A1:2607.09773v1,arXiv,Q-A1
REC-02198,GS:GS-D3-01-059,ARX:FORMAL-ARXIV-V12-Q-A3:2607.09773v1,arXiv,Q-A3
REC-02198,GS:GS-D3-01-059,ARX:FORMAL-ARXIV-V12-Q-D1:2607.09773v1,arXiv,Q-D1
REC-02198,GS:GS-D3-01-059,ARX:FORMAL-ARXIV-V12-Q-D2:2607.09773v1,arXiv,Q-D2
REC-02198,GS:GS-D3-01-059,ARX:FORMAL-ARXIV-V12-Q-D3:2607.09773v1,arXiv,Q-D3
REC-02199,GS:GS-D3-01-065,ACL:FORMAL-ACL-V12-Q-A1:he-etal-2026-webstar,ACL Anthology,Q-A1
REC-02200,GS:GS-D3-01-072,GS:GS-D3-04-001,Google Scholar,GS-D3-04
REC-02200,GS:GS-D3-01-072,ARX:FORMAL-ARXIV-V12-Q-A1:2607.11388v1,arXiv,Q-A1
REC-02201,GS:GS-D3-01-074,ARX:FORMAL-ARXIV-V12-Q-A1:2605.28775v1,arXiv,Q-A1
REC-02202,GS:GS-D3-01-081,ARX:FORMAL-ARXIV-V12-Q-A1:2604.27996v3,arXiv,Q-A1
REC-02202,GS:GS-D3-01-081,ARX:FORMAL-ARXIV-V12-Q-A2S:2604.27996v3,arXiv,Q-A2S
REC-02202,GS:GS-D3-01-081,ARX:FORMAL-ARXIV-V12-Q-A3:2604.27996v3,arXiv,Q-A3
REC-02204,GS:GS-D3-01-089,ARX:FORMAL-ARXIV-V12-Q-A1:2605.29119v1,arXiv,Q-A1
REC-02204,GS:GS-D3-01-089,ARX:FORMAL-ARXIV-V12-Q-A3:2605.29119v1,arXiv,Q-A3
REC-02205,GS:GS-D3-01-094,ARX:FORMAL-ARXIV-V12-Q-A1:2604.09815v1,arXiv,Q-A1
REC-02207,GS:GS-D3-01-099,ARX:FORMAL-ARXIV-V12-Q-A1:2606.16295v1,arXiv,Q-A1
REC-02207,GS:GS-D3-01-099,ARX:FORMAL-ARXIV-V12-Q-A2S:2606.16295v1,arXiv,Q-A2S
REC-02207,GS:GS-D3-01-099,ARX:FORMAL-ARXIV-V12-Q-A3:2606.16295v1,arXiv,Q-A3
REC-02209,GS:GS-D3-02-003,ARX:FORMAL-ARXIV-V12-Q-C3:2603.20625v1,arXiv,Q-C3
REC-02209,GS:GS-D3-02-003,ARX:FORMAL-ARXIV-V12-Q-D1:2603.20625v1,arXiv,Q-D1
REC-02209,GS:GS-D3-02-003,ARX:FORMAL-ARXIV-V12-Q-D2:2603.20625v1,arXiv,Q-D2
REC-02209,GS:GS-D3-02-003,ARX:FORMAL-ARXIV-V12-Q-D3:2603.20625v1,arXiv,Q-D3
REC-02209,GS:GS-D3-02-003,ARX:FORMAL-ARXIV-V12-Q-S0:2603.20625v1,arXiv,Q-S0
REC-02210,GS:GS-D3-02-004,ARX:FORMAL-ARXIV-V12-Q-D3:2505.12501v1,arXiv,Q-D3
REC-02211,GS:GS-D3-02-006,ARX:FORMAL-ARXIV-V12-Q-D3:2604.23283v1,arXiv,Q-D3
REC-02213,GS:GS-D3-02-009,ARX:FORMAL-ARXIV-V12-Q-D3:2607.06273v1,arXiv,Q-D3
REC-02220,GS:GS-D3-02-024,ARX:FORMAL-ARXIV-V12-Q-C1:2606.08162v1,arXiv,Q-C1
REC-02221,GS:GS-D3-02-029,ARX:FORMAL-ARXIV-V12-Q-D1:2511.14584v4,arXiv,Q-D1
REC-02221,GS:GS-D3-02-029,ARX:FORMAL-ARXIV-V12-Q-D3:2511.14584v4,arXiv,Q-D3
REC-02222,GS:GS-D3-02-031,ARX:FORMAL-ARXIV-V12-Q-B1:2606.10322v2,arXiv,Q-B1
REC-02222,GS:GS-D3-02-031,ARX:FORMAL-ARXIV-V12-Q-B4:2606.10322v2,arXiv,Q-B4
REC-02222,GS:GS-D3-02-031,ARX:FORMAL-ARXIV-V12-Q-D2:2606.10322v2,arXiv,Q-D2
REC-02222,GS:GS-D3-02-031,ARX:FORMAL-ARXIV-V12-Q-D3:2606.10322v2,arXiv,Q-D3
REC-02223,GS:GS-D3-02-033,ARX:FORMAL-ARXIV-V12-Q-D1:2604.28138v1,arXiv,Q-D1
REC-02223,GS:GS-D3-02-033,ARX:FORMAL-ARXIV-V12-Q-D2:2604.28138v1,arXiv,Q-D2
REC-02223,GS:GS-D3-02-033,ARX:FORMAL-ARXIV-V12-Q-D3:2604.28138v1,arXiv,Q-D3
REC-02224,GS:GS-D3-02-035,ARX:FORMAL-ARXIV-V12-Q-D1:2604.11378v1,arXiv,Q-D1
REC-02224,GS:GS-D3-02-035,ARX:FORMAL-ARXIV-V12-Q-D3:2604.11378v1,arXiv,Q-D3
REC-02225,GS:GS-D3-02-036,ARX:FORMAL-ARXIV-V12-Q-D3:2508.07935v1,arXiv,Q-D3
REC-02227,GS:GS-D3-02-039,ARX:FORMAL-ARXIV-V12-Q-D1:2605.26186v2,arXiv,Q-D1
REC-02227,GS:GS-D3-02-039,ARX:FORMAL-ARXIV-V12-Q-D3:2605.26186v2,arXiv,Q-D3
REC-02230,GS:GS-D3-02-046,ARX:FORMAL-ARXIV-V12-Q-A2S:2605.10779v1,arXiv,Q-A2S
REC-02230,GS:GS-D3-02-046,ARX:FORMAL-ARXIV-V12-Q-D1:2605.10779v1,arXiv,Q-D1
REC-02230,GS:GS-D3-02-046,ARX:FORMAL-ARXIV-V12-Q-D3:2605.10779v1,arXiv,Q-D3
REC-02231,GS:GS-D3-02-047,ARX:FORMAL-ARXIV-V12-Q-C1:2503.11951v3,arXiv,Q-C1
REC-02236,GS:GS-D3-02-057,ARX:FORMAL-ARXIV-V12-Q-D2:2603.27905v2,arXiv,Q-D2
REC-02236,GS:GS-D3-02-057,ARX:FORMAL-ARXIV-V12-Q-D3:2603.27905v2,arXiv,Q-D3
REC-02239,GS:GS-D3-02-063,ARX:FORMAL-ARXIV-V12-Q-D1:2606.07846v1,arXiv,Q-D1
REC-02239,GS:GS-D3-02-063,ARX:FORMAL-ARXIV-V12-Q-D3:2606.07846v1,arXiv,Q-D3
REC-02241,GS:GS-D3-02-065,ARX:FORMAL-ARXIV-V12-Q-B1:2605.14175v1,arXiv,Q-B1
REC-02242,GS:GS-D3-02-067,ARX:FORMAL-ARXIV-V12-Q-D1:2605.17281v1,arXiv,Q-D1
REC-02244,GS:GS-D3-02-071,ARX:FORMAL-ARXIV-V12-Q-D1:2607.01213v1,arXiv,Q-D1
REC-02244,GS:GS-D3-02-071,ARX:FORMAL-ARXIV-V12-Q-D3:2607.01213v1,arXiv,Q-D3
REC-02245,GS:GS-D3-02-072,ARX:FORMAL-ARXIV-V12-Q-A1:2605.18859v2,arXiv,Q-A1
REC-02245,GS:GS-D3-02-072,ARX:FORMAL-ARXIV-V12-Q-A3:2605.18859v2,arXiv,Q-A3
REC-02245,GS:GS-D3-02-072,ARX:FORMAL-ARXIV-V12-Q-D1:2605.18859v2,arXiv,Q-D1
REC-02248,GS:GS-D3-02-077,ARX:FORMAL-ARXIV-V12-Q-D3:2502.06994v2,arXiv,Q-D3
REC-02250,GS:GS-D3-02-080,ARX:FORMAL-ARXIV-V12-Q-A2W:2607.05775v1,arXiv,Q-A2W
REC-02250,GS:GS-D3-02-080,ARX:FORMAL-ARXIV-V12-Q-D1:2607.05775v1,arXiv,Q-D1
REC-02254,GS:GS-D3-02-091,ARX:FORMAL-ARXIV-V12-Q-D3:2512.15784v1,arXiv,Q-D3
REC-02255,GS:GS-D3-02-092,ARX:FORMAL-ARXIV-V12-Q-D1:2606.09071v1,arXiv,Q-D1
REC-02256,GS:GS-D3-02-093,ARX:FORMAL-ARXIV-V12-Q-D2:2604.13630v2,arXiv,Q-D2
REC-02256,GS:GS-D3-02-093,ARX:FORMAL-ARXIV-V12-Q-D3:2604.13630v2,arXiv,Q-D3
REC-02256,GS:GS-D3-02-093,ARX:FORMAL-ARXIV-V12-Q-S0:2604.13630v2,arXiv,Q-S0
REC-02264,GS:GS-D3-03-012,ARX:FORMAL-ARXIV-V12-Q-C3:2511.06262v1,arXiv,Q-C3
REC-02264,GS:GS-D3-03-012,ARX:FORMAL-ARXIV-V12-Q-D1:2511.06262v1,arXiv,Q-D1
REC-02264,GS:GS-D3-03-012,ARX:FORMAL-ARXIV-V12-Q-D3:2511.06262v1,arXiv,Q-D3
REC-02265,GS:GS-D3-03-013,ACL:FORMAL-ACL-V12-Q-D1:gabison-xian-2025-inherent,ACL Anthology,Q-D1
REC-02265,GS:GS-D3-03-013,ACL:FORMAL-ACL-V12-Q-D2:gabison-xian-2025-inherent,ACL Anthology,Q-D2
REC-02266,GS:GS-D3-03-014,ARX:FORMAL-ARXIV-V12-Q-D3:2606.08919v1,arXiv,Q-D3
REC-02269,GS:GS-D3-03-021,ARX:FORMAL-ARXIV-V12-Q-C3:2607.04329v1,arXiv,Q-C3
REC-02273,GS:GS-D3-03-027,ARX:FORMAL-ARXIV-V12-Q-S0:2506.12482v2,arXiv,Q-S0
REC-02278,GS:GS-D3-03-034,ARX:FORMAL-ARXIV-V12-Q-D1:2504.05259v1,arXiv,Q-D1
REC-02278,GS:GS-D3-03-034,ARX:FORMAL-ARXIV-V12-Q-D2:2504.05259v1,arXiv,Q-D2
REC-02283,GS:GS-D3-03-041,ARX:FORMAL-ARXIV-V12-Q-D1:2603.13791v1,arXiv,Q-D1
REC-02283,GS:GS-D3-03-041,ARX:FORMAL-ARXIV-V12-Q-D2:2603.13791v1,arXiv,Q-D2
REC-02286,GS:GS-D3-03-044,ARX:FORMAL-ARXIV-V12-Q-D3:2508.02994v1,arXiv,Q-D3
REC-02292,GS:GS-D3-03-052,ACL:FORMAL-ACL-V12-Q-D1:zhou-etal-2026-safeagent,ACL Anthology,Q-D1
REC-02292,GS:GS-D3-03-052,ACL:FORMAL-ACL-V12-Q-D2:zhou-etal-2026-safeagent,ACL Anthology,Q-D2
REC-02292,GS:GS-D3-03-052,ACL:FORMAL-ACL-V12-Q-S0:zhou-etal-2026-safeagent,ACL Anthology,Q-S0
REC-02298,GS:GS-D3-03-064,ARX:FORMAL-ARXIV-V12-Q-C3:2604.24955v1,arXiv,Q-C3
REC-02298,GS:GS-D3-03-064,ARX:FORMAL-ARXIV-V12-Q-D1:2604.24955v1,arXiv,Q-D1
REC-02300,GS:GS-D3-03-067,ARX:FORMAL-ARXIV-V12-Q-D1:2607.28317v1,arXiv,Q-D1
REC-02303,GS:GS-D3-03-071,ARX:FORMAL-ARXIV-V12-Q-D1:2601.15322v2,arXiv,Q-D1
REC-02303,GS:GS-D3-03-071,ARX:FORMAL-ARXIV-V12-Q-D2:2601.15322v2,arXiv,Q-D2
REC-02308,GS:GS-D3-03-079,ARX:FORMAL-ARXIV-V12-Q-C3:2506.08119v2,arXiv,Q-C3
REC-02309,GS:GS-D3-03-084,ARX:FORMAL-ARXIV-V12-Q-C2:2601.03328v1,arXiv,Q-C2
REC-02321,ACL:FORMAL-ACL-V12-Q-C3:namboothiri-2026-authorization,ACL:FORMAL-ACL-V12-Q-S0:namboothiri-2026-authorization,ACL Anthology,Q-S0
REC-02331,ACL:FORMAL-ACL-V12-Q-B4:schlor-etal-2026-towards,ACL:FORMAL-ACL-V12-Q-S0:schlor-etal-2026-towards,ACL Anthology,Q-S0
REC-02332,ACL:FORMAL-ACL-V12-Q-A1:zhuang-etal-2026-workforceagent,ACL:FORMAL-ACL-V12-Q-A2W:zhuang-etal-2026-workforceagent,ACL Anthology,Q-A2W
REC-02332,ACL:FORMAL-ACL-V12-Q-A1:zhuang-etal-2026-workforceagent,ACL:FORMAL-ACL-V12-Q-A3:zhuang-etal-2026-workforceagent,ACL Anthology,Q-A3
REC-02334,ACL:FORMAL-ACL-V12-Q-D1:hofman-etal-2026-maps,ACL:FORMAL-ACL-V12-Q-S0:hofman-etal-2026-maps,ACL Anthology,Q-S0
REC-02335,ACL:FORMAL-ACL-V12-Q-A1:jandial-etal-2026-gui,ACL:FORMAL-ACL-V12-Q-A3:jandial-etal-2026-gui,ACL Anthology,Q-A3
REC-02338,ACL:FORMAL-ACL-V12-Q-A1:kartha-etal-2026-dashboardqa,ACL:FORMAL-ACL-V12-Q-A3:kartha-etal-2026-dashboardqa,ACL Anthology,Q-A3
REC-02341,ACL:FORMAL-ACL-V12-Q-A1:ou-etal-2026-browseconf,ACL:FORMAL-ACL-V12-Q-A3:ou-etal-2026-browseconf,ACL Anthology,Q-A3
REC-02347,ACL:FORMAL-ACL-V12-Q-A1:chai-etal-2026-a3,ACL:FORMAL-ACL-V12-Q-A3:chai-etal-2026-a3,ACL Anthology,Q-A3
REC-02351,ACL:FORMAL-ACL-V12-Q-A1:chuang-etal-2026-imitation,ACL:FORMAL-ACL-V12-Q-A3:chuang-etal-2026-imitation,ACL Anthology,Q-A3
REC-02353,ACL:FORMAL-ACL-V12-Q-A1:zhang-etal-2026-chain,ACL:FORMAL-ACL-V12-Q-A3:zhang-etal-2026-chain,ACL Anthology,Q-A3
REC-02354,ACL:FORMAL-ACL-V12-Q-C2:huang-etal-2026-toposhield,ACL:FORMAL-ACL-V12-Q-S0:huang-etal-2026-toposhield,ACL Anthology,Q-S0
REC-02357,ACL:FORMAL-ACL-V12-Q-B1:zhan-etal-2026-adversarial,ACL:FORMAL-ACL-V12-Q-B4:zhan-etal-2026-adversarial,ACL Anthology,Q-B4
REC-02358,ACL:FORMAL-ACL-V12-Q-A1:zhu-etal-2026-hybrid,ACL:FORMAL-ACL-V12-Q-A3:zhu-etal-2026-hybrid,ACL Anthology,Q-A3
REC-02360,ACL:FORMAL-ACL-V12-Q-D1:wu-etal-2026-inferpilot,ACL:FORMAL-ACL-V12-Q-S0:wu-etal-2026-inferpilot,ACL Anthology,Q-S0
REC-02362,ACL:FORMAL-ACL-V12-Q-A1:ying-etal-2026-securewebarena,ACL:FORMAL-ACL-V12-Q-A3:ying-etal-2026-securewebarena,ACL Anthology,Q-A3
REC-02362,ACL:FORMAL-ACL-V12-Q-A1:ying-etal-2026-securewebarena,ACL:FORMAL-ACL-V12-Q-D1:ying-etal-2026-securewebarena,ACL Anthology,Q-D1
REC-02362,ACL:FORMAL-ACL-V12-Q-A1:ying-etal-2026-securewebarena,ACL:FORMAL-ACL-V12-Q-S0:ying-etal-2026-securewebarena,ACL Anthology,Q-S0
REC-02363,ACL:FORMAL-ACL-V12-Q-A1:zhang-etal-2026-webuncertainty,ACL:FORMAL-ACL-V12-Q-A3:zhang-etal-2026-webuncertainty,ACL Anthology,Q-A3
REC-02364,ACL:FORMAL-ACL-V12-Q-A1:kong-etal-2026-malurlbench,ACL:FORMAL-ACL-V12-Q-A3:kong-etal-2026-malurlbench,ACL Anthology,Q-A3
REC-02364,ACL:FORMAL-ACL-V12-Q-A1:kong-etal-2026-malurlbench,ACL:FORMAL-ACL-V12-Q-D2:kong-etal-2026-malurlbench,ACL Anthology,Q-D2
REC-02365,ACL:FORMAL-ACL-V12-Q-A1:tang-etal-2026-lpo,ACL:FORMAL-ACL-V12-Q-A2S:tang-etal-2026-lpo,ACL Anthology,Q-A2S
REC-02365,ACL:FORMAL-ACL-V12-Q-A1:tang-etal-2026-lpo,ACL:FORMAL-ACL-V12-Q-A3:tang-etal-2026-lpo,ACL Anthology,Q-A3
REC-02368,ACL:FORMAL-ACL-V12-Q-B1:yang-etal-2026-rap,ACL:FORMAL-ACL-V12-Q-S1:yang-etal-2026-rap,ACL Anthology,Q-S1
REC-02369,ACL:FORMAL-ACL-V12-Q-A1:li-etal-2026-windowsworld,ACL:FORMAL-ACL-V12-Q-A3:li-etal-2026-windowsworld,ACL Anthology,Q-A3
REC-02371,ACL:FORMAL-ACL-V12-Q-D2:jiang-tang-2026-agents,ACL:FORMAL-ACL-V12-Q-S0:jiang-tang-2026-agents,ACL Anthology,Q-S0
REC-02377,ACL:FORMAL-ACL-V12-Q-B3:shen-etal-2026-metacognitive,ACL:FORMAL-ACL-V12-Q-C2:shen-etal-2026-metacognitive,ACL Anthology,Q-C2
REC-02380,ACL:FORMAL-ACL-V12-Q-A1:wang-etal-2026-solar,ACL:FORMAL-ACL-V12-Q-A3:wang-etal-2026-solar,ACL Anthology,Q-A3
REC-02381,ACL:FORMAL-ACL-V12-Q-B2:zhang-pei-2026-llm,ACL:FORMAL-ACL-V12-Q-D2:zhang-pei-2026-llm,ACL Anthology,Q-D2
REC-02381,ACL:FORMAL-ACL-V12-Q-B2:zhang-pei-2026-llm,ACL:FORMAL-ACL-V12-Q-S0:zhang-pei-2026-llm,ACL Anthology,Q-S0
REC-02384,ACL:FORMAL-ACL-V12-Q-D1:wan-etal-2026-lco,ACL:FORMAL-ACL-V12-Q-D2:wan-etal-2026-lco,ACL Anthology,Q-D2
REC-02385,ACL:FORMAL-ACL-V12-Q-C1:van-etal-2026-memorai,ACL:FORMAL-ACL-V12-Q-D1:van-etal-2026-memorai,ACL Anthology,Q-D1
REC-02386,ACL:FORMAL-ACL-V12-Q-A1:wang-etal-2026-fedgui,ACL:FORMAL-ACL-V12-Q-A3:wang-etal-2026-fedgui,ACL Anthology,Q-A3
REC-02387,ACL:FORMAL-ACL-V12-Q-A1:zhang-etal-2026-expseek,ACL:FORMAL-ACL-V12-Q-A3:zhang-etal-2026-expseek,ACL Anthology,Q-A3
REC-02389,ACL:FORMAL-ACL-V12-Q-A1:liu-etal-2026-learnact,ACL:FORMAL-ACL-V12-Q-A3:liu-etal-2026-learnact,ACL Anthology,Q-A3
REC-02390,ACL:FORMAL-ACL-V12-Q-A1:jiang-huang-2026-openphone,ACL:FORMAL-ACL-V12-Q-A3:jiang-huang-2026-openphone,ACL Anthology,Q-A3
REC-02391,ACL:FORMAL-ACL-V12-Q-D1:bin-etal-2026-safety,ACL:FORMAL-ACL-V12-Q-D2:bin-etal-2026-safety,ACL Anthology,Q-D2
REC-02391,ACL:FORMAL-ACL-V12-Q-D1:bin-etal-2026-safety,ACL:FORMAL-ACL-V12-Q-S0:bin-etal-2026-safety,ACL Anthology,Q-S0
REC-02396,ACL:FORMAL-ACL-V12-Q-B1:mou-etal-2026-toolsafe,ACL:FORMAL-ACL-V12-Q-D2:mou-etal-2026-toolsafe,ACL Anthology,Q-D2
REC-02396,ACL:FORMAL-ACL-V12-Q-B1:mou-etal-2026-toolsafe,ACL:FORMAL-ACL-V12-Q-S0:mou-etal-2026-toolsafe,ACL Anthology,Q-S0
REC-02397,ACL:FORMAL-ACL-V12-Q-D1:torres-fonseca-etal-2026-safetyalfred,ACL:FORMAL-ACL-V12-Q-D2:torres-fonseca-etal-2026-safetyalfred,ACL Anthology,Q-D2
REC-02398,ACL:FORMAL-ACL-V12-Q-D1:chen-etal-2026-tasks,ACL:FORMAL-ACL-V12-Q-S0:chen-etal-2026-tasks,ACL Anthology,Q-S0
REC-02406,ACL:FORMAL-ACL-V12-Q-A1:toles-etal-2026-formgym,ACL:FORMAL-ACL-V12-Q-A3:toles-etal-2026-formgym,ACL Anthology,Q-A3
REC-02415,ACL:FORMAL-ACL-V12-Q-A1:zhang-etal-2026-functionality,ACL:FORMAL-ACL-V12-Q-A3:zhang-etal-2026-functionality,ACL Anthology,Q-A3
REC-02419,ACL:FORMAL-ACL-V12-Q-A1:zhang-etal-2026-dont-click,ACL:FORMAL-ACL-V12-Q-A3:zhang-etal-2026-dont-click,ACL Anthology,Q-A3
REC-02419,ACL:FORMAL-ACL-V12-Q-A1:zhang-etal-2026-dont-click,ACL:FORMAL-ACL-V12-Q-B2:zhang-etal-2026-dont-click,ACL Anthology,Q-B2
REC-02419,ACL:FORMAL-ACL-V12-Q-A1:zhang-etal-2026-dont-click,ACL:FORMAL-ACL-V12-Q-D2:zhang-etal-2026-dont-click,ACL Anthology,Q-D2
REC-02420,ACL:FORMAL-ACL-V12-Q-A1:zhao-etal-2026-mas,ACL:FORMAL-ACL-V12-Q-A3:zhao-etal-2026-mas,ACL Anthology,Q-A3
REC-02425,ACL:FORMAL-ACL-V12-Q-A1:lu-etal-2026-experience,ACL:FORMAL-ACL-V12-Q-A3:lu-etal-2026-experience,ACL Anthology,Q-A3
REC-02427,ACL:FORMAL-ACL-V12-Q-C2:an-etal-2026-aciarena,ACL:FORMAL-ACL-V12-Q-S0:an-etal-2026-aciarena,ACL Anthology,Q-S0
REC-02429,ACL:FORMAL-ACL-V12-Q-B4:wang-etal-2026-safemcp,ACL:FORMAL-ACL-V12-Q-D2:wang-etal-2026-safemcp,ACL Anthology,Q-D2
REC-02429,ACL:FORMAL-ACL-V12-Q-B4:wang-etal-2026-safemcp,ACL:FORMAL-ACL-V12-Q-S0:wang-etal-2026-safemcp,ACL Anthology,Q-S0
REC-02432,ACL:FORMAL-ACL-V12-Q-A1:liu-etal-2026-closing,ACL:FORMAL-ACL-V12-Q-C2:liu-etal-2026-closing,ACL Anthology,Q-C2
REC-02437,ACL:FORMAL-ACL-V12-Q-A1:wei-etal-2026-anchor,ACL:FORMAL-ACL-V12-Q-A3:wei-etal-2026-anchor,ACL Anthology,Q-A3
REC-02437,ACL:FORMAL-ACL-V12-Q-A1:wei-etal-2026-anchor,ACL:FORMAL-ACL-V12-Q-D1:wei-etal-2026-anchor,ACL Anthology,Q-D1
REC-02438,ACL:FORMAL-ACL-V12-Q-A1:he-etal-2026-branch,ACL:FORMAL-ACL-V12-Q-A2W:he-etal-2026-branch,ACL Anthology,Q-A2W
REC-02438,ACL:FORMAL-ACL-V12-Q-A1:he-etal-2026-branch,ACL:FORMAL-ACL-V12-Q-A3:he-etal-2026-branch,ACL Anthology,Q-A3
REC-02439,ACL:FORMAL-ACL-V12-Q-A1:huang-etal-2026-gta,ACL:FORMAL-ACL-V12-Q-A3:huang-etal-2026-gta,ACL Anthology,Q-A3
REC-02440,ACL:FORMAL-ACL-V12-Q-A1:lu-etal-2026-ui,ACL:FORMAL-ACL-V12-Q-A2W:lu-etal-2026-ui,ACL Anthology,Q-A2W
REC-02440,ACL:FORMAL-ACL-V12-Q-A1:lu-etal-2026-ui,ACL:FORMAL-ACL-V12-Q-A3:lu-etal-2026-ui,ACL Anthology,Q-A3
REC-02442,ACL:FORMAL-ACL-V12-Q-A1:shi-etal-2026-benchmarking,ACL:FORMAL-ACL-V12-Q-A3:shi-etal-2026-benchmarking,ACL Anthology,Q-A3
REC-02442,ACL:FORMAL-ACL-V12-Q-A1:shi-etal-2026-benchmarking,ACL:FORMAL-ACL-V12-Q-B2:shi-etal-2026-benchmarking,ACL Anthology,Q-B2
REC-02442,ACL:FORMAL-ACL-V12-Q-A1:shi-etal-2026-benchmarking,ACL:FORMAL-ACL-V12-Q-S0:shi-etal-2026-benchmarking,ACL Anthology,Q-S0
REC-02443,ACL:FORMAL-ACL-V12-Q-A1:wang-etal-2026-policy,ACL:FORMAL-ACL-V12-Q-A3:wang-etal-2026-policy,ACL Anthology,Q-A3
REC-02449,ACL:FORMAL-ACL-V12-Q-D1:mao-etal-2026-stop,ACL:FORMAL-ACL-V12-Q-S0:mao-etal-2026-stop,ACL Anthology,Q-S0
REC-02450,ACL:FORMAL-ACL-V12-Q-D1:pham-etal-2026-liveculturebench,ACL:FORMAL-ACL-V12-Q-D3:pham-etal-2026-liveculturebench,ACL Anthology,Q-D3
REC-02451,ACL:FORMAL-ACL-V12-Q-C1:guo-etal-2026-personalization,ACL:FORMAL-ACL-V12-Q-S0:guo-etal-2026-personalization,ACL Anthology,Q-S0
REC-02453,ACL:FORMAL-ACL-V12-Q-A1:sun-etal-2026-magnet,ACL:FORMAL-ACL-V12-Q-A3:sun-etal-2026-magnet,ACL Anthology,Q-A3
REC-02454,ACL:FORMAL-ACL-V12-Q-A1:zhang-etal-2026-dont-act,ACL:FORMAL-ACL-V12-Q-A3:zhang-etal-2026-dont-act,ACL Anthology,Q-A3
REC-02454,ACL:FORMAL-ACL-V12-Q-A1:zhang-etal-2026-dont-act,ACL:FORMAL-ACL-V12-Q-D3:zhang-etal-2026-dont-act,ACL Anthology,Q-D3
REC-02456,ACL:FORMAL-ACL-V12-Q-A1:chen-etal-2026-mpr,ACL:FORMAL-ACL-V12-Q-A3:chen-etal-2026-mpr,ACL Anthology,Q-A3
REC-02458,ACL:FORMAL-ACL-V12-Q-A1:aghzal-etal-2026-llm,ACL:FORMAL-ACL-V12-Q-A3:aghzal-etal-2026-llm,ACL Anthology,Q-A3
REC-02458,ACL:FORMAL-ACL-V12-Q-A1:aghzal-etal-2026-llm,ACL:FORMAL-ACL-V12-Q-D3:aghzal-etal-2026-llm,ACL Anthology,Q-D3
REC-02465,ACL:FORMAL-ACL-V12-Q-A1:lyu-etal-2026-personalalign,ACL:FORMAL-ACL-V12-Q-A3:lyu-etal-2026-personalalign,ACL Anthology,Q-A3
REC-02466,ACL:FORMAL-ACL-V12-Q-A1:men-etal-2026-empowering,ACL:FORMAL-ACL-V12-Q-A3:men-etal-2026-empowering,ACL Anthology,Q-A3
REC-02469,ACL:FORMAL-ACL-V12-Q-A1:chen-etal-2026-risk,ACL:FORMAL-ACL-V12-Q-A3:chen-etal-2026-risk,ACL Anthology,Q-A3
REC-02469,ACL:FORMAL-ACL-V12-Q-A1:chen-etal-2026-risk,ACL:FORMAL-ACL-V12-Q-S0:chen-etal-2026-risk,ACL Anthology,Q-S0
REC-02473,ACL:FORMAL-ACL-V12-Q-A1:wang-etal-2026-gui0,ACL:FORMAL-ACL-V12-Q-A3:wang-etal-2026-gui0,ACL Anthology,Q-A3
REC-02474,ACL:FORMAL-ACL-V12-Q-A1:zhang-etal-2026-dac,ACL:FORMAL-ACL-V12-Q-A3:zhang-etal-2026-dac,ACL Anthology,Q-A3
REC-02477,ACL:FORMAL-ACL-V12-Q-A1:zheng-etal-2026-naturalgaia,ACL:FORMAL-ACL-V12-Q-A3:zheng-etal-2026-naturalgaia,ACL Anthology,Q-A3
REC-02481,ACL:FORMAL-ACL-V12-Q-C2:jiang-etal-2026-risklab,ACL:FORMAL-ACL-V12-Q-S0:jiang-etal-2026-risklab,ACL Anthology,Q-S0
REC-02482,ACL:FORMAL-ACL-V12-Q-D1:luo-laban-2026-dialogguard,ACL:FORMAL-ACL-V12-Q-S0:luo-laban-2026-dialogguard,ACL Anthology,Q-S0
REC-02483,ACL:FORMAL-ACL-V12-Q-D1:liu-etal-2026-gardener,ACL:FORMAL-ACL-V12-Q-D3:liu-etal-2026-gardener,ACL Anthology,Q-D3
REC-02485,ACL:FORMAL-ACL-V12-Q-A1:takeshita-etal-2026-a11y,ACL:FORMAL-ACL-V12-Q-A3:takeshita-etal-2026-a11y,ACL Anthology,Q-A3
REC-02485,ACL:FORMAL-ACL-V12-Q-A1:takeshita-etal-2026-a11y,ACL:FORMAL-ACL-V12-Q-D2:takeshita-etal-2026-a11y,ACL Anthology,Q-D2
REC-02494,ACL:FORMAL-ACL-V12-Q-A2S:hoscilowicz-janicki-2025-clickagent,ACL:FORMAL-ACL-V12-Q-A2W:hoscilowicz-janicki-2025-clickagent,ACL Anthology,Q-A2W
REC-02503,ACL:FORMAL-ACL-V12-Q-A1:xu-etal-2025-turkingbench,ACL:FORMAL-ACL-V12-Q-A3:xu-etal-2025-turkingbench,ACL Anthology,Q-A3
REC-02521,ACL:FORMAL-ACL-V12-Q-C2:zhang-etal-2025-trendsim,ACL:FORMAL-ACL-V12-Q-S0:zhang-etal-2025-trendsim,ACL Anthology,Q-S0
REC-02522,ACL:FORMAL-ACL-V12-Q-A1:qiu-etal-2025-evaluating,ACL:FORMAL-ACL-V12-Q-A3:qiu-etal-2025-evaluating,ACL Anthology,Q-A3
REC-02523,ACL:FORMAL-ACL-V12-Q-A1:gangi-reddy-etal-2025-infogent,ACL:FORMAL-ACL-V12-Q-A3:gangi-reddy-etal-2025-infogent,ACL Anthology,Q-A3
REC-02524,ACL:FORMAL-ACL-V12-Q-B1:nakash-etal-2025-breaking,ACL:FORMAL-ACL-V12-Q-S0:nakash-etal-2025-breaking,ACL Anthology,Q-S0
REC-02527,ACL:FORMAL-ACL-V12-Q-C2:yu-etal-2025-netsafe,ACL:FORMAL-ACL-V12-Q-S0:yu-etal-2025-netsafe,ACL Anthology,Q-S0
REC-02529,ACL:FORMAL-ACL-V12-Q-A1:pahuja-etal-2025-explorer,ACL:FORMAL-ACL-V12-Q-A3:pahuja-etal-2025-explorer,ACL Anthology,Q-A3
REC-02530,ACL:FORMAL-ACL-V12-Q-A1:cheng-etal-2025-os,ACL:FORMAL-ACL-V12-Q-A3:cheng-etal-2025-os,ACL Anthology,Q-A3
REC-02531,ACL:FORMAL-ACL-V12-Q-A1:park-etal-2025-r,ACL:FORMAL-ACL-V12-Q-A3:park-etal-2025-r,ACL Anthology,Q-A3
REC-02531,ACL:FORMAL-ACL-V12-Q-A1:park-etal-2025-r,ACL:FORMAL-ACL-V12-Q-D2:park-etal-2025-r,ACL Anthology,Q-D2
REC-02532,ACL:FORMAL-ACL-V12-Q-A1:lu-etal-2025-transbench,ACL:FORMAL-ACL-V12-Q-A3:lu-etal-2025-transbench,ACL Anthology,Q-A3
REC-02533,ACL:FORMAL-ACL-V12-Q-A1:tian-etal-2025-mmina,ACL:FORMAL-ACL-V12-Q-A3:tian-etal-2025-mmina,ACL Anthology,Q-A3
REC-02540,ACL:FORMAL-ACL-V12-Q-B2:zhu-etal-2025-demonagent,ACL:FORMAL-ACL-V12-Q-S0:zhu-etal-2025-demonagent,ACL Anthology,Q-S0
REC-02542,ACL:FORMAL-ACL-V12-Q-A1:hu-etal-2025-webcot,ACL:FORMAL-ACL-V12-Q-A3:hu-etal-2025-webcot,ACL Anthology,Q-A3
REC-02542,ACL:FORMAL-ACL-V12-Q-A1:hu-etal-2025-webcot,ACL:FORMAL-ACL-V12-Q-D3:hu-etal-2025-webcot,ACL Anthology,Q-D3
REC-02543,ACL:FORMAL-ACL-V12-Q-C2:zhang-etal-2025-allies-turn,ACL:FORMAL-ACL-V12-Q-S0:zhang-etal-2025-allies-turn,ACL Anthology,Q-S0
REC-02547,ACL:FORMAL-ACL-V12-Q-A1:cheng-etal-2025-hidden,ACL:FORMAL-ACL-V12-Q-B2:cheng-etal-2025-hidden,ACL Anthology,Q-B2
REC-02547,ACL:FORMAL-ACL-V12-Q-A1:cheng-etal-2025-hidden,ACL:FORMAL-ACL-V12-Q-D1:cheng-etal-2025-hidden,ACL Anthology,Q-D1
REC-02547,ACL:FORMAL-ACL-V12-Q-A1:cheng-etal-2025-hidden,ACL:FORMAL-ACL-V12-Q-D2:cheng-etal-2025-hidden,ACL Anthology,Q-D2
REC-02547,ACL:FORMAL-ACL-V12-Q-A1:cheng-etal-2025-hidden,ACL:FORMAL-ACL-V12-Q-S0:cheng-etal-2025-hidden,ACL Anthology,Q-S0
REC-02550,ACL:FORMAL-ACL-V12-Q-C2:zhu-etal-2025-master,ACL:FORMAL-ACL-V12-Q-S0:zhu-etal-2025-master,ACL Anthology,Q-S0
REC-02551,ACL:FORMAL-ACL-V12-Q-B4:wang-etal-2025-privacy,ACL:FORMAL-ACL-V12-Q-C2:wang-etal-2025-privacy,ACL Anthology,Q-C2
REC-02551,ACL:FORMAL-ACL-V12-Q-B4:wang-etal-2025-privacy,ACL:FORMAL-ACL-V12-Q-D2:wang-etal-2025-privacy,ACL Anthology,Q-D2
REC-02553,ACL:FORMAL-ACL-V12-Q-D1:xiang-etal-2025-alrphfs,ACL:FORMAL-ACL-V12-Q-D2:xiang-etal-2025-alrphfs,ACL Anthology,Q-D2
REC-02553,ACL:FORMAL-ACL-V12-Q-D1:xiang-etal-2025-alrphfs,ACL:FORMAL-ACL-V12-Q-S0:xiang-etal-2025-alrphfs,ACL Anthology,Q-S0
REC-02554,ACL:FORMAL-ACL-V12-Q-B1:wang-etal-2025-agentvigil,ACL:FORMAL-ACL-V12-Q-D1:wang-etal-2025-agentvigil,ACL Anthology,Q-D1
REC-02554,ACL:FORMAL-ACL-V12-Q-B1:wang-etal-2025-agentvigil,ACL:FORMAL-ACL-V12-Q-D2:wang-etal-2025-agentvigil,ACL Anthology,Q-D2
REC-02554,ACL:FORMAL-ACL-V12-Q-B1:wang-etal-2025-agentvigil,ACL:FORMAL-ACL-V12-Q-S0:wang-etal-2025-agentvigil,ACL Anthology,Q-S0
REC-02554,ACL:FORMAL-ACL-V12-Q-B1:wang-etal-2025-agentvigil,ACL:FORMAL-ACL-V12-Q-S1:wang-etal-2025-agentvigil,ACL Anthology,Q-S1
REC-02555,ACL:FORMAL-ACL-V12-Q-A1:tao-etal-2025-understanding,ACL:FORMAL-ACL-V12-Q-A3:tao-etal-2025-understanding,ACL Anthology,Q-A3
REC-02561,ACL:FORMAL-ACL-V12-Q-A1:wang-etal-2025-webinject,ACL:FORMAL-ACL-V12-Q-B1:wang-etal-2025-webinject,ACL Anthology,Q-B1
REC-02561,ACL:FORMAL-ACL-V12-Q-A1:wang-etal-2025-webinject,ACL:FORMAL-ACL-V12-Q-S0:wang-etal-2025-webinject,ACL Anthology,Q-S0
REC-02561,ACL:FORMAL-ACL-V12-Q-A1:wang-etal-2025-webinject,ACL:FORMAL-ACL-V12-Q-S1:wang-etal-2025-webinject,ACL Anthology,Q-S1
REC-02563,ACL:FORMAL-ACL-V12-Q-A1:guan-etal-2025-kg,ACL:FORMAL-ACL-V12-Q-A3:guan-etal-2025-kg,ACL Anthology,Q-A3
REC-02565,ACL:FORMAL-ACL-V12-Q-A1:wei-etal-2025-webagent,ACL:FORMAL-ACL-V12-Q-A3:wei-etal-2025-webagent,ACL Anthology,Q-A3
REC-02566,ACL:FORMAL-ACL-V12-Q-B1:schlichtkrull-2025-attacks,ACL:FORMAL-ACL-V12-Q-D2:schlichtkrull-2025-attacks,ACL Anthology,Q-D2
REC-02577,ACL:FORMAL-ACL-V12-Q-A1:zhang-etal-2025-ui,ACL:FORMAL-ACL-V12-Q-A3:zhang-etal-2025-ui,ACL Anthology,Q-A3
REC-02579,ACL:FORMAL-ACL-V12-Q-B3:faghih-etal-2025-tool,ACL:FORMAL-ACL-V12-Q-B4:faghih-etal-2025-tool,ACL Anthology,Q-B4
REC-02581,ACL:FORMAL-ACL-V12-Q-A1:ahn-etal-2025-flashadventure,ACL:FORMAL-ACL-V12-Q-A3:ahn-etal-2025-flashadventure,ACL Anthology,Q-A3
REC-02582,ACL:FORMAL-ACL-V12-Q-A1:awal-etal-2025-webmmu,ACL:FORMAL-ACL-V12-Q-A3:awal-etal-2025-webmmu,ACL Anthology,Q-A3
REC-02583,ACL:FORMAL-ACL-V12-Q-D1:liu-etal-2025-stepwise,ACL:FORMAL-ACL-V12-Q-D2:liu-etal-2025-stepwise,ACL Anthology,Q-D2
REC-02584,ACL:FORMAL-ACL-V12-Q-A1:wang-etal-2025-fedmabench,ACL:FORMAL-ACL-V12-Q-A3:wang-etal-2025-fedmabench,ACL Anthology,Q-A3
REC-02590,ACL:FORMAL-ACL-V12-Q-D1:kulkarni-etal-2025-agent,ACL:FORMAL-ACL-V12-Q-D2:kulkarni-etal-2025-agent,ACL Anthology,Q-D2
REC-02597,ACL:FORMAL-ACL-V12-Q-A1:zhang-etal-2025-attacking,ACL:FORMAL-ACL-V12-Q-B2:zhang-etal-2025-attacking,ACL Anthology,Q-B2
REC-02597,ACL:FORMAL-ACL-V12-Q-A1:zhang-etal-2025-attacking,ACL:FORMAL-ACL-V12-Q-D2:zhang-etal-2025-attacking,ACL Anthology,Q-D2
REC-02597,ACL:FORMAL-ACL-V12-Q-A1:zhang-etal-2025-attacking,ACL:FORMAL-ACL-V12-Q-S0:zhang-etal-2025-attacking,ACL Anthology,Q-S0
REC-02598,ACL:FORMAL-ACL-V12-Q-A1:xu-yan-2025-triplefact,ACL:FORMAL-ACL-V12-Q-A3:xu-yan-2025-triplefact,ACL Anthology,Q-A3
REC-02598,ACL:FORMAL-ACL-V12-Q-A1:xu-yan-2025-triplefact,ACL:FORMAL-ACL-V12-Q-D2:xu-yan-2025-triplefact,ACL Anthology,Q-D2
REC-02600,ACL:FORMAL-ACL-V12-Q-A1:luo-etal-2025-browsing,ACL:FORMAL-ACL-V12-Q-A3:luo-etal-2025-browsing,ACL Anthology,Q-A3
REC-02603,ACL:FORMAL-ACL-V12-Q-B1:chen-etal-2025-indirect,ACL:FORMAL-ACL-V12-Q-S1:chen-etal-2025-indirect,ACL Anthology,Q-S1
REC-02606,ACL:FORMAL-ACL-V12-Q-A1:verma-etal-2025-adaptagent,ACL:FORMAL-ACL-V12-Q-A3:verma-etal-2025-adaptagent,ACL Anthology,Q-A3
REC-02609,ACL:FORMAL-ACL-V12-Q-C1:wang-etal-2025-unveiling-privacy,ACL:FORMAL-ACL-V12-Q-D2:wang-etal-2025-unveiling-privacy,ACL Anthology,Q-D2
REC-02609,ACL:FORMAL-ACL-V12-Q-C1:wang-etal-2025-unveiling-privacy,ACL:FORMAL-ACL-V12-Q-S0:wang-etal-2025-unveiling-privacy,ACL Anthology,Q-S0
REC-02612,ACL:FORMAL-ACL-V12-Q-A1:huang-etal-2025-r2d2,ACL:FORMAL-ACL-V12-Q-A3:huang-etal-2025-r2d2,ACL Anthology,Q-A3
REC-02614,ACL:FORMAL-ACL-V12-Q-A1:hui-etal-2025-winspot,ACL:FORMAL-ACL-V12-Q-A3:hui-etal-2025-winspot,ACL Anthology,Q-A3
REC-02620,ACL:FORMAL-ACL-V12-Q-D2:wang-etal-2024-reinforcement-learning,ACL:FORMAL-ACL-V12-Q-S0:wang-etal-2024-reinforcement-learning,ACL Anthology,Q-S0
REC-02623,ACL:FORMAL-ACL-V12-Q-A1:kim-etal-2024-rada,ACL:FORMAL-ACL-V12-Q-A3:kim-etal-2024-rada,ACL Anthology,Q-A3
REC-02624,ACL:FORMAL-ACL-V12-Q-A1:zhang-etal-2024-dynamic,ACL:FORMAL-ACL-V12-Q-A2W:zhang-etal-2024-dynamic,ACL Anthology,Q-A2W
REC-02625,ACL:FORMAL-ACL-V12-Q-D1:yuan-etal-2024-r,ACL:FORMAL-ACL-V12-Q-S0:yuan-etal-2024-r,ACL Anthology,Q-S0
REC-02627,ACL:FORMAL-ACL-V12-Q-A1:kim-etal-2024-auto,ACL:FORMAL-ACL-V12-Q-A2W:kim-etal-2024-auto,ACL Anthology,Q-A2W
REC-02627,ACL:FORMAL-ACL-V12-Q-A1:kim-etal-2024-auto,ACL:FORMAL-ACL-V12-Q-A3:kim-etal-2024-auto,ACL Anthology,Q-A3
REC-02631,ACL:FORMAL-ACL-V12-Q-A1:yoran-etal-2024-assistantbench,ACL:FORMAL-ACL-V12-Q-A3:yoran-etal-2024-assistantbench,ACL Anthology,Q-A3
REC-02639,ACL:FORMAL-ACL-V12-Q-C2:pandey-etal-2024-advancing,ACL:FORMAL-ACL-V12-Q-C3:pandey-etal-2024-advancing,ACL Anthology,Q-C3
REC-02641,ACL:FORMAL-ACL-V12-Q-A1:he-etal-2024-webvoyager,ACL:FORMAL-ACL-V12-Q-A3:he-etal-2024-webvoyager,ACL Anthology,Q-A3
REC-02642,ACL:FORMAL-ACL-V12-Q-A1:deng-etal-2024-multi,ACL:FORMAL-ACL-V12-Q-A2W:deng-etal-2024-multi,ACL Anthology,Q-A2W
REC-02642,ACL:FORMAL-ACL-V12-Q-A1:deng-etal-2024-multi,ACL:FORMAL-ACL-V12-Q-A3:deng-etal-2024-multi,ACL Anthology,Q-A3
REC-02643,ACL:FORMAL-ACL-V12-Q-A1:cheng-etal-2024-seeclick,ACL:FORMAL-ACL-V12-Q-A3:cheng-etal-2024-seeclick,ACL Anthology,Q-A3
REC-02644,ACL:FORMAL-ACL-V12-Q-C2:zhang-etal-2024-psysafe,ACL:FORMAL-ACL-V12-Q-S0:zhang-etal-2024-psysafe,ACL Anthology,Q-S0
REC-02647,ARX:FORMAL-ARXIV-V12-Q-A1:2608.00335v1,ARX:FORMAL-ARXIV-V12-Q-D3:2608.00335v1,arXiv,Q-D3
REC-02648,ARX:FORMAL-ARXIV-V12-Q-A1:2608.00202v1,ARX:FORMAL-ARXIV-V12-Q-C2:2608.00202v1,arXiv,Q-C2
REC-02648,ARX:FORMAL-ARXIV-V12-Q-A1:2608.00202v1,ARX:FORMAL-ARXIV-V12-Q-C3:2608.00202v1,arXiv,Q-C3
REC-02648,ARX:FORMAL-ARXIV-V12-Q-A1:2608.00202v1,ARX:FORMAL-ARXIV-V12-Q-D2:2608.00202v1,arXiv,Q-D2
REC-02648,ARX:FORMAL-ARXIV-V12-Q-A1:2608.00202v1,ARX:FORMAL-ARXIV-V12-Q-S0:2608.00202v1,arXiv,Q-S0
REC-02649,ARX:FORMAL-ARXIV-V12-Q-A1:2608.02643v1,ARX:FORMAL-ARXIV-V12-Q-A3:2608.02643v1,arXiv,Q-A3
REC-02649,ARX:FORMAL-ARXIV-V12-Q-A1:2608.02643v1,ARX:FORMAL-ARXIV-V12-Q-D3:2608.02643v1,arXiv,Q-D3
REC-02651,ARX:FORMAL-ARXIV-V12-Q-A1:2607.28399v1,ARX:FORMAL-ARXIV-V12-Q-A3:2607.28399v1,arXiv,Q-A3
REC-02651,ARX:FORMAL-ARXIV-V12-Q-A1:2607.28399v1,ARX:FORMAL-ARXIV-V12-Q-C3:2607.28399v1,arXiv,Q-C3
REC-02652,ARX:FORMAL-ARXIV-V12-Q-A1:2607.25255v2,ARX:FORMAL-ARXIV-V12-Q-A3:2607.25255v2,arXiv,Q-A3
REC-02652,ARX:FORMAL-ARXIV-V12-Q-A1:2607.25255v2,ARX:FORMAL-ARXIV-V12-Q-B1:2607.25255v2,arXiv,Q-B1
REC-02652,ARX:FORMAL-ARXIV-V12-Q-A1:2607.25255v2,ARX:FORMAL-ARXIV-V12-Q-B3:2607.25255v2,arXiv,Q-B3
REC-02652,ARX:FORMAL-ARXIV-V12-Q-A1:2607.25255v2,ARX:FORMAL-ARXIV-V12-Q-C2:2607.25255v2,arXiv,Q-C2
REC-02652,ARX:FORMAL-ARXIV-V12-Q-A1:2607.25255v2,ARX:FORMAL-ARXIV-V12-Q-D2:2607.25255v2,arXiv,Q-D2
REC-02652,ARX:FORMAL-ARXIV-V12-Q-A1:2607.25255v2,ARX:FORMAL-ARXIV-V12-Q-S0:2607.25255v2,arXiv,Q-S0
REC-02653,ARX:FORMAL-ARXIV-V12-Q-A1:2607.24167v1,ARX:FORMAL-ARXIV-V12-Q-A3:2607.24167v1,arXiv,Q-A3
REC-02654,ARX:FORMAL-ARXIV-V12-Q-A1:2607.24112v1,ARX:FORMAL-ARXIV-V12-Q-A3:2607.24112v1,arXiv,Q-A3
REC-02655,ARX:FORMAL-ARXIV-V12-Q-A1:2607.18046v1,ARX:FORMAL-ARXIV-V12-Q-A3:2607.18046v1,arXiv,Q-A3
REC-02655,ARX:FORMAL-ARXIV-V12-Q-A1:2607.18046v1,ARX:FORMAL-ARXIV-V12-Q-S0:2607.18046v1,arXiv,Q-S0
REC-02656,ARX:FORMAL-ARXIV-V12-Q-A1:2607.17136v1,ARX:FORMAL-ARXIV-V12-Q-A3:2607.17136v1,arXiv,Q-A3
REC-02656,ARX:FORMAL-ARXIV-V12-Q-A1:2607.17136v1,ARX:FORMAL-ARXIV-V12-Q-D1:2607.17136v1,arXiv,Q-D1
REC-02656,ARX:FORMAL-ARXIV-V12-Q-A1:2607.17136v1,ARX:FORMAL-ARXIV-V12-Q-D2:2607.17136v1,arXiv,Q-D2
REC-02657,ARX:FORMAL-ARXIV-V12-Q-A1:2607.17050v1,ARX:FORMAL-ARXIV-V12-Q-A3:2607.17050v1,arXiv,Q-A3
REC-02657,ARX:FORMAL-ARXIV-V12-Q-A1:2607.17050v1,ARX:FORMAL-ARXIV-V12-Q-D3:2607.17050v1,arXiv,Q-D3
REC-02658,ARX:FORMAL-ARXIV-V12-Q-A1:2607.22689v1,ARX:FORMAL-ARXIV-V12-Q-A3:2607.22689v1,arXiv,Q-A3
REC-02659,ARX:FORMAL-ARXIV-V12-Q-A1:2607.15193v1,ARX:FORMAL-ARXIV-V12-Q-A2S:2607.15193v1,arXiv,Q-A2S
REC-02659,ARX:FORMAL-ARXIV-V12-Q-A1:2607.15193v1,ARX:FORMAL-ARXIV-V12-Q-A3:2607.15193v1,arXiv,Q-A3
REC-02661,ARX:FORMAL-ARXIV-V12-Q-A1:2607.14548v1,ARX:FORMAL-ARXIV-V12-Q-A3:2607.14548v1,arXiv,Q-A3
REC-02661,ARX:FORMAL-ARXIV-V12-Q-A1:2607.14548v1,ARX:FORMAL-ARXIV-V12-Q-D2:2607.14548v1,arXiv,Q-D2
REC-02662,ARX:FORMAL-ARXIV-V12-Q-A1:2607.12640v1,ARX:FORMAL-ARXIV-V12-Q-D1:2607.12640v1,arXiv,Q-D1
REC-02662,ARX:FORMAL-ARXIV-V12-Q-A1:2607.12640v1,ARX:FORMAL-ARXIV-V12-Q-D3:2607.12640v1,arXiv,Q-D3
REC-02663,ARX:FORMAL-ARXIV-V12-Q-A1:2607.12056v1,ARX:FORMAL-ARXIV-V12-Q-A3:2607.12056v1,arXiv,Q-A3
REC-02663,ARX:FORMAL-ARXIV-V12-Q-A1:2607.12056v1,ARX:FORMAL-ARXIV-V12-Q-D1:2607.12056v1,arXiv,Q-D1
REC-02664,ARX:FORMAL-ARXIV-V12-Q-A1:2607.11185v1,ARX:FORMAL-ARXIV-V12-Q-D1:2607.11185v1,arXiv,Q-D1
REC-02665,ARX:FORMAL-ARXIV-V12-Q-A1:2607.10079v3,ARX:FORMAL-ARXIV-V12-Q-A3:2607.10079v3,arXiv,Q-A3
REC-02666,ARX:FORMAL-ARXIV-V12-Q-A1:2607.08147v1,ARX:FORMAL-ARXIV-V12-Q-B1:2607.08147v1,arXiv,Q-B1
REC-02666,ARX:FORMAL-ARXIV-V12-Q-A1:2607.08147v1,ARX:FORMAL-ARXIV-V12-Q-C3:2607.08147v1,arXiv,Q-C3
REC-02666,ARX:FORMAL-ARXIV-V12-Q-A1:2607.08147v1,ARX:FORMAL-ARXIV-V12-Q-D2:2607.08147v1,arXiv,Q-D2
REC-02666,ARX:FORMAL-ARXIV-V12-Q-A1:2607.08147v1,ARX:FORMAL-ARXIV-V12-Q-S0:2607.08147v1,arXiv,Q-S0
REC-02666,ARX:FORMAL-ARXIV-V12-Q-A1:2607.08147v1,ARX:FORMAL-ARXIV-V12-Q-S1:2607.08147v1,arXiv,Q-S1
REC-02667,ARX:FORMAL-ARXIV-V12-Q-A1:2607.07820v2,ARX:FORMAL-ARXIV-V12-Q-A3:2607.07820v2,arXiv,Q-A3
REC-02667,ARX:FORMAL-ARXIV-V12-Q-A1:2607.07820v2,ARX:FORMAL-ARXIV-V12-Q-D1:2607.07820v2,arXiv,Q-D1
REC-02667,ARX:FORMAL-ARXIV-V12-Q-A1:2607.07820v2,ARX:FORMAL-ARXIV-V12-Q-D3:2607.07820v2,arXiv,Q-D3
REC-02669,ARX:FORMAL-ARXIV-V12-Q-A1:2607.04425v2,ARX:FORMAL-ARXIV-V12-Q-D3:2607.04425v2,arXiv,Q-D3
REC-02670,ARX:FORMAL-ARXIV-V12-Q-A1:2607.03100v1,ARX:FORMAL-ARXIV-V12-Q-D1:2607.03100v1,arXiv,Q-D1
REC-02671,ARX:FORMAL-ARXIV-V12-Q-A1:2607.00502v1,ARX:FORMAL-ARXIV-V12-Q-A3:2607.00502v1,arXiv,Q-A3
REC-02671,ARX:FORMAL-ARXIV-V12-Q-A1:2607.00502v1,ARX:FORMAL-ARXIV-V12-Q-D1:2607.00502v1,arXiv,Q-D1
REC-02674,ARX:FORMAL-ARXIV-V12-Q-A1:2606.31831v1,ARX:FORMAL-ARXIV-V12-Q-D1:2606.31831v1,arXiv,Q-D1
REC-02675,ARX:FORMAL-ARXIV-V12-Q-A1:2606.31612v2,ARX:FORMAL-ARXIV-V12-Q-A3:2606.31612v2,arXiv,Q-A3
REC-02676,ARX:FORMAL-ARXIV-V12-Q-A1:2606.31410v2,ARX:FORMAL-ARXIV-V12-Q-A3:2606.31410v2,arXiv,Q-A3
REC-02676,ARX:FORMAL-ARXIV-V12-Q-A1:2606.31410v2,ARX:FORMAL-ARXIV-V12-Q-C3:2606.31410v2,arXiv,Q-C3
REC-02676,ARX:FORMAL-ARXIV-V12-Q-A1:2606.31410v2,ARX:FORMAL-ARXIV-V12-Q-D2:2606.31410v2,arXiv,Q-D2
REC-02676,ARX:FORMAL-ARXIV-V12-Q-A1:2606.31410v2,ARX:FORMAL-ARXIV-V12-Q-D3:2606.31410v2,arXiv,Q-D3
REC-02677,ARX:FORMAL-ARXIV-V12-Q-A1:2606.30697v1,ARX:FORMAL-ARXIV-V12-Q-A3:2606.30697v1,arXiv,Q-A3
REC-02678,ARX:FORMAL-ARXIV-V12-Q-A1:2606.29445v1,ARX:FORMAL-ARXIV-V12-Q-A3:2606.29445v1,arXiv,Q-A3
REC-02679,ARX:FORMAL-ARXIV-V12-Q-A1:2606.28480v1,ARX:FORMAL-ARXIV-V12-Q-A3:2606.28480v1,arXiv,Q-A3
REC-02680,ARX:FORMAL-ARXIV-V12-Q-A1:2606.27595v1,ARX:FORMAL-ARXIV-V12-Q-A3:2606.27595v1,arXiv,Q-A3
REC-02680,ARX:FORMAL-ARXIV-V12-Q-A1:2606.27595v1,ARX:FORMAL-ARXIV-V12-Q-D1:2606.27595v1,arXiv,Q-D1
REC-02681,ARX:FORMAL-ARXIV-V12-Q-A1:2606.27330v1,ARX:FORMAL-ARXIV-V12-Q-A3:2606.27330v1,arXiv,Q-A3
REC-02682,ARX:FORMAL-ARXIV-V12-Q-A1:2606.25760v1,ARX:FORMAL-ARXIV-V12-Q-A3:2606.25760v1,arXiv,Q-A3
REC-02683,ARX:FORMAL-ARXIV-V12-Q-A1:2606.24525v1,ARX:FORMAL-ARXIV-V12-Q-A3:2606.24525v1,arXiv,Q-A3
REC-02683,ARX:FORMAL-ARXIV-V12-Q-A1:2606.24525v1,ARX:FORMAL-ARXIV-V12-Q-D1:2606.24525v1,arXiv,Q-D1
REC-02684,ARX:FORMAL-ARXIV-V12-Q-A1:2606.22948v1,ARX:FORMAL-ARXIV-V12-Q-A3:2606.22948v1,arXiv,Q-A3
REC-02684,ARX:FORMAL-ARXIV-V12-Q-A1:2606.22948v1,ARX:FORMAL-ARXIV-V12-Q-D1:2606.22948v1,arXiv,Q-D1
REC-02684,ARX:FORMAL-ARXIV-V12-Q-A1:2606.22948v1,ARX:FORMAL-ARXIV-V12-Q-D3:2606.22948v1,arXiv,Q-D3
REC-02685,ARX:FORMAL-ARXIV-V12-Q-A1:2606.21654v1,ARX:FORMAL-ARXIV-V12-Q-A3:2606.21654v1,arXiv,Q-A3
REC-02685,ARX:FORMAL-ARXIV-V12-Q-A1:2606.21654v1,ARX:FORMAL-ARXIV-V12-Q-D3:2606.21654v1,arXiv,Q-D3
REC-02686,ARX:FORMAL-ARXIV-V12-Q-A1:2606.19930v2,ARX:FORMAL-ARXIV-V12-Q-A3:2606.19930v2,arXiv,Q-A3
REC-02687,ARX:FORMAL-ARXIV-V12-Q-A1:2606.19926v1,ARX:FORMAL-ARXIV-V12-Q-A3:2606.19926v1,arXiv,Q-A3
REC-02688,ARX:FORMAL-ARXIV-V12-Q-A1:2606.18890v1,ARX:FORMAL-ARXIV-V12-Q-D1:2606.18890v1,arXiv,Q-D1
REC-02689,ARX:FORMAL-ARXIV-V12-Q-A1:2606.18671v1,ARX:FORMAL-ARXIV-V12-Q-A3:2606.18671v1,arXiv,Q-A3
REC-02689,ARX:FORMAL-ARXIV-V12-Q-A1:2606.18671v1,ARX:FORMAL-ARXIV-V12-Q-D1:2606.18671v1,arXiv,Q-D1
REC-02689,ARX:FORMAL-ARXIV-V12-Q-A1:2606.18671v1,ARX:FORMAL-ARXIV-V12-Q-D3:2606.18671v1,arXiv,Q-D3
REC-02690,ARX:FORMAL-ARXIV-V12-Q-A1:2606.20724v2,ARX:FORMAL-ARXIV-V12-Q-A3:2606.20724v2,arXiv,Q-A3
REC-02690,ARX:FORMAL-ARXIV-V12-Q-A1:2606.20724v2,ARX:FORMAL-ARXIV-V12-Q-D1:2606.20724v2,arXiv,Q-D1
REC-02690,ARX:FORMAL-ARXIV-V12-Q-A1:2606.20724v2,ARX:FORMAL-ARXIV-V12-Q-D3:2606.20724v2,arXiv,Q-D3
REC-02691,ARX:FORMAL-ARXIV-V12-Q-A1:2606.17645v1,ARX:FORMAL-ARXIV-V12-Q-A3:2606.17645v1,arXiv,Q-A3
REC-02692,ARX:FORMAL-ARXIV-V12-Q-A1:2606.17321v1,ARX:FORMAL-ARXIV-V12-Q-C3:2606.17321v1,arXiv,Q-C3
REC-02692,ARX:FORMAL-ARXIV-V12-Q-A1:2606.17321v1,ARX:FORMAL-ARXIV-V12-Q-D1:2606.17321v1,arXiv,Q-D1
REC-02693,ARX:FORMAL-ARXIV-V12-Q-A1:2606.15874v2,ARX:FORMAL-ARXIV-V12-Q-A3:2606.15874v2,arXiv,Q-A3
REC-02694,ARX:FORMAL-ARXIV-V12-Q-A1:2606.15034v1,ARX:FORMAL-ARXIV-V12-Q-A3:2606.15034v1,arXiv,Q-A3
REC-02694,ARX:FORMAL-ARXIV-V12-Q-A1:2606.15034v1,ARX:FORMAL-ARXIV-V12-Q-D2:2606.15034v1,arXiv,Q-D2
REC-02694,ARX:FORMAL-ARXIV-V12-Q-A1:2606.15034v1,ARX:FORMAL-ARXIV-V12-Q-D3:2606.15034v1,arXiv,Q-D3
REC-02694,ARX:FORMAL-ARXIV-V12-Q-A1:2606.15034v1,ARX:FORMAL-ARXIV-V12-Q-S0:2606.15034v1,arXiv,Q-S0
REC-02696,ARX:FORMAL-ARXIV-V12-Q-A1:2606.13385v2,ARX:FORMAL-ARXIV-V12-Q-A3:2606.13385v2,arXiv,Q-A3
REC-02696,ARX:FORMAL-ARXIV-V12-Q-A1:2606.13385v2,ARX:FORMAL-ARXIV-V12-Q-B1:2606.13385v2,arXiv,Q-B1
REC-02696,ARX:FORMAL-ARXIV-V12-Q-A1:2606.13385v2,ARX:FORMAL-ARXIV-V12-Q-D1:2606.13385v2,arXiv,Q-D1
REC-02696,ARX:FORMAL-ARXIV-V12-Q-A1:2606.13385v2,ARX:FORMAL-ARXIV-V12-Q-S0:2606.13385v2,arXiv,Q-S0
REC-02696,ARX:FORMAL-ARXIV-V12-Q-A1:2606.13385v2,ARX:FORMAL-ARXIV-V12-Q-S1:2606.13385v2,arXiv,Q-S1
REC-02697,ARX:FORMAL-ARXIV-V12-Q-A1:2606.13239v2,ARX:FORMAL-ARXIV-V12-Q-A3:2606.13239v2,arXiv,Q-A3
REC-02697,ARX:FORMAL-ARXIV-V12-Q-A1:2606.13239v2,ARX:FORMAL-ARXIV-V12-Q-D3:2606.13239v2,arXiv,Q-D3
REC-02698,ARX:FORMAL-ARXIV-V12-Q-A1:2606.13192v1,ARX:FORMAL-ARXIV-V12-Q-A3:2606.13192v1,arXiv,Q-A3
REC-02699,ARX:FORMAL-ARXIV-V12-Q-A1:2606.12828v1,ARX:FORMAL-ARXIV-V12-Q-D2:2606.12828v1,arXiv,Q-D2
REC-02700,ARX:FORMAL-ARXIV-V12-Q-A1:2606.12485v1,ARX:FORMAL-ARXIV-V12-Q-D1:2606.12485v1,arXiv,Q-D1
REC-02700,ARX:FORMAL-ARXIV-V12-Q-A1:2606.12485v1,ARX:FORMAL-ARXIV-V12-Q-D3:2606.12485v1,arXiv,Q-D3
REC-02701,ARX:FORMAL-ARXIV-V12-Q-A1:2606.11176v1,ARX:FORMAL-ARXIV-V12-Q-D1:2606.11176v1,arXiv,Q-D1
REC-02702,ARX:FORMAL-ARXIV-V12-Q-A1:2606.11042v4,ARX:FORMAL-ARXIV-V12-Q-A3:2606.11042v4,arXiv,Q-A3
REC-02703,ARX:FORMAL-ARXIV-V12-Q-A1:2606.10522v2,ARX:FORMAL-ARXIV-V12-Q-A3:2606.10522v2,arXiv,Q-A3
REC-02704,ARX:FORMAL-ARXIV-V12-Q-A1:2606.09447v1,ARX:FORMAL-ARXIV-V12-Q-A3:2606.09447v1,arXiv,Q-A3
REC-02704,ARX:FORMAL-ARXIV-V12-Q-A1:2606.09447v1,ARX:FORMAL-ARXIV-V12-Q-D1:2606.09447v1,arXiv,Q-D1
REC-02705,ARX:FORMAL-ARXIV-V12-Q-A1:2606.07074v1,ARX:FORMAL-ARXIV-V12-Q-A3:2606.07074v1,arXiv,Q-A3
REC-02705,ARX:FORMAL-ARXIV-V12-Q-A1:2606.07074v1,ARX:FORMAL-ARXIV-V12-Q-B3:2606.07074v1,arXiv,Q-B3
REC-02705,ARX:FORMAL-ARXIV-V12-Q-A1:2606.07074v1,ARX:FORMAL-ARXIV-V12-Q-D2:2606.07074v1,arXiv,Q-D2
REC-02706,ARX:FORMAL-ARXIV-V12-Q-A1:2606.07027v2,ARX:FORMAL-ARXIV-V12-Q-A3:2606.07027v2,arXiv,Q-A3
REC-02706,ARX:FORMAL-ARXIV-V12-Q-A1:2606.07027v2,ARX:FORMAL-ARXIV-V12-Q-D1:2606.07027v2,arXiv,Q-D1
REC-02706,ARX:FORMAL-ARXIV-V12-Q-A1:2606.07027v2,ARX:FORMAL-ARXIV-V12-Q-D2:2606.07027v2,arXiv,Q-D2
REC-02707,ARX:FORMAL-ARXIV-V12-Q-A1:2606.06708v2,ARX:FORMAL-ARXIV-V12-Q-A3:2606.06708v2,arXiv,Q-A3
REC-02708,ARX:FORMAL-ARXIV-V12-Q-A1:2606.06322v1,ARX:FORMAL-ARXIV-V12-Q-A3:2606.06322v1,arXiv,Q-A3
REC-02709,ARX:FORMAL-ARXIV-V12-Q-A1:2606.06560v1,ARX:FORMAL-ARXIV-V12-Q-A3:2606.06560v1,arXiv,Q-A3
REC-02709,ARX:FORMAL-ARXIV-V12-Q-A1:2606.06560v1,ARX:FORMAL-ARXIV-V12-Q-D1:2606.06560v1,arXiv,Q-D1
REC-02711,ARX:FORMAL-ARXIV-V12-Q-A1:2606.05342v2,ARX:FORMAL-ARXIV-V12-Q-A3:2606.05342v2,arXiv,Q-A3
REC-02711,ARX:FORMAL-ARXIV-V12-Q-A1:2606.05342v2,ARX:FORMAL-ARXIV-V12-Q-D3:2606.05342v2,arXiv,Q-D3
REC-02712,ARX:FORMAL-ARXIV-V12-Q-A1:2606.04701v1,ARX:FORMAL-ARXIV-V12-Q-A3:2606.04701v1,arXiv,Q-A3
REC-02714,ARX:FORMAL-ARXIV-V12-Q-A1:2606.03951v1,ARX:FORMAL-ARXIV-V12-Q-A3:2606.03951v1,arXiv,Q-A3
REC-02714,ARX:FORMAL-ARXIV-V12-Q-A1:2606.03951v1,ARX:FORMAL-ARXIV-V12-Q-C3:2606.03951v1,arXiv,Q-C3
REC-02714,ARX:FORMAL-ARXIV-V12-Q-A1:2606.03951v1,ARX:FORMAL-ARXIV-V12-Q-D3:2606.03951v1,arXiv,Q-D3
REC-02716,ARX:FORMAL-ARXIV-V12-Q-A1:2606.02208v1,ARX:FORMAL-ARXIV-V12-Q-A2W:2606.02208v1,arXiv,Q-A2W
REC-02716,ARX:FORMAL-ARXIV-V12-Q-A1:2606.02208v1,ARX:FORMAL-ARXIV-V12-Q-A3:2606.02208v1,arXiv,Q-A3
REC-02716,ARX:FORMAL-ARXIV-V12-Q-A1:2606.02208v1,ARX:FORMAL-ARXIV-V12-Q-D3:2606.02208v1,arXiv,Q-D3
REC-02717,ARX:FORMAL-ARXIV-V12-Q-A1:2606.01790v1,ARX:FORMAL-ARXIV-V12-Q-A3:2606.01790v1,arXiv,Q-A3
REC-02718,ARX:FORMAL-ARXIV-V12-Q-A1:2606.00497v1,ARX:FORMAL-ARXIV-V12-Q-A3:2606.00497v1,arXiv,Q-A3
REC-02718,ARX:FORMAL-ARXIV-V12-Q-A1:2606.00497v1,ARX:FORMAL-ARXIV-V12-Q-D2:2606.00497v1,arXiv,Q-D2
REC-02718,ARX:FORMAL-ARXIV-V12-Q-A1:2606.00497v1,ARX:FORMAL-ARXIV-V12-Q-S0:2606.00497v1,arXiv,Q-S0
REC-02719,ARX:FORMAL-ARXIV-V12-Q-A1:2606.00408v1,ARX:FORMAL-ARXIV-V12-Q-A3:2606.00408v1,arXiv,Q-A3
REC-02720,ARX:FORMAL-ARXIV-V12-Q-A1:2605.31365v1,ARX:FORMAL-ARXIV-V12-Q-D3:2605.31365v1,arXiv,Q-D3
REC-02721,ARX:FORMAL-ARXIV-V12-Q-A1:2605.29927v1,ARX:FORMAL-ARXIV-V12-Q-A3:2605.29927v1,arXiv,Q-A3
REC-02722,ARX:FORMAL-ARXIV-V12-Q-A1:2605.29615v1,ARX:FORMAL-ARXIV-V12-Q-A3:2605.29615v1,arXiv,Q-A3
REC-02722,ARX:FORMAL-ARXIV-V12-Q-A1:2605.29615v1,ARX:FORMAL-ARXIV-V12-Q-D3:2605.29615v1,arXiv,Q-D3
REC-02723,ARX:FORMAL-ARXIV-V12-Q-A1:2605.29534v1,ARX:FORMAL-ARXIV-V12-Q-A3:2605.29534v1,arXiv,Q-A3
REC-02724,ARX:FORMAL-ARXIV-V12-Q-A1:2605.29447v1,ARX:FORMAL-ARXIV-V12-Q-A3:2605.29447v1,arXiv,Q-A3
REC-02724,ARX:FORMAL-ARXIV-V12-Q-A1:2605.29447v1,ARX:FORMAL-ARXIV-V12-Q-D3:2605.29447v1,arXiv,Q-D3
REC-02725,ARX:FORMAL-ARXIV-V12-Q-A1:2605.29397v1,ARX:FORMAL-ARXIV-V12-Q-A3:2605.29397v1,arXiv,Q-A3
REC-02726,ARX:FORMAL-ARXIV-V12-Q-A1:2605.29324v1,ARX:FORMAL-ARXIV-V12-Q-A3:2605.29324v1,arXiv,Q-A3
REC-02726,ARX:FORMAL-ARXIV-V12-Q-A1:2605.29324v1,ARX:FORMAL-ARXIV-V12-Q-D1:2605.29324v1,arXiv,Q-D1
REC-02727,ARX:FORMAL-ARXIV-V12-Q-A1:2605.29218v1,ARX:FORMAL-ARXIV-V12-Q-A3:2605.29218v1,arXiv,Q-A3
REC-02728,ARX:FORMAL-ARXIV-V12-Q-A1:2605.28534v1,ARX:FORMAL-ARXIV-V12-Q-A3:2605.28534v1,arXiv,Q-A3
REC-02729,ARX:FORMAL-ARXIV-V12-Q-A1:2605.27785v1,ARX:FORMAL-ARXIV-V12-Q-D2:2605.27785v1,arXiv,Q-D2
REC-02731,ARX:FORMAL-ARXIV-V12-Q-A1:2605.26994v2,ARX:FORMAL-ARXIV-V12-Q-A3:2605.26994v2,arXiv,Q-A3
REC-02732,ARX:FORMAL-ARXIV-V12-Q-A1:2605.26546v1,ARX:FORMAL-ARXIV-V12-Q-A3:2605.26546v1,arXiv,Q-A3
REC-02732,ARX:FORMAL-ARXIV-V12-Q-A1:2605.26546v1,ARX:FORMAL-ARXIV-V12-Q-D3:2605.26546v1,arXiv,Q-D3
REC-02733,ARX:FORMAL-ARXIV-V12-Q-A1:2605.24785v2,ARX:FORMAL-ARXIV-V12-Q-D1:2605.24785v2,arXiv,Q-D1
REC-02735,ARX:FORMAL-ARXIV-V12-Q-A1:2605.20291v2,ARX:FORMAL-ARXIV-V12-Q-D2:2605.20291v2,arXiv,Q-D2
REC-02736,ARX:FORMAL-ARXIV-V12-Q-A1:2605.19484v1,ARX:FORMAL-ARXIV-V12-Q-A3:2605.19484v1,arXiv,Q-A3
REC-02737,ARX:FORMAL-ARXIV-V12-Q-A1:2605.19260v1,ARX:FORMAL-ARXIV-V12-Q-A3:2605.19260v1,arXiv,Q-A3
REC-02738,ARX:FORMAL-ARXIV-V12-Q-A1:2605.19219v1,ARX:FORMAL-ARXIV-V12-Q-D2:2605.19219v1,arXiv,Q-D2
REC-02739,ARX:FORMAL-ARXIV-V12-Q-A1:2605.18048v1,ARX:FORMAL-ARXIV-V12-Q-A3:2605.18048v1,arXiv,Q-A3
REC-02739,ARX:FORMAL-ARXIV-V12-Q-A1:2605.18048v1,ARX:FORMAL-ARXIV-V12-Q-D2:2605.18048v1,arXiv,Q-D2
REC-02742,ARX:FORMAL-ARXIV-V12-Q-A1:2605.16883v1,ARX:FORMAL-ARXIV-V12-Q-A3:2605.16883v1,arXiv,Q-A3
REC-02744,ARX:FORMAL-ARXIV-V12-Q-A1:2605.15963v1,ARX:FORMAL-ARXIV-V12-Q-A3:2605.15963v1,arXiv,Q-A3
REC-02744,ARX:FORMAL-ARXIV-V12-Q-A1:2605.15963v1,ARX:FORMAL-ARXIV-V12-Q-D2:2605.15963v1,arXiv,Q-D2
REC-02746,ARX:FORMAL-ARXIV-V12-Q-A1:2605.14311v2,ARX:FORMAL-ARXIV-V12-Q-A3:2605.14311v2,arXiv,Q-A3
REC-02747,ARX:FORMAL-ARXIV-V12-Q-A1:2605.14290v1,ARX:FORMAL-ARXIV-V12-Q-A2W:2605.14290v1,arXiv,Q-A2W
REC-02747,ARX:FORMAL-ARXIV-V12-Q-A1:2605.14290v1,ARX:FORMAL-ARXIV-V12-Q-A3:2605.14290v1,arXiv,Q-A3
REC-02747,ARX:FORMAL-ARXIV-V12-Q-A1:2605.14290v1,ARX:FORMAL-ARXIV-V12-Q-B1:2605.14290v1,arXiv,Q-B1
REC-02747,ARX:FORMAL-ARXIV-V12-Q-A1:2605.14290v1,ARX:FORMAL-ARXIV-V12-Q-D1:2605.14290v1,arXiv,Q-D1
REC-02749,ARX:FORMAL-ARXIV-V12-Q-A1:2605.13631v2,ARX:FORMAL-ARXIV-V12-Q-A3:2605.13631v2,arXiv,Q-A3
REC-02749,ARX:FORMAL-ARXIV-V12-Q-A1:2605.13631v2,ARX:FORMAL-ARXIV-V12-Q-B1:2605.13631v2,arXiv,Q-B1
REC-02749,ARX:FORMAL-ARXIV-V12-Q-A1:2605.13631v2,ARX:FORMAL-ARXIV-V12-Q-D2:2605.13631v2,arXiv,Q-D2
REC-02749,ARX:FORMAL-ARXIV-V12-Q-A1:2605.13631v2,ARX:FORMAL-ARXIV-V12-Q-S0:2605.13631v2,arXiv,Q-S0
REC-02750,ARX:FORMAL-ARXIV-V12-Q-A1:2605.16402v1,ARX:FORMAL-ARXIV-V12-Q-A3:2605.16402v1,arXiv,Q-A3
REC-02751,ARX:FORMAL-ARXIV-V12-Q-A1:2605.12501v1,ARX:FORMAL-ARXIV-V12-Q-A3:2605.12501v1,arXiv,Q-A3
REC-02752,ARX:FORMAL-ARXIV-V12-Q-A1:2605.12493v1,ARX:FORMAL-ARXIV-V12-Q-A3:2605.12493v1,arXiv,Q-A3
REC-02752,ARX:FORMAL-ARXIV-V12-Q-A1:2605.12493v1,ARX:FORMAL-ARXIV-V12-Q-D2:2605.12493v1,arXiv,Q-D2
REC-02752,ARX:FORMAL-ARXIV-V12-Q-A1:2605.12493v1,ARX:FORMAL-ARXIV-V12-Q-D3:2605.12493v1,arXiv,Q-D3
REC-02752,ARX:FORMAL-ARXIV-V12-Q-A1:2605.12493v1,ARX:FORMAL-ARXIV-V12-Q-S2:2605.12493v1,arXiv,Q-S2
REC-02753,ARX:FORMAL-ARXIV-V12-Q-A1:2605.11212v3,ARX:FORMAL-ARXIV-V12-Q-A3:2605.11212v3,arXiv,Q-A3
REC-02754,ARX:FORMAL-ARXIV-V12-Q-A1:2605.10347v2,ARX:FORMAL-ARXIV-V12-Q-A3:2605.10347v2,arXiv,Q-A3
REC-02754,ARX:FORMAL-ARXIV-V12-Q-A1:2605.10347v2,ARX:FORMAL-ARXIV-V12-Q-D1:2605.10347v2,arXiv,Q-D1
REC-02755,ARX:FORMAL-ARXIV-V12-Q-A1:2605.09497v1,ARX:FORMAL-ARXIV-V12-Q-A3:2605.09497v1,arXiv,Q-A3
REC-02755,ARX:FORMAL-ARXIV-V12-Q-A1:2605.09497v1,ARX:FORMAL-ARXIV-V12-Q-B2:2605.09497v1,arXiv,Q-B2
REC-02755,ARX:FORMAL-ARXIV-V12-Q-A1:2605.09497v1,ARX:FORMAL-ARXIV-V12-Q-D2:2605.09497v1,arXiv,Q-D2
REC-02756,ARX:FORMAL-ARXIV-V12-Q-A1:2605.09317v1,ARX:FORMAL-ARXIV-V12-Q-A3:2605.09317v1,arXiv,Q-A3
REC-02757,ARX:FORMAL-ARXIV-V12-Q-A1:2605.08310v1,ARX:FORMAL-ARXIV-V12-Q-A3:2605.08310v1,arXiv,Q-A3
REC-02757,ARX:FORMAL-ARXIV-V12-Q-A1:2605.08310v1,ARX:FORMAL-ARXIV-V12-Q-B1:2605.08310v1,arXiv,Q-B1
REC-02757,ARX:FORMAL-ARXIV-V12-Q-A1:2605.08310v1,ARX:FORMAL-ARXIV-V12-Q-D2:2605.08310v1,arXiv,Q-D2
REC-02757,ARX:FORMAL-ARXIV-V12-Q-A1:2605.08310v1,ARX:FORMAL-ARXIV-V12-Q-D3:2605.08310v1,arXiv,Q-D3
REC-02757,ARX:FORMAL-ARXIV-V12-Q-A1:2605.08310v1,ARX:FORMAL-ARXIV-V12-Q-S0:2605.08310v1,arXiv,Q-S0
REC-02758,ARX:FORMAL-ARXIV-V12-Q-A1:2605.07505v1,ARX:FORMAL-ARXIV-V12-Q-A3:2605.07505v1,arXiv,Q-A3
REC-02758,ARX:FORMAL-ARXIV-V12-Q-A1:2605.07505v1,ARX:FORMAL-ARXIV-V12-Q-D2:2605.07505v1,arXiv,Q-D2
REC-02759,ARX:FORMAL-ARXIV-V12-Q-A1:2605.07134v1,ARX:FORMAL-ARXIV-V12-Q-A3:2605.07134v1,arXiv,Q-A3
REC-02760,ARX:FORMAL-ARXIV-V12-Q-A1:2605.06664v1,ARX:FORMAL-ARXIV-V12-Q-A3:2605.06664v1,arXiv,Q-A3
REC-02760,ARX:FORMAL-ARXIV-V12-Q-A1:2605.06664v1,ARX:FORMAL-ARXIV-V12-Q-D2:2605.06664v1,arXiv,Q-D2
REC-02761,ARX:FORMAL-ARXIV-V12-Q-A1:2605.06761v1,ARX:FORMAL-ARXIV-V12-Q-A2W:2605.06761v1,arXiv,Q-A2W
REC-02761,ARX:FORMAL-ARXIV-V12-Q-A1:2605.06761v1,ARX:FORMAL-ARXIV-V12-Q-A3:2605.06761v1,arXiv,Q-A3
REC-02762,ARX:FORMAL-ARXIV-V12-Q-A1:2605.05262v1,ARX:FORMAL-ARXIV-V12-Q-A3:2605.05262v1,arXiv,Q-A3
REC-02762,ARX:FORMAL-ARXIV-V12-Q-A1:2605.05262v1,ARX:FORMAL-ARXIV-V12-Q-D1:2605.05262v1,arXiv,Q-D1
REC-02763,ARX:FORMAL-ARXIV-V12-Q-A1:2605.03231v1,ARX:FORMAL-ARXIV-V12-Q-A3:2605.03231v1,arXiv,Q-A3
REC-02767,ARX:FORMAL-ARXIV-V12-Q-A1:2605.01208v1,ARX:FORMAL-ARXIV-V12-Q-A3:2605.01208v1,arXiv,Q-A3
REC-02769,ARX:FORMAL-ARXIV-V12-Q-A1:2605.00642v3,ARX:FORMAL-ARXIV-V12-Q-A3:2605.00642v3,arXiv,Q-A3
REC-02770,ARX:FORMAL-ARXIV-V12-Q-A1:2605.00551v1,ARX:FORMAL-ARXIV-V12-Q-A3:2605.00551v1,arXiv,Q-A3
REC-02770,ARX:FORMAL-ARXIV-V12-Q-A1:2605.00551v1,ARX:FORMAL-ARXIV-V12-Q-D2:2605.00551v1,arXiv,Q-D2
REC-02771,ARX:FORMAL-ARXIV-V12-Q-A1:2604.27776v1,ARX:FORMAL-ARXIV-V12-Q-A2S:2604.27776v1,arXiv,Q-A2S
REC-02771,ARX:FORMAL-ARXIV-V12-Q-A1:2604.27776v1,ARX:FORMAL-ARXIV-V12-Q-A3:2604.27776v1,arXiv,Q-A3
REC-02771,ARX:FORMAL-ARXIV-V12-Q-A1:2604.27776v1,ARX:FORMAL-ARXIV-V12-Q-D3:2604.27776v1,arXiv,Q-D3
REC-02772,ARX:FORMAL-ARXIV-V12-Q-A1:2604.27253v1,ARX:FORMAL-ARXIV-V12-Q-A3:2604.27253v1,arXiv,Q-A3
REC-02773,ARX:FORMAL-ARXIV-V12-Q-A1:2604.26653v1,ARX:FORMAL-ARXIV-V12-Q-A3:2604.26653v1,arXiv,Q-A3
REC-02773,ARX:FORMAL-ARXIV-V12-Q-A1:2604.26653v1,ARX:FORMAL-ARXIV-V12-Q-D1:2604.26653v1,arXiv,Q-D1
REC-02775,ARX:FORMAL-ARXIV-V12-Q-A1:2604.23941v1,ARX:FORMAL-ARXIV-V12-Q-A3:2604.23941v1,arXiv,Q-A3
REC-02776,ARX:FORMAL-ARXIV-V12-Q-A1:2606.13686v1,ARX:FORMAL-ARXIV-V12-Q-A3:2606.13686v1,arXiv,Q-A3
REC-02776,ARX:FORMAL-ARXIV-V12-Q-A1:2606.13686v1,ARX:FORMAL-ARXIV-V12-Q-B2:2606.13686v1,arXiv,Q-B2
REC-02776,ARX:FORMAL-ARXIV-V12-Q-A1:2606.13686v1,ARX:FORMAL-ARXIV-V12-Q-D2:2606.13686v1,arXiv,Q-D2
REC-02776,ARX:FORMAL-ARXIV-V12-Q-A1:2606.13686v1,ARX:FORMAL-ARXIV-V12-Q-S0:2606.13686v1,arXiv,Q-S0
REC-02777,ARX:FORMAL-ARXIV-V12-Q-A1:2604.22748v3,ARX:FORMAL-ARXIV-V12-Q-C2:2604.22748v3,arXiv,Q-C2
REC-02778,ARX:FORMAL-ARXIV-V12-Q-A1:2604.22558v1,ARX:FORMAL-ARXIV-V12-Q-A3:2604.22558v1,arXiv,Q-A3
REC-02778,ARX:FORMAL-ARXIV-V12-Q-A1:2604.22558v1,ARX:FORMAL-ARXIV-V12-Q-D2:2604.22558v1,arXiv,Q-D2
REC-02779,ARX:FORMAL-ARXIV-V12-Q-A1:2604.21375v2,ARX:FORMAL-ARXIV-V12-Q-A3:2604.21375v2,arXiv,Q-A3
REC-02779,ARX:FORMAL-ARXIV-V12-Q-A1:2604.21375v2,ARX:FORMAL-ARXIV-V12-Q-D1:2604.21375v2,arXiv,Q-D1
REC-02779,ARX:FORMAL-ARXIV-V12-Q-A1:2604.21375v2,ARX:FORMAL-ARXIV-V12-Q-D3:2604.21375v2,arXiv,Q-D3
REC-02781,ARX:FORMAL-ARXIV-V12-Q-A1:2604.17821v2,ARX:FORMAL-ARXIV-V12-Q-A3:2604.17821v2,arXiv,Q-A3
REC-02782,ARX:FORMAL-ARXIV-V12-Q-A1:2604.17284v1,ARX:FORMAL-ARXIV-V12-Q-A3:2604.17284v1,arXiv,Q-A3
REC-02782,ARX:FORMAL-ARXIV-V12-Q-A1:2604.17284v1,ARX:FORMAL-ARXIV-V12-Q-D2:2604.17284v1,arXiv,Q-D2
REC-02783,ARX:FORMAL-ARXIV-V12-Q-A1:2604.15309v1,ARX:FORMAL-ARXIV-V12-Q-A3:2604.15309v1,arXiv,Q-A3
REC-02784,ARX:FORMAL-ARXIV-V12-Q-A1:2604.14956v1,ARX:FORMAL-ARXIV-V12-Q-A3:2604.14956v1,arXiv,Q-A3
REC-02785,ARX:FORMAL-ARXIV-V12-Q-A1:2604.14668v1,ARX:FORMAL-ARXIV-V12-Q-A3:2604.14668v1,arXiv,Q-A3
REC-02786,ARX:FORMAL-ARXIV-V12-Q-A1:2604.13822v1,ARX:FORMAL-ARXIV-V12-Q-A3:2604.13822v1,arXiv,Q-A3
REC-02788,ARX:FORMAL-ARXIV-V12-Q-A1:2604.13318v1,ARX:FORMAL-ARXIV-V12-Q-A3:2604.13318v1,arXiv,Q-A3
REC-02788,ARX:FORMAL-ARXIV-V12-Q-A1:2604.13318v1,ARX:FORMAL-ARXIV-V12-Q-D3:2604.13318v1,arXiv,Q-D3
REC-02789,ARX:FORMAL-ARXIV-V12-Q-A1:2604.13019v3,ARX:FORMAL-ARXIV-V12-Q-A3:2604.13019v3,arXiv,Q-A3
REC-02790,ARX:FORMAL-ARXIV-V12-Q-A1:2604.12666v1,ARX:FORMAL-ARXIV-V12-Q-A3:2604.12666v1,arXiv,Q-A3
REC-02791,ARX:FORMAL-ARXIV-V12-Q-A1:2604.12284v1,ARX:FORMAL-ARXIV-V12-Q-A3:2604.12284v1,arXiv,Q-A3
REC-02791,ARX:FORMAL-ARXIV-V12-Q-A1:2604.12284v1,ARX:FORMAL-ARXIV-V12-Q-B1:2604.12284v1,arXiv,Q-B1
REC-02791,ARX:FORMAL-ARXIV-V12-Q-A1:2604.12284v1,ARX:FORMAL-ARXIV-V12-Q-D2:2604.12284v1,arXiv,Q-D2
REC-02791,ARX:FORMAL-ARXIV-V12-Q-A1:2604.12284v1,ARX:FORMAL-ARXIV-V12-Q-S0:2604.12284v1,arXiv,Q-S0
REC-02791,ARX:FORMAL-ARXIV-V12-Q-A1:2604.12284v1,ARX:FORMAL-ARXIV-V12-Q-S1:2604.12284v1,arXiv,Q-S1
REC-02792,ARX:FORMAL-ARXIV-V12-Q-A1:2604.11259v1,ARX:FORMAL-ARXIV-V12-Q-C3:2604.11259v1,arXiv,Q-C3
REC-02794,ARX:FORMAL-ARXIV-V12-Q-A1:2604.07927v3,ARX:FORMAL-ARXIV-V12-Q-A3:2604.07927v3,arXiv,Q-A3
REC-02794,ARX:FORMAL-ARXIV-V12-Q-A1:2604.07927v3,ARX:FORMAL-ARXIV-V12-Q-D1:2604.07927v3,arXiv,Q-D1
REC-02795,ARX:FORMAL-ARXIV-V12-Q-A1:2604.07776v1,ARX:FORMAL-ARXIV-V12-Q-A3:2604.07776v1,arXiv,Q-A3
REC-02796,ARX:FORMAL-ARXIV-V12-Q-A1:2604.07277v2,ARX:FORMAL-ARXIV-V12-Q-A3:2604.07277v2,arXiv,Q-A3
REC-02797,ARX:FORMAL-ARXIV-V12-Q-A1:2606.15673v2,ARX:FORMAL-ARXIV-V12-Q-A3:2606.15673v2,arXiv,Q-A3
REC-02798,ARX:FORMAL-ARXIV-V12-Q-A1:2604.06126v1,ARX:FORMAL-ARXIV-V12-Q-A3:2604.06126v1,arXiv,Q-A3
REC-02798,ARX:FORMAL-ARXIV-V12-Q-A1:2604.06126v1,ARX:FORMAL-ARXIV-V12-Q-D1:2604.06126v1,arXiv,Q-D1
REC-02799,ARX:FORMAL-ARXIV-V12-Q-A1:2604.05477v1,ARX:FORMAL-ARXIV-V12-Q-A3:2604.05477v1,arXiv,Q-A3
REC-02799,ARX:FORMAL-ARXIV-V12-Q-A1:2604.05477v1,ARX:FORMAL-ARXIV-V12-Q-D1:2604.05477v1,arXiv,Q-D1
REC-02799,ARX:FORMAL-ARXIV-V12-Q-A1:2604.05477v1,ARX:FORMAL-ARXIV-V12-Q-D2:2604.05477v1,arXiv,Q-D2
REC-02799,ARX:FORMAL-ARXIV-V12-Q-A1:2604.05477v1,ARX:FORMAL-ARXIV-V12-Q-D3:2604.05477v1,arXiv,Q-D3
REC-02800,ARX:FORMAL-ARXIV-V12-Q-A1:2605.18758v1,ARX:FORMAL-ARXIV-V12-Q-A2S:2605.18758v1,arXiv,Q-A2S
REC-02800,ARX:FORMAL-ARXIV-V12-Q-A1:2605.18758v1,ARX:FORMAL-ARXIV-V12-Q-A2W:2605.18758v1,arXiv,Q-A2W
REC-02800,ARX:FORMAL-ARXIV-V12-Q-A1:2605.18758v1,ARX:FORMAL-ARXIV-V12-Q-A3:2605.18758v1,arXiv,Q-A3
REC-02801,ARX:FORMAL-ARXIV-V12-Q-A1:2604.01838v1,ARX:FORMAL-ARXIV-V12-Q-B3:2604.01838v1,arXiv,Q-B3
REC-02802,ARX:FORMAL-ARXIV-V12-Q-A1:2604.01676v2,ARX:FORMAL-ARXIV-V12-Q-A3:2604.01676v2,arXiv,Q-A3
REC-02802,ARX:FORMAL-ARXIV-V12-Q-A1:2604.01676v2,ARX:FORMAL-ARXIV-V12-Q-D2:2604.01676v2,arXiv,Q-D2
REC-02806,ARX:FORMAL-ARXIV-V12-Q-A1:2603.29020v1,ARX:FORMAL-ARXIV-V12-Q-A3:2603.29020v1,arXiv,Q-A3
REC-02806,ARX:FORMAL-ARXIV-V12-Q-A1:2603.29020v1,ARX:FORMAL-ARXIV-V12-Q-D1:2603.29020v1,arXiv,Q-D1
REC-02807,ARX:FORMAL-ARXIV-V12-Q-A1:2603.27490v1,ARX:FORMAL-ARXIV-V12-Q-A3:2603.27490v1,arXiv,Q-A3
REC-02808,ARX:FORMAL-ARXIV-V12-Q-A1:2603.26266v3,ARX:FORMAL-ARXIV-V12-Q-D2:2603.26266v3,arXiv,Q-D2
REC-02809,ARX:FORMAL-ARXIV-V12-Q-A1:2603.26211v1,ARX:FORMAL-ARXIV-V12-Q-A3:2603.26211v1,arXiv,Q-A3
REC-02811,ARX:FORMAL-ARXIV-V12-Q-A1:2604.16385v1,ARX:FORMAL-ARXIV-V12-Q-A3:2604.16385v1,arXiv,Q-A3
REC-02812,ARX:FORMAL-ARXIV-V12-Q-A1:2603.25864v1,ARX:FORMAL-ARXIV-V12-Q-A3:2603.25864v1,arXiv,Q-A3
REC-02812,ARX:FORMAL-ARXIV-V12-Q-A1:2603.25864v1,ARX:FORMAL-ARXIV-V12-Q-D2:2603.25864v1,arXiv,Q-D2
REC-02813,ARX:FORMAL-ARXIV-V12-Q-A1:2603.24533v1,ARX:FORMAL-ARXIV-V12-Q-A3:2603.24533v1,arXiv,Q-A3
REC-02813,ARX:FORMAL-ARXIV-V12-Q-A1:2603.24533v1,ARX:FORMAL-ARXIV-V12-Q-D1:2603.24533v1,arXiv,Q-D1
REC-02814,ARX:FORMAL-ARXIV-V12-Q-A1:2603.24440v1,ARX:FORMAL-ARXIV-V12-Q-A2S:2603.24440v1,arXiv,Q-A2S
REC-02814,ARX:FORMAL-ARXIV-V12-Q-A1:2603.24440v1,ARX:FORMAL-ARXIV-V12-Q-A3:2603.24440v1,arXiv,Q-A3
REC-02814,ARX:FORMAL-ARXIV-V12-Q-A1:2603.24440v1,ARX:FORMAL-ARXIV-V12-Q-D3:2603.24440v1,arXiv,Q-D3
REC-02816,ARX:FORMAL-ARXIV-V12-Q-A1:2603.20340v3,ARX:FORMAL-ARXIV-V12-Q-A3:2603.20340v3,arXiv,Q-A3
REC-02817,ARX:FORMAL-ARXIV-V12-Q-A1:2603.19191v1,ARX:FORMAL-ARXIV-V12-Q-A3:2603.19191v1,arXiv,Q-A3
REC-02817,ARX:FORMAL-ARXIV-V12-Q-A1:2603.19191v1,ARX:FORMAL-ARXIV-V12-Q-D1:2603.19191v1,arXiv,Q-D1
REC-02818,ARX:FORMAL-ARXIV-V12-Q-A1:2603.18762v1,ARX:FORMAL-ARXIV-V12-Q-A3:2603.18762v1,arXiv,Q-A3
REC-02818,ARX:FORMAL-ARXIV-V12-Q-A1:2603.18762v1,ARX:FORMAL-ARXIV-V12-Q-D1:2603.18762v1,arXiv,Q-D1
REC-02818,ARX:FORMAL-ARXIV-V12-Q-A1:2603.18762v1,ARX:FORMAL-ARXIV-V12-Q-D2:2603.18762v1,arXiv,Q-D2
REC-02819,ARX:FORMAL-ARXIV-V12-Q-A1:2603.18429v1,ARX:FORMAL-ARXIV-V12-Q-A3:2603.18429v1,arXiv,Q-A3
REC-02819,ARX:FORMAL-ARXIV-V12-Q-A1:2603.18429v1,ARX:FORMAL-ARXIV-V12-Q-D1:2603.18429v1,arXiv,Q-D1
REC-02819,ARX:FORMAL-ARXIV-V12-Q-A1:2603.18429v1,ARX:FORMAL-ARXIV-V12-Q-D2:2603.18429v1,arXiv,Q-D2
REC-02820,ARX:FORMAL-ARXIV-V12-Q-A1:2603.17441v1,ARX:FORMAL-ARXIV-V12-Q-A3:2603.17441v1,arXiv,Q-A3
REC-02821,ARX:FORMAL-ARXIV-V12-Q-A1:2603.14448v1,ARX:FORMAL-ARXIV-V12-Q-A3:2603.14448v1,arXiv,Q-A3
REC-02822,ARX:FORMAL-ARXIV-V12-Q-A1:2603.14248v2,ARX:FORMAL-ARXIV-V12-Q-A3:2603.14248v2,arXiv,Q-A3
REC-02822,ARX:FORMAL-ARXIV-V12-Q-A1:2603.14248v2,ARX:FORMAL-ARXIV-V12-Q-D3:2603.14248v2,arXiv,Q-D3
REC-02823,ARX:FORMAL-ARXIV-V12-Q-A1:2603.12138v1,ARX:FORMAL-ARXIV-V12-Q-A3:2603.12138v1,arXiv,Q-A3
REC-02823,ARX:FORMAL-ARXIV-V12-Q-A1:2603.12138v1,ARX:FORMAL-ARXIV-V12-Q-D2:2603.12138v1,arXiv,Q-D2
REC-02824,ARX:FORMAL-ARXIV-V12-Q-A1:2603.10505v1,ARX:FORMAL-ARXIV-V12-Q-A3:2603.10505v1,arXiv,Q-A3
REC-02824,ARX:FORMAL-ARXIV-V12-Q-A1:2603.10505v1,ARX:FORMAL-ARXIV-V12-Q-D1:2603.10505v1,arXiv,Q-D1
REC-02825,ARX:FORMAL-ARXIV-V12-Q-A1:2603.10291v1,ARX:FORMAL-ARXIV-V12-Q-A3:2603.10291v1,arXiv,Q-A3
REC-02826,ARX:FORMAL-ARXIV-V12-Q-A1:2603.08013v1,ARX:FORMAL-ARXIV-V12-Q-A3:2603.08013v1,arXiv,Q-A3
REC-02826,ARX:FORMAL-ARXIV-V12-Q-A1:2603.08013v1,ARX:FORMAL-ARXIV-V12-Q-D2:2603.08013v1,arXiv,Q-D2
REC-02828,ARX:FORMAL-ARXIV-V12-Q-A1:2603.07024v1,ARX:FORMAL-ARXIV-V12-Q-A3:2603.07024v1,arXiv,Q-A3
REC-02830,ARX:FORMAL-ARXIV-V12-Q-A1:2603.05295v3,ARX:FORMAL-ARXIV-V12-Q-A3:2603.05295v3,arXiv,Q-A3
REC-02830,ARX:FORMAL-ARXIV-V12-Q-A1:2603.05295v3,ARX:FORMAL-ARXIV-V12-Q-D3:2603.05295v3,arXiv,Q-D3
REC-02831,ARX:FORMAL-ARXIV-V12-Q-A1:2603.05294v2,ARX:FORMAL-ARXIV-V12-Q-A3:2603.05294v2,arXiv,Q-A3
REC-02832,ARX:FORMAL-ARXIV-V12-Q-A1:2603.04949v1,ARX:FORMAL-ARXIV-V12-Q-A3:2603.04949v1,arXiv,Q-A3
REC-02833,ARX:FORMAL-ARXIV-V12-Q-A1:2603.04601v3,ARX:FORMAL-ARXIV-V12-Q-A3:2603.04601v3,arXiv,Q-A3
REC-02834,ARX:FORMAL-ARXIV-V12-Q-A1:2603.02951v2,ARX:FORMAL-ARXIV-V12-Q-A3:2603.02951v2,arXiv,Q-A3
REC-02835,ARX:FORMAL-ARXIV-V12-Q-A1:2603.01104v1,ARX:FORMAL-ARXIV-V12-Q-A3:2603.01104v1,arXiv,Q-A3
REC-02835,ARX:FORMAL-ARXIV-V12-Q-A1:2603.01104v1,ARX:FORMAL-ARXIV-V12-Q-D1:2603.01104v1,arXiv,Q-D1
REC-02836,ARX:FORMAL-ARXIV-V12-Q-A1:2603.00503v1,ARX:FORMAL-ARXIV-V12-Q-A3:2603.00503v1,arXiv,Q-A3
REC-02838,ARX:FORMAL-ARXIV-V12-Q-A1:2603.00188v1,ARX:FORMAL-ARXIV-V12-Q-A3:2603.00188v1,arXiv,Q-A3
REC-02838,ARX:FORMAL-ARXIV-V12-Q-A1:2603.00188v1,ARX:FORMAL-ARXIV-V12-Q-D1:2603.00188v1,arXiv,Q-D1
REC-02838,ARX:FORMAL-ARXIV-V12-Q-A1:2603.00188v1,ARX:FORMAL-ARXIV-V12-Q-D2:2603.00188v1,arXiv,Q-D2
REC-02839,ARX:FORMAL-ARXIV-V12-Q-A1:2602.23235v1,ARX:FORMAL-ARXIV-V12-Q-A3:2602.23235v1,arXiv,Q-A3
REC-02839,ARX:FORMAL-ARXIV-V12-Q-A1:2602.23235v1,ARX:FORMAL-ARXIV-V12-Q-D2:2602.23235v1,arXiv,Q-D2
REC-02840,ARX:FORMAL-ARXIV-V12-Q-A1:2602.20502v1,ARX:FORMAL-ARXIV-V12-Q-A3:2602.20502v1,arXiv,Q-A3
REC-02841,ARX:FORMAL-ARXIV-V12-Q-A1:2602.17588v4,ARX:FORMAL-ARXIV-V12-Q-D3:2602.17588v4,arXiv,Q-D3
REC-02842,ARX:FORMAL-ARXIV-V12-Q-A1:2602.17245v2,ARX:FORMAL-ARXIV-V12-Q-A3:2602.17245v2,arXiv,Q-A3
REC-02842,ARX:FORMAL-ARXIV-V12-Q-A1:2602.17245v2,ARX:FORMAL-ARXIV-V12-Q-B3:2602.17245v2,arXiv,Q-B3
REC-02842,ARX:FORMAL-ARXIV-V12-Q-A1:2602.17245v2,ARX:FORMAL-ARXIV-V12-Q-D1:2602.17245v2,arXiv,Q-D1
REC-02843,ARX:FORMAL-ARXIV-V12-Q-A1:2602.17049v2,ARX:FORMAL-ARXIV-V12-Q-A3:2602.17049v2,arXiv,Q-A3
REC-02843,ARX:FORMAL-ARXIV-V12-Q-A1:2602.17049v2,ARX:FORMAL-ARXIV-V12-Q-D2:2602.17049v2,arXiv,Q-D2
REC-02844,ARX:FORMAL-ARXIV-V12-Q-A1:2602.17003v3,ARX:FORMAL-ARXIV-V12-Q-A3:2602.17003v3,arXiv,Q-A3
REC-02845,ARX:FORMAL-ARXIV-V12-Q-A1:2602.15384v1,ARX:FORMAL-ARXIV-V12-Q-D1:2602.15384v1,arXiv,Q-D1
REC-02845,ARX:FORMAL-ARXIV-V12-Q-A1:2602.15384v1,ARX:FORMAL-ARXIV-V12-Q-D3:2602.15384v1,arXiv,Q-D3
REC-02846,ARX:FORMAL-ARXIV-V12-Q-A1:2602.14865v1,ARX:FORMAL-ARXIV-V12-Q-A3:2602.14865v1,arXiv,Q-A3
REC-02847,ARX:FORMAL-ARXIV-V12-Q-A1:2602.14296v1,ARX:FORMAL-ARXIV-V12-Q-D1:2602.14296v1,arXiv,Q-D1
REC-02847,ARX:FORMAL-ARXIV-V12-Q-A1:2602.14296v1,ARX:FORMAL-ARXIV-V12-Q-D3:2602.14296v1,arXiv,Q-D3
REC-02848,ARX:FORMAL-ARXIV-V12-Q-A1:2602.14276v2,ARX:FORMAL-ARXIV-V12-Q-A3:2602.14276v2,arXiv,Q-A3
REC-02848,ARX:FORMAL-ARXIV-V12-Q-A1:2602.14276v2,ARX:FORMAL-ARXIV-V12-Q-D3:2602.14276v2,arXiv,Q-D3
REC-02849,ARX:FORMAL-ARXIV-V12-Q-A1:2602.14093v1,ARX:FORMAL-ARXIV-V12-Q-A3:2602.14093v1,arXiv,Q-A3
REC-02849,ARX:FORMAL-ARXIV-V12-Q-A1:2602.14093v1,ARX:FORMAL-ARXIV-V12-Q-D1:2602.14093v1,arXiv,Q-D1
REC-02850,ARX:FORMAL-ARXIV-V12-Q-A1:2602.13653v1,ARX:FORMAL-ARXIV-V12-Q-A2S:2602.13653v1,arXiv,Q-A2S
REC-02850,ARX:FORMAL-ARXIV-V12-Q-A1:2602.13653v1,ARX:FORMAL-ARXIV-V12-Q-A3:2602.13653v1,arXiv,Q-A3
REC-02851,ARX:FORMAL-ARXIV-V12-Q-A1:2602.13516v1,ARX:FORMAL-ARXIV-V12-Q-A3:2602.13516v1,arXiv,Q-A3
REC-02851,ARX:FORMAL-ARXIV-V12-Q-A1:2602.13516v1,ARX:FORMAL-ARXIV-V12-Q-D2:2602.13516v1,arXiv,Q-D2
REC-02853,ARX:FORMAL-ARXIV-V12-Q-A1:2602.12276v1,ARX:FORMAL-ARXIV-V12-Q-A3:2602.12276v1,arXiv,Q-A3
REC-02854,ARX:FORMAL-ARXIV-V12-Q-A1:2602.11858v2,ARX:FORMAL-ARXIV-V12-Q-A3:2602.11858v2,arXiv,Q-A3
REC-02855,ARX:FORMAL-ARXIV-V12-Q-A1:2604.02345v1,ARX:FORMAL-ARXIV-V12-Q-A3:2604.02345v1,arXiv,Q-A3
REC-02855,ARX:FORMAL-ARXIV-V12-Q-A1:2604.02345v1,ARX:FORMAL-ARXIV-V12-Q-D1:2604.02345v1,arXiv,Q-D1
REC-02856,ARX:FORMAL-ARXIV-V12-Q-A1:2602.10814v1,ARX:FORMAL-ARXIV-V12-Q-A3:2602.10814v1,arXiv,Q-A3
REC-02857,ARX:FORMAL-ARXIV-V12-Q-A1:2602.09856v1,ARX:FORMAL-ARXIV-V12-Q-D2:2602.09856v1,arXiv,Q-D2
REC-02858,ARX:FORMAL-ARXIV-V12-Q-A1:2602.09662v1,ARX:FORMAL-ARXIV-V12-Q-D1:2602.09662v1,arXiv,Q-D1
REC-02860,ARX:FORMAL-ARXIV-V12-Q-A1:2602.09082v2,ARX:FORMAL-ARXIV-V12-Q-A3:2602.09082v2,arXiv,Q-A3
REC-02860,ARX:FORMAL-ARXIV-V12-Q-A1:2602.09082v2,ARX:FORMAL-ARXIV-V12-Q-D3:2602.09082v2,arXiv,Q-D3
REC-02862,ARX:FORMAL-ARXIV-V12-Q-A1:2602.07153v2,ARX:FORMAL-ARXIV-V12-Q-A3:2602.07153v2,arXiv,Q-A3
REC-02862,ARX:FORMAL-ARXIV-V12-Q-A1:2602.07153v2,ARX:FORMAL-ARXIV-V12-Q-D1:2602.07153v2,arXiv,Q-D1
REC-02863,ARX:FORMAL-ARXIV-V12-Q-A1:2603.03296v1,ARX:FORMAL-ARXIV-V12-Q-A3:2603.03296v1,arXiv,Q-A3
REC-02864,ARX:FORMAL-ARXIV-V12-Q-A1:2602.06391v1,ARX:FORMAL-ARXIV-V12-Q-D1:2602.06391v1,arXiv,Q-D1
REC-02865,ARX:FORMAL-ARXIV-V12-Q-A1:2602.06351v1,ARX:FORMAL-ARXIV-V12-Q-A3:2602.06351v1,arXiv,Q-A3
REC-02866,ARX:FORMAL-ARXIV-V12-Q-A1:2602.05832v1,ARX:FORMAL-ARXIV-V12-Q-A3:2602.05832v1,arXiv,Q-A3
REC-02867,ARX:FORMAL-ARXIV-V12-Q-A1:2602.05429v1,ARX:FORMAL-ARXIV-V12-Q-A2S:2602.05429v1,arXiv,Q-A2S
REC-02867,ARX:FORMAL-ARXIV-V12-Q-A1:2602.05429v1,ARX:FORMAL-ARXIV-V12-Q-A3:2602.05429v1,arXiv,Q-A3
REC-02868,ARX:FORMAL-ARXIV-V12-Q-A1:2602.05354v2,ARX:FORMAL-ARXIV-V12-Q-A3:2602.05354v2,arXiv,Q-A3
REC-02870,ARX:FORMAL-ARXIV-V12-Q-A1:2602.02468v1,ARX:FORMAL-ARXIV-V12-Q-A3:2602.02468v1,arXiv,Q-A3
REC-02871,ARX:FORMAL-ARXIV-V12-Q-A1:2602.01725v1,ARX:FORMAL-ARXIV-V12-Q-A3:2602.01725v1,arXiv,Q-A3
REC-02871,ARX:FORMAL-ARXIV-V12-Q-A1:2602.01725v1,ARX:FORMAL-ARXIV-V12-Q-D1:2602.01725v1,arXiv,Q-D1
REC-02871,ARX:FORMAL-ARXIV-V12-Q-A1:2602.01725v1,ARX:FORMAL-ARXIV-V12-Q-D2:2602.01725v1,arXiv,Q-D2
REC-02871,ARX:FORMAL-ARXIV-V12-Q-A1:2602.01725v1,ARX:FORMAL-ARXIV-V12-Q-S0:2602.01725v1,arXiv,Q-S0
REC-02872,ARX:FORMAL-ARXIV-V12-Q-A1:2602.01576v2,ARX:FORMAL-ARXIV-V12-Q-A3:2602.01576v2,arXiv,Q-A3
REC-02874,ARX:FORMAL-ARXIV-V12-Q-A1:2602.07008v4,ARX:FORMAL-ARXIV-V12-Q-A3:2602.07008v4,arXiv,Q-A3
REC-02875,ARX:FORMAL-ARXIV-V12-Q-A1:2601.22770v2,ARX:FORMAL-ARXIV-V12-Q-A2W:2601.22770v2,arXiv,Q-A2W
REC-02875,ARX:FORMAL-ARXIV-V12-Q-A1:2601.22770v2,ARX:FORMAL-ARXIV-V12-Q-D2:2601.22770v2,arXiv,Q-D2
REC-02876,ARX:FORMAL-ARXIV-V12-Q-A1:2602.02548v1,ARX:FORMAL-ARXIV-V12-Q-A3:2602.02548v1,arXiv,Q-A3
REC-02877,ARX:FORMAL-ARXIV-V12-Q-A1:2601.22528v1,ARX:FORMAL-ARXIV-V12-Q-A3:2601.22528v1,arXiv,Q-A3
REC-02878,ARX:FORMAL-ARXIV-V12-Q-A1:2601.21961v2,ARX:FORMAL-ARXIV-V12-Q-A3:2601.21961v2,arXiv,Q-A3
REC-02879,ARX:FORMAL-ARXIV-V12-Q-A1:2601.21872v2,ARX:FORMAL-ARXIV-V12-Q-A3:2601.21872v2,arXiv,Q-A3
REC-02880,ARX:FORMAL-ARXIV-V12-Q-A1:2601.21352v1,ARX:FORMAL-ARXIV-V12-Q-A3:2601.21352v1,arXiv,Q-A3
REC-02881,ARX:FORMAL-ARXIV-V12-Q-A1:2601.20732v4,ARX:FORMAL-ARXIV-V12-Q-D2:2601.20732v4,arXiv,Q-D2
REC-02882,ARX:FORMAL-ARXIV-V12-Q-A1:2601.20335v2,ARX:FORMAL-ARXIV-V12-Q-A3:2601.20335v2,arXiv,Q-A3
REC-02883,ARX:FORMAL-ARXIV-V12-Q-A1:2601.19199v2,ARX:FORMAL-ARXIV-V12-Q-A3:2601.19199v2,arXiv,Q-A3
REC-02884,ARX:FORMAL-ARXIV-V12-Q-A1:2601.18305v1,ARX:FORMAL-ARXIV-V12-Q-A3:2601.18305v1,arXiv,Q-A3
REC-02886,ARX:FORMAL-ARXIV-V12-Q-A1:2601.18113v3,ARX:FORMAL-ARXIV-V12-Q-A3:2601.18113v3,arXiv,Q-A3
REC-02886,ARX:FORMAL-ARXIV-V12-Q-A1:2601.18113v3,ARX:FORMAL-ARXIV-V12-Q-D2:2601.18113v3,arXiv,Q-D2
REC-02886,ARX:FORMAL-ARXIV-V12-Q-A1:2601.18113v3,ARX:FORMAL-ARXIV-V12-Q-D3:2601.18113v3,arXiv,Q-D3
REC-02887,ARX:FORMAL-ARXIV-V12-Q-A1:2601.17418v1,ARX:FORMAL-ARXIV-V12-Q-A2W:2601.17418v1,arXiv,Q-A2W
REC-02887,ARX:FORMAL-ARXIV-V12-Q-A1:2601.17418v1,ARX:FORMAL-ARXIV-V12-Q-A3:2601.17418v1,arXiv,Q-A3
REC-02889,ARX:FORMAL-ARXIV-V12-Q-A1:2601.13060v1,ARX:FORMAL-ARXIV-V12-Q-A3:2601.13060v1,arXiv,Q-A3
REC-02891,ARX:FORMAL-ARXIV-V12-Q-A1:2601.09636v2,ARX:FORMAL-ARXIV-V12-Q-A3:2601.09636v2,arXiv,Q-A3
REC-02892,ARX:FORMAL-ARXIV-V12-Q-A1:2601.09770v1,ARX:FORMAL-ARXIV-V12-Q-A3:2601.09770v1,arXiv,Q-A3
REC-02893,ARX:FORMAL-ARXIV-V12-Q-A1:2601.11631v1,ARX:FORMAL-ARXIV-V12-Q-A3:2601.11631v1,arXiv,Q-A3
REC-02894,ARX:FORMAL-ARXIV-V12-Q-A1:2601.08605v2,ARX:FORMAL-ARXIV-V12-Q-A3:2601.08605v2,arXiv,Q-A3
REC-02895,ARX:FORMAL-ARXIV-V12-Q-A1:2601.08406v1,ARX:FORMAL-ARXIV-V12-Q-A2W:2601.08406v1,arXiv,Q-A2W
REC-02895,ARX:FORMAL-ARXIV-V12-Q-A1:2601.08406v1,ARX:FORMAL-ARXIV-V12-Q-D1:2601.08406v1,arXiv,Q-D1
REC-02895,ARX:FORMAL-ARXIV-V12-Q-A1:2601.08406v1,ARX:FORMAL-ARXIV-V12-Q-S0:2601.08406v1,arXiv,Q-S0
REC-02896,ARX:FORMAL-ARXIV-V12-Q-A1:2601.07779v1,ARX:FORMAL-ARXIV-V12-Q-A3:2601.07779v1,arXiv,Q-A3
REC-02896,ARX:FORMAL-ARXIV-V12-Q-A1:2601.07779v1,ARX:FORMAL-ARXIV-V12-Q-D2:2601.07779v1,arXiv,Q-D2
REC-02897,ARX:FORMAL-ARXIV-V12-Q-A1:2601.07263v1,ARX:FORMAL-ARXIV-V12-Q-B1:2601.07263v1,arXiv,Q-B1
REC-02897,ARX:FORMAL-ARXIV-V12-Q-A1:2601.07263v1,ARX:FORMAL-ARXIV-V12-Q-D2:2601.07263v1,arXiv,Q-D2
REC-02897,ARX:FORMAL-ARXIV-V12-Q-A1:2601.07263v1,ARX:FORMAL-ARXIV-V12-Q-S0:2601.07263v1,arXiv,Q-S0
REC-02898,ARX:FORMAL-ARXIV-V12-Q-A1:2601.07262v3,ARX:FORMAL-ARXIV-V12-Q-A2W:2601.07262v3,arXiv,Q-A2W
REC-02898,ARX:FORMAL-ARXIV-V12-Q-A1:2601.07262v3,ARX:FORMAL-ARXIV-V12-Q-A3:2601.07262v3,arXiv,Q-A3
REC-02898,ARX:FORMAL-ARXIV-V12-Q-A1:2601.07262v3,ARX:FORMAL-ARXIV-V12-Q-D1:2601.07262v3,arXiv,Q-D1
REC-02899,ARX:FORMAL-ARXIV-V12-Q-A1:2601.06899v2,ARX:FORMAL-ARXIV-V12-Q-A3:2601.06899v2,arXiv,Q-A3
REC-02899,ARX:FORMAL-ARXIV-V12-Q-A1:2601.06899v2,ARX:FORMAL-ARXIV-V12-Q-D2:2601.06899v2,arXiv,Q-D2
REC-02900,ARX:FORMAL-ARXIV-V12-Q-A1:2601.06328v2,ARX:FORMAL-ARXIV-V12-Q-A3:2601.06328v2,arXiv,Q-A3
REC-02900,ARX:FORMAL-ARXIV-V12-Q-A1:2601.06328v2,ARX:FORMAL-ARXIV-V12-Q-D1:2601.06328v2,arXiv,Q-D1
REC-02901,ARX:FORMAL-ARXIV-V12-Q-A1:2601.05787v2,ARX:FORMAL-ARXIV-V12-Q-A3:2601.05787v2,arXiv,Q-A3
REC-02901,ARX:FORMAL-ARXIV-V12-Q-A1:2601.05787v2,ARX:FORMAL-ARXIV-V12-Q-D1:2601.05787v2,arXiv,Q-D1
REC-02902,ARX:FORMAL-ARXIV-V12-Q-A1:2601.19923v2,ARX:FORMAL-ARXIV-V12-Q-A3:2601.19923v2,arXiv,Q-A3
REC-02903,ARX:FORMAL-ARXIV-V12-Q-A1:2601.04500v1,ARX:FORMAL-ARXIV-V12-Q-A3:2601.04500v1,arXiv,Q-A3
REC-02904,ARX:FORMAL-ARXIV-V12-Q-A1:2601.04126v3,ARX:FORMAL-ARXIV-V12-Q-D1:2601.04126v3,arXiv,Q-D1
REC-02905,ARX:FORMAL-ARXIV-V12-Q-A1:2601.04035v1,ARX:FORMAL-ARXIV-V12-Q-A3:2601.04035v1,arXiv,Q-A3
REC-02905,ARX:FORMAL-ARXIV-V12-Q-A1:2601.04035v1,ARX:FORMAL-ARXIV-V12-Q-D1:2601.04035v1,arXiv,Q-D1
REC-02907,ARX:FORMAL-ARXIV-V12-Q-A1:2512.24965v1,ARX:FORMAL-ARXIV-V12-Q-A3:2512.24965v1,arXiv,Q-A3
REC-02908,ARX:FORMAL-ARXIV-V12-Q-A1:2512.23128v3,ARX:FORMAL-ARXIV-V12-Q-A3:2512.23128v3,arXiv,Q-A3
REC-02908,ARX:FORMAL-ARXIV-V12-Q-A1:2512.23128v3,ARX:FORMAL-ARXIV-V12-Q-B1:2512.23128v3,arXiv,Q-B1
REC-02909,ARX:FORMAL-ARXIV-V12-Q-A1:2512.22894v2,ARX:FORMAL-ARXIV-V12-Q-A3:2512.22894v2,arXiv,Q-A3
REC-02909,ARX:FORMAL-ARXIV-V12-Q-A1:2512.22894v2,ARX:FORMAL-ARXIV-V12-Q-D2:2512.22894v2,arXiv,Q-D2
REC-02910,ARX:FORMAL-ARXIV-V12-Q-A1:2512.22009v1,ARX:FORMAL-ARXIV-V12-Q-A3:2512.22009v1,arXiv,Q-A3
REC-02911,ARX:FORMAL-ARXIV-V12-Q-A1:2512.21481v1,ARX:FORMAL-ARXIV-V12-Q-D2:2512.21481v1,arXiv,Q-D2
REC-02912,ARX:FORMAL-ARXIV-V12-Q-A1:2512.21302v1,ARX:FORMAL-ARXIV-V12-Q-A3:2512.21302v1,arXiv,Q-A3
REC-02913,ARX:FORMAL-ARXIV-V12-Q-A1:2512.19396v3,ARX:FORMAL-ARXIV-V12-Q-A3:2512.19396v3,arXiv,Q-A3
REC-02914,ARX:FORMAL-ARXIV-V12-Q-A1:2512.17221v3,ARX:FORMAL-ARXIV-V12-Q-A3:2512.17221v3,arXiv,Q-A3
REC-02915,ARX:FORMAL-ARXIV-V12-Q-A1:2512.16501v1,ARX:FORMAL-ARXIV-V12-Q-A3:2512.16501v1,arXiv,Q-A3
REC-02916,ARX:FORMAL-ARXIV-V12-Q-A1:2512.16295v1,ARX:FORMAL-ARXIV-V12-Q-A3:2512.16295v1,arXiv,Q-A3
REC-02916,ARX:FORMAL-ARXIV-V12-Q-A1:2512.16295v1,ARX:FORMAL-ARXIV-V12-Q-D3:2512.16295v1,arXiv,Q-D3
REC-02917,ARX:FORMAL-ARXIV-V12-Q-A1:2512.15431v2,ARX:FORMAL-ARXIV-V12-Q-A3:2512.15431v2,arXiv,Q-A3
REC-02917,ARX:FORMAL-ARXIV-V12-Q-A1:2512.15431v2,ARX:FORMAL-ARXIV-V12-Q-B4:2512.15431v2,arXiv,Q-B4
REC-02918,ARX:FORMAL-ARXIV-V12-Q-A1:2512.14014v1,ARX:FORMAL-ARXIV-V12-Q-A3:2512.14014v1,arXiv,Q-A3
REC-02919,ARX:FORMAL-ARXIV-V12-Q-A1:2512.11506v2,ARX:FORMAL-ARXIV-V12-Q-D1:2512.11506v2,arXiv,Q-D1
REC-02919,ARX:FORMAL-ARXIV-V12-Q-A1:2512.11506v2,ARX:FORMAL-ARXIV-V12-Q-D2:2512.11506v2,arXiv,Q-D2
REC-02920,ARX:FORMAL-ARXIV-V12-Q-A1:2512.10371v2,ARX:FORMAL-ARXIV-V12-Q-A3:2512.10371v2,arXiv,Q-A3
REC-02921,ARX:FORMAL-ARXIV-V12-Q-A1:2512.09458v1,ARX:FORMAL-ARXIV-V12-Q-A3:2512.09458v1,arXiv,Q-A3
REC-02921,ARX:FORMAL-ARXIV-V12-Q-A1:2512.09458v1,ARX:FORMAL-ARXIV-V12-Q-C1:2512.09458v1,arXiv,Q-C1
REC-02921,ARX:FORMAL-ARXIV-V12-Q-A1:2512.09458v1,ARX:FORMAL-ARXIV-V12-Q-C3:2512.09458v1,arXiv,Q-C3
REC-02921,ARX:FORMAL-ARXIV-V12-Q-A1:2512.09458v1,ARX:FORMAL-ARXIV-V12-Q-D1:2512.09458v1,arXiv,Q-D1
REC-02921,ARX:FORMAL-ARXIV-V12-Q-A1:2512.09458v1,ARX:FORMAL-ARXIV-V12-Q-D2:2512.09458v1,arXiv,Q-D2
REC-02922,ARX:FORMAL-ARXIV-V12-Q-A1:2512.08529v1,ARX:FORMAL-ARXIV-V12-Q-A3:2512.08529v1,arXiv,Q-A3
REC-02923,ARX:FORMAL-ARXIV-V12-Q-A1:2512.08417v3,ARX:FORMAL-ARXIV-V12-Q-A3:2512.08417v3,arXiv,Q-A3
REC-02923,ARX:FORMAL-ARXIV-V12-Q-A1:2512.08417v3,ARX:FORMAL-ARXIV-V12-Q-B1:2512.08417v3,arXiv,Q-B1
REC-02923,ARX:FORMAL-ARXIV-V12-Q-A1:2512.08417v3,ARX:FORMAL-ARXIV-V12-Q-D1:2512.08417v3,arXiv,Q-D1
REC-02923,ARX:FORMAL-ARXIV-V12-Q-A1:2512.08417v3,ARX:FORMAL-ARXIV-V12-Q-D2:2512.08417v3,arXiv,Q-D2
REC-02923,ARX:FORMAL-ARXIV-V12-Q-A1:2512.08417v3,ARX:FORMAL-ARXIV-V12-Q-S1:2512.08417v3,arXiv,Q-S1
REC-02924,ARX:FORMAL-ARXIV-V12-Q-A1:2601.02371v2,ARX:FORMAL-ARXIV-V12-Q-C3:2601.02371v2,arXiv,Q-C3
REC-02924,ARX:FORMAL-ARXIV-V12-Q-A1:2601.02371v2,ARX:FORMAL-ARXIV-V12-Q-S0:2601.02371v2,arXiv,Q-S0
REC-02926,ARX:FORMAL-ARXIV-V12-Q-A1:2601.04203v3,ARX:FORMAL-ARXIV-V12-Q-A3:2601.04203v3,arXiv,Q-A3
REC-02927,ARX:FORMAL-ARXIV-V12-Q-A1:2512.05941v1,ARX:FORMAL-ARXIV-V12-Q-A3:2512.05941v1,arXiv,Q-A3
REC-02928,ARX:FORMAL-ARXIV-V12-Q-A1:2512.02423v1,ARX:FORMAL-ARXIV-V12-Q-A3:2512.02423v1,arXiv,Q-A3
REC-02929,ARX:FORMAL-ARXIV-V12-Q-A1:2512.01763v2,ARX:FORMAL-ARXIV-V12-Q-A3:2512.01763v2,arXiv,Q-A3
REC-02929,ARX:FORMAL-ARXIV-V12-Q-A1:2512.01763v2,ARX:FORMAL-ARXIV-V12-Q-B3:2512.01763v2,arXiv,Q-B3
REC-02930,ARX:FORMAL-ARXIV-V12-Q-A1:2512.00846v2,ARX:FORMAL-ARXIV-V12-Q-A3:2512.00846v2,arXiv,Q-A3
REC-02931,ARX:FORMAL-ARXIV-V12-Q-A1:2511.23281v1,ARX:FORMAL-ARXIV-V12-Q-B4:2511.23281v1,arXiv,Q-B4
REC-02932,ARX:FORMAL-ARXIV-V12-Q-A1:2512.04105v1,ARX:FORMAL-ARXIV-V12-Q-A3:2512.04105v1,arXiv,Q-A3
REC-02934,ARX:FORMAL-ARXIV-V12-Q-A1:2511.22235v2,ARX:FORMAL-ARXIV-V12-Q-A3:2511.22235v2,arXiv,Q-A3
REC-02935,ARX:FORMAL-ARXIV-V12-Q-A1:2511.21398v1,ARX:FORMAL-ARXIV-V12-Q-D2:2511.21398v1,arXiv,Q-D2
REC-02936,ARX:FORMAL-ARXIV-V12-Q-A1:2512.10962v3,ARX:FORMAL-ARXIV-V12-Q-A3:2512.10962v3,arXiv,Q-A3
REC-02937,ARX:FORMAL-ARXIV-V12-Q-A1:2511.16590v1,ARX:FORMAL-ARXIV-V12-Q-A3:2511.16590v1,arXiv,Q-A3
REC-02937,ARX:FORMAL-ARXIV-V12-Q-A1:2511.16590v1,ARX:FORMAL-ARXIV-V12-Q-C3:2511.16590v1,arXiv,Q-C3
REC-02938,ARX:FORMAL-ARXIV-V12-Q-A1:2511.12997v2,ARX:FORMAL-ARXIV-V12-Q-A2W:2511.12997v2,arXiv,Q-A2W
REC-02938,ARX:FORMAL-ARXIV-V12-Q-A1:2511.12997v2,ARX:FORMAL-ARXIV-V12-Q-A3:2511.12997v2,arXiv,Q-A3
REC-02939,ARX:FORMAL-ARXIV-V12-Q-A1:2511.10705v1,ARX:FORMAL-ARXIV-V12-Q-A3:2511.10705v1,arXiv,Q-A3
REC-02940,ARX:FORMAL-ARXIV-V12-Q-A1:2511.09309v1,ARX:FORMAL-ARXIV-V12-Q-A3:2511.09309v1,arXiv,Q-A3
REC-02940,ARX:FORMAL-ARXIV-V12-Q-A1:2511.09309v1,ARX:FORMAL-ARXIV-V12-Q-C3:2511.09309v1,arXiv,Q-C3
REC-02941,ARX:FORMAL-ARXIV-V12-Q-A1:2511.09157v1,ARX:FORMAL-ARXIV-V12-Q-A3:2511.09157v1,arXiv,Q-A3
REC-02942,ARX:FORMAL-ARXIV-V12-Q-A1:2511.09127v1,ARX:FORMAL-ARXIV-V12-Q-A3:2511.09127v1,arXiv,Q-A3
REC-02943,ARX:FORMAL-ARXIV-V12-Q-A1:2511.07332v2,ARX:FORMAL-ARXIV-V12-Q-A3:2511.07332v2,arXiv,Q-A3
REC-02943,ARX:FORMAL-ARXIV-V12-Q-A1:2511.07332v2,ARX:FORMAL-ARXIV-V12-Q-D1:2511.07332v2,arXiv,Q-D1
REC-02944,ARX:FORMAL-ARXIV-V12-Q-A1:2511.06101v3,ARX:FORMAL-ARXIV-V12-Q-D2:2511.06101v3,arXiv,Q-D2
REC-02944,ARX:FORMAL-ARXIV-V12-Q-A1:2511.06101v3,ARX:FORMAL-ARXIV-V12-Q-D3:2511.06101v3,arXiv,Q-D3
REC-02945,ARX:FORMAL-ARXIV-V12-Q-A1:2601.06031v1,ARX:FORMAL-ARXIV-V12-Q-A3:2601.06031v1,arXiv,Q-A3
REC-02945,ARX:FORMAL-ARXIV-V12-Q-A1:2601.06031v1,ARX:FORMAL-ARXIV-V12-Q-D3:2601.06031v1,arXiv,Q-D3
REC-02946,ARX:FORMAL-ARXIV-V12-Q-A1:2511.04481v1,ARX:FORMAL-ARXIV-V12-Q-A3:2511.04481v1,arXiv,Q-A3
REC-02947,ARX:FORMAL-ARXIV-V12-Q-A1:2511.03628v1,ARX:FORMAL-ARXIV-V12-Q-A3:2511.03628v1,arXiv,Q-A3
REC-02947,ARX:FORMAL-ARXIV-V12-Q-A1:2511.03628v1,ARX:FORMAL-ARXIV-V12-Q-B3:2511.03628v1,arXiv,Q-B3
REC-02948,ARX:FORMAL-ARXIV-V12-Q-A1:2511.04707v1,ARX:FORMAL-ARXIV-V12-Q-A3:2511.04707v1,arXiv,Q-A3
REC-02948,ARX:FORMAL-ARXIV-V12-Q-A1:2511.04707v1,ARX:FORMAL-ARXIV-V12-Q-D1:2511.04707v1,arXiv,Q-D1
REC-02948,ARX:FORMAL-ARXIV-V12-Q-A1:2511.04707v1,ARX:FORMAL-ARXIV-V12-Q-D2:2511.04707v1,arXiv,Q-D2
REC-02949,ARX:FORMAL-ARXIV-V12-Q-A1:2511.00810v4,ARX:FORMAL-ARXIV-V12-Q-D1:2511.00810v4,arXiv,Q-D1
REC-02950,ARX:FORMAL-ARXIV-V12-Q-A1:2510.27266v2,ARX:FORMAL-ARXIV-V12-Q-A3:2510.27266v2,arXiv,Q-A3
REC-02951,ARX:FORMAL-ARXIV-V12-Q-A1:2510.27210v1,ARX:FORMAL-ARXIV-V12-Q-A3:2510.27210v1,arXiv,Q-A3
REC-02952,ARX:FORMAL-ARXIV-V12-Q-A1:2510.26098v2,ARX:FORMAL-ARXIV-V12-Q-A3:2510.26098v2,arXiv,Q-A3
REC-02953,ARX:FORMAL-ARXIV-V12-Q-A1:2510.24699v1,ARX:FORMAL-ARXIV-V12-Q-A3:2510.24699v1,arXiv,Q-A3
REC-02954,ARX:FORMAL-ARXIV-V12-Q-A1:2510.24563v2,ARX:FORMAL-ARXIV-V12-Q-A2S:2510.24563v2,arXiv,Q-A2S
REC-02954,ARX:FORMAL-ARXIV-V12-Q-A1:2510.24563v2,ARX:FORMAL-ARXIV-V12-Q-A3:2510.24563v2,arXiv,Q-A3
REC-02954,ARX:FORMAL-ARXIV-V12-Q-A1:2510.24563v2,ARX:FORMAL-ARXIV-V12-Q-D1:2510.24563v2,arXiv,Q-D1
REC-02955,ARX:FORMAL-ARXIV-V12-Q-A1:2510.24411v3,ARX:FORMAL-ARXIV-V12-Q-A3:2510.24411v3,arXiv,Q-A3
REC-02955,ARX:FORMAL-ARXIV-V12-Q-A1:2510.24411v3,ARX:FORMAL-ARXIV-V12-Q-D1:2510.24411v3,arXiv,Q-D1
REC-02955,ARX:FORMAL-ARXIV-V12-Q-A1:2510.24411v3,ARX:FORMAL-ARXIV-V12-Q-D2:2510.24411v3,arXiv,Q-D2
REC-02955,ARX:FORMAL-ARXIV-V12-Q-A1:2510.24411v3,ARX:FORMAL-ARXIV-V12-Q-S0:2510.24411v3,arXiv,Q-S0
REC-02957,ARX:FORMAL-ARXIV-V12-Q-A1:2510.23458v2,ARX:FORMAL-ARXIV-V12-Q-A3:2510.23458v2,arXiv,Q-A3
REC-02958,ARX:FORMAL-ARXIV-V12-Q-A1:2510.22009v2,ARX:FORMAL-ARXIV-V12-Q-A3:2510.22009v2,arXiv,Q-A3
REC-02959,ARX:FORMAL-ARXIV-V12-Q-A1:2510.20286v1,ARX:FORMAL-ARXIV-V12-Q-A3:2510.20286v1,arXiv,Q-A3
REC-02959,ARX:FORMAL-ARXIV-V12-Q-A1:2510.20286v1,ARX:FORMAL-ARXIV-V12-Q-D2:2510.20286v1,arXiv,Q-D2
REC-02959,ARX:FORMAL-ARXIV-V12-Q-A1:2510.20286v1,ARX:FORMAL-ARXIV-V12-Q-D3:2510.20286v1,arXiv,Q-D3
REC-02960,ARX:FORMAL-ARXIV-V12-Q-A1:2510.19949v2,ARX:FORMAL-ARXIV-V12-Q-A3:2510.19949v2,arXiv,Q-A3
REC-02960,ARX:FORMAL-ARXIV-V12-Q-A1:2510.19949v2,ARX:FORMAL-ARXIV-V12-Q-D3:2510.19949v2,arXiv,Q-D3
REC-02961,ARX:FORMAL-ARXIV-V12-Q-A1:2510.19488v1,ARX:FORMAL-ARXIV-V12-Q-D1:2510.19488v1,arXiv,Q-D1
REC-02961,ARX:FORMAL-ARXIV-V12-Q-A1:2510.19488v1,ARX:FORMAL-ARXIV-V12-Q-D2:2510.19488v1,arXiv,Q-D2
REC-02961,ARX:FORMAL-ARXIV-V12-Q-A1:2510.19488v1,ARX:FORMAL-ARXIV-V12-Q-D3:2510.19488v1,arXiv,Q-D3
REC-02962,ARX:FORMAL-ARXIV-V12-Q-A1:2510.19205v1,ARX:FORMAL-ARXIV-V12-Q-A3:2510.19205v1,arXiv,Q-A3
REC-02963,ARX:FORMAL-ARXIV-V12-Q-A1:2510.18314v2,ARX:FORMAL-ARXIV-V12-Q-D1:2510.18314v2,arXiv,Q-D1
REC-02963,ARX:FORMAL-ARXIV-V12-Q-A1:2510.18314v2,ARX:FORMAL-ARXIV-V12-Q-S0:2510.18314v2,arXiv,Q-S0
REC-02964,ARX:FORMAL-ARXIV-V12-Q-A1:2510.18113v1,ARX:FORMAL-ARXIV-V12-Q-D2:2510.18113v1,arXiv,Q-D2
REC-02964,ARX:FORMAL-ARXIV-V12-Q-A1:2510.18113v1,ARX:FORMAL-ARXIV-V12-Q-D3:2510.18113v1,arXiv,Q-D3
REC-02965,ARX:FORMAL-ARXIV-V12-Q-A1:2510.16720v2,ARX:FORMAL-ARXIV-V12-Q-A3:2510.16720v2,arXiv,Q-A3
REC-02966,ARX:FORMAL-ARXIV-V12-Q-A1:2510.19838v2,ARX:FORMAL-ARXIV-V12-Q-A2W:2510.19838v2,arXiv,Q-A2W
REC-02966,ARX:FORMAL-ARXIV-V12-Q-A1:2510.19838v2,ARX:FORMAL-ARXIV-V12-Q-A3:2510.19838v2,arXiv,Q-A3
REC-02968,ARX:FORMAL-ARXIV-V12-Q-A1:2510.14545v1,ARX:FORMAL-ARXIV-V12-Q-A3:2510.14545v1,arXiv,Q-A3
REC-02969,ARX:FORMAL-ARXIV-V12-Q-A1:2510.14308v2,ARX:FORMAL-ARXIV-V12-Q-A3:2510.14308v2,arXiv,Q-A3
REC-02969,ARX:FORMAL-ARXIV-V12-Q-A1:2510.14308v2,ARX:FORMAL-ARXIV-V12-Q-D2:2510.14308v2,arXiv,Q-D2
REC-02970,ARX:FORMAL-ARXIV-V12-Q-A1:2510.13913v1,ARX:FORMAL-ARXIV-V12-Q-A3:2510.13913v1,arXiv,Q-A3
REC-02971,ARX:FORMAL-ARXIV-V12-Q-A1:2510.12200v1,ARX:FORMAL-ARXIV-V12-Q-A2S:2510.12200v1,arXiv,Q-A2S
REC-02971,ARX:FORMAL-ARXIV-V12-Q-A1:2510.12200v1,ARX:FORMAL-ARXIV-V12-Q-A3:2510.12200v1,arXiv,Q-A3
REC-02971,ARX:FORMAL-ARXIV-V12-Q-A1:2510.12200v1,ARX:FORMAL-ARXIV-V12-Q-D2:2510.12200v1,arXiv,Q-D2
REC-02971,ARX:FORMAL-ARXIV-V12-Q-A1:2510.12200v1,ARX:FORMAL-ARXIV-V12-Q-S0:2510.12200v1,arXiv,Q-S0
REC-02972,ARX:FORMAL-ARXIV-V12-Q-A1:2510.11892v2,ARX:FORMAL-ARXIV-V12-Q-A3:2510.11892v2,arXiv,Q-A3
REC-02973,ARX:FORMAL-ARXIV-V12-Q-A1:2510.11221v1,ARX:FORMAL-ARXIV-V12-Q-A3:2510.11221v1,arXiv,Q-A3
REC-02974,ARX:FORMAL-ARXIV-V12-Q-A1:2510.11035v2,ARX:FORMAL-ARXIV-V12-Q-A2S:2510.11035v2,arXiv,Q-A2S
REC-02974,ARX:FORMAL-ARXIV-V12-Q-A1:2510.11035v2,ARX:FORMAL-ARXIV-V12-Q-A3:2510.11035v2,arXiv,Q-A3
REC-02976,ARX:FORMAL-ARXIV-V12-Q-A1:2510.10073v2,ARX:FORMAL-ARXIV-V12-Q-A3:2510.10073v2,arXiv,Q-A3
REC-02976,ARX:FORMAL-ARXIV-V12-Q-A1:2510.10073v2,ARX:FORMAL-ARXIV-V12-Q-D1:2510.10073v2,arXiv,Q-D1
REC-02976,ARX:FORMAL-ARXIV-V12-Q-A1:2510.10073v2,ARX:FORMAL-ARXIV-V12-Q-S0:2510.10073v2,arXiv,Q-S0
REC-02978,ARX:FORMAL-ARXIV-V12-Q-A1:2510.09872v2,ARX:FORMAL-ARXIV-V12-Q-A3:2510.09872v2,arXiv,Q-A3
REC-02978,ARX:FORMAL-ARXIV-V12-Q-A1:2510.09872v2,ARX:FORMAL-ARXIV-V12-Q-D1:2510.09872v2,arXiv,Q-D1
REC-02978,ARX:FORMAL-ARXIV-V12-Q-A1:2510.09872v2,ARX:FORMAL-ARXIV-V12-Q-D2:2510.09872v2,arXiv,Q-D2
REC-02978,ARX:FORMAL-ARXIV-V12-Q-A1:2510.09872v2,ARX:FORMAL-ARXIV-V12-Q-D3:2510.09872v2,arXiv,Q-D3
REC-02979,ARX:FORMAL-ARXIV-V12-Q-A1:2510.07988v1,ARX:FORMAL-ARXIV-V12-Q-A3:2510.07988v1,arXiv,Q-A3
REC-02979,ARX:FORMAL-ARXIV-V12-Q-A1:2510.07988v1,ARX:FORMAL-ARXIV-V12-Q-C1:2510.07988v1,arXiv,Q-C1
REC-02983,ARX:FORMAL-ARXIV-V12-Q-A1:2510.04373v2,ARX:FORMAL-ARXIV-V12-Q-A3:2510.04373v2,arXiv,Q-A3
REC-02983,ARX:FORMAL-ARXIV-V12-Q-A1:2510.04373v2,ARX:FORMAL-ARXIV-V12-Q-D1:2510.04373v2,arXiv,Q-D1
REC-02984,ARX:FORMAL-ARXIV-V12-Q-A1:2510.03612v1,ARX:FORMAL-ARXIV-V12-Q-A3:2510.03612v1,arXiv,Q-A3
REC-02984,ARX:FORMAL-ARXIV-V12-Q-A1:2510.03612v1,ARX:FORMAL-ARXIV-V12-Q-B2:2510.03612v1,arXiv,Q-B2
REC-02984,ARX:FORMAL-ARXIV-V12-Q-A1:2510.03612v1,ARX:FORMAL-ARXIV-V12-Q-D2:2510.03612v1,arXiv,Q-D2
REC-02985,ARX:FORMAL-ARXIV-V12-Q-A1:2510.03485v2,ARX:FORMAL-ARXIV-V12-Q-A3:2510.03485v2,arXiv,Q-A3
REC-02985,ARX:FORMAL-ARXIV-V12-Q-A1:2510.03485v2,ARX:FORMAL-ARXIV-V12-Q-D2:2510.03485v2,arXiv,Q-D2
REC-02986,ARX:FORMAL-ARXIV-V12-Q-A1:2510.03204v1,ARX:FORMAL-ARXIV-V12-Q-A3:2510.03204v1,arXiv,Q-A3
REC-02986,ARX:FORMAL-ARXIV-V12-Q-A1:2510.03204v1,ARX:FORMAL-ARXIV-V12-Q-B1:2510.03204v1,arXiv,Q-B1
REC-02986,ARX:FORMAL-ARXIV-V12-Q-A1:2510.03204v1,ARX:FORMAL-ARXIV-V12-Q-B2:2510.03204v1,arXiv,Q-B2
REC-02987,ARX:FORMAL-ARXIV-V12-Q-A1:2510.02608v2,ARX:FORMAL-ARXIV-V12-Q-A3:2510.02608v2,arXiv,Q-A3
REC-02987,ARX:FORMAL-ARXIV-V12-Q-A1:2510.02608v2,ARX:FORMAL-ARXIV-V12-Q-D2:2510.02608v2,arXiv,Q-D2
REC-02988,ARX:FORMAL-ARXIV-V12-Q-A1:2510.01670v1,ARX:FORMAL-ARXIV-V12-Q-A3:2510.01670v1,arXiv,Q-A3
REC-02988,ARX:FORMAL-ARXIV-V12-Q-A1:2510.01670v1,ARX:FORMAL-ARXIV-V12-Q-D2:2510.01670v1,arXiv,Q-D2
REC-02989,ARX:FORMAL-ARXIV-V12-Q-A1:2510.01524v1,ARX:FORMAL-ARXIV-V12-Q-A3:2510.01524v1,arXiv,Q-A3
REC-02990,ARX:FORMAL-ARXIV-V12-Q-A1:2510.05137v3,ARX:FORMAL-ARXIV-V12-Q-A3:2510.05137v3,arXiv,Q-A3
REC-02990,ARX:FORMAL-ARXIV-V12-Q-A1:2510.05137v3,ARX:FORMAL-ARXIV-V12-Q-D1:2510.05137v3,arXiv,Q-D1
REC-02990,ARX:FORMAL-ARXIV-V12-Q-A1:2510.05137v3,ARX:FORMAL-ARXIV-V12-Q-D2:2510.05137v3,arXiv,Q-D2
REC-02991,ARX:FORMAL-ARXIV-V12-Q-A1:2510.00536v1,ARX:FORMAL-ARXIV-V12-Q-A3:2510.00536v1,arXiv,Q-A3
REC-02991,ARX:FORMAL-ARXIV-V12-Q-A1:2510.00536v1,ARX:FORMAL-ARXIV-V12-Q-D2:2510.00536v1,arXiv,Q-D2
REC-02992,ARX:FORMAL-ARXIV-V12-Q-A1:2510.00507v3,ARX:FORMAL-ARXIV-V12-Q-A3:2510.00507v3,arXiv,Q-A3
REC-02993,ARX:FORMAL-ARXIV-V12-Q-A1:2510.00413v2,ARX:FORMAL-ARXIV-V12-Q-A3:2510.00413v2,arXiv,Q-A3
REC-02994,ARX:FORMAL-ARXIV-V12-Q-A1:2509.26539v1,ARX:FORMAL-ARXIV-V12-Q-A2S:2509.26539v1,arXiv,Q-A2S
REC-02994,ARX:FORMAL-ARXIV-V12-Q-A1:2509.26539v1,ARX:FORMAL-ARXIV-V12-Q-A3:2509.26539v1,arXiv,Q-A3
REC-02995,ARX:FORMAL-ARXIV-V12-Q-A1:2509.26506v1,ARX:FORMAL-ARXIV-V12-Q-A3:2509.26506v1,arXiv,Q-A3
REC-02995,ARX:FORMAL-ARXIV-V12-Q-A1:2509.26506v1,ARX:FORMAL-ARXIV-V12-Q-D2:2509.26506v1,arXiv,Q-D2
REC-02995,ARX:FORMAL-ARXIV-V12-Q-A1:2509.26506v1,ARX:FORMAL-ARXIV-V12-Q-D3:2509.26506v1,arXiv,Q-D3
REC-02996,ARX:FORMAL-ARXIV-V12-Q-A1:2510.00078v1,ARX:FORMAL-ARXIV-V12-Q-A3:2510.00078v1,arXiv,Q-A3
REC-02997,ARX:FORMAL-ARXIV-V12-Q-A1:2509.25301v1,ARX:FORMAL-ARXIV-V12-Q-A3:2509.25301v1,arXiv,Q-A3
REC-02998,ARX:FORMAL-ARXIV-V12-Q-A1:2509.25047v1,ARX:FORMAL-ARXIV-V12-Q-D1:2509.25047v1,arXiv,Q-D1
REC-03001,ARX:FORMAL-ARXIV-V12-Q-A1:2509.23866v1,ARX:FORMAL-ARXIV-V12-Q-A3:2509.23866v1,arXiv,Q-A3
REC-03001,ARX:FORMAL-ARXIV-V12-Q-A1:2509.23866v1,ARX:FORMAL-ARXIV-V12-Q-D3:2509.23866v1,arXiv,Q-D3
REC-03002,ARX:FORMAL-ARXIV-V12-Q-A1:2509.23738v1,ARX:FORMAL-ARXIV-V12-Q-A2S:2509.23738v1,arXiv,Q-A2S
REC-03002,ARX:FORMAL-ARXIV-V12-Q-A1:2509.23738v1,ARX:FORMAL-ARXIV-V12-Q-A3:2509.23738v1,arXiv,Q-A3
REC-03002,ARX:FORMAL-ARXIV-V12-Q-A1:2509.23738v1,ARX:FORMAL-ARXIV-V12-Q-D1:2509.23738v1,arXiv,Q-D1
REC-03003,ARX:FORMAL-ARXIV-V12-Q-A1:2509.22644v1,ARX:FORMAL-ARXIV-V12-Q-A3:2509.22644v1,arXiv,Q-A3
REC-03004,ARX:FORMAL-ARXIV-V12-Q-A1:2509.21982v2,ARX:FORMAL-ARXIV-V12-Q-A3:2509.21982v2,arXiv,Q-A3
REC-03004,ARX:FORMAL-ARXIV-V12-Q-A1:2509.21982v2,ARX:FORMAL-ARXIV-V12-Q-S0:2509.21982v2,arXiv,Q-S0
REC-03005,ARX:FORMAL-ARXIV-V12-Q-A1:2509.21823v2,ARX:FORMAL-ARXIV-V12-Q-D1:2509.21823v2,arXiv,Q-D1
REC-03006,ARX:FORMAL-ARXIV-V12-Q-A1:2509.21799v3,ARX:FORMAL-ARXIV-V12-Q-A3:2509.21799v3,arXiv,Q-A3
REC-03006,ARX:FORMAL-ARXIV-V12-Q-A1:2509.21799v3,ARX:FORMAL-ARXIV-V12-Q-D2:2509.21799v3,arXiv,Q-D2
REC-03006,ARX:FORMAL-ARXIV-V12-Q-A1:2509.21799v3,ARX:FORMAL-ARXIV-V12-Q-D3:2509.21799v3,arXiv,Q-D3
REC-03007,ARX:FORMAL-ARXIV-V12-Q-A1:2509.21782v2,ARX:FORMAL-ARXIV-V12-Q-A3:2509.21782v2,arXiv,Q-A3
REC-03007,ARX:FORMAL-ARXIV-V12-Q-A1:2509.21782v2,ARX:FORMAL-ARXIV-V12-Q-D2:2509.21782v2,arXiv,Q-D2
REC-03007,ARX:FORMAL-ARXIV-V12-Q-A1:2509.21782v2,ARX:FORMAL-ARXIV-V12-Q-D3:2509.21782v2,arXiv,Q-D3
REC-03008,ARX:FORMAL-ARXIV-V12-Q-A1:2511.13725v4,ARX:FORMAL-ARXIV-V12-Q-A3:2511.13725v4,arXiv,Q-A3
REC-03008,ARX:FORMAL-ARXIV-V12-Q-A1:2511.13725v4,ARX:FORMAL-ARXIV-V12-Q-D2:2511.13725v4,arXiv,Q-D2
REC-03010,ARX:FORMAL-ARXIV-V12-Q-A1:2509.17917v1,ARX:FORMAL-ARXIV-V12-Q-A3:2509.17917v1,arXiv,Q-A3
REC-03010,ARX:FORMAL-ARXIV-V12-Q-A1:2509.17917v1,ARX:FORMAL-ARXIV-V12-Q-D1:2509.17917v1,arXiv,Q-D1
REC-03011,ARX:FORMAL-ARXIV-V12-Q-A1:2509.17336v3,ARX:FORMAL-ARXIV-V12-Q-A3:2509.17336v3,arXiv,Q-A3
REC-03011,ARX:FORMAL-ARXIV-V12-Q-A1:2509.17336v3,ARX:FORMAL-ARXIV-V12-Q-D3:2509.17336v3,arXiv,Q-D3
REC-03012,ARX:FORMAL-ARXIV-V12-Q-A1:2509.17328v1,ARX:FORMAL-ARXIV-V12-Q-A2S:2509.17328v1,arXiv,Q-A2S
REC-03012,ARX:FORMAL-ARXIV-V12-Q-A1:2509.17328v1,ARX:FORMAL-ARXIV-V12-Q-A3:2509.17328v1,arXiv,Q-A3
REC-03013,ARX:FORMAL-ARXIV-V12-Q-A1:2509.15566v4,ARX:FORMAL-ARXIV-V12-Q-A3:2509.15566v4,arXiv,Q-A3
REC-03013,ARX:FORMAL-ARXIV-V12-Q-A1:2509.15566v4,ARX:FORMAL-ARXIV-V12-Q-D2:2509.15566v4,arXiv,Q-D2
REC-03014,ARX:FORMAL-ARXIV-V12-Q-A1:2509.15532v1,ARX:FORMAL-ARXIV-V12-Q-A3:2509.15532v1,arXiv,Q-A3
REC-03016,ARX:FORMAL-ARXIV-V12-Q-A1:2509.14382v1,ARX:FORMAL-ARXIV-V12-Q-A3:2509.14382v1,arXiv,Q-A3
REC-03016,ARX:FORMAL-ARXIV-V12-Q-A1:2509.14382v1,ARX:FORMAL-ARXIV-V12-Q-D2:2509.14382v1,arXiv,Q-D2
REC-03017,ARX:FORMAL-ARXIV-V12-Q-A1:2509.14172v2,ARX:FORMAL-ARXIV-V12-Q-A3:2509.14172v2,arXiv,Q-A3
REC-03017,ARX:FORMAL-ARXIV-V12-Q-A1:2509.14172v2,ARX:FORMAL-ARXIV-V12-Q-D2:2509.14172v2,arXiv,Q-D2
REC-03018,ARX:FORMAL-ARXIV-V12-Q-A1:2509.13704v1,ARX:FORMAL-ARXIV-V12-Q-A3:2509.13704v1,arXiv,Q-A3
REC-03018,ARX:FORMAL-ARXIV-V12-Q-A1:2509.13704v1,ARX:FORMAL-ARXIV-V12-Q-D2:2509.13704v1,arXiv,Q-D2
REC-03019,ARX:FORMAL-ARXIV-V12-Q-A1:2509.13313v3,ARX:FORMAL-ARXIV-V12-Q-A3:2509.13313v3,arXiv,Q-A3
REC-03021,ARX:FORMAL-ARXIV-V12-Q-A1:2509.11939v1,ARX:FORMAL-ARXIV-V12-Q-D3:2509.11939v1,arXiv,Q-D3
REC-03022,ARX:FORMAL-ARXIV-V12-Q-A1:2509.11548v2,ARX:FORMAL-ARXIV-V12-Q-A3:2509.11548v2,arXiv,Q-A3
REC-03023,ARX:FORMAL-ARXIV-V12-Q-A1:2509.11543v2,ARX:FORMAL-ARXIV-V12-Q-A3:2509.11543v2,arXiv,Q-A3
REC-03024,ARX:FORMAL-ARXIV-V12-Q-A1:2509.10723v1,ARX:FORMAL-ARXIV-V12-Q-A3:2509.10723v1,arXiv,Q-A3
REC-03024,ARX:FORMAL-ARXIV-V12-Q-A1:2509.10723v1,ARX:FORMAL-ARXIV-V12-Q-B2:2509.10723v1,arXiv,Q-B2
REC-03024,ARX:FORMAL-ARXIV-V12-Q-A1:2509.10723v1,ARX:FORMAL-ARXIV-V12-Q-C2:2509.10723v1,arXiv,Q-C2
REC-03024,ARX:FORMAL-ARXIV-V12-Q-A1:2509.10723v1,ARX:FORMAL-ARXIV-V12-Q-D3:2509.10723v1,arXiv,Q-D3
REC-03025,ARX:FORMAL-ARXIV-V12-Q-A1:2509.09321v1,ARX:FORMAL-ARXIV-V12-Q-A2W:2509.09321v1,arXiv,Q-A2W
REC-03025,ARX:FORMAL-ARXIV-V12-Q-A1:2509.09321v1,ARX:FORMAL-ARXIV-V12-Q-A3:2509.09321v1,arXiv,Q-A3
REC-03027,ARX:FORMAL-ARXIV-V12-Q-A1:2509.07764v1,ARX:FORMAL-ARXIV-V12-Q-A3:2509.07764v1,arXiv,Q-A3
REC-03027,ARX:FORMAL-ARXIV-V12-Q-A1:2509.07764v1,ARX:FORMAL-ARXIV-V12-Q-D1:2509.07764v1,arXiv,Q-D1
REC-03027,ARX:FORMAL-ARXIV-V12-Q-A1:2509.07764v1,ARX:FORMAL-ARXIV-V12-Q-D2:2509.07764v1,arXiv,Q-D2
REC-03027,ARX:FORMAL-ARXIV-V12-Q-A1:2509.07764v1,ARX:FORMAL-ARXIV-V12-Q-S0:2509.07764v1,arXiv,Q-S0
REC-03028,ARX:FORMAL-ARXIV-V12-Q-A1:2509.06501v3,ARX:FORMAL-ARXIV-V12-Q-A3:2509.06501v3,arXiv,Q-A3
REC-03029,ARX:FORMAL-ARXIV-V12-Q-A1:2509.06477v2,ARX:FORMAL-ARXIV-V12-Q-A3:2509.06477v2,arXiv,Q-A3
REC-03030,ARX:FORMAL-ARXIV-V12-Q-A1:2509.04198v1,ARX:FORMAL-ARXIV-V12-Q-A3:2509.04198v1,arXiv,Q-A3
REC-03031,ARX:FORMAL-ARXIV-V12-Q-A1:2509.01619v1,ARX:FORMAL-ARXIV-V12-Q-A3:2509.01619v1,arXiv,Q-A3
REC-03031,ARX:FORMAL-ARXIV-V12-Q-A1:2509.01619v1,ARX:FORMAL-ARXIV-V12-Q-B4:2509.01619v1,arXiv,Q-B4
REC-03031,ARX:FORMAL-ARXIV-V12-Q-A1:2509.01619v1,ARX:FORMAL-ARXIV-V12-Q-D2:2509.01619v1,arXiv,Q-D2
REC-03032,ARX:FORMAL-ARXIV-V12-Q-A1:2509.01052v2,ARX:FORMAL-ARXIV-V12-Q-A3:2509.01052v2,arXiv,Q-A3
REC-03033,ARX:FORMAL-ARXIV-V12-Q-A1:2510.06223v2,ARX:FORMAL-ARXIV-V12-Q-A3:2510.06223v2,arXiv,Q-A3
REC-03033,ARX:FORMAL-ARXIV-V12-Q-A1:2510.06223v2,ARX:FORMAL-ARXIV-V12-Q-B4:2510.06223v2,arXiv,Q-B4
REC-03034,ARX:FORMAL-ARXIV-V12-Q-A1:2509.00531v1,ARX:FORMAL-ARXIV-V12-Q-A3:2509.00531v1,arXiv,Q-A3
REC-03035,ARX:FORMAL-ARXIV-V12-Q-A1:2509.00366v1,ARX:FORMAL-ARXIV-V12-Q-A3:2509.00366v1,arXiv,Q-A3
REC-03037,ARX:FORMAL-ARXIV-V12-Q-A1:2508.20018v1,ARX:FORMAL-ARXIV-V12-Q-A3:2508.20018v1,arXiv,Q-A3
REC-03038,ARX:FORMAL-ARXIV-V12-Q-A1:2509.03536v1,ARX:FORMAL-ARXIV-V12-Q-A2S:2509.03536v1,arXiv,Q-A2S
REC-03038,ARX:FORMAL-ARXIV-V12-Q-A1:2509.03536v1,ARX:FORMAL-ARXIV-V12-Q-A3:2509.03536v1,arXiv,Q-A3
REC-03039,ARX:FORMAL-ARXIV-V12-Q-A1:2508.19493v2,ARX:FORMAL-ARXIV-V12-Q-A3:2508.19493v2,arXiv,Q-A3
REC-03040,ARX:FORMAL-ARXIV-V12-Q-A1:2508.19461v1,ARX:FORMAL-ARXIV-V12-Q-A3:2508.19461v1,arXiv,Q-A3
REC-03040,ARX:FORMAL-ARXIV-V12-Q-A1:2508.19461v1,ARX:FORMAL-ARXIV-V12-Q-B1:2508.19461v1,arXiv,Q-B1
REC-03040,ARX:FORMAL-ARXIV-V12-Q-A1:2508.19461v1,ARX:FORMAL-ARXIV-V12-Q-D1:2508.19461v1,arXiv,Q-D1
REC-03040,ARX:FORMAL-ARXIV-V12-Q-A1:2508.19461v1,ARX:FORMAL-ARXIV-V12-Q-D2:2508.19461v1,arXiv,Q-D2
REC-03040,ARX:FORMAL-ARXIV-V12-Q-A1:2508.19461v1,ARX:FORMAL-ARXIV-V12-Q-D3:2508.19461v1,arXiv,Q-D3
REC-03042,ARX:FORMAL-ARXIV-V12-Q-A1:2508.17398v1,ARX:FORMAL-ARXIV-V12-Q-A3:2508.17398v1,arXiv,Q-A3
REC-03043,ARX:FORMAL-ARXIV-V12-Q-A1:2508.16763v1,ARX:FORMAL-ARXIV-V12-Q-A3:2508.16763v1,arXiv,Q-A3
REC-03044,ARX:FORMAL-ARXIV-V12-Q-A1:2508.14040v2,ARX:FORMAL-ARXIV-V12-Q-A3:2508.14040v2,arXiv,Q-A3
REC-03044,ARX:FORMAL-ARXIV-V12-Q-A1:2508.14040v2,ARX:FORMAL-ARXIV-V12-Q-D2:2508.14040v2,arXiv,Q-D2
REC-03045,ARX:FORMAL-ARXIV-V12-Q-A1:2508.13634v3,ARX:FORMAL-ARXIV-V12-Q-A3:2508.13634v3,arXiv,Q-A3
REC-03045,ARX:FORMAL-ARXIV-V12-Q-A1:2508.13634v3,ARX:FORMAL-ARXIV-V12-Q-D2:2508.13634v3,arXiv,Q-D2
REC-03046,ARX:FORMAL-ARXIV-V12-Q-A1:2508.15832v2,ARX:FORMAL-ARXIV-V12-Q-A3:2508.15832v2,arXiv,Q-A3
REC-03047,ARX:FORMAL-ARXIV-V12-Q-A1:2508.13024v3,ARX:FORMAL-ARXIV-V12-Q-A3:2508.13024v3,arXiv,Q-A3
REC-03047,ARX:FORMAL-ARXIV-V12-Q-A1:2508.13024v3,ARX:FORMAL-ARXIV-V12-Q-D3:2508.13024v3,arXiv,Q-D3
REC-03048,ARX:FORMAL-ARXIV-V12-Q-A1:2508.09123v3,ARX:FORMAL-ARXIV-V12-Q-A3:2508.09123v3,arXiv,Q-A3
REC-03048,ARX:FORMAL-ARXIV-V12-Q-A1:2508.09123v3,ARX:FORMAL-ARXIV-V12-Q-D1:2508.09123v3,arXiv,Q-D1
REC-03049,ARX:FORMAL-ARXIV-V12-Q-A1:2508.05748v3,ARX:FORMAL-ARXIV-V12-Q-A3:2508.05748v3,arXiv,Q-A3
REC-03050,ARX:FORMAL-ARXIV-V12-Q-A1:2508.05615v2,ARX:FORMAL-ARXIV-V12-Q-A3:2508.05615v2,arXiv,Q-A3
REC-03051,ARX:FORMAL-ARXIV-V12-Q-A1:2508.13167v1,ARX:FORMAL-ARXIV-V12-Q-A3:2508.13167v1,arXiv,Q-A3
REC-03051,ARX:FORMAL-ARXIV-V12-Q-A1:2508.13167v1,ARX:FORMAL-ARXIV-V12-Q-D1:2508.13167v1,arXiv,Q-D1
REC-03052,ARX:FORMAL-ARXIV-V12-Q-A1:2508.04412v3,ARX:FORMAL-ARXIV-V12-Q-A3:2508.04412v3,arXiv,Q-A3
REC-03053,ARX:FORMAL-ARXIV-V12-Q-A1:2508.04389v1,ARX:FORMAL-ARXIV-V12-Q-D2:2508.04389v1,arXiv,Q-D2
REC-03054,ARX:FORMAL-ARXIV-V12-Q-A1:2508.04026v2,ARX:FORMAL-ARXIV-V12-Q-A2W:2508.04026v2,arXiv,Q-A2W
REC-03054,ARX:FORMAL-ARXIV-V12-Q-A1:2508.04026v2,ARX:FORMAL-ARXIV-V12-Q-A3:2508.04026v2,arXiv,Q-A3
REC-03054,ARX:FORMAL-ARXIV-V12-Q-A1:2508.04026v2,ARX:FORMAL-ARXIV-V12-Q-D1:2508.04026v2,arXiv,Q-D1
REC-03056,ARX:FORMAL-ARXIV-V12-Q-A1:2508.03923v3,ARX:FORMAL-ARXIV-V12-Q-A2S:2508.03923v3,arXiv,Q-A2S
REC-03056,ARX:FORMAL-ARXIV-V12-Q-A1:2508.03923v3,ARX:FORMAL-ARXIV-V12-Q-A3:2508.03923v3,arXiv,Q-A3
REC-03056,ARX:FORMAL-ARXIV-V12-Q-A1:2508.03923v3,ARX:FORMAL-ARXIV-V12-Q-C2:2508.03923v3,arXiv,Q-C2
REC-03058,ARX:FORMAL-ARXIV-V12-Q-A1:2508.01330v4,ARX:FORMAL-ARXIV-V12-Q-A3:2508.01330v4,arXiv,Q-A3
REC-03058,ARX:FORMAL-ARXIV-V12-Q-A1:2508.01330v4,ARX:FORMAL-ARXIV-V12-Q-D1:2508.01330v4,arXiv,Q-D1
REC-03059,ARX:FORMAL-ARXIV-V12-Q-A1:2507.23773v3,ARX:FORMAL-ARXIV-V12-Q-A2W:2507.23773v3,arXiv,Q-A2W
REC-03059,ARX:FORMAL-ARXIV-V12-Q-A1:2507.23773v3,ARX:FORMAL-ARXIV-V12-Q-A3:2507.23773v3,arXiv,Q-A3
REC-03059,ARX:FORMAL-ARXIV-V12-Q-A1:2507.23773v3,ARX:FORMAL-ARXIV-V12-Q-D1:2507.23773v3,arXiv,Q-D1
REC-03061,ARX:FORMAL-ARXIV-V12-Q-A1:2507.22025v4,ARX:FORMAL-ARXIV-V12-Q-A3:2507.22025v4,arXiv,Q-A3
REC-03061,ARX:FORMAL-ARXIV-V12-Q-A1:2507.22025v4,ARX:FORMAL-ARXIV-V12-Q-D2:2507.22025v4,arXiv,Q-D2
REC-03062,ARX:FORMAL-ARXIV-V12-Q-A1:2507.16853v1,ARX:FORMAL-ARXIV-V12-Q-A3:2507.16853v1,arXiv,Q-A3
REC-03062,ARX:FORMAL-ARXIV-V12-Q-A1:2507.16853v1,ARX:FORMAL-ARXIV-V12-Q-D2:2507.16853v1,arXiv,Q-D2
REC-03062,ARX:FORMAL-ARXIV-V12-Q-A1:2507.16853v1,ARX:FORMAL-ARXIV-V12-Q-D3:2507.16853v1,arXiv,Q-D3
REC-03063,ARX:FORMAL-ARXIV-V12-Q-A1:2507.14293v1,ARX:FORMAL-ARXIV-V12-Q-A3:2507.14293v1,arXiv,Q-A3
REC-03063,ARX:FORMAL-ARXIV-V12-Q-A1:2507.14293v1,ARX:FORMAL-ARXIV-V12-Q-C3:2507.14293v1,arXiv,Q-C3
REC-03063,ARX:FORMAL-ARXIV-V12-Q-A1:2507.14293v1,ARX:FORMAL-ARXIV-V12-Q-D2:2507.14293v1,arXiv,Q-D2
REC-03063,ARX:FORMAL-ARXIV-V12-Q-A1:2507.14293v1,ARX:FORMAL-ARXIV-V12-Q-D3:2507.14293v1,arXiv,Q-D3
REC-03063,ARX:FORMAL-ARXIV-V12-Q-A1:2507.14293v1,ARX:FORMAL-ARXIV-V12-Q-S0:2507.14293v1,arXiv,Q-S0
REC-03064,ARX:FORMAL-ARXIV-V12-Q-A1:2507.12844v2,ARX:FORMAL-ARXIV-V12-Q-A3:2507.12844v2,arXiv,Q-A3
REC-03064,ARX:FORMAL-ARXIV-V12-Q-A1:2507.12844v2,ARX:FORMAL-ARXIV-V12-Q-D2:2507.12844v2,arXiv,Q-D2
REC-03065,ARX:FORMAL-ARXIV-V12-Q-A1:2507.10610v3,ARX:FORMAL-ARXIV-V12-Q-A3:2507.10610v3,arXiv,Q-A3
REC-03065,ARX:FORMAL-ARXIV-V12-Q-A1:2507.10610v3,ARX:FORMAL-ARXIV-V12-Q-B1:2507.10610v3,arXiv,Q-B1
REC-03065,ARX:FORMAL-ARXIV-V12-Q-A1:2507.10610v3,ARX:FORMAL-ARXIV-V12-Q-B2:2507.10610v3,arXiv,Q-B2
REC-03065,ARX:FORMAL-ARXIV-V12-Q-A1:2507.10610v3,ARX:FORMAL-ARXIV-V12-Q-D2:2507.10610v3,arXiv,Q-D2
REC-03065,ARX:FORMAL-ARXIV-V12-Q-A1:2507.10610v3,ARX:FORMAL-ARXIV-V12-Q-S0:2507.10610v3,arXiv,Q-S0
REC-03066,ARX:FORMAL-ARXIV-V12-Q-A1:2507.05791v5,ARX:FORMAL-ARXIV-V12-Q-A3:2507.05791v5,arXiv,Q-A3
REC-03067,ARX:FORMAL-ARXIV-V12-Q-A1:2507.05673v1,ARX:FORMAL-ARXIV-V12-Q-A3:2507.05673v1,arXiv,Q-A3
REC-03067,ARX:FORMAL-ARXIV-V12-Q-A1:2507.05673v1,ARX:FORMAL-ARXIV-V12-Q-D2:2507.05673v1,arXiv,Q-D2
REC-03068,ARX:FORMAL-ARXIV-V12-Q-A1:2507.04370v1,ARX:FORMAL-ARXIV-V12-Q-D2:2507.04370v1,arXiv,Q-D2
REC-03069,ARX:FORMAL-ARXIV-V12-Q-A1:2507.04227v2,ARX:FORMAL-ARXIV-V12-Q-A3:2507.04227v2,arXiv,Q-A3
REC-03071,ARX:FORMAL-ARXIV-V12-Q-A1:2507.03730v1,ARX:FORMAL-ARXIV-V12-Q-D2:2507.03730v1,arXiv,Q-D2
REC-03072,ARX:FORMAL-ARXIV-V12-Q-A1:2507.01006v6,ARX:FORMAL-ARXIV-V12-Q-A3:2507.01006v6,arXiv,Q-A3
REC-03073,ARX:FORMAL-ARXIV-V12-Q-A1:2507.00938v2,ARX:FORMAL-ARXIV-V12-Q-A3:2507.00938v2,arXiv,Q-A3
REC-03075,ARX:FORMAL-ARXIV-V12-Q-A1:2506.19998v1,ARX:FORMAL-ARXIV-V12-Q-A3:2506.19998v1,arXiv,Q-A3
REC-03076,ARX:FORMAL-ARXIV-V12-Q-A1:2506.18158v1,ARX:FORMAL-ARXIV-V12-Q-C1:2506.18158v1,arXiv,Q-C1
REC-03077,ARX:FORMAL-ARXIV-V12-Q-A1:2506.17913v2,ARX:FORMAL-ARXIV-V12-Q-A3:2506.17913v2,arXiv,Q-A3
REC-03078,ARX:FORMAL-ARXIV-V12-Q-A1:2506.16042v2,ARX:FORMAL-ARXIV-V12-Q-A3:2506.16042v2,arXiv,Q-A3
REC-03078,ARX:FORMAL-ARXIV-V12-Q-A1:2506.16042v2,ARX:FORMAL-ARXIV-V12-Q-D3:2506.16042v2,arXiv,Q-D3
REC-03079,ARX:FORMAL-ARXIV-V12-Q-A1:2506.15677v3,ARX:FORMAL-ARXIV-V12-Q-A3:2506.15677v3,arXiv,Q-A3
REC-03082,ARX:FORMAL-ARXIV-V12-Q-A1:2506.15425v1,ARX:FORMAL-ARXIV-V12-Q-A3:2506.15425v1,arXiv,Q-A3
REC-03083,ARX:FORMAL-ARXIV-V12-Q-A1:2506.14866v2,ARX:FORMAL-ARXIV-V12-Q-A2W:2506.14866v2,arXiv,Q-A2W
REC-03083,ARX:FORMAL-ARXIV-V12-Q-A1:2506.14866v2,ARX:FORMAL-ARXIV-V12-Q-A3:2506.14866v2,arXiv,Q-A3
REC-03083,ARX:FORMAL-ARXIV-V12-Q-A1:2506.14866v2,ARX:FORMAL-ARXIV-V12-Q-B1:2506.14866v2,arXiv,Q-B1
REC-03083,ARX:FORMAL-ARXIV-V12-Q-A1:2506.14866v2,ARX:FORMAL-ARXIV-V12-Q-D1:2506.14866v2,arXiv,Q-D1
REC-03083,ARX:FORMAL-ARXIV-V12-Q-A1:2506.14866v2,ARX:FORMAL-ARXIV-V12-Q-S0:2506.14866v2,arXiv,Q-S0
REC-03084,ARX:FORMAL-ARXIV-V12-Q-A1:2506.14477v1,ARX:FORMAL-ARXIV-V12-Q-A3:2506.14477v1,arXiv,Q-A3
REC-03085,ARX:FORMAL-ARXIV-V12-Q-A1:2506.14205v2,ARX:FORMAL-ARXIV-V12-Q-A2S:2506.14205v2,arXiv,Q-A2S
REC-03085,ARX:FORMAL-ARXIV-V12-Q-A1:2506.14205v2,ARX:FORMAL-ARXIV-V12-Q-A3:2506.14205v2,arXiv,Q-A3
REC-03086,ARX:FORMAL-ARXIV-V12-Q-A1:2506.14079v4,ARX:FORMAL-ARXIV-V12-Q-A3:2506.14079v4,arXiv,Q-A3
REC-03088,ARX:FORMAL-ARXIV-V12-Q-A1:2506.09373v3,ARX:FORMAL-ARXIV-V12-Q-A2S:2506.09373v3,arXiv,Q-A2S
REC-03088,ARX:FORMAL-ARXIV-V12-Q-A1:2506.09373v3,ARX:FORMAL-ARXIV-V12-Q-A3:2506.09373v3,arXiv,Q-A3
REC-03089,ARX:FORMAL-ARXIV-V12-Q-A1:2506.11127v3,ARX:FORMAL-ARXIV-V12-Q-A2S:2506.11127v3,arXiv,Q-A2S
REC-03089,ARX:FORMAL-ARXIV-V12-Q-A1:2506.11127v3,ARX:FORMAL-ARXIV-V12-Q-A3:2506.11127v3,arXiv,Q-A3
REC-03089,ARX:FORMAL-ARXIV-V12-Q-A1:2506.11127v3,ARX:FORMAL-ARXIV-V12-Q-D2:2506.11127v3,arXiv,Q-D2
REC-03090,ARX:FORMAL-ARXIV-V12-Q-A1:2506.08136v3,ARX:FORMAL-ARXIV-V12-Q-A2W:2506.08136v3,arXiv,Q-A2W
REC-03090,ARX:FORMAL-ARXIV-V12-Q-A1:2506.08136v3,ARX:FORMAL-ARXIV-V12-Q-A3:2506.08136v3,arXiv,Q-A3
REC-03091,ARX:FORMAL-ARXIV-V12-Q-A1:2506.08012v1,ARX:FORMAL-ARXIV-V12-Q-A3:2506.08012v1,arXiv,Q-A3
REC-03091,ARX:FORMAL-ARXIV-V12-Q-A1:2506.08012v1,ARX:FORMAL-ARXIV-V12-Q-D3:2506.08012v1,arXiv,Q-D3
REC-03092,ARX:FORMAL-ARXIV-V12-Q-A1:2506.07976v2,ARX:FORMAL-ARXIV-V12-Q-A3:2506.07976v2,arXiv,Q-A3
REC-03093,ARX:FORMAL-ARXIV-V12-Q-A1:2506.07217v2,ARX:FORMAL-ARXIV-V12-Q-C3:2506.07217v2,arXiv,Q-C3
REC-03094,ARX:FORMAL-ARXIV-V12-Q-A1:2506.04135v4,ARX:FORMAL-ARXIV-V12-Q-A3:2506.04135v4,arXiv,Q-A3
REC-03094,ARX:FORMAL-ARXIV-V12-Q-A1:2506.04135v4,ARX:FORMAL-ARXIV-V12-Q-D1:2506.04135v4,arXiv,Q-D1
REC-03095,ARX:FORMAL-ARXIV-V12-Q-A1:2506.03533v2,ARX:FORMAL-ARXIV-V12-Q-A3:2506.03533v2,arXiv,Q-A3
REC-03096,ARX:FORMAL-ARXIV-V12-Q-A1:2506.03143v1,ARX:FORMAL-ARXIV-V12-Q-A3:2506.03143v1,arXiv,Q-A3
REC-03096,ARX:FORMAL-ARXIV-V12-Q-A1:2506.03143v1,ARX:FORMAL-ARXIV-V12-Q-D1:2506.03143v1,arXiv,Q-D1
REC-03097,ARX:FORMAL-ARXIV-V12-Q-A1:2506.02865v2,ARX:FORMAL-ARXIV-V12-Q-A3:2506.02865v2,arXiv,Q-A3
REC-03098,ARX:FORMAL-ARXIV-V12-Q-A1:2506.02456v2,ARX:FORMAL-ARXIV-V12-Q-A3:2506.02456v2,arXiv,Q-A3
REC-03098,ARX:FORMAL-ARXIV-V12-Q-A1:2506.02456v2,ARX:FORMAL-ARXIV-V12-Q-B1:2506.02456v2,arXiv,Q-B1
REC-03098,ARX:FORMAL-ARXIV-V12-Q-A1:2506.02456v2,ARX:FORMAL-ARXIV-V12-Q-B2:2506.02456v2,arXiv,Q-B2
REC-03098,ARX:FORMAL-ARXIV-V12-Q-A1:2506.02456v2,ARX:FORMAL-ARXIV-V12-Q-D2:2506.02456v2,arXiv,Q-D2
REC-03098,ARX:FORMAL-ARXIV-V12-Q-A1:2506.02456v2,ARX:FORMAL-ARXIV-V12-Q-D3:2506.02456v2,arXiv,Q-D3
REC-03098,ARX:FORMAL-ARXIV-V12-Q-A1:2506.02456v2,ARX:FORMAL-ARXIV-V12-Q-S0:2506.02456v2,arXiv,Q-S0
REC-03098,ARX:FORMAL-ARXIV-V12-Q-A1:2506.02456v2,ARX:FORMAL-ARXIV-V12-Q-S1:2506.02456v2,arXiv,Q-S1
REC-03099,ARX:FORMAL-ARXIV-V12-Q-A1:2506.01391v2,ARX:FORMAL-ARXIV-V12-Q-A2S:2506.01391v2,arXiv,Q-A2S
REC-03099,ARX:FORMAL-ARXIV-V12-Q-A1:2506.01391v2,ARX:FORMAL-ARXIV-V12-Q-A3:2506.01391v2,arXiv,Q-A3
REC-03099,ARX:FORMAL-ARXIV-V12-Q-A1:2506.01391v2,ARX:FORMAL-ARXIV-V12-Q-D3:2506.01391v2,arXiv,Q-D3
REC-03100,ARX:FORMAL-ARXIV-V12-Q-A1:2506.00618v3,ARX:FORMAL-ARXIV-V12-Q-A2S:2506.00618v3,arXiv,Q-A2S
REC-03100,ARX:FORMAL-ARXIV-V12-Q-A1:2506.00618v3,ARX:FORMAL-ARXIV-V12-Q-A3:2506.00618v3,arXiv,Q-A3
REC-03100,ARX:FORMAL-ARXIV-V12-Q-A1:2506.00618v3,ARX:FORMAL-ARXIV-V12-Q-S0:2506.00618v3,arXiv,Q-S0
REC-03101,ARX:FORMAL-ARXIV-V12-Q-A1:2505.24878v1,ARX:FORMAL-ARXIV-V12-Q-A2W:2505.24878v1,arXiv,Q-A2W
REC-03101,ARX:FORMAL-ARXIV-V12-Q-A1:2505.24878v1,ARX:FORMAL-ARXIV-V12-Q-A3:2505.24878v1,arXiv,Q-A3
REC-03103,ARX:FORMAL-ARXIV-V12-Q-A1:2505.23596v3,ARX:FORMAL-ARXIV-V12-Q-A2S:2505.23596v3,arXiv,Q-A2S
REC-03103,ARX:FORMAL-ARXIV-V12-Q-A1:2505.23596v3,ARX:FORMAL-ARXIV-V12-Q-A3:2505.23596v3,arXiv,Q-A3
REC-03103,ARX:FORMAL-ARXIV-V12-Q-A1:2505.23596v3,ARX:FORMAL-ARXIV-V12-Q-D2:2505.23596v3,arXiv,Q-D2
REC-03103,ARX:FORMAL-ARXIV-V12-Q-A1:2505.23596v3,ARX:FORMAL-ARXIV-V12-Q-D3:2505.23596v3,arXiv,Q-D3
REC-03104,ARX:FORMAL-ARXIV-V12-Q-A1:2505.22942v2,ARX:FORMAL-ARXIV-V12-Q-A2W:2505.22942v2,arXiv,Q-A2W
REC-03104,ARX:FORMAL-ARXIV-V12-Q-A1:2505.22942v2,ARX:FORMAL-ARXIV-V12-Q-A3:2505.22942v2,arXiv,Q-A3
REC-03105,ARX:FORMAL-ARXIV-V12-Q-A1:2505.22648v3,ARX:FORMAL-ARXIV-V12-Q-A3:2505.22648v3,arXiv,Q-A3
REC-03106,ARX:FORMAL-ARXIV-V12-Q-A1:2505.21936v5,ARX:FORMAL-ARXIV-V12-Q-A3:2505.21936v5,arXiv,Q-A3
REC-03106,ARX:FORMAL-ARXIV-V12-Q-A1:2505.21936v5,ARX:FORMAL-ARXIV-V12-Q-B1:2505.21936v5,arXiv,Q-B1
REC-03106,ARX:FORMAL-ARXIV-V12-Q-A1:2505.21936v5,ARX:FORMAL-ARXIV-V12-Q-D1:2505.21936v5,arXiv,Q-D1
REC-03106,ARX:FORMAL-ARXIV-V12-Q-A1:2505.21936v5,ARX:FORMAL-ARXIV-V12-Q-D2:2505.21936v5,arXiv,Q-D2
REC-03107,ARX:FORMAL-ARXIV-V12-Q-A1:2505.21499v1,ARX:FORMAL-ARXIV-V12-Q-A3:2505.21499v1,arXiv,Q-A3
REC-03107,ARX:FORMAL-ARXIV-V12-Q-A1:2505.21499v1,ARX:FORMAL-ARXIV-V12-Q-B1:2505.21499v1,arXiv,Q-B1
REC-03107,ARX:FORMAL-ARXIV-V12-Q-A1:2505.21499v1,ARX:FORMAL-ARXIV-V12-Q-D2:2505.21499v1,arXiv,Q-D2
REC-03107,ARX:FORMAL-ARXIV-V12-Q-A1:2505.21499v1,ARX:FORMAL-ARXIV-V12-Q-S0:2505.21499v1,arXiv,Q-S0
REC-03108,ARX:FORMAL-ARXIV-V12-Q-A1:2505.21496v1,ARX:FORMAL-ARXIV-V12-Q-A3:2505.21496v1,arXiv,Q-A3
REC-03109,ARX:FORMAL-ARXIV-V12-Q-A1:2505.20660v1,ARX:FORMAL-ARXIV-V12-Q-A3:2505.20660v1,arXiv,Q-A3
REC-03109,ARX:FORMAL-ARXIV-V12-Q-A1:2505.20660v1,ARX:FORMAL-ARXIV-V12-Q-D1:2505.20660v1,arXiv,Q-D1
REC-03109,ARX:FORMAL-ARXIV-V12-Q-A1:2505.20660v1,ARX:FORMAL-ARXIV-V12-Q-D2:2505.20660v1,arXiv,Q-D2
REC-03109,ARX:FORMAL-ARXIV-V12-Q-A1:2505.20660v1,ARX:FORMAL-ARXIV-V12-Q-D3:2505.20660v1,arXiv,Q-D3
REC-03110,ARX:FORMAL-ARXIV-V12-Q-A1:2505.20013v2,ARX:FORMAL-ARXIV-V12-Q-A3:2505.20013v2,arXiv,Q-A3
REC-03110,ARX:FORMAL-ARXIV-V12-Q-A1:2505.20013v2,ARX:FORMAL-ARXIV-V12-Q-D3:2505.20013v2,arXiv,Q-D3
REC-03111,ARX:FORMAL-ARXIV-V12-Q-A1:2505.19897v3,ARX:FORMAL-ARXIV-V12-Q-A2S:2505.19897v3,arXiv,Q-A2S
REC-03111,ARX:FORMAL-ARXIV-V12-Q-A1:2505.19897v3,ARX:FORMAL-ARXIV-V12-Q-A3:2505.19897v3,arXiv,Q-A3
REC-03113,ARX:FORMAL-ARXIV-V12-Q-A1:2505.18121v1,ARX:FORMAL-ARXIV-V12-Q-A3:2505.18121v1,arXiv,Q-A3
REC-03114,ARX:FORMAL-ARXIV-V12-Q-A1:2505.17629v2,ARX:FORMAL-ARXIV-V12-Q-A3:2505.17629v2,arXiv,Q-A3
REC-03116,ARX:FORMAL-ARXIV-V12-Q-A1:2505.16421v2,ARX:FORMAL-ARXIV-V12-Q-A3:2505.16421v2,arXiv,Q-A3
REC-03117,ARX:FORMAL-ARXIV-V12-Q-A1:2505.16282v1,ARX:FORMAL-ARXIV-V12-Q-A3:2505.16282v1,arXiv,Q-A3
REC-03118,ARX:FORMAL-ARXIV-V12-Q-A1:2505.15810v2,ARX:FORMAL-ARXIV-V12-Q-D2:2505.15810v2,arXiv,Q-D2
REC-03119,ARX:FORMAL-ARXIV-V12-Q-A1:2505.15277v2,ARX:FORMAL-ARXIV-V12-Q-A3:2505.15277v2,arXiv,Q-A3
REC-03119,ARX:FORMAL-ARXIV-V12-Q-A1:2505.15277v2,ARX:FORMAL-ARXIV-V12-Q-D1:2505.15277v2,arXiv,Q-D1
REC-03120,ARX:FORMAL-ARXIV-V12-Q-A1:2505.14418v3,ARX:FORMAL-ARXIV-V12-Q-A3:2505.14418v3,arXiv,Q-A3
REC-03120,ARX:FORMAL-ARXIV-V12-Q-A1:2505.14418v3,ARX:FORMAL-ARXIV-V12-Q-B2:2505.14418v3,arXiv,Q-B2
REC-03120,ARX:FORMAL-ARXIV-V12-Q-A1:2505.14418v3,ARX:FORMAL-ARXIV-V12-Q-D1:2505.14418v3,arXiv,Q-D1
REC-03120,ARX:FORMAL-ARXIV-V12-Q-A1:2505.14418v3,ARX:FORMAL-ARXIV-V12-Q-D2:2505.14418v3,arXiv,Q-D2
REC-03120,ARX:FORMAL-ARXIV-V12-Q-A1:2505.14418v3,ARX:FORMAL-ARXIV-V12-Q-S0:2505.14418v3,arXiv,Q-S0
REC-03121,ARX:FORMAL-ARXIV-V12-Q-A1:2505.14289v2,ARX:FORMAL-ARXIV-V12-Q-B1:2505.14289v2,arXiv,Q-B1
REC-03121,ARX:FORMAL-ARXIV-V12-Q-A1:2505.14289v2,ARX:FORMAL-ARXIV-V12-Q-D1:2505.14289v2,arXiv,Q-D1
REC-03121,ARX:FORMAL-ARXIV-V12-Q-A1:2505.14289v2,ARX:FORMAL-ARXIV-V12-Q-S0:2505.14289v2,arXiv,Q-S0
REC-03122,ARX:FORMAL-ARXIV-V12-Q-A1:2505.14141v1,ARX:FORMAL-ARXIV-V12-Q-A3:2505.14141v1,arXiv,Q-A3
REC-03124,ARX:FORMAL-ARXIV-V12-Q-A1:2505.13909v2,ARX:FORMAL-ARXIV-V12-Q-A3:2505.13909v2,arXiv,Q-A3
REC-03125,ARX:FORMAL-ARXIV-V12-Q-A1:2505.13227v3,ARX:FORMAL-ARXIV-V12-Q-A3:2505.13227v3,arXiv,Q-A3
REC-03125,ARX:FORMAL-ARXIV-V12-Q-A1:2505.13227v3,ARX:FORMAL-ARXIV-V12-Q-D1:2505.13227v3,arXiv,Q-D1
REC-03125,ARX:FORMAL-ARXIV-V12-Q-A1:2505.13227v3,ARX:FORMAL-ARXIV-V12-Q-D3:2505.13227v3,arXiv,Q-D3
REC-03126,ARX:FORMAL-ARXIV-V12-Q-A1:2505.12842v4,ARX:FORMAL-ARXIV-V12-Q-C2:2505.12842v4,arXiv,Q-C2
REC-03126,ARX:FORMAL-ARXIV-V12-Q-A1:2505.12842v4,ARX:FORMAL-ARXIV-V12-Q-D1:2505.12842v4,arXiv,Q-D1
REC-03126,ARX:FORMAL-ARXIV-V12-Q-A1:2505.12842v4,ARX:FORMAL-ARXIV-V12-Q-D2:2505.12842v4,arXiv,Q-D2
REC-03127,ARX:FORMAL-ARXIV-V12-Q-A1:2505.12493v3,ARX:FORMAL-ARXIV-V12-Q-A3:2505.12493v3,arXiv,Q-A3
REC-03128,ARX:FORMAL-ARXIV-V12-Q-A1:2505.12370v2,ARX:FORMAL-ARXIV-V12-Q-A3:2505.12370v2,arXiv,Q-A3
REC-03129,ARX:FORMAL-ARXIV-V12-Q-A1:2505.12299v4,ARX:FORMAL-ARXIV-V12-Q-A3:2505.12299v4,arXiv,Q-A3
REC-03130,ARX:FORMAL-ARXIV-V12-Q-A1:2505.11717v4,ARX:FORMAL-ARXIV-V12-Q-B1:2505.11717v4,arXiv,Q-B1
REC-03130,ARX:FORMAL-ARXIV-V12-Q-A1:2505.11717v4,ARX:FORMAL-ARXIV-V12-Q-S0:2505.11717v4,arXiv,Q-S0
REC-03130,ARX:FORMAL-ARXIV-V12-Q-A1:2505.11717v4,ARX:FORMAL-ARXIV-V12-Q-S1:2505.11717v4,arXiv,Q-S1
REC-03131,ARX:FORMAL-ARXIV-V12-Q-A1:2506.06287v1,ARX:FORMAL-ARXIV-V12-Q-A3:2506.06287v1,arXiv,Q-A3
REC-03132,ARX:FORMAL-ARXIV-V12-Q-A1:2505.00684v2,ARX:FORMAL-ARXIV-V12-Q-A3:2505.00684v2,arXiv,Q-A3
REC-03135,ARX:FORMAL-ARXIV-V12-Q-A1:2504.18575v3,ARX:FORMAL-ARXIV-V12-Q-A3:2504.18575v3,arXiv,Q-A3
REC-03135,ARX:FORMAL-ARXIV-V12-Q-A1:2504.18575v3,ARX:FORMAL-ARXIV-V12-Q-B1:2504.18575v3,arXiv,Q-B1
REC-03135,ARX:FORMAL-ARXIV-V12-Q-A1:2504.18575v3,ARX:FORMAL-ARXIV-V12-Q-S0:2504.18575v3,arXiv,Q-S0
REC-03135,ARX:FORMAL-ARXIV-V12-Q-A1:2504.18575v3,ARX:FORMAL-ARXIV-V12-Q-S1:2504.18575v3,arXiv,Q-S1
REC-03136,ARX:FORMAL-ARXIV-V12-Q-A1:2504.14239v1,ARX:FORMAL-ARXIV-V12-Q-A3:2504.14239v1,arXiv,Q-A3
REC-03136,ARX:FORMAL-ARXIV-V12-Q-A1:2504.14239v1,ARX:FORMAL-ARXIV-V12-Q-D3:2504.14239v1,arXiv,Q-D3
REC-03137,ARX:FORMAL-ARXIV-V12-Q-A1:2504.13805v1,ARX:FORMAL-ARXIV-V12-Q-A3:2504.13805v1,arXiv,Q-A3
REC-03138,ARX:FORMAL-ARXIV-V12-Q-A1:2504.12679v4,ARX:FORMAL-ARXIV-V12-Q-A3:2504.12679v4,arXiv,Q-A3
REC-03138,ARX:FORMAL-ARXIV-V12-Q-A1:2504.12679v4,ARX:FORMAL-ARXIV-V12-Q-D3:2504.12679v4,arXiv,Q-D3
REC-03139,ARX:FORMAL-ARXIV-V12-Q-A1:2504.11788v3,ARX:FORMAL-ARXIV-V12-Q-A3:2504.11788v3,arXiv,Q-A3
REC-03139,ARX:FORMAL-ARXIV-V12-Q-A1:2504.11788v3,ARX:FORMAL-ARXIV-V12-Q-D3:2504.11788v3,arXiv,Q-D3
REC-03140,ARX:FORMAL-ARXIV-V12-Q-A1:2504.11281v1,ARX:FORMAL-ARXIV-V12-Q-A3:2504.11281v1,arXiv,Q-A3
REC-03140,ARX:FORMAL-ARXIV-V12-Q-A1:2504.11281v1,ARX:FORMAL-ARXIV-V12-Q-B2:2504.11281v1,arXiv,Q-B2
REC-03140,ARX:FORMAL-ARXIV-V12-Q-A1:2504.11281v1,ARX:FORMAL-ARXIV-V12-Q-D2:2504.11281v1,arXiv,Q-D2
REC-03140,ARX:FORMAL-ARXIV-V12-Q-A1:2504.11281v1,ARX:FORMAL-ARXIV-V12-Q-D3:2504.11281v1,arXiv,Q-D3
REC-03140,ARX:FORMAL-ARXIV-V12-Q-A1:2504.11281v1,ARX:FORMAL-ARXIV-V12-Q-S0:2504.11281v1,arXiv,Q-S0
REC-03141,ARX:FORMAL-ARXIV-V12-Q-A1:2504.11257v4,ARX:FORMAL-ARXIV-V12-Q-A3:2504.11257v4,arXiv,Q-A3
REC-03143,ARX:FORMAL-ARXIV-V12-Q-A1:2504.07079v1,ARX:FORMAL-ARXIV-V12-Q-A3:2504.07079v1,arXiv,Q-A3
REC-03144,ARX:FORMAL-ARXIV-V12-Q-A1:2504.07981v1,ARX:FORMAL-ARXIV-V12-Q-A3:2504.07981v1,arXiv,Q-A3
REC-03145,ARX:FORMAL-ARXIV-V12-Q-A1:2504.01495v1,ARX:FORMAL-ARXIV-V12-Q-A3:2504.01495v1,arXiv,Q-A3
REC-03145,ARX:FORMAL-ARXIV-V12-Q-A1:2504.01495v1,ARX:FORMAL-ARXIV-V12-Q-D1:2504.01495v1,arXiv,Q-D1
REC-03146,ARX:FORMAL-ARXIV-V12-Q-A1:2504.01382v4,ARX:FORMAL-ARXIV-V12-Q-A3:2504.01382v4,arXiv,Q-A3
REC-03147,ARX:FORMAL-ARXIV-V12-Q-A1:2504.00906v1,ARX:FORMAL-ARXIV-V12-Q-A3:2504.00906v1,arXiv,Q-A3
REC-03148,ARX:FORMAL-ARXIV-V12-Q-A1:2503.24180v2,ARX:FORMAL-ARXIV-V12-Q-A3:2503.24180v2,arXiv,Q-A3
REC-03151,ARX:FORMAL-ARXIV-V12-Q-A1:2503.20978v1,ARX:FORMAL-ARXIV-V12-Q-A3:2503.20978v1,arXiv,Q-A3
REC-03152,ARX:FORMAL-ARXIV-V12-Q-A1:2503.20279v3,ARX:FORMAL-ARXIV-V12-Q-A3:2503.20279v3,arXiv,Q-A3
REC-03152,ARX:FORMAL-ARXIV-V12-Q-A1:2503.20279v3,ARX:FORMAL-ARXIV-V12-Q-D2:2503.20279v3,arXiv,Q-D2
REC-03153,ARX:FORMAL-ARXIV-V12-Q-A1:2503.18492v2,ARX:FORMAL-ARXIV-V12-Q-A3:2503.18492v2,arXiv,Q-A3
REC-03153,ARX:FORMAL-ARXIV-V12-Q-A1:2503.18492v2,ARX:FORMAL-ARXIV-V12-Q-D1:2503.18492v2,arXiv,Q-D1
REC-03153,ARX:FORMAL-ARXIV-V12-Q-A1:2503.18492v2,ARX:FORMAL-ARXIV-V12-Q-D2:2503.18492v2,arXiv,Q-D2
REC-03153,ARX:FORMAL-ARXIV-V12-Q-A1:2503.18492v2,ARX:FORMAL-ARXIV-V12-Q-S0:2503.18492v2,arXiv,Q-S0
REC-03155,ARX:FORMAL-ARXIV-V12-Q-A1:2503.16788v1,ARX:FORMAL-ARXIV-V12-Q-A3:2503.16788v1,arXiv,Q-A3
REC-03156,ARX:FORMAL-ARXIV-V12-Q-A1:2503.11170v1,ARX:FORMAL-ARXIV-V12-Q-A3:2503.11170v1,arXiv,Q-A3
REC-03157,ARX:FORMAL-ARXIV-V12-Q-A1:2503.10809v3,ARX:FORMAL-ARXIV-V12-Q-S0:2503.10809v3,arXiv,Q-S0
REC-03158,ARX:FORMAL-ARXIV-V12-Q-A1:2503.09780v3,ARX:FORMAL-ARXIV-V12-Q-A3:2503.09780v3,arXiv,Q-A3
REC-03158,ARX:FORMAL-ARXIV-V12-Q-A1:2503.09780v3,ARX:FORMAL-ARXIV-V12-Q-D2:2503.09780v3,arXiv,Q-D2
REC-03159,ARX:FORMAL-ARXIV-V12-Q-A1:2503.04957v1,ARX:FORMAL-ARXIV-V12-Q-A3:2503.04957v1,arXiv,Q-A3
REC-03159,ARX:FORMAL-ARXIV-V12-Q-A1:2503.04957v1,ARX:FORMAL-ARXIV-V12-Q-S0:2503.04957v1,arXiv,Q-S0
REC-03160,ARX:FORMAL-ARXIV-V12-Q-A1:2503.03196v2,ARX:FORMAL-ARXIV-V12-Q-A3:2503.03196v2,arXiv,Q-A3
REC-03163,ARX:FORMAL-ARXIV-V12-Q-A1:2503.02268v3,ARX:FORMAL-ARXIV-V12-Q-A2W:2503.02268v3,arXiv,Q-A2W
REC-03163,ARX:FORMAL-ARXIV-V12-Q-A1:2503.02268v3,ARX:FORMAL-ARXIV-V12-Q-A3:2503.02268v3,arXiv,Q-A3
REC-03165,ARX:FORMAL-ARXIV-V12-Q-A1:2503.16465v3,ARX:FORMAL-ARXIV-V12-Q-A3:2503.16465v3,arXiv,Q-A3
REC-03166,ARX:FORMAL-ARXIV-V12-Q-A1:2502.18906v1,ARX:FORMAL-ARXIV-V12-Q-A3:2502.18906v1,arXiv,Q-A3
REC-03168,ARX:FORMAL-ARXIV-V12-Q-A1:2502.18525v2,ARX:FORMAL-ARXIV-V12-Q-A3:2502.18525v2,arXiv,Q-A3
REC-03170,ARX:FORMAL-ARXIV-V12-Q-A1:2502.11357v4,ARX:FORMAL-ARXIV-V12-Q-A3:2502.11357v4,arXiv,Q-A3
REC-03170,ARX:FORMAL-ARXIV-V12-Q-A1:2502.11357v4,ARX:FORMAL-ARXIV-V12-Q-D3:2502.11357v4,arXiv,Q-D3
REC-03171,ARX:FORMAL-ARXIV-V12-Q-A1:2502.08226v2,ARX:FORMAL-ARXIV-V12-Q-A2S:2502.08226v2,arXiv,Q-A2S
REC-03171,ARX:FORMAL-ARXIV-V12-Q-A1:2502.08226v2,ARX:FORMAL-ARXIV-V12-Q-A3:2502.08226v2,arXiv,Q-A3
REC-03176,ARX:FORMAL-ARXIV-V12-Q-A1:2503.04730v1,ARX:FORMAL-ARXIV-V12-Q-A3:2503.04730v1,arXiv,Q-A3
REC-03176,ARX:FORMAL-ARXIV-V12-Q-A1:2503.04730v1,ARX:FORMAL-ARXIV-V12-Q-D2:2503.04730v1,arXiv,Q-D2
REC-03177,ARX:FORMAL-ARXIV-V12-Q-A1:2501.12485v3,ARX:FORMAL-ARXIV-V12-Q-A3:2501.12485v3,arXiv,Q-A3
REC-03177,ARX:FORMAL-ARXIV-V12-Q-A1:2501.12485v3,ARX:FORMAL-ARXIV-V12-Q-C1:2501.12485v3,arXiv,Q-C1
REC-03178,ARX:FORMAL-ARXIV-V12-Q-A1:2501.04575v1,ARX:FORMAL-ARXIV-V12-Q-A3:2501.04575v1,arXiv,Q-A3
REC-03179,ARX:FORMAL-ARXIV-V12-Q-A1:2501.01149v3,ARX:FORMAL-ARXIV-V12-Q-A3:2501.01149v3,arXiv,Q-A3
REC-03179,ARX:FORMAL-ARXIV-V12-Q-A1:2501.01149v3,ARX:FORMAL-ARXIV-V12-Q-D1:2501.01149v3,arXiv,Q-D1
REC-03181,ARX:FORMAL-ARXIV-V12-Q-A1:2412.19723v3,ARX:FORMAL-ARXIV-V12-Q-A3:2412.19723v3,arXiv,Q-A3
REC-03181,ARX:FORMAL-ARXIV-V12-Q-A1:2412.19723v3,ARX:FORMAL-ARXIV-V12-Q-D3:2412.19723v3,arXiv,Q-D3
REC-03183,ARX:FORMAL-ARXIV-V12-Q-A1:2412.13501v3,ARX:FORMAL-ARXIV-V12-Q-A3:2412.13501v3,arXiv,Q-A3
REC-03184,ARX:FORMAL-ARXIV-V12-Q-A1:2412.10342v2,ARX:FORMAL-ARXIV-V12-Q-A3:2412.10342v2,arXiv,Q-A3
REC-03184,ARX:FORMAL-ARXIV-V12-Q-A1:2412.10342v2,ARX:FORMAL-ARXIV-V12-Q-D2:2412.10342v2,arXiv,Q-D2
REC-03185,ARX:FORMAL-ARXIV-V12-Q-A1:2412.09605v2,ARX:FORMAL-ARXIV-V12-Q-A3:2412.09605v2,arXiv,Q-A3
REC-03185,ARX:FORMAL-ARXIV-V12-Q-A1:2412.09605v2,ARX:FORMAL-ARXIV-V12-Q-D1:2412.09605v2,arXiv,Q-D1
REC-03187,ARX:FORMAL-ARXIV-V12-Q-A1:2412.01268v1,ARX:FORMAL-ARXIV-V12-Q-A3:2412.01268v1,arXiv,Q-A3
REC-03188,ARX:FORMAL-ARXIV-V12-Q-A1:2411.15004v2,ARX:FORMAL-ARXIV-V12-Q-A3:2411.15004v2,arXiv,Q-A3
REC-03189,ARX:FORMAL-ARXIV-V12-Q-A1:2411.13451v1,ARX:FORMAL-ARXIV-V12-Q-A3:2411.13451v1,arXiv,Q-A3
REC-03190,ARX:FORMAL-ARXIV-V12-Q-A1:2411.02391v2,ARX:FORMAL-ARXIV-V12-Q-B2:2411.02391v2,arXiv,Q-B2
REC-03190,ARX:FORMAL-ARXIV-V12-Q-A1:2411.02391v2,ARX:FORMAL-ARXIV-V12-Q-D2:2411.02391v2,arXiv,Q-D2
REC-03190,ARX:FORMAL-ARXIV-V12-Q-A1:2411.02391v2,ARX:FORMAL-ARXIV-V12-Q-S0:2411.02391v2,arXiv,Q-S0
REC-03191,ARX:FORMAL-ARXIV-V12-Q-A1:2411.02337v3,ARX:FORMAL-ARXIV-V12-Q-A3:2411.02337v3,arXiv,Q-A3
REC-03192,ARX:FORMAL-ARXIV-V12-Q-A1:2410.24024v2,ARX:FORMAL-ARXIV-V12-Q-A2W:2410.24024v2,arXiv,Q-A2W
REC-03192,ARX:FORMAL-ARXIV-V12-Q-A1:2410.24024v2,ARX:FORMAL-ARXIV-V12-Q-A3:2410.24024v2,arXiv,Q-A3
REC-03193,ARX:FORMAL-ARXIV-V12-Q-A1:2410.23252v3,ARX:FORMAL-ARXIV-V12-Q-A3:2410.23252v3,arXiv,Q-A3
REC-03193,ARX:FORMAL-ARXIV-V12-Q-A1:2410.23252v3,ARX:FORMAL-ARXIV-V12-Q-D2:2410.23252v3,arXiv,Q-D2
REC-03194,ARX:FORMAL-ARXIV-V12-Q-A1:2410.23218v1,ARX:FORMAL-ARXIV-V12-Q-A3:2410.23218v1,arXiv,Q-A3
REC-03194,ARX:FORMAL-ARXIV-V12-Q-A1:2410.23218v1,ARX:FORMAL-ARXIV-V12-Q-D3:2410.23218v1,arXiv,Q-D3
REC-03195,ARX:FORMAL-ARXIV-V12-Q-A1:2410.22552v1,ARX:FORMAL-ARXIV-V12-Q-A2W:2410.22552v1,arXiv,Q-A2W
REC-03195,ARX:FORMAL-ARXIV-V12-Q-A1:2410.22552v1,ARX:FORMAL-ARXIV-V12-Q-A3:2410.22552v1,arXiv,Q-A3
REC-03196,ARX:FORMAL-ARXIV-V12-Q-A1:2410.21220v1,ARX:FORMAL-ARXIV-V12-Q-A3:2410.21220v1,arXiv,Q-A3
REC-03198,ARX:FORMAL-ARXIV-V12-Q-A1:2410.19100v3,ARX:FORMAL-ARXIV-V12-Q-A3:2410.19100v3,arXiv,Q-A3
REC-03199,ARX:FORMAL-ARXIV-V12-Q-A1:2410.19054v1,ARX:FORMAL-ARXIV-V12-Q-A3:2410.19054v1,arXiv,Q-A3
REC-03200,ARX:FORMAL-ARXIV-V12-Q-A1:2410.17401v4,ARX:FORMAL-ARXIV-V12-Q-D1:2410.17401v4,arXiv,Q-D1
REC-03200,ARX:FORMAL-ARXIV-V12-Q-A1:2410.17401v4,ARX:FORMAL-ARXIV-V12-Q-D2:2410.17401v4,arXiv,Q-D2
REC-03201,ARX:FORMAL-ARXIV-V12-Q-A1:2410.17236v2,ARX:FORMAL-ARXIV-V12-Q-A3:2410.17236v2,arXiv,Q-A3
REC-03201,ARX:FORMAL-ARXIV-V12-Q-A1:2410.17236v2,ARX:FORMAL-ARXIV-V12-Q-C1:2410.17236v2,arXiv,Q-C1
REC-03202,ARX:FORMAL-ARXIV-V12-Q-A1:2410.16464v3,ARX:FORMAL-ARXIV-V12-Q-A3:2410.16464v3,arXiv,Q-A3
REC-03203,ARX:FORMAL-ARXIV-V12-Q-A1:2410.15164v3,ARX:FORMAL-ARXIV-V12-Q-A2W:2410.15164v3,arXiv,Q-A2W
REC-03203,ARX:FORMAL-ARXIV-V12-Q-A1:2410.15164v3,ARX:FORMAL-ARXIV-V12-Q-A3:2410.15164v3,arXiv,Q-A3
REC-03204,ARX:FORMAL-ARXIV-V12-Q-A1:2410.13825v2,ARX:FORMAL-ARXIV-V12-Q-A3:2410.13825v2,arXiv,Q-A3
REC-03205,ARX:FORMAL-ARXIV-V12-Q-A1:2410.13824v3,ARX:FORMAL-ARXIV-V12-Q-D3:2410.13824v3,arXiv,Q-D3
REC-03207,ARX:FORMAL-ARXIV-V12-Q-A1:2410.13232v2,ARX:FORMAL-ARXIV-V12-Q-A3:2410.13232v2,arXiv,Q-A3
REC-03208,ARX:FORMAL-ARXIV-V12-Q-A1:2410.08164v1,ARX:FORMAL-ARXIV-V12-Q-A2S:2410.08164v1,arXiv,Q-A2S
REC-03208,ARX:FORMAL-ARXIV-V12-Q-A1:2410.08164v1,ARX:FORMAL-ARXIV-V12-Q-A3:2410.08164v1,arXiv,Q-A3
REC-03209,ARX:FORMAL-ARXIV-V12-Q-A1:2410.06703v7,ARX:FORMAL-ARXIV-V12-Q-A3:2410.06703v7,arXiv,Q-A3
REC-03209,ARX:FORMAL-ARXIV-V12-Q-A1:2410.06703v7,ARX:FORMAL-ARXIV-V12-Q-C3:2410.06703v7,arXiv,Q-C3
REC-03209,ARX:FORMAL-ARXIV-V12-Q-A1:2410.06703v7,ARX:FORMAL-ARXIV-V12-Q-S0:2410.06703v7,arXiv,Q-S0
REC-03210,ARX:FORMAL-ARXIV-V12-Q-A1:2410.05243v3,ARX:FORMAL-ARXIV-V12-Q-A3:2410.05243v3,arXiv,Q-A3
REC-03210,ARX:FORMAL-ARXIV-V12-Q-A1:2410.05243v3,ARX:FORMAL-ARXIV-V12-Q-D3:2410.05243v3,arXiv,Q-D3
REC-03211,ARX:FORMAL-ARXIV-V12-Q-A1:2409.14337v3,ARX:FORMAL-ARXIV-V12-Q-A3:2409.14337v3,arXiv,Q-A3
REC-03212,ARX:FORMAL-ARXIV-V12-Q-A1:2409.11295v5,ARX:FORMAL-ARXIV-V12-Q-A2W:2409.11295v5,arXiv,Q-A2W
REC-03212,ARX:FORMAL-ARXIV-V12-Q-A1:2409.11295v5,ARX:FORMAL-ARXIV-V12-Q-B1:2409.11295v5,arXiv,Q-B1
REC-03212,ARX:FORMAL-ARXIV-V12-Q-A1:2409.11295v5,ARX:FORMAL-ARXIV-V12-Q-D2:2409.11295v5,arXiv,Q-D2
REC-03212,ARX:FORMAL-ARXIV-V12-Q-A1:2409.11295v5,ARX:FORMAL-ARXIV-V12-Q-S0:2409.11295v5,arXiv,Q-S0
REC-03213,ARX:FORMAL-ARXIV-V12-Q-A1:2409.13711v2,ARX:FORMAL-ARXIV-V12-Q-A3:2409.13711v2,arXiv,Q-A3
REC-03214,ARX:FORMAL-ARXIV-V12-Q-A1:2409.01927v1,ARX:FORMAL-ARXIV-V12-Q-A3:2409.01927v1,arXiv,Q-A3
REC-03215,ARX:FORMAL-ARXIV-V12-Q-A1:2409.04465v1,ARX:FORMAL-ARXIV-V12-Q-A3:2409.04465v1,arXiv,Q-A3
REC-03215,ARX:FORMAL-ARXIV-V12-Q-A1:2409.04465v1,ARX:FORMAL-ARXIV-V12-Q-C3:2409.04465v1,arXiv,Q-C3
REC-03217,ARX:FORMAL-ARXIV-V12-Q-A1:2408.15978v1,ARX:FORMAL-ARXIV-V12-Q-A2W:2408.15978v1,arXiv,Q-A2W
REC-03217,ARX:FORMAL-ARXIV-V12-Q-A1:2408.15978v1,ARX:FORMAL-ARXIV-V12-Q-A3:2408.15978v1,arXiv,Q-A3
REC-03217,ARX:FORMAL-ARXIV-V12-Q-A1:2408.15978v1,ARX:FORMAL-ARXIV-V12-Q-D2:2408.15978v1,arXiv,Q-D2
REC-03220,ARX:FORMAL-ARXIV-V12-Q-A1:2408.02544v3,ARX:FORMAL-ARXIV-V12-Q-D3:2408.02544v3,arXiv,Q-D3
REC-03221,ARX:FORMAL-ARXIV-V12-Q-A1:2407.15711v2,ARX:FORMAL-ARXIV-V12-Q-A3:2407.15711v2,arXiv,Q-A3
REC-03222,ARX:FORMAL-ARXIV-V12-Q-A1:2407.13032v1,ARX:FORMAL-ARXIV-V12-Q-A3:2407.13032v1,arXiv,Q-A3
REC-03223,ARX:FORMAL-ARXIV-V12-Q-A1:2407.05291v2,ARX:FORMAL-ARXIV-V12-Q-A3:2407.05291v2,arXiv,Q-A3
REC-03224,ARX:FORMAL-ARXIV-V12-Q-A1:2407.04346v3,ARX:FORMAL-ARXIV-V12-Q-D3:2407.04346v3,arXiv,Q-D3
REC-03226,ARX:FORMAL-ARXIV-V12-Q-A1:2406.12814v3,ARX:FORMAL-ARXIV-V12-Q-A3:2406.12814v3,arXiv,Q-A3
REC-03226,ARX:FORMAL-ARXIV-V12-Q-A1:2406.12814v3,ARX:FORMAL-ARXIV-V12-Q-D1:2406.12814v3,arXiv,Q-D1
REC-03226,ARX:FORMAL-ARXIV-V12-Q-A1:2406.12814v3,ARX:FORMAL-ARXIV-V12-Q-D2:2406.12814v3,arXiv,Q-D2
REC-03227,ARX:FORMAL-ARXIV-V12-Q-A1:2406.12373v3,ARX:FORMAL-ARXIV-V12-Q-A2W:2406.12373v3,arXiv,Q-A2W
REC-03227,ARX:FORMAL-ARXIV-V12-Q-A1:2406.12373v3,ARX:FORMAL-ARXIV-V12-Q-A3:2406.12373v3,arXiv,Q-A3
REC-03227,ARX:FORMAL-ARXIV-V12-Q-A1:2406.12373v3,ARX:FORMAL-ARXIV-V12-Q-D3:2406.12373v3,arXiv,Q-D3
REC-03229,ARX:FORMAL-ARXIV-V12-Q-A1:2406.10819v2,ARX:FORMAL-ARXIV-V12-Q-A3:2406.10819v2,arXiv,Q-A3
REC-03231,ARX:FORMAL-ARXIV-V12-Q-A1:2406.01623v1,ARX:FORMAL-ARXIV-V12-Q-A3:2406.01623v1,arXiv,Q-A3
REC-03232,ARX:FORMAL-ARXIV-V12-Q-A1:2405.14573v5,ARX:FORMAL-ARXIV-V12-Q-A2W:2405.14573v5,arXiv,Q-A2W
REC-03232,ARX:FORMAL-ARXIV-V12-Q-A1:2405.14573v5,ARX:FORMAL-ARXIV-V12-Q-A3:2405.14573v5,arXiv,Q-A3
REC-03238,ARX:FORMAL-ARXIV-V12-Q-A1:2404.09992v2,ARX:FORMAL-ARXIV-V12-Q-A3:2404.09992v2,arXiv,Q-A3
REC-03241,ARX:FORMAL-ARXIV-V12-Q-A1:2404.05955v1,ARX:FORMAL-ARXIV-V12-Q-A3:2404.05955v1,arXiv,Q-A3
REC-03242,ARX:FORMAL-ARXIV-V12-Q-A1:2404.05902v1,ARX:FORMAL-ARXIV-V12-Q-A3:2404.05902v1,arXiv,Q-A3
REC-03244,ARX:FORMAL-ARXIV-V12-Q-A1:2404.03648v2,ARX:FORMAL-ARXIV-V12-Q-A3:2404.03648v2,arXiv,Q-A3
REC-03246,ARX:FORMAL-ARXIV-V12-Q-A1:2403.11905v4,ARX:FORMAL-ARXIV-V12-Q-A3:2403.11905v4,arXiv,Q-A3
REC-03247,ARX:FORMAL-ARXIV-V12-Q-A1:2403.09333v2,ARX:FORMAL-ARXIV-V12-Q-D2:2403.09333v2,arXiv,Q-D2
REC-03248,ARX:FORMAL-ARXIV-V12-Q-A1:2403.07718v5,ARX:FORMAL-ARXIV-V12-Q-A3:2403.07718v5,arXiv,Q-A3
REC-03249,ARX:FORMAL-ARXIV-V12-Q-A1:2403.02713v2,ARX:FORMAL-ARXIV-V12-Q-D3:2403.02713v2,arXiv,Q-D3
REC-03252,ARX:FORMAL-ARXIV-V12-Q-A1:2402.17896v1,ARX:FORMAL-ARXIV-V12-Q-A3:2402.17896v1,arXiv,Q-A3
REC-03253,ARX:FORMAL-ARXIV-V12-Q-A1:2402.17553v3,ARX:FORMAL-ARXIV-V12-Q-A2S:2402.17553v3,arXiv,Q-A2S
REC-03253,ARX:FORMAL-ARXIV-V12-Q-A1:2402.17553v3,ARX:FORMAL-ARXIV-V12-Q-A3:2402.17553v3,arXiv,Q-A3
REC-03254,ARX:FORMAL-ARXIV-V12-Q-A1:2402.15057v1,ARX:FORMAL-ARXIV-V12-Q-A2W:2402.15057v1,arXiv,Q-A2W
REC-03254,ARX:FORMAL-ARXIV-V12-Q-A1:2402.15057v1,ARX:FORMAL-ARXIV-V12-Q-A3:2402.15057v1,arXiv,Q-A3
REC-03255,ARX:FORMAL-ARXIV-V12-Q-A1:2402.11941v3,ARX:FORMAL-ARXIV-V12-Q-A2S:2402.11941v3,arXiv,Q-A2S
REC-03255,ARX:FORMAL-ARXIV-V12-Q-A1:2402.11941v3,ARX:FORMAL-ARXIV-V12-Q-A2W:2402.11941v3,arXiv,Q-A2W
REC-03255,ARX:FORMAL-ARXIV-V12-Q-A1:2402.11941v3,ARX:FORMAL-ARXIV-V12-Q-A3:2402.11941v3,arXiv,Q-A3
REC-03259,ARX:FORMAL-ARXIV-V12-Q-A1:2401.13919v4,ARX:FORMAL-ARXIV-V12-Q-A3:2401.13919v4,arXiv,Q-A3
REC-03260,ARX:FORMAL-ARXIV-V12-Q-A1:2401.13649v2,ARX:FORMAL-ARXIV-V12-Q-A3:2401.13649v2,arXiv,Q-A3
REC-03262,ARX:FORMAL-ARXIV-V12-Q-A1:2401.10935v2,ARX:FORMAL-ARXIV-V12-Q-A3:2401.10935v2,arXiv,Q-A3
REC-03264,ARX:FORMAL-ARXIV-V12-Q-A1:2401.01614v2,ARX:FORMAL-ARXIV-V12-Q-A3:2401.01614v2,arXiv,Q-A3
REC-03265,ARX:FORMAL-ARXIV-V12-Q-A1:2312.08914v3,ARX:FORMAL-ARXIV-V12-Q-A2W:2312.08914v3,arXiv,Q-A2W
REC-03265,ARX:FORMAL-ARXIV-V12-Q-A1:2312.08914v3,ARX:FORMAL-ARXIV-V12-Q-A3:2312.08914v3,arXiv,Q-A3
REC-03270,ARX:FORMAL-ARXIV-V12-Q-A1:2309.11436v4,ARX:FORMAL-ARXIV-V12-Q-A3:2309.11436v4,arXiv,Q-A3
REC-03270,ARX:FORMAL-ARXIV-V12-Q-A1:2309.11436v4,ARX:FORMAL-ARXIV-V12-Q-D2:2309.11436v4,arXiv,Q-D2
REC-03282,ARX:FORMAL-ARXIV-V12-Q-A1:2305.11854v4,ARX:FORMAL-ARXIV-V12-Q-A2W:2305.11854v4,arXiv,Q-A2W
REC-03282,ARX:FORMAL-ARXIV-V12-Q-A1:2305.11854v4,ARX:FORMAL-ARXIV-V12-Q-A3:2305.11854v4,arXiv,Q-A3
REC-03286,ARX:FORMAL-ARXIV-V12-Q-A2S:2607.26791v1,ARX:FORMAL-ARXIV-V12-Q-D1:2607.26791v1,arXiv,Q-D1
REC-03286,ARX:FORMAL-ARXIV-V12-Q-A2S:2607.26791v1,ARX:FORMAL-ARXIV-V12-Q-D2:2607.26791v1,arXiv,Q-D2
REC-03287,ARX:FORMAL-ARXIV-V12-Q-A2S:2607.05456v1,ARX:FORMAL-ARXIV-V12-Q-D1:2607.05456v1,arXiv,Q-D1
REC-03288,ARX:FORMAL-ARXIV-V12-Q-A2S:2606.17368v1,ARX:FORMAL-ARXIV-V12-Q-C2:2606.17368v1,arXiv,Q-C2
REC-03288,ARX:FORMAL-ARXIV-V12-Q-A2S:2606.17368v1,ARX:FORMAL-ARXIV-V12-Q-C3:2606.17368v1,arXiv,Q-C3
REC-03288,ARX:FORMAL-ARXIV-V12-Q-A2S:2606.17368v1,ARX:FORMAL-ARXIV-V12-Q-D1:2606.17368v1,arXiv,Q-D1
REC-03292,ARX:FORMAL-ARXIV-V12-Q-A2S:2603.19685v1,ARX:FORMAL-ARXIV-V12-Q-A2W:2603.19685v1,arXiv,Q-A2W
REC-03293,ARX:FORMAL-ARXIV-V12-Q-A2S:2603.11721v2,ARX:FORMAL-ARXIV-V12-Q-C1:2603.11721v2,arXiv,Q-C1
REC-03293,ARX:FORMAL-ARXIV-V12-Q-A2S:2603.11721v2,ARX:FORMAL-ARXIV-V12-Q-D1:2603.11721v2,arXiv,Q-D1
REC-03295,ARX:FORMAL-ARXIV-V12-Q-A2S:2601.15311v3,ARX:FORMAL-ARXIV-V12-Q-D3:2601.15311v3,arXiv,Q-D3
REC-03296,ARX:FORMAL-ARXIV-V12-Q-A2S:2601.02399v1,ARX:FORMAL-ARXIV-V12-Q-A2W:2601.02399v1,arXiv,Q-A2W
REC-03298,ARX:FORMAL-ARXIV-V12-Q-A2S:2511.13087v1,ARX:FORMAL-ARXIV-V12-Q-D2:2511.13087v1,arXiv,Q-D2
REC-03299,ARX:FORMAL-ARXIV-V12-Q-A2S:2510.20333v3,ARX:FORMAL-ARXIV-V12-Q-A2W:2510.20333v3,arXiv,Q-A2W
REC-03299,ARX:FORMAL-ARXIV-V12-Q-A2S:2510.20333v3,ARX:FORMAL-ARXIV-V12-Q-B1:2510.20333v3,arXiv,Q-B1
REC-03299,ARX:FORMAL-ARXIV-V12-Q-A2S:2510.20333v3,ARX:FORMAL-ARXIV-V12-Q-B2:2510.20333v3,arXiv,Q-B2
REC-03299,ARX:FORMAL-ARXIV-V12-Q-A2S:2510.20333v3,ARX:FORMAL-ARXIV-V12-Q-D2:2510.20333v3,arXiv,Q-D2
REC-03299,ARX:FORMAL-ARXIV-V12-Q-A2S:2510.20333v3,ARX:FORMAL-ARXIV-V12-Q-S0:2510.20333v3,arXiv,Q-S0
REC-03302,ARX:FORMAL-ARXIV-V12-Q-A2S:2508.11360v2,ARX:FORMAL-ARXIV-V12-Q-A2W:2508.11360v2,arXiv,Q-A2W
REC-03303,ARX:FORMAL-ARXIV-V12-Q-A2S:2508.05731v2,ARX:FORMAL-ARXIV-V12-Q-D1:2508.05731v2,arXiv,Q-D1
REC-03308,ARX:FORMAL-ARXIV-V12-Q-A2S:2502.13053v3,ARX:FORMAL-ARXIV-V12-Q-A2W:2502.13053v3,arXiv,Q-A2W
REC-03308,ARX:FORMAL-ARXIV-V12-Q-A2S:2502.13053v3,ARX:FORMAL-ARXIV-V12-Q-B1:2502.13053v3,arXiv,Q-B1
REC-03308,ARX:FORMAL-ARXIV-V12-Q-A2S:2502.13053v3,ARX:FORMAL-ARXIV-V12-Q-D2:2502.13053v3,arXiv,Q-D2
REC-03308,ARX:FORMAL-ARXIV-V12-Q-A2S:2502.13053v3,ARX:FORMAL-ARXIV-V12-Q-S0:2502.13053v3,arXiv,Q-S0
REC-03311,ARX:FORMAL-ARXIV-V12-Q-A2S:2412.01799v1,ARX:FORMAL-ARXIV-V12-Q-D2:2412.01799v1,arXiv,Q-D2
REC-03314,ARX:FORMAL-ARXIV-V12-Q-A2S:2410.22662v2,ARX:FORMAL-ARXIV-V12-Q-C2:2410.22662v2,arXiv,Q-C2
REC-03316,ARX:FORMAL-ARXIV-V12-Q-A2S:2410.11872v2,ARX:FORMAL-ARXIV-V12-Q-A2W:2410.11872v2,arXiv,Q-A2W
REC-03318,ARX:FORMAL-ARXIV-V12-Q-A2S:2408.02926v1,ARX:FORMAL-ARXIV-V12-Q-D3:2408.02926v1,arXiv,Q-D3
REC-03321,ARX:FORMAL-ARXIV-V12-Q-A2S:2402.06596v1,ARX:FORMAL-ARXIV-V12-Q-A2W:2402.06596v1,arXiv,Q-A2W
REC-03321,ARX:FORMAL-ARXIV-V12-Q-A2S:2402.06596v1,ARX:FORMAL-ARXIV-V12-Q-C2:2402.06596v1,arXiv,Q-C2
REC-03323,ARX:FORMAL-ARXIV-V12-Q-A2S:2312.13108v2,ARX:FORMAL-ARXIV-V12-Q-A2W:2312.13108v2,arXiv,Q-A2W
REC-03329,ARX:FORMAL-ARXIV-V12-Q-A2W:2607.13027v1,ARX:FORMAL-ARXIV-V12-Q-D3:2607.13027v1,arXiv,Q-D3
REC-03332,ARX:FORMAL-ARXIV-V12-Q-A2W:2607.00333v2,ARX:FORMAL-ARXIV-V12-Q-C3:2607.00333v2,arXiv,Q-C3
REC-03332,ARX:FORMAL-ARXIV-V12-Q-A2W:2607.00333v2,ARX:FORMAL-ARXIV-V12-Q-S0:2607.00333v2,arXiv,Q-S0
REC-03333,ARX:FORMAL-ARXIV-V12-Q-A2W:2606.21071v1,ARX:FORMAL-ARXIV-V12-Q-B1:2606.21071v1,arXiv,Q-B1
REC-03333,ARX:FORMAL-ARXIV-V12-Q-A2W:2606.21071v1,ARX:FORMAL-ARXIV-V12-Q-B3:2606.21071v1,arXiv,Q-B3
REC-03333,ARX:FORMAL-ARXIV-V12-Q-A2W:2606.21071v1,ARX:FORMAL-ARXIV-V12-Q-C3:2606.21071v1,arXiv,Q-C3
REC-03333,ARX:FORMAL-ARXIV-V12-Q-A2W:2606.21071v1,ARX:FORMAL-ARXIV-V12-Q-D1:2606.21071v1,arXiv,Q-D1
REC-03334,ARX:FORMAL-ARXIV-V12-Q-A2W:2606.15860v1,ARX:FORMAL-ARXIV-V12-Q-C3:2606.15860v1,arXiv,Q-C3
REC-03339,ARX:FORMAL-ARXIV-V12-Q-A2W:2606.02372v1,ARX:FORMAL-ARXIV-V12-Q-D1:2606.02372v1,arXiv,Q-D1
REC-03350,ARX:FORMAL-ARXIV-V12-Q-A2W:2604.12371v2,ARX:FORMAL-ARXIV-V12-Q-B1:2604.12371v2,arXiv,Q-B1
REC-03350,ARX:FORMAL-ARXIV-V12-Q-A2W:2604.12371v2,ARX:FORMAL-ARXIV-V12-Q-D2:2604.12371v2,arXiv,Q-D2
REC-03363,ARX:FORMAL-ARXIV-V12-Q-A2W:2603.00960v1,ARX:FORMAL-ARXIV-V12-Q-C1:2603.00960v1,arXiv,Q-C1
REC-03364,ARX:FORMAL-ARXIV-V12-Q-A2W:2602.22525v2,ARX:FORMAL-ARXIV-V12-Q-D1:2602.22525v2,arXiv,Q-D1
REC-03364,ARX:FORMAL-ARXIV-V12-Q-A2W:2602.22525v2,ARX:FORMAL-ARXIV-V12-Q-S0:2602.22525v2,arXiv,Q-S0
REC-03368,ARX:FORMAL-ARXIV-V12-Q-A2W:2601.01366v1,ARX:FORMAL-ARXIV-V12-Q-D1:2601.01366v1,arXiv,Q-D1
REC-03377,ARX:FORMAL-ARXIV-V12-Q-A2W:2510.08640v3,ARX:FORMAL-ARXIV-V12-Q-D1:2510.08640v3,arXiv,Q-D1
REC-03382,ARX:FORMAL-ARXIV-V12-Q-A2W:2508.14031v2,ARX:FORMAL-ARXIV-V12-Q-D2:2508.14031v2,arXiv,Q-D2
REC-03382,ARX:FORMAL-ARXIV-V12-Q-A2W:2508.14031v2,ARX:FORMAL-ARXIV-V12-Q-D3:2508.14031v2,arXiv,Q-D3
REC-03382,ARX:FORMAL-ARXIV-V12-Q-A2W:2508.14031v2,ARX:FORMAL-ARXIV-V12-Q-S0:2508.14031v2,arXiv,Q-S0
REC-03389,ARX:FORMAL-ARXIV-V12-Q-A2W:2506.21252v1,ARX:FORMAL-ARXIV-V12-Q-S0:2506.21252v1,arXiv,Q-S0
REC-03391,ARX:FORMAL-ARXIV-V12-Q-A2W:2506.12088v2,ARX:FORMAL-ARXIV-V12-Q-C1:2506.12088v2,arXiv,Q-C1
REC-03405,ARX:FORMAL-ARXIV-V12-Q-A2W:2504.08999v3,ARX:FORMAL-ARXIV-V12-Q-B4:2504.08999v3,arXiv,Q-B4
REC-03406,ARX:FORMAL-ARXIV-V12-Q-A2W:2503.22738v2,ARX:FORMAL-ARXIV-V12-Q-D1:2503.22738v2,arXiv,Q-D1
REC-03406,ARX:FORMAL-ARXIV-V12-Q-A2W:2503.22738v2,ARX:FORMAL-ARXIV-V12-Q-D2:2503.22738v2,arXiv,Q-D2
REC-03406,ARX:FORMAL-ARXIV-V12-Q-A2W:2503.22738v2,ARX:FORMAL-ARXIV-V12-Q-S0:2503.22738v2,arXiv,Q-S0
REC-03409,ARX:FORMAL-ARXIV-V12-Q-A2W:2503.03056v1,ARX:FORMAL-ARXIV-V12-Q-D3:2503.03056v1,arXiv,Q-D3
REC-03419,ARX:FORMAL-ARXIV-V12-Q-A2W:2410.17520v3,ARX:FORMAL-ARXIV-V12-Q-B1:2410.17520v3,arXiv,Q-B1
REC-03419,ARX:FORMAL-ARXIV-V12-Q-A2W:2410.17520v3,ARX:FORMAL-ARXIV-V12-Q-D1:2410.17520v3,arXiv,Q-D1
REC-03419,ARX:FORMAL-ARXIV-V12-Q-A2W:2410.17520v3,ARX:FORMAL-ARXIV-V12-Q-D2:2410.17520v3,arXiv,Q-D2
REC-03419,ARX:FORMAL-ARXIV-V12-Q-A2W:2410.17520v3,ARX:FORMAL-ARXIV-V12-Q-S0:2410.17520v3,arXiv,Q-S0
REC-03421,ARX:FORMAL-ARXIV-V12-Q-A2W:2410.05434v1,ARX:FORMAL-ARXIV-V12-Q-S0:2410.05434v1,arXiv,Q-S0
REC-03422,ARX:FORMAL-ARXIV-V12-Q-A2W:2410.02052v5,ARX:FORMAL-ARXIV-V12-Q-D2:2410.02052v5,arXiv,Q-D2
REC-03428,ARX:FORMAL-ARXIV-V12-Q-A2W:2405.16247v4,ARX:FORMAL-ARXIV-V12-Q-D2:2405.16247v4,arXiv,Q-D2
REC-03430,ARX:FORMAL-ARXIV-V12-Q-A2W:2403.08978v2,ARX:FORMAL-ARXIV-V12-Q-D1:2403.08978v2,arXiv,Q-D1
REC-03439,ARX:FORMAL-ARXIV-V12-Q-B1:2607.29254v1,ARX:FORMAL-ARXIV-V12-Q-D2:2607.29254v1,arXiv,Q-D2
REC-03439,ARX:FORMAL-ARXIV-V12-Q-B1:2607.29254v1,ARX:FORMAL-ARXIV-V12-Q-S0:2607.29254v1,arXiv,Q-S0
REC-03440,ARX:FORMAL-ARXIV-V12-Q-B1:2607.24006v1,ARX:FORMAL-ARXIV-V12-Q-C3:2607.24006v1,arXiv,Q-C3
REC-03440,ARX:FORMAL-ARXIV-V12-Q-B1:2607.24006v1,ARX:FORMAL-ARXIV-V12-Q-D2:2607.24006v1,arXiv,Q-D2
REC-03440,ARX:FORMAL-ARXIV-V12-Q-B1:2607.24006v1,ARX:FORMAL-ARXIV-V12-Q-D3:2607.24006v1,arXiv,Q-D3
REC-03441,ARX:FORMAL-ARXIV-V12-Q-B1:2607.23586v1,ARX:FORMAL-ARXIV-V12-Q-C3:2607.23586v1,arXiv,Q-C3
REC-03441,ARX:FORMAL-ARXIV-V12-Q-B1:2607.23586v1,ARX:FORMAL-ARXIV-V12-Q-S0:2607.23586v1,arXiv,Q-S0
REC-03443,ARX:FORMAL-ARXIV-V12-Q-B1:2607.21824v1,ARX:FORMAL-ARXIV-V12-Q-D2:2607.21824v1,arXiv,Q-D2
REC-03443,ARX:FORMAL-ARXIV-V12-Q-B1:2607.21824v1,ARX:FORMAL-ARXIV-V12-Q-S0:2607.21824v1,arXiv,Q-S0
REC-03444,ARX:FORMAL-ARXIV-V12-Q-B1:2607.19837v1,ARX:FORMAL-ARXIV-V12-Q-D1:2607.19837v1,arXiv,Q-D1
REC-03445,ARX:FORMAL-ARXIV-V12-Q-B1:2607.19595v1,ARX:FORMAL-ARXIV-V12-Q-B3:2607.19595v1,arXiv,Q-B3
REC-03445,ARX:FORMAL-ARXIV-V12-Q-B1:2607.19595v1,ARX:FORMAL-ARXIV-V12-Q-D1:2607.19595v1,arXiv,Q-D1
REC-03445,ARX:FORMAL-ARXIV-V12-Q-B1:2607.19595v1,ARX:FORMAL-ARXIV-V12-Q-D2:2607.19595v1,arXiv,Q-D2
REC-03445,ARX:FORMAL-ARXIV-V12-Q-B1:2607.19595v1,ARX:FORMAL-ARXIV-V12-Q-S0:2607.19595v1,arXiv,Q-S0
REC-03446,ARX:FORMAL-ARXIV-V12-Q-B1:2607.18847v1,ARX:FORMAL-ARXIV-V12-Q-C2:2607.18847v1,arXiv,Q-C2
REC-03446,ARX:FORMAL-ARXIV-V12-Q-B1:2607.18847v1,ARX:FORMAL-ARXIV-V12-Q-C3:2607.18847v1,arXiv,Q-C3
REC-03447,ARX:FORMAL-ARXIV-V12-Q-B1:2607.19430v2,ARX:FORMAL-ARXIV-V12-Q-B3:2607.19430v2,arXiv,Q-B3
REC-03447,ARX:FORMAL-ARXIV-V12-Q-B1:2607.19430v2,ARX:FORMAL-ARXIV-V12-Q-C2:2607.19430v2,arXiv,Q-C2
REC-03448,ARX:FORMAL-ARXIV-V12-Q-B1:2607.18063v1,ARX:FORMAL-ARXIV-V12-Q-D1:2607.18063v1,arXiv,Q-D1
REC-03448,ARX:FORMAL-ARXIV-V12-Q-B1:2607.18063v1,ARX:FORMAL-ARXIV-V12-Q-S0:2607.18063v1,arXiv,Q-S0
REC-03449,ARX:FORMAL-ARXIV-V12-Q-B1:2607.17535v1,ARX:FORMAL-ARXIV-V12-Q-S0:2607.17535v1,arXiv,Q-S0
REC-03452,ARX:FORMAL-ARXIV-V12-Q-B1:2607.12624v1,ARX:FORMAL-ARXIV-V12-Q-D2:2607.12624v1,arXiv,Q-D2
REC-03452,ARX:FORMAL-ARXIV-V12-Q-B1:2607.12624v1,ARX:FORMAL-ARXIV-V12-Q-S0:2607.12624v1,arXiv,Q-S0
REC-03452,ARX:FORMAL-ARXIV-V12-Q-B1:2607.12624v1,ARX:FORMAL-ARXIV-V12-Q-S1:2607.12624v1,arXiv,Q-S1
REC-03453,ARX:FORMAL-ARXIV-V12-Q-B1:2607.12406v1,ARX:FORMAL-ARXIV-V12-Q-C2:2607.12406v1,arXiv,Q-C2
REC-03453,ARX:FORMAL-ARXIV-V12-Q-B1:2607.12406v1,ARX:FORMAL-ARXIV-V12-Q-D2:2607.12406v1,arXiv,Q-D2
REC-03453,ARX:FORMAL-ARXIV-V12-Q-B1:2607.12406v1,ARX:FORMAL-ARXIV-V12-Q-S0:2607.12406v1,arXiv,Q-S0
REC-03454,ARX:FORMAL-ARXIV-V12-Q-B1:2607.13081v1,ARX:FORMAL-ARXIV-V12-Q-D1:2607.13081v1,arXiv,Q-D1
REC-03454,ARX:FORMAL-ARXIV-V12-Q-B1:2607.13081v1,ARX:FORMAL-ARXIV-V12-Q-D2:2607.13081v1,arXiv,Q-D2
REC-03454,ARX:FORMAL-ARXIV-V12-Q-B1:2607.13081v1,ARX:FORMAL-ARXIV-V12-Q-S0:2607.13081v1,arXiv,Q-S0
REC-03456,ARX:FORMAL-ARXIV-V12-Q-B1:2607.07433v1,ARX:FORMAL-ARXIV-V12-Q-S0:2607.07433v1,arXiv,Q-S0
REC-03458,ARX:FORMAL-ARXIV-V12-Q-B1:2607.03821v1,ARX:FORMAL-ARXIV-V12-Q-D2:2607.03821v1,arXiv,Q-D2
REC-03458,ARX:FORMAL-ARXIV-V12-Q-B1:2607.03821v1,ARX:FORMAL-ARXIV-V12-Q-S0:2607.03821v1,arXiv,Q-S0
REC-03458,ARX:FORMAL-ARXIV-V12-Q-B1:2607.03821v1,ARX:FORMAL-ARXIV-V12-Q-S1:2607.03821v1,arXiv,Q-S1
REC-03460,ARX:FORMAL-ARXIV-V12-Q-B1:2606.30755v1,ARX:FORMAL-ARXIV-V12-Q-B3:2606.30755v1,arXiv,Q-B3
REC-03460,ARX:FORMAL-ARXIV-V12-Q-B1:2606.30755v1,ARX:FORMAL-ARXIV-V12-Q-C1:2606.30755v1,arXiv,Q-C1
REC-03460,ARX:FORMAL-ARXIV-V12-Q-B1:2606.30755v1,ARX:FORMAL-ARXIV-V12-Q-D2:2606.30755v1,arXiv,Q-D2
REC-03460,ARX:FORMAL-ARXIV-V12-Q-B1:2606.30755v1,ARX:FORMAL-ARXIV-V12-Q-S0:2606.30755v1,arXiv,Q-S0
REC-03462,ARX:FORMAL-ARXIV-V12-Q-B1:2606.26793v1,ARX:FORMAL-ARXIV-V12-Q-B2:2606.26793v1,arXiv,Q-B2
REC-03465,ARX:FORMAL-ARXIV-V12-Q-B1:2606.25836v2,ARX:FORMAL-ARXIV-V12-Q-C3:2606.25836v2,arXiv,Q-C3
REC-03466,ARX:FORMAL-ARXIV-V12-Q-B1:2606.23416v1,ARX:FORMAL-ARXIV-V12-Q-B3:2606.23416v1,arXiv,Q-B3
REC-03466,ARX:FORMAL-ARXIV-V12-Q-B1:2606.23416v1,ARX:FORMAL-ARXIV-V12-Q-C3:2606.23416v1,arXiv,Q-C3
REC-03466,ARX:FORMAL-ARXIV-V12-Q-B1:2606.23416v1,ARX:FORMAL-ARXIV-V12-Q-D1:2606.23416v1,arXiv,Q-D1
REC-03466,ARX:FORMAL-ARXIV-V12-Q-B1:2606.23416v1,ARX:FORMAL-ARXIV-V12-Q-D2:2606.23416v1,arXiv,Q-D2
REC-03466,ARX:FORMAL-ARXIV-V12-Q-B1:2606.23416v1,ARX:FORMAL-ARXIV-V12-Q-S0:2606.23416v1,arXiv,Q-S0
REC-03467,ARX:FORMAL-ARXIV-V12-Q-B1:2606.23277v1,ARX:FORMAL-ARXIV-V12-Q-B3:2606.23277v1,arXiv,Q-B3
REC-03468,ARX:FORMAL-ARXIV-V12-Q-B1:2606.21129v1,ARX:FORMAL-ARXIV-V12-Q-B3:2606.21129v1,arXiv,Q-B3
REC-03468,ARX:FORMAL-ARXIV-V12-Q-B1:2606.21129v1,ARX:FORMAL-ARXIV-V12-Q-C3:2606.21129v1,arXiv,Q-C3
REC-03468,ARX:FORMAL-ARXIV-V12-Q-B1:2606.21129v1,ARX:FORMAL-ARXIV-V12-Q-D1:2606.21129v1,arXiv,Q-D1
REC-03468,ARX:FORMAL-ARXIV-V12-Q-B1:2606.21129v1,ARX:FORMAL-ARXIV-V12-Q-S0:2606.21129v1,arXiv,Q-S0
REC-03469,ARX:FORMAL-ARXIV-V12-Q-B1:2606.20470v2,ARX:FORMAL-ARXIV-V12-Q-D1:2606.20470v2,arXiv,Q-D1
REC-03469,ARX:FORMAL-ARXIV-V12-Q-B1:2606.20470v2,ARX:FORMAL-ARXIV-V12-Q-D2:2606.20470v2,arXiv,Q-D2
REC-03469,ARX:FORMAL-ARXIV-V12-Q-B1:2606.20470v2,ARX:FORMAL-ARXIV-V12-Q-S0:2606.20470v2,arXiv,Q-S0
REC-03470,ARX:FORMAL-ARXIV-V12-Q-B1:2606.20746v1,ARX:FORMAL-ARXIV-V12-Q-D1:2606.20746v1,arXiv,Q-D1
REC-03470,ARX:FORMAL-ARXIV-V12-Q-B1:2606.20746v1,ARX:FORMAL-ARXIV-V12-Q-S1:2606.20746v1,arXiv,Q-S1
REC-03472,ARX:FORMAL-ARXIV-V12-Q-B1:2606.19235v1,ARX:FORMAL-ARXIV-V12-Q-S1:2606.19235v1,arXiv,Q-S1
REC-03473,ARX:FORMAL-ARXIV-V12-Q-B1:2606.18550v1,ARX:FORMAL-ARXIV-V12-Q-C3:2606.18550v1,arXiv,Q-C3
REC-03473,ARX:FORMAL-ARXIV-V12-Q-B1:2606.18550v1,ARX:FORMAL-ARXIV-V12-Q-D1:2606.18550v1,arXiv,Q-D1
REC-03473,ARX:FORMAL-ARXIV-V12-Q-B1:2606.18550v1,ARX:FORMAL-ARXIV-V12-Q-D3:2606.18550v1,arXiv,Q-D3
REC-03474,ARX:FORMAL-ARXIV-V12-Q-B1:2606.17467v2,ARX:FORMAL-ARXIV-V12-Q-C3:2606.17467v2,arXiv,Q-C3
REC-03474,ARX:FORMAL-ARXIV-V12-Q-B1:2606.17467v2,ARX:FORMAL-ARXIV-V12-Q-D1:2606.17467v2,arXiv,Q-D1
REC-03474,ARX:FORMAL-ARXIV-V12-Q-B1:2606.17467v2,ARX:FORMAL-ARXIV-V12-Q-D2:2606.17467v2,arXiv,Q-D2
REC-03475,ARX:FORMAL-ARXIV-V12-Q-B1:2606.17114v1,ARX:FORMAL-ARXIV-V12-Q-S0:2606.17114v1,arXiv,Q-S0
REC-03476,ARX:FORMAL-ARXIV-V12-Q-B1:2606.15441v1,ARX:FORMAL-ARXIV-V12-Q-S1:2606.15441v1,arXiv,Q-S1
REC-03477,ARX:FORMAL-ARXIV-V12-Q-B1:2606.15057v2,ARX:FORMAL-ARXIV-V12-Q-D2:2606.15057v2,arXiv,Q-D2
REC-03477,ARX:FORMAL-ARXIV-V12-Q-B1:2606.15057v2,ARX:FORMAL-ARXIV-V12-Q-S0:2606.15057v2,arXiv,Q-S0
REC-03478,ARX:FORMAL-ARXIV-V12-Q-B1:2606.15008v1,ARX:FORMAL-ARXIV-V12-Q-C2:2606.15008v1,arXiv,Q-C2
REC-03478,ARX:FORMAL-ARXIV-V12-Q-B1:2606.15008v1,ARX:FORMAL-ARXIV-V12-Q-C3:2606.15008v1,arXiv,Q-C3
REC-03479,ARX:FORMAL-ARXIV-V12-Q-B1:2606.14517v2,ARX:FORMAL-ARXIV-V12-Q-C2:2606.14517v2,arXiv,Q-C2
REC-03479,ARX:FORMAL-ARXIV-V12-Q-B1:2606.14517v2,ARX:FORMAL-ARXIV-V12-Q-D2:2606.14517v2,arXiv,Q-D2
REC-03479,ARX:FORMAL-ARXIV-V12-Q-B1:2606.14517v2,ARX:FORMAL-ARXIV-V12-Q-S0:2606.14517v2,arXiv,Q-S0
REC-03480,ARX:FORMAL-ARXIV-V12-Q-B1:2606.14154v1,ARX:FORMAL-ARXIV-V12-Q-B3:2606.14154v1,arXiv,Q-B3
REC-03480,ARX:FORMAL-ARXIV-V12-Q-B1:2606.14154v1,ARX:FORMAL-ARXIV-V12-Q-D2:2606.14154v1,arXiv,Q-D2
REC-03480,ARX:FORMAL-ARXIV-V12-Q-B1:2606.14154v1,ARX:FORMAL-ARXIV-V12-Q-S0:2606.14154v1,arXiv,Q-S0
REC-03482,ARX:FORMAL-ARXIV-V12-Q-B1:2606.12737v1,ARX:FORMAL-ARXIV-V12-Q-D1:2606.12737v1,arXiv,Q-D1
REC-03482,ARX:FORMAL-ARXIV-V12-Q-B1:2606.12737v1,ARX:FORMAL-ARXIV-V12-Q-D2:2606.12737v1,arXiv,Q-D2
REC-03482,ARX:FORMAL-ARXIV-V12-Q-B1:2606.12737v1,ARX:FORMAL-ARXIV-V12-Q-S1:2606.12737v1,arXiv,Q-S1
REC-03483,ARX:FORMAL-ARXIV-V12-Q-B1:2606.12709v1,ARX:FORMAL-ARXIV-V12-Q-C2:2606.12709v1,arXiv,Q-C2
REC-03483,ARX:FORMAL-ARXIV-V12-Q-B1:2606.12709v1,ARX:FORMAL-ARXIV-V12-Q-S0:2606.12709v1,arXiv,Q-S0
REC-03485,ARX:FORMAL-ARXIV-V12-Q-B1:2606.09315v1,ARX:FORMAL-ARXIV-V12-Q-C3:2606.09315v1,arXiv,Q-C3
REC-03485,ARX:FORMAL-ARXIV-V12-Q-B1:2606.09315v1,ARX:FORMAL-ARXIV-V12-Q-D1:2606.09315v1,arXiv,Q-D1
REC-03485,ARX:FORMAL-ARXIV-V12-Q-B1:2606.09315v1,ARX:FORMAL-ARXIV-V12-Q-S0:2606.09315v1,arXiv,Q-S0
REC-03485,ARX:FORMAL-ARXIV-V12-Q-B1:2606.09315v1,ARX:FORMAL-ARXIV-V12-Q-S1:2606.09315v1,arXiv,Q-S1
REC-03486,ARX:FORMAL-ARXIV-V12-Q-B1:2606.09935v1,ARX:FORMAL-ARXIV-V12-Q-C3:2606.09935v1,arXiv,Q-C3
REC-03486,ARX:FORMAL-ARXIV-V12-Q-B1:2606.09935v1,ARX:FORMAL-ARXIV-V12-Q-S1:2606.09935v1,arXiv,Q-S1
REC-03487,ARX:FORMAL-ARXIV-V12-Q-B1:2606.07992v1,ARX:FORMAL-ARXIV-V12-Q-B4:2606.07992v1,arXiv,Q-B4
REC-03487,ARX:FORMAL-ARXIV-V12-Q-B1:2606.07992v1,ARX:FORMAL-ARXIV-V12-Q-C3:2606.07992v1,arXiv,Q-C3
REC-03487,ARX:FORMAL-ARXIV-V12-Q-B1:2606.07992v1,ARX:FORMAL-ARXIV-V12-Q-D2:2606.07992v1,arXiv,Q-D2
REC-03488,ARX:FORMAL-ARXIV-V12-Q-B1:2606.07131v3,ARX:FORMAL-ARXIV-V12-Q-B3:2606.07131v3,arXiv,Q-B3
REC-03488,ARX:FORMAL-ARXIV-V12-Q-B1:2606.07131v3,ARX:FORMAL-ARXIV-V12-Q-C3:2606.07131v3,arXiv,Q-C3
REC-03488,ARX:FORMAL-ARXIV-V12-Q-B1:2606.07131v3,ARX:FORMAL-ARXIV-V12-Q-S0:2606.07131v3,arXiv,Q-S0
REC-03490,ARX:FORMAL-ARXIV-V12-Q-B1:2606.05449v1,ARX:FORMAL-ARXIV-V12-Q-C3:2606.05449v1,arXiv,Q-C3
REC-03491,ARX:FORMAL-ARXIV-V12-Q-B1:2606.04141v1,ARX:FORMAL-ARXIV-V12-Q-B3:2606.04141v1,arXiv,Q-B3
REC-03491,ARX:FORMAL-ARXIV-V12-Q-B1:2606.04141v1,ARX:FORMAL-ARXIV-V12-Q-D2:2606.04141v1,arXiv,Q-D2
REC-03492,ARX:FORMAL-ARXIV-V12-Q-B1:2606.03777v1,ARX:FORMAL-ARXIV-V12-Q-B3:2606.03777v1,arXiv,Q-B3
REC-03492,ARX:FORMAL-ARXIV-V12-Q-B1:2606.03777v1,ARX:FORMAL-ARXIV-V12-Q-D3:2606.03777v1,arXiv,Q-D3
REC-03493,ARX:FORMAL-ARXIV-V12-Q-B1:2606.02240v3,ARX:FORMAL-ARXIV-V12-Q-C3:2606.02240v3,arXiv,Q-C3
REC-03493,ARX:FORMAL-ARXIV-V12-Q-B1:2606.02240v3,ARX:FORMAL-ARXIV-V12-Q-D2:2606.02240v3,arXiv,Q-D2
REC-03493,ARX:FORMAL-ARXIV-V12-Q-B1:2606.02240v3,ARX:FORMAL-ARXIV-V12-Q-S0:2606.02240v3,arXiv,Q-S0
REC-03494,ARX:FORMAL-ARXIV-V12-Q-B1:2605.31042v1,ARX:FORMAL-ARXIV-V12-Q-B3:2605.31042v1,arXiv,Q-B3
REC-03494,ARX:FORMAL-ARXIV-V12-Q-B1:2605.31042v1,ARX:FORMAL-ARXIV-V12-Q-D2:2605.31042v1,arXiv,Q-D2
REC-03494,ARX:FORMAL-ARXIV-V12-Q-B1:2605.31042v1,ARX:FORMAL-ARXIV-V12-Q-S0:2605.31042v1,arXiv,Q-S0
REC-03494,ARX:FORMAL-ARXIV-V12-Q-B1:2605.31042v1,ARX:FORMAL-ARXIV-V12-Q-S1:2605.31042v1,arXiv,Q-S1
REC-03495,ARX:FORMAL-ARXIV-V12-Q-B1:2605.30837v2,ARX:FORMAL-ARXIV-V12-Q-S1:2605.30837v2,arXiv,Q-S1
REC-03496,ARX:FORMAL-ARXIV-V12-Q-B1:2605.30686v1,ARX:FORMAL-ARXIV-V12-Q-S0:2605.30686v1,arXiv,Q-S0
REC-03496,ARX:FORMAL-ARXIV-V12-Q-B1:2605.30686v1,ARX:FORMAL-ARXIV-V12-Q-S1:2605.30686v1,arXiv,Q-S1
REC-03497,ARX:FORMAL-ARXIV-V12-Q-B1:2605.30677v1,ARX:FORMAL-ARXIV-V12-Q-D2:2605.30677v1,arXiv,Q-D2
REC-03497,ARX:FORMAL-ARXIV-V12-Q-B1:2605.30677v1,ARX:FORMAL-ARXIV-V12-Q-S0:2605.30677v1,arXiv,Q-S0
REC-03497,ARX:FORMAL-ARXIV-V12-Q-B1:2605.30677v1,ARX:FORMAL-ARXIV-V12-Q-S1:2605.30677v1,arXiv,Q-S1
REC-03498,ARX:FORMAL-ARXIV-V12-Q-B1:2605.30667v1,ARX:FORMAL-ARXIV-V12-Q-D2:2605.30667v1,arXiv,Q-D2
REC-03498,ARX:FORMAL-ARXIV-V12-Q-B1:2605.30667v1,ARX:FORMAL-ARXIV-V12-Q-S0:2605.30667v1,arXiv,Q-S0
REC-03499,ARX:FORMAL-ARXIV-V12-Q-B1:2605.30534v1,ARX:FORMAL-ARXIV-V12-Q-D1:2605.30534v1,arXiv,Q-D1
REC-03499,ARX:FORMAL-ARXIV-V12-Q-B1:2605.30534v1,ARX:FORMAL-ARXIV-V12-Q-D2:2605.30534v1,arXiv,Q-D2
REC-03499,ARX:FORMAL-ARXIV-V12-Q-B1:2605.30534v1,ARX:FORMAL-ARXIV-V12-Q-S1:2605.30534v1,arXiv,Q-S1
REC-03500,ARX:FORMAL-ARXIV-V12-Q-B1:2605.30454v1,ARX:FORMAL-ARXIV-V12-Q-B3:2605.30454v1,arXiv,Q-B3
REC-03500,ARX:FORMAL-ARXIV-V12-Q-B1:2605.30454v1,ARX:FORMAL-ARXIV-V12-Q-D2:2605.30454v1,arXiv,Q-D2
REC-03503,ARX:FORMAL-ARXIV-V12-Q-B1:2605.25871v1,ARX:FORMAL-ARXIV-V12-Q-B3:2605.25871v1,arXiv,Q-B3
REC-03503,ARX:FORMAL-ARXIV-V12-Q-B1:2605.25871v1,ARX:FORMAL-ARXIV-V12-Q-D2:2605.25871v1,arXiv,Q-D2
REC-03503,ARX:FORMAL-ARXIV-V12-Q-B1:2605.25871v1,ARX:FORMAL-ARXIV-V12-Q-S0:2605.25871v1,arXiv,Q-S0
REC-03504,ARX:FORMAL-ARXIV-V12-Q-B1:2605.24421v1,ARX:FORMAL-ARXIV-V12-Q-S1:2605.24421v1,arXiv,Q-S1
REC-03505,ARX:FORMAL-ARXIV-V12-Q-B1:2605.20704v1,ARX:FORMAL-ARXIV-V12-Q-C2:2605.20704v1,arXiv,Q-C2
REC-03505,ARX:FORMAL-ARXIV-V12-Q-B1:2605.20704v1,ARX:FORMAL-ARXIV-V12-Q-C3:2605.20704v1,arXiv,Q-C3
REC-03505,ARX:FORMAL-ARXIV-V12-Q-B1:2605.20704v1,ARX:FORMAL-ARXIV-V12-Q-D1:2605.20704v1,arXiv,Q-D1
REC-03505,ARX:FORMAL-ARXIV-V12-Q-B1:2605.20704v1,ARX:FORMAL-ARXIV-V12-Q-D2:2605.20704v1,arXiv,Q-D2
REC-03505,ARX:FORMAL-ARXIV-V12-Q-B1:2605.20704v1,ARX:FORMAL-ARXIV-V12-Q-D3:2605.20704v1,arXiv,Q-D3
REC-03506,ARX:FORMAL-ARXIV-V12-Q-B1:2605.18583v1,ARX:FORMAL-ARXIV-V12-Q-C3:2605.18583v1,arXiv,Q-C3
REC-03507,ARX:FORMAL-ARXIV-V12-Q-B1:2605.18133v1,ARX:FORMAL-ARXIV-V12-Q-S1:2605.18133v1,arXiv,Q-S1
REC-03508,ARX:FORMAL-ARXIV-V12-Q-B1:2605.17986v3,ARX:FORMAL-ARXIV-V12-Q-C3:2605.17986v3,arXiv,Q-C3
REC-03508,ARX:FORMAL-ARXIV-V12-Q-B1:2605.17986v3,ARX:FORMAL-ARXIV-V12-Q-D2:2605.17986v3,arXiv,Q-D2
REC-03508,ARX:FORMAL-ARXIV-V12-Q-B1:2605.17986v3,ARX:FORMAL-ARXIV-V12-Q-S0:2605.17986v3,arXiv,Q-S0
REC-03508,ARX:FORMAL-ARXIV-V12-Q-B1:2605.17986v3,ARX:FORMAL-ARXIV-V12-Q-S1:2605.17986v3,arXiv,Q-S1
REC-03509,ARX:FORMAL-ARXIV-V12-Q-B1:2605.18918v1,ARX:FORMAL-ARXIV-V12-Q-S1:2605.18918v1,arXiv,Q-S1
REC-03510,ARX:FORMAL-ARXIV-V12-Q-B1:2605.17634v1,ARX:FORMAL-ARXIV-V12-Q-B3:2605.17634v1,arXiv,Q-B3
REC-03510,ARX:FORMAL-ARXIV-V12-Q-B1:2605.17634v1,ARX:FORMAL-ARXIV-V12-Q-D2:2605.17634v1,arXiv,Q-D2
REC-03510,ARX:FORMAL-ARXIV-V12-Q-B1:2605.17634v1,ARX:FORMAL-ARXIV-V12-Q-S0:2605.17634v1,arXiv,Q-S0
REC-03510,ARX:FORMAL-ARXIV-V12-Q-B1:2605.17634v1,ARX:FORMAL-ARXIV-V12-Q-S1:2605.17634v1,arXiv,Q-S1
REC-03511,ARX:FORMAL-ARXIV-V12-Q-B1:2605.17380v1,ARX:FORMAL-ARXIV-V12-Q-B4:2605.17380v1,arXiv,Q-B4
REC-03511,ARX:FORMAL-ARXIV-V12-Q-B1:2605.17380v1,ARX:FORMAL-ARXIV-V12-Q-D1:2605.17380v1,arXiv,Q-D1
REC-03511,ARX:FORMAL-ARXIV-V12-Q-B1:2605.17380v1,ARX:FORMAL-ARXIV-V12-Q-D2:2605.17380v1,arXiv,Q-D2
REC-03511,ARX:FORMAL-ARXIV-V12-Q-B1:2605.17380v1,ARX:FORMAL-ARXIV-V12-Q-S0:2605.17380v1,arXiv,Q-S0
REC-03512,ARX:FORMAL-ARXIV-V12-Q-B1:2605.17324v1,ARX:FORMAL-ARXIV-V12-Q-D1:2605.17324v1,arXiv,Q-D1
REC-03512,ARX:FORMAL-ARXIV-V12-Q-B1:2605.17324v1,ARX:FORMAL-ARXIV-V12-Q-S0:2605.17324v1,arXiv,Q-S0
REC-03512,ARX:FORMAL-ARXIV-V12-Q-B1:2605.17324v1,ARX:FORMAL-ARXIV-V12-Q-S1:2605.17324v1,arXiv,Q-S1
REC-03513,ARX:FORMAL-ARXIV-V12-Q-B1:2605.16233v1,ARX:FORMAL-ARXIV-V12-Q-D2:2605.16233v1,arXiv,Q-D2
REC-03514,ARX:FORMAL-ARXIV-V12-Q-B1:2605.13471v1,ARX:FORMAL-ARXIV-V12-Q-C3:2605.13471v1,arXiv,Q-C3
REC-03514,ARX:FORMAL-ARXIV-V12-Q-B1:2605.13471v1,ARX:FORMAL-ARXIV-V12-Q-D1:2605.13471v1,arXiv,Q-D1
REC-03514,ARX:FORMAL-ARXIV-V12-Q-B1:2605.13471v1,ARX:FORMAL-ARXIV-V12-Q-D2:2605.13471v1,arXiv,Q-D2
REC-03514,ARX:FORMAL-ARXIV-V12-Q-B1:2605.13471v1,ARX:FORMAL-ARXIV-V12-Q-S0:2605.13471v1,arXiv,Q-S0
REC-03514,ARX:FORMAL-ARXIV-V12-Q-B1:2605.13471v1,ARX:FORMAL-ARXIV-V12-Q-S1:2605.13471v1,arXiv,Q-S1
REC-03516,ARX:FORMAL-ARXIV-V12-Q-B1:2605.13044v1,ARX:FORMAL-ARXIV-V12-Q-S0:2605.13044v1,arXiv,Q-S0
REC-03518,ARX:FORMAL-ARXIV-V12-Q-B1:2605.11868v1,ARX:FORMAL-ARXIV-V12-Q-B3:2605.11868v1,arXiv,Q-B3
REC-03518,ARX:FORMAL-ARXIV-V12-Q-B1:2605.11868v1,ARX:FORMAL-ARXIV-V12-Q-D1:2605.11868v1,arXiv,Q-D1
REC-03518,ARX:FORMAL-ARXIV-V12-Q-B1:2605.11868v1,ARX:FORMAL-ARXIV-V12-Q-D2:2605.11868v1,arXiv,Q-D2
REC-03518,ARX:FORMAL-ARXIV-V12-Q-B1:2605.11868v1,ARX:FORMAL-ARXIV-V12-Q-S0:2605.11868v1,arXiv,Q-S0
REC-03518,ARX:FORMAL-ARXIV-V12-Q-B1:2605.11868v1,ARX:FORMAL-ARXIV-V12-Q-S1:2605.11868v1,arXiv,Q-S1
REC-03521,ARX:FORMAL-ARXIV-V12-Q-B1:2605.11047v2,ARX:FORMAL-ARXIV-V12-Q-D1:2605.11047v2,arXiv,Q-D1
REC-03521,ARX:FORMAL-ARXIV-V12-Q-B1:2605.11047v2,ARX:FORMAL-ARXIV-V12-Q-S0:2605.11047v2,arXiv,Q-S0
REC-03522,ARX:FORMAL-ARXIV-V12-Q-B1:2605.11026v1,ARX:FORMAL-ARXIV-V12-Q-B3:2605.11026v1,arXiv,Q-B3
REC-03522,ARX:FORMAL-ARXIV-V12-Q-B1:2605.11026v1,ARX:FORMAL-ARXIV-V12-Q-D2:2605.11026v1,arXiv,Q-D2
REC-03523,ARX:FORMAL-ARXIV-V12-Q-B1:2605.08828v2,ARX:FORMAL-ARXIV-V12-Q-C3:2605.08828v2,arXiv,Q-C3
REC-03523,ARX:FORMAL-ARXIV-V12-Q-B1:2605.08828v2,ARX:FORMAL-ARXIV-V12-Q-D1:2605.08828v2,arXiv,Q-D1
REC-03525,ARX:FORMAL-ARXIV-V12-Q-B1:2605.16346v1,ARX:FORMAL-ARXIV-V12-Q-C2:2605.16346v1,arXiv,Q-C2
REC-03526,ARX:FORMAL-ARXIV-V12-Q-B1:2605.08257v1,ARX:FORMAL-ARXIV-V12-Q-C2:2605.08257v1,arXiv,Q-C2
REC-03526,ARX:FORMAL-ARXIV-V12-Q-B1:2605.08257v1,ARX:FORMAL-ARXIV-V12-Q-D1:2605.08257v1,arXiv,Q-D1
REC-03526,ARX:FORMAL-ARXIV-V12-Q-B1:2605.08257v1,ARX:FORMAL-ARXIV-V12-Q-S0:2605.08257v1,arXiv,Q-S0
REC-03527,ARX:FORMAL-ARXIV-V12-Q-B1:2607.22545v1,ARX:FORMAL-ARXIV-V12-Q-S1:2607.22545v1,arXiv,Q-S1
REC-03529,ARX:FORMAL-ARXIV-V12-Q-B1:2605.02811v2,ARX:FORMAL-ARXIV-V12-Q-B4:2605.02811v2,arXiv,Q-B4
REC-03530,ARX:FORMAL-ARXIV-V12-Q-B1:2605.01462v1,ARX:FORMAL-ARXIV-V12-Q-S1:2605.01462v1,arXiv,Q-S1
REC-03531,ARX:FORMAL-ARXIV-V12-Q-B1:2605.01186v1,ARX:FORMAL-ARXIV-V12-Q-S0:2605.01186v1,arXiv,Q-S0
REC-03532,ARX:FORMAL-ARXIV-V12-Q-B1:2604.28157v1,ARX:FORMAL-ARXIV-V12-Q-D1:2604.28157v1,arXiv,Q-D1
REC-03532,ARX:FORMAL-ARXIV-V12-Q-B1:2604.28157v1,ARX:FORMAL-ARXIV-V12-Q-D2:2604.28157v1,arXiv,Q-D2
REC-03532,ARX:FORMAL-ARXIV-V12-Q-B1:2604.28157v1,ARX:FORMAL-ARXIV-V12-Q-S1:2604.28157v1,arXiv,Q-S1
REC-03533,ARX:FORMAL-ARXIV-V12-Q-B1:2604.27202v1,ARX:FORMAL-ARXIV-V12-Q-S1:2604.27202v1,arXiv,Q-S1
REC-03534,ARX:FORMAL-ARXIV-V12-Q-B1:2604.25102v1,ARX:FORMAL-ARXIV-V12-Q-D1:2604.25102v1,arXiv,Q-D1
REC-03535,ARX:FORMAL-ARXIV-V12-Q-B1:2604.24118v1,ARX:FORMAL-ARXIV-V12-Q-D1:2604.24118v1,arXiv,Q-D1
REC-03535,ARX:FORMAL-ARXIV-V12-Q-B1:2604.24118v1,ARX:FORMAL-ARXIV-V12-Q-D2:2604.24118v1,arXiv,Q-D2
REC-03535,ARX:FORMAL-ARXIV-V12-Q-B1:2604.24118v1,ARX:FORMAL-ARXIV-V12-Q-S0:2604.24118v1,arXiv,Q-S0
REC-03535,ARX:FORMAL-ARXIV-V12-Q-B1:2604.24118v1,ARX:FORMAL-ARXIV-V12-Q-S1:2604.24118v1,arXiv,Q-S1
REC-03536,ARX:FORMAL-ARXIV-V12-Q-B1:2604.24020v1,ARX:FORMAL-ARXIV-V12-Q-C1:2604.24020v1,arXiv,Q-C1
REC-03536,ARX:FORMAL-ARXIV-V12-Q-B1:2604.24020v1,ARX:FORMAL-ARXIV-V12-Q-S0:2604.24020v1,arXiv,Q-S0
REC-03538,ARX:FORMAL-ARXIV-V12-Q-B1:2604.22888v1,ARX:FORMAL-ARXIV-V12-Q-B3:2604.22888v1,arXiv,Q-B3
REC-03538,ARX:FORMAL-ARXIV-V12-Q-B1:2604.22888v1,ARX:FORMAL-ARXIV-V12-Q-D1:2604.22888v1,arXiv,Q-D1
REC-03538,ARX:FORMAL-ARXIV-V12-Q-B1:2604.22888v1,ARX:FORMAL-ARXIV-V12-Q-D2:2604.22888v1,arXiv,Q-D2
REC-03538,ARX:FORMAL-ARXIV-V12-Q-B1:2604.22888v1,ARX:FORMAL-ARXIV-V12-Q-S0:2604.22888v1,arXiv,Q-S0
REC-03539,ARX:FORMAL-ARXIV-V12-Q-B1:2604.19657v1,ARX:FORMAL-ARXIV-V12-Q-B3:2604.19657v1,arXiv,Q-B3
REC-03539,ARX:FORMAL-ARXIV-V12-Q-B1:2604.19657v1,ARX:FORMAL-ARXIV-V12-Q-C3:2604.19657v1,arXiv,Q-C3
REC-03539,ARX:FORMAL-ARXIV-V12-Q-B1:2604.19657v1,ARX:FORMAL-ARXIV-V12-Q-D2:2604.19657v1,arXiv,Q-D2
REC-03539,ARX:FORMAL-ARXIV-V12-Q-B1:2604.19657v1,ARX:FORMAL-ARXIV-V12-Q-S0:2604.19657v1,arXiv,Q-S0
REC-03540,ARX:FORMAL-ARXIV-V12-Q-B1:2604.18874v1,ARX:FORMAL-ARXIV-V12-Q-B4:2604.18874v1,arXiv,Q-B4
REC-03542,ARX:FORMAL-ARXIV-V12-Q-B1:2604.17139v1,ARX:FORMAL-ARXIV-V12-Q-C2:2604.17139v1,arXiv,Q-C2
REC-03543,ARX:FORMAL-ARXIV-V12-Q-B1:2604.16966v1,ARX:FORMAL-ARXIV-V12-Q-C1:2604.16966v1,arXiv,Q-C1
REC-03543,ARX:FORMAL-ARXIV-V12-Q-B1:2604.16966v1,ARX:FORMAL-ARXIV-V12-Q-D1:2604.16966v1,arXiv,Q-D1
REC-03543,ARX:FORMAL-ARXIV-V12-Q-B1:2604.16966v1,ARX:FORMAL-ARXIV-V12-Q-D2:2604.16966v1,arXiv,Q-D2
REC-03543,ARX:FORMAL-ARXIV-V12-Q-B1:2604.16966v1,ARX:FORMAL-ARXIV-V12-Q-S0:2604.16966v1,arXiv,Q-S0
REC-03544,ARX:FORMAL-ARXIV-V12-Q-B1:2604.16762v1,ARX:FORMAL-ARXIV-V12-Q-D1:2604.16762v1,arXiv,Q-D1
REC-03544,ARX:FORMAL-ARXIV-V12-Q-B1:2604.16762v1,ARX:FORMAL-ARXIV-V12-Q-S0:2604.16762v1,arXiv,Q-S0
REC-03546,ARX:FORMAL-ARXIV-V12-Q-B1:2604.14604v1,ARX:FORMAL-ARXIV-V12-Q-S1:2604.14604v1,arXiv,Q-S1
REC-03547,ARX:FORMAL-ARXIV-V12-Q-B1:2604.15368v1,ARX:FORMAL-ARXIV-V12-Q-S0:2604.15368v1,arXiv,Q-S0
REC-03547,ARX:FORMAL-ARXIV-V12-Q-B1:2604.15368v1,ARX:FORMAL-ARXIV-V12-Q-S1:2604.15368v1,arXiv,Q-S1
REC-03548,ARX:FORMAL-ARXIV-V12-Q-B1:2604.11806v1,ARX:FORMAL-ARXIV-V12-Q-S0:2604.11806v1,arXiv,Q-S0
REC-03549,ARX:FORMAL-ARXIV-V12-Q-B1:2604.10286v1,ARX:FORMAL-ARXIV-V12-Q-D1:2604.10286v1,arXiv,Q-D1
REC-03549,ARX:FORMAL-ARXIV-V12-Q-B1:2604.10286v1,ARX:FORMAL-ARXIV-V12-Q-S0:2604.10286v1,arXiv,Q-S0
REC-03550,ARX:FORMAL-ARXIV-V12-Q-B1:2604.10134v1,ARX:FORMAL-ARXIV-V12-Q-D1:2604.10134v1,arXiv,Q-D1
REC-03550,ARX:FORMAL-ARXIV-V12-Q-B1:2604.10134v1,ARX:FORMAL-ARXIV-V12-Q-D2:2604.10134v1,arXiv,Q-D2
REC-03550,ARX:FORMAL-ARXIV-V12-Q-B1:2604.10134v1,ARX:FORMAL-ARXIV-V12-Q-S0:2604.10134v1,arXiv,Q-S0
REC-03550,ARX:FORMAL-ARXIV-V12-Q-B1:2604.10134v1,ARX:FORMAL-ARXIV-V12-Q-S1:2604.10134v1,arXiv,Q-S1
REC-03551,ARX:FORMAL-ARXIV-V12-Q-B1:2604.09378v1,ARX:FORMAL-ARXIV-V12-Q-B2:2604.09378v1,arXiv,Q-B2
REC-03551,ARX:FORMAL-ARXIV-V12-Q-B1:2604.09378v1,ARX:FORMAL-ARXIV-V12-Q-B3:2604.09378v1,arXiv,Q-B3
REC-03551,ARX:FORMAL-ARXIV-V12-Q-B1:2604.09378v1,ARX:FORMAL-ARXIV-V12-Q-S0:2604.09378v1,arXiv,Q-S0
REC-03552,ARX:FORMAL-ARXIV-V12-Q-B1:2604.07223v2,ARX:FORMAL-ARXIV-V12-Q-D2:2604.07223v2,arXiv,Q-D2
REC-03554,ARX:FORMAL-ARXIV-V12-Q-B1:2603.28166v2,ARX:FORMAL-ARXIV-V12-Q-C3:2603.28166v2,arXiv,Q-C3
REC-03554,ARX:FORMAL-ARXIV-V12-Q-B1:2603.28166v2,ARX:FORMAL-ARXIV-V12-Q-D1:2603.28166v2,arXiv,Q-D1
REC-03554,ARX:FORMAL-ARXIV-V12-Q-B1:2603.28166v2,ARX:FORMAL-ARXIV-V12-Q-D2:2603.28166v2,arXiv,Q-D2
REC-03554,ARX:FORMAL-ARXIV-V12-Q-B1:2603.28166v2,ARX:FORMAL-ARXIV-V12-Q-S0:2603.28166v2,arXiv,Q-S0
REC-03555,ARX:FORMAL-ARXIV-V12-Q-B1:2603.28013v3,ARX:FORMAL-ARXIV-V12-Q-C2:2603.28013v3,arXiv,Q-C2
REC-03555,ARX:FORMAL-ARXIV-V12-Q-B1:2603.28013v3,ARX:FORMAL-ARXIV-V12-Q-D1:2603.28013v3,arXiv,Q-D1
REC-03555,ARX:FORMAL-ARXIV-V12-Q-B1:2603.28013v3,ARX:FORMAL-ARXIV-V12-Q-D2:2603.28013v3,arXiv,Q-D2
REC-03555,ARX:FORMAL-ARXIV-V12-Q-B1:2603.28013v3,ARX:FORMAL-ARXIV-V12-Q-S1:2603.28013v3,arXiv,Q-S1
REC-03556,ARX:FORMAL-ARXIV-V12-Q-B1:2603.24511v2,ARX:FORMAL-ARXIV-V12-Q-D2:2603.24511v2,arXiv,Q-D2
REC-03557,ARX:FORMAL-ARXIV-V12-Q-B1:2603.23064v3,ARX:FORMAL-ARXIV-V12-Q-C1:2603.23064v3,arXiv,Q-C1
REC-03557,ARX:FORMAL-ARXIV-V12-Q-B1:2603.23064v3,ARX:FORMAL-ARXIV-V12-Q-D1:2603.23064v3,arXiv,Q-D1
REC-03558,ARX:FORMAL-ARXIV-V12-Q-B1:2603.22928v2,ARX:FORMAL-ARXIV-V12-Q-C3:2603.22928v2,arXiv,Q-C3
REC-03558,ARX:FORMAL-ARXIV-V12-Q-B1:2603.22928v2,ARX:FORMAL-ARXIV-V12-Q-D1:2603.22928v2,arXiv,Q-D1
REC-03558,ARX:FORMAL-ARXIV-V12-Q-B1:2603.22928v2,ARX:FORMAL-ARXIV-V12-Q-D2:2603.22928v2,arXiv,Q-D2
REC-03558,ARX:FORMAL-ARXIV-V12-Q-B1:2603.22928v2,ARX:FORMAL-ARXIV-V12-Q-S0:2603.22928v2,arXiv,Q-S0
REC-03559,ARX:FORMAL-ARXIV-V12-Q-B1:2603.22489v1,ARX:FORMAL-ARXIV-V12-Q-B3:2603.22489v1,arXiv,Q-B3
REC-03559,ARX:FORMAL-ARXIV-V12-Q-B1:2603.22489v1,ARX:FORMAL-ARXIV-V12-Q-B4:2603.22489v1,arXiv,Q-B4
REC-03559,ARX:FORMAL-ARXIV-V12-Q-B1:2603.22489v1,ARX:FORMAL-ARXIV-V12-Q-C3:2603.22489v1,arXiv,Q-C3
REC-03559,ARX:FORMAL-ARXIV-V12-Q-B1:2603.22489v1,ARX:FORMAL-ARXIV-V12-Q-D2:2603.22489v1,arXiv,Q-D2
REC-03559,ARX:FORMAL-ARXIV-V12-Q-B1:2603.22489v1,ARX:FORMAL-ARXIV-V12-Q-S1:2603.22489v1,arXiv,Q-S1
REC-03560,ARX:FORMAL-ARXIV-V12-Q-B1:2603.20976v1,ARX:FORMAL-ARXIV-V12-Q-D2:2603.20976v1,arXiv,Q-D2
REC-03562,ARX:FORMAL-ARXIV-V12-Q-B1:2603.19974v1,ARX:FORMAL-ARXIV-V12-Q-B3:2603.19974v1,arXiv,Q-B3
REC-03562,ARX:FORMAL-ARXIV-V12-Q-B1:2603.19974v1,ARX:FORMAL-ARXIV-V12-Q-D1:2603.19974v1,arXiv,Q-D1
REC-03562,ARX:FORMAL-ARXIV-V12-Q-B1:2603.19974v1,ARX:FORMAL-ARXIV-V12-Q-D2:2603.19974v1,arXiv,Q-D2
REC-03563,ARX:FORMAL-ARXIV-V12-Q-B1:2603.19423v2,ARX:FORMAL-ARXIV-V12-Q-C2:2603.19423v2,arXiv,Q-C2
REC-03563,ARX:FORMAL-ARXIV-V12-Q-B1:2603.19423v2,ARX:FORMAL-ARXIV-V12-Q-D2:2603.19423v2,arXiv,Q-D2
REC-03563,ARX:FORMAL-ARXIV-V12-Q-B1:2603.19423v2,ARX:FORMAL-ARXIV-V12-Q-S0:2603.19423v2,arXiv,Q-S0
REC-03564,ARX:FORMAL-ARXIV-V12-Q-B1:2603.17419v1,ARX:FORMAL-ARXIV-V12-Q-D1:2603.17419v1,arXiv,Q-D1
REC-03564,ARX:FORMAL-ARXIV-V12-Q-B1:2603.17419v1,ARX:FORMAL-ARXIV-V12-Q-D2:2603.17419v1,arXiv,Q-D2
REC-03564,ARX:FORMAL-ARXIV-V12-Q-B1:2603.17419v1,ARX:FORMAL-ARXIV-V12-Q-D3:2603.17419v1,arXiv,Q-D3
REC-03564,ARX:FORMAL-ARXIV-V12-Q-B1:2603.17419v1,ARX:FORMAL-ARXIV-V12-Q-S0:2603.17419v1,arXiv,Q-S0
REC-03566,ARX:FORMAL-ARXIV-V12-Q-B1:2603.13026v2,ARX:FORMAL-ARXIV-V12-Q-D1:2603.13026v2,arXiv,Q-D1
REC-03566,ARX:FORMAL-ARXIV-V12-Q-B1:2603.13026v2,ARX:FORMAL-ARXIV-V12-Q-D2:2603.13026v2,arXiv,Q-D2
REC-03566,ARX:FORMAL-ARXIV-V12-Q-B1:2603.13026v2,ARX:FORMAL-ARXIV-V12-Q-S1:2603.13026v2,arXiv,Q-S1
REC-03567,ARX:FORMAL-ARXIV-V12-Q-B1:2603.12644v1,ARX:FORMAL-ARXIV-V12-Q-C3:2603.12644v1,arXiv,Q-C3
REC-03567,ARX:FORMAL-ARXIV-V12-Q-B1:2603.12644v1,ARX:FORMAL-ARXIV-V12-Q-D2:2603.12644v1,arXiv,Q-D2
REC-03567,ARX:FORMAL-ARXIV-V12-Q-B1:2603.12644v1,ARX:FORMAL-ARXIV-V12-Q-S0:2603.12644v1,arXiv,Q-S0
REC-03568,ARX:FORMAL-ARXIV-V12-Q-B1:2603.13424v1,ARX:FORMAL-ARXIV-V12-Q-S0:2603.13424v1,arXiv,Q-S0
REC-03568,ARX:FORMAL-ARXIV-V12-Q-B1:2603.13424v1,ARX:FORMAL-ARXIV-V12-Q-S1:2603.13424v1,arXiv,Q-S1
REC-03570,ARX:FORMAL-ARXIV-V12-Q-B1:2603.10163v1,ARX:FORMAL-ARXIV-V12-Q-B4:2603.10163v1,arXiv,Q-B4
REC-03570,ARX:FORMAL-ARXIV-V12-Q-B1:2603.10163v1,ARX:FORMAL-ARXIV-V12-Q-D1:2603.10163v1,arXiv,Q-D1
REC-03570,ARX:FORMAL-ARXIV-V12-Q-B1:2603.10163v1,ARX:FORMAL-ARXIV-V12-Q-S0:2603.10163v1,arXiv,Q-S0
REC-03571,ARX:FORMAL-ARXIV-V12-Q-B1:2603.07191v2,ARX:FORMAL-ARXIV-V12-Q-B3:2603.07191v2,arXiv,Q-B3
REC-03571,ARX:FORMAL-ARXIV-V12-Q-B1:2603.07191v2,ARX:FORMAL-ARXIV-V12-Q-C2:2603.07191v2,arXiv,Q-C2
REC-03571,ARX:FORMAL-ARXIV-V12-Q-B1:2603.07191v2,ARX:FORMAL-ARXIV-V12-Q-C3:2603.07191v2,arXiv,Q-C3
REC-03571,ARX:FORMAL-ARXIV-V12-Q-B1:2603.07191v2,ARX:FORMAL-ARXIV-V12-Q-D1:2603.07191v2,arXiv,Q-D1
REC-03571,ARX:FORMAL-ARXIV-V12-Q-B1:2603.07191v2,ARX:FORMAL-ARXIV-V12-Q-D2:2603.07191v2,arXiv,Q-D2
REC-03572,ARX:FORMAL-ARXIV-V12-Q-B1:2603.03633v1,ARX:FORMAL-ARXIV-V12-Q-D2:2603.03633v1,arXiv,Q-D2
REC-03574,ARX:FORMAL-ARXIV-V12-Q-B1:2603.00991v2,ARX:FORMAL-ARXIV-V12-Q-D1:2603.00991v2,arXiv,Q-D1
REC-03575,ARX:FORMAL-ARXIV-V12-Q-B1:2603.00902v1,ARX:FORMAL-ARXIV-V12-Q-S0:2603.00902v1,arXiv,Q-S0
REC-03576,ARX:FORMAL-ARXIV-V12-Q-B1:2603.00472v1,ARX:FORMAL-ARXIV-V12-Q-D1:2603.00472v1,arXiv,Q-D1
REC-03576,ARX:FORMAL-ARXIV-V12-Q-B1:2603.00472v1,ARX:FORMAL-ARXIV-V12-Q-D2:2603.00472v1,arXiv,Q-D2
REC-03577,ARX:FORMAL-ARXIV-V12-Q-B1:2603.00200v1,ARX:FORMAL-ARXIV-V12-Q-C2:2603.00200v1,arXiv,Q-C2
REC-03577,ARX:FORMAL-ARXIV-V12-Q-B1:2603.00200v1,ARX:FORMAL-ARXIV-V12-Q-S0:2603.00200v1,arXiv,Q-S0
REC-03578,ARX:FORMAL-ARXIV-V12-Q-B1:2602.20720v1,ARX:FORMAL-ARXIV-V12-Q-B4:2602.20720v1,arXiv,Q-B4
REC-03578,ARX:FORMAL-ARXIV-V12-Q-B1:2602.20720v1,ARX:FORMAL-ARXIV-V12-Q-D1:2602.20720v1,arXiv,Q-D1
REC-03578,ARX:FORMAL-ARXIV-V12-Q-B1:2602.20720v1,ARX:FORMAL-ARXIV-V12-Q-D2:2602.20720v1,arXiv,Q-D2
REC-03578,ARX:FORMAL-ARXIV-V12-Q-B1:2602.20720v1,ARX:FORMAL-ARXIV-V12-Q-S0:2602.20720v1,arXiv,Q-S0
REC-03578,ARX:FORMAL-ARXIV-V12-Q-B1:2602.20720v1,ARX:FORMAL-ARXIV-V12-Q-S1:2602.20720v1,arXiv,Q-S1
REC-03579,ARX:FORMAL-ARXIV-V12-Q-B1:2602.20064v2,ARX:FORMAL-ARXIV-V12-Q-B3:2602.20064v2,arXiv,Q-B3
REC-03579,ARX:FORMAL-ARXIV-V12-Q-B1:2602.20064v2,ARX:FORMAL-ARXIV-V12-Q-D1:2602.20064v2,arXiv,Q-D1
REC-03580,ARX:FORMAL-ARXIV-V12-Q-B1:2602.19547v1,ARX:FORMAL-ARXIV-V12-Q-S0:2602.19547v1,arXiv,Q-S0
REC-03581,ARX:FORMAL-ARXIV-V12-Q-B1:2603.12277v6,ARX:FORMAL-ARXIV-V12-Q-S1:2603.12277v6,arXiv,Q-S1
REC-03582,ARX:FORMAL-ARXIV-V12-Q-B1:2602.19021v2,ARX:FORMAL-ARXIV-V12-Q-B4:2602.19021v2,arXiv,Q-B4
REC-03582,ARX:FORMAL-ARXIV-V12-Q-B1:2602.19021v2,ARX:FORMAL-ARXIV-V12-Q-C2:2602.19021v2,arXiv,Q-C2
REC-03582,ARX:FORMAL-ARXIV-V12-Q-B1:2602.19021v2,ARX:FORMAL-ARXIV-V12-Q-D1:2602.19021v2,arXiv,Q-D1
REC-03582,ARX:FORMAL-ARXIV-V12-Q-B1:2602.19021v2,ARX:FORMAL-ARXIV-V12-Q-D2:2602.19021v2,arXiv,Q-D2
REC-03582,ARX:FORMAL-ARXIV-V12-Q-B1:2602.19021v2,ARX:FORMAL-ARXIV-V12-Q-S0:2602.19021v2,arXiv,Q-S0
REC-03584,ARX:FORMAL-ARXIV-V12-Q-B1:2602.16708v3,ARX:FORMAL-ARXIV-V12-Q-B3:2602.16708v3,arXiv,Q-B3
REC-03584,ARX:FORMAL-ARXIV-V12-Q-B1:2602.16708v3,ARX:FORMAL-ARXIV-V12-Q-C2:2602.16708v3,arXiv,Q-C2
REC-03584,ARX:FORMAL-ARXIV-V12-Q-B1:2602.16708v3,ARX:FORMAL-ARXIV-V12-Q-C3:2602.16708v3,arXiv,Q-C3
REC-03587,ARX:FORMAL-ARXIV-V12-Q-B1:2602.11416v1,ARX:FORMAL-ARXIV-V12-Q-B3:2602.11416v1,arXiv,Q-B3
REC-03587,ARX:FORMAL-ARXIV-V12-Q-B1:2602.11416v1,ARX:FORMAL-ARXIV-V12-Q-D2:2602.11416v1,arXiv,Q-D2
REC-03587,ARX:FORMAL-ARXIV-V12-Q-B1:2602.11416v1,ARX:FORMAL-ARXIV-V12-Q-D3:2602.11416v1,arXiv,Q-D3
REC-03587,ARX:FORMAL-ARXIV-V12-Q-B1:2602.11416v1,ARX:FORMAL-ARXIV-V12-Q-S0:2602.11416v1,arXiv,Q-S0
REC-03588,ARX:FORMAL-ARXIV-V12-Q-B1:2602.07918v1,ARX:FORMAL-ARXIV-V12-Q-D1:2602.07918v1,arXiv,Q-D1
REC-03588,ARX:FORMAL-ARXIV-V12-Q-B1:2602.07918v1,ARX:FORMAL-ARXIV-V12-Q-D2:2602.07918v1,arXiv,Q-D2
REC-03588,ARX:FORMAL-ARXIV-V12-Q-B1:2602.07918v1,ARX:FORMAL-ARXIV-V12-Q-S1:2602.07918v1,arXiv,Q-S1
REC-03589,ARX:FORMAL-ARXIV-V12-Q-B1:2602.13284v1,ARX:FORMAL-ARXIV-V12-Q-S0:2602.13284v1,arXiv,Q-S0
REC-03590,ARX:FORMAL-ARXIV-V12-Q-B1:2602.07104v1,ARX:FORMAL-ARXIV-V12-Q-S1:2602.07104v1,arXiv,Q-S1
REC-03591,ARX:FORMAL-ARXIV-V12-Q-B1:2602.05066v2,ARX:FORMAL-ARXIV-V12-Q-D2:2602.05066v2,arXiv,Q-D2
REC-03591,ARX:FORMAL-ARXIV-V12-Q-B1:2602.05066v2,ARX:FORMAL-ARXIV-V12-Q-S0:2602.05066v2,arXiv,Q-S0
REC-03592,ARX:FORMAL-ARXIV-V12-Q-B1:2602.03117v3,ARX:FORMAL-ARXIV-V12-Q-D1:2602.03117v3,arXiv,Q-D1
REC-03592,ARX:FORMAL-ARXIV-V12-Q-B1:2602.03117v3,ARX:FORMAL-ARXIV-V12-Q-D2:2602.03117v3,arXiv,Q-D2
REC-03592,ARX:FORMAL-ARXIV-V12-Q-B1:2602.03117v3,ARX:FORMAL-ARXIV-V12-Q-S0:2602.03117v3,arXiv,Q-S0
REC-03593,ARX:FORMAL-ARXIV-V12-Q-B1:2602.01942v1,ARX:FORMAL-ARXIV-V12-Q-D2:2602.01942v1,arXiv,Q-D2
REC-03593,ARX:FORMAL-ARXIV-V12-Q-B1:2602.01942v1,ARX:FORMAL-ARXIV-V12-Q-S0:2602.01942v1,arXiv,Q-S0
REC-03594,ARX:FORMAL-ARXIV-V12-Q-B1:2601.22569v2,ARX:FORMAL-ARXIV-V12-Q-S0:2601.22569v2,arXiv,Q-S0
REC-03594,ARX:FORMAL-ARXIV-V12-Q-B1:2601.22569v2,ARX:FORMAL-ARXIV-V12-Q-S1:2601.22569v2,arXiv,Q-S1
REC-03596,ARX:FORMAL-ARXIV-V12-Q-B1:2602.15859v1,ARX:FORMAL-ARXIV-V12-Q-D1:2602.15859v1,arXiv,Q-D1
REC-03597,ARX:FORMAL-ARXIV-V12-Q-B1:2601.17548v1,ARX:FORMAL-ARXIV-V12-Q-B3:2601.17548v1,arXiv,Q-B3
REC-03597,ARX:FORMAL-ARXIV-V12-Q-B1:2601.17548v1,ARX:FORMAL-ARXIV-V12-Q-B4:2601.17548v1,arXiv,Q-B4
REC-03597,ARX:FORMAL-ARXIV-V12-Q-B1:2601.17548v1,ARX:FORMAL-ARXIV-V12-Q-D2:2601.17548v1,arXiv,Q-D2
REC-03597,ARX:FORMAL-ARXIV-V12-Q-B1:2601.17548v1,ARX:FORMAL-ARXIV-V12-Q-S0:2601.17548v1,arXiv,Q-S0
REC-03597,ARX:FORMAL-ARXIV-V12-Q-B1:2601.17548v1,ARX:FORMAL-ARXIV-V12-Q-S1:2601.17548v1,arXiv,Q-S1
REC-03599,ARX:FORMAL-ARXIV-V12-Q-B1:2601.13612v1,ARX:FORMAL-ARXIV-V12-Q-S0:2601.13612v1,arXiv,Q-S0
REC-03599,ARX:FORMAL-ARXIV-V12-Q-B1:2601.13612v1,ARX:FORMAL-ARXIV-V12-Q-S1:2601.13612v1,arXiv,Q-S1
REC-03600,ARX:FORMAL-ARXIV-V12-Q-B1:2601.13186v1,ARX:FORMAL-ARXIV-V12-Q-D1:2601.13186v1,arXiv,Q-D1
REC-03600,ARX:FORMAL-ARXIV-V12-Q-B1:2601.13186v1,ARX:FORMAL-ARXIV-V12-Q-D2:2601.13186v1,arXiv,Q-D2
REC-03600,ARX:FORMAL-ARXIV-V12-Q-B1:2601.13186v1,ARX:FORMAL-ARXIV-V12-Q-S0:2601.13186v1,arXiv,Q-S0
REC-03600,ARX:FORMAL-ARXIV-V12-Q-B1:2601.13186v1,ARX:FORMAL-ARXIV-V12-Q-S1:2601.13186v1,arXiv,Q-S1
REC-03601,ARX:FORMAL-ARXIV-V12-Q-B1:2601.10338v1,ARX:FORMAL-ARXIV-V12-Q-C3:2601.10338v1,arXiv,Q-C3
REC-03601,ARX:FORMAL-ARXIV-V12-Q-B1:2601.10338v1,ARX:FORMAL-ARXIV-V12-Q-D2:2601.10338v1,arXiv,Q-D2
REC-03601,ARX:FORMAL-ARXIV-V12-Q-B1:2601.10338v1,ARX:FORMAL-ARXIV-V12-Q-D3:2601.10338v1,arXiv,Q-D3
REC-03601,ARX:FORMAL-ARXIV-V12-Q-B1:2601.10338v1,ARX:FORMAL-ARXIV-V12-Q-S0:2601.10338v1,arXiv,Q-S0
REC-03602,ARX:FORMAL-ARXIV-V12-Q-B1:2601.10173v1,ARX:FORMAL-ARXIV-V12-Q-S1:2601.10173v1,arXiv,Q-S1
REC-03603,ARX:FORMAL-ARXIV-V12-Q-B1:2601.10156v1,ARX:FORMAL-ARXIV-V12-Q-D2:2601.10156v1,arXiv,Q-D2
REC-03603,ARX:FORMAL-ARXIV-V12-Q-B1:2601.10156v1,ARX:FORMAL-ARXIV-V12-Q-S0:2601.10156v1,arXiv,Q-S0
REC-03604,ARX:FORMAL-ARXIV-V12-Q-B1:2601.07072v1,ARX:FORMAL-ARXIV-V12-Q-B3:2601.07072v1,arXiv,Q-B3
REC-03604,ARX:FORMAL-ARXIV-V12-Q-B1:2601.07072v1,ARX:FORMAL-ARXIV-V12-Q-S1:2601.07072v1,arXiv,Q-S1
REC-03605,ARX:FORMAL-ARXIV-V12-Q-B1:2601.05755v2,ARX:FORMAL-ARXIV-V12-Q-D1:2601.05755v2,arXiv,Q-D1
REC-03605,ARX:FORMAL-ARXIV-V12-Q-B1:2601.05755v2,ARX:FORMAL-ARXIV-V12-Q-D2:2601.05755v2,arXiv,Q-D2
REC-03605,ARX:FORMAL-ARXIV-V12-Q-B1:2601.05755v2,ARX:FORMAL-ARXIV-V12-Q-S0:2601.05755v2,arXiv,Q-S0
REC-03606,ARX:FORMAL-ARXIV-V12-Q-B1:2601.07853v2,ARX:FORMAL-ARXIV-V12-Q-S0:2601.07853v2,arXiv,Q-S0
REC-03607,ARX:FORMAL-ARXIV-V12-Q-B1:2512.24415v1,ARX:FORMAL-ARXIV-V12-Q-D1:2512.24415v1,arXiv,Q-D1
REC-03607,ARX:FORMAL-ARXIV-V12-Q-B1:2512.24415v1,ARX:FORMAL-ARXIV-V12-Q-D3:2512.24415v1,arXiv,Q-D3
REC-03607,ARX:FORMAL-ARXIV-V12-Q-B1:2512.24415v1,ARX:FORMAL-ARXIV-V12-Q-S0:2512.24415v1,arXiv,Q-S0
REC-03608,ARX:FORMAL-ARXIV-V12-Q-B1:2601.00867v1,ARX:FORMAL-ARXIV-V12-Q-C3:2601.00867v1,arXiv,Q-C3
REC-03608,ARX:FORMAL-ARXIV-V12-Q-B1:2601.00867v1,ARX:FORMAL-ARXIV-V12-Q-D2:2601.00867v1,arXiv,Q-D2
REC-03610,ARX:FORMAL-ARXIV-V12-Q-B1:2512.20986v1,ARX:FORMAL-ARXIV-V12-Q-D2:2512.20986v1,arXiv,Q-D2
REC-03610,ARX:FORMAL-ARXIV-V12-Q-B1:2512.20986v1,ARX:FORMAL-ARXIV-V12-Q-S0:2512.20986v1,arXiv,Q-S0
REC-03610,ARX:FORMAL-ARXIV-V12-Q-B1:2512.20986v1,ARX:FORMAL-ARXIV-V12-Q-S1:2512.20986v1,arXiv,Q-S1
REC-03612,ARX:FORMAL-ARXIV-V12-Q-B1:2601.02377v1,ARX:FORMAL-ARXIV-V12-Q-B2:2601.02377v1,arXiv,Q-B2
REC-03613,ARX:FORMAL-ARXIV-V12-Q-B1:2512.14860v1,ARX:FORMAL-ARXIV-V12-Q-D2:2512.14860v1,arXiv,Q-D2
REC-03613,ARX:FORMAL-ARXIV-V12-Q-B1:2512.14860v1,ARX:FORMAL-ARXIV-V12-Q-S0:2512.14860v1,arXiv,Q-S0
REC-03614,ARX:FORMAL-ARXIV-V12-Q-B1:2512.12921v1,ARX:FORMAL-ARXIV-V12-Q-D1:2512.12921v1,arXiv,Q-D1
REC-03614,ARX:FORMAL-ARXIV-V12-Q-B1:2512.12921v1,ARX:FORMAL-ARXIV-V12-Q-D2:2512.12921v1,arXiv,Q-D2
REC-03615,ARX:FORMAL-ARXIV-V12-Q-B1:2512.09321v3,ARX:FORMAL-ARXIV-V12-Q-S0:2512.09321v3,arXiv,Q-S0
REC-03615,ARX:FORMAL-ARXIV-V12-Q-B1:2512.09321v3,ARX:FORMAL-ARXIV-V12-Q-S1:2512.09321v3,arXiv,Q-S1
REC-03616,ARX:FORMAL-ARXIV-V12-Q-B1:2512.06716v3,ARX:FORMAL-ARXIV-V12-Q-D1:2512.06716v3,arXiv,Q-D1
REC-03616,ARX:FORMAL-ARXIV-V12-Q-B1:2512.06716v3,ARX:FORMAL-ARXIV-V12-Q-D2:2512.06716v3,arXiv,Q-D2
REC-03616,ARX:FORMAL-ARXIV-V12-Q-B1:2512.06716v3,ARX:FORMAL-ARXIV-V12-Q-S0:2512.06716v3,arXiv,Q-S0
REC-03616,ARX:FORMAL-ARXIV-V12-Q-B1:2512.06716v3,ARX:FORMAL-ARXIV-V12-Q-S1:2512.06716v3,arXiv,Q-S1
REC-03617,ARX:FORMAL-ARXIV-V12-Q-B1:2512.04785v1,ARX:FORMAL-ARXIV-V12-Q-B3:2512.04785v1,arXiv,Q-B3
REC-03617,ARX:FORMAL-ARXIV-V12-Q-B1:2512.04785v1,ARX:FORMAL-ARXIV-V12-Q-C2:2512.04785v1,arXiv,Q-C2
REC-03617,ARX:FORMAL-ARXIV-V12-Q-B1:2512.04785v1,ARX:FORMAL-ARXIV-V12-Q-S0:2512.04785v1,arXiv,Q-S0
REC-03618,ARX:FORMAL-ARXIV-V12-Q-B1:2512.00966v1,ARX:FORMAL-ARXIV-V12-Q-S1:2512.00966v1,arXiv,Q-S1
REC-03619,ARX:FORMAL-ARXIV-V12-Q-B1:2512.00742v1,ARX:FORMAL-ARXIV-V12-Q-C1:2512.00742v1,arXiv,Q-C1
REC-03619,ARX:FORMAL-ARXIV-V12-Q-B1:2512.00742v1,ARX:FORMAL-ARXIV-V12-Q-D2:2512.00742v1,arXiv,Q-D2
REC-03620,ARX:FORMAL-ARXIV-V12-Q-B1:2511.23174v1,ARX:FORMAL-ARXIV-V12-Q-S0:2511.23174v1,arXiv,Q-S0
REC-03621,ARX:FORMAL-ARXIV-V12-Q-B1:2511.19483v1,ARX:FORMAL-ARXIV-V12-Q-B3:2511.19483v1,arXiv,Q-B3
REC-03621,ARX:FORMAL-ARXIV-V12-Q-B1:2511.19483v1,ARX:FORMAL-ARXIV-V12-Q-B4:2511.19483v1,arXiv,Q-B4
REC-03622,ARX:FORMAL-ARXIV-V12-Q-B1:2511.16347v1,ARX:FORMAL-ARXIV-V12-Q-D2:2511.16347v1,arXiv,Q-D2
REC-03623,ARX:FORMAL-ARXIV-V12-Q-B1:2511.15759v1,ARX:FORMAL-ARXIV-V12-Q-D2:2511.15759v1,arXiv,Q-D2
REC-03623,ARX:FORMAL-ARXIV-V12-Q-B1:2511.15759v1,ARX:FORMAL-ARXIV-V12-Q-S0:2511.15759v1,arXiv,Q-S0
REC-03623,ARX:FORMAL-ARXIV-V12-Q-B1:2511.15759v1,ARX:FORMAL-ARXIV-V12-Q-S1:2511.15759v1,arXiv,Q-S1
REC-03624,ARX:FORMAL-ARXIV-V12-Q-B1:2511.05867v3,ARX:FORMAL-ARXIV-V12-Q-B4:2511.05867v3,arXiv,Q-B4
REC-03624,ARX:FORMAL-ARXIV-V12-Q-B1:2511.05867v3,ARX:FORMAL-ARXIV-V12-Q-S0:2511.05867v3,arXiv,Q-S0
REC-03625,ARX:FORMAL-ARXIV-V12-Q-B1:2510.26328v1,ARX:FORMAL-ARXIV-V12-Q-S0:2510.26328v1,arXiv,Q-S0
REC-03625,ARX:FORMAL-ARXIV-V12-Q-B1:2510.26328v1,ARX:FORMAL-ARXIV-V12-Q-S1:2510.26328v1,arXiv,Q-S1
REC-03626,ARX:FORMAL-ARXIV-V12-Q-B1:2510.26212v1,ARX:FORMAL-ARXIV-V12-Q-B4:2510.26212v1,arXiv,Q-B4
REC-03626,ARX:FORMAL-ARXIV-V12-Q-B1:2510.26212v1,ARX:FORMAL-ARXIV-V12-Q-C3:2510.26212v1,arXiv,Q-C3
REC-03626,ARX:FORMAL-ARXIV-V12-Q-B1:2510.26212v1,ARX:FORMAL-ARXIV-V12-Q-D1:2510.26212v1,arXiv,Q-D1
REC-03626,ARX:FORMAL-ARXIV-V12-Q-B1:2510.26212v1,ARX:FORMAL-ARXIV-V12-Q-S0:2510.26212v1,arXiv,Q-S0
REC-03626,ARX:FORMAL-ARXIV-V12-Q-B1:2510.26212v1,ARX:FORMAL-ARXIV-V12-Q-S1:2510.26212v1,arXiv,Q-S1
REC-03627,ARX:FORMAL-ARXIV-V12-Q-B1:2510.22963v4,ARX:FORMAL-ARXIV-V12-Q-D2:2510.22963v4,arXiv,Q-D2
REC-03627,ARX:FORMAL-ARXIV-V12-Q-B1:2510.22963v4,ARX:FORMAL-ARXIV-V12-Q-S0:2510.22963v4,arXiv,Q-S0
REC-03628,ARX:FORMAL-ARXIV-V12-Q-B1:2510.21057v2,ARX:FORMAL-ARXIV-V12-Q-D2:2510.21057v2,arXiv,Q-D2
REC-03629,ARX:FORMAL-ARXIV-V12-Q-B1:2510.19207v2,ARX:FORMAL-ARXIV-V12-Q-D2:2510.19207v2,arXiv,Q-D2
REC-03629,ARX:FORMAL-ARXIV-V12-Q-B1:2510.19207v2,ARX:FORMAL-ARXIV-V12-Q-S1:2510.19207v2,arXiv,Q-S1
REC-03630,ARX:FORMAL-ARXIV-V12-Q-B1:2510.16381v1,ARX:FORMAL-ARXIV-V12-Q-D1:2510.16381v1,arXiv,Q-D1
REC-03631,ARX:FORMAL-ARXIV-V12-Q-B1:2510.15994v2,ARX:FORMAL-ARXIV-V12-Q-B3:2510.15994v2,arXiv,Q-B3
REC-03631,ARX:FORMAL-ARXIV-V12-Q-B1:2510.15994v2,ARX:FORMAL-ARXIV-V12-Q-B4:2510.15994v2,arXiv,Q-B4
REC-03631,ARX:FORMAL-ARXIV-V12-Q-B1:2510.15994v2,ARX:FORMAL-ARXIV-V12-Q-D1:2510.15994v2,arXiv,Q-D1
REC-03631,ARX:FORMAL-ARXIV-V12-Q-B1:2510.15994v2,ARX:FORMAL-ARXIV-V12-Q-S0:2510.15994v2,arXiv,Q-S0
REC-03632,ARX:FORMAL-ARXIV-V12-Q-B1:2510.11238v1,ARX:FORMAL-ARXIV-V12-Q-D2:2510.11238v1,arXiv,Q-D2
REC-03633,ARX:FORMAL-ARXIV-V12-Q-B1:2510.09462v2,ARX:FORMAL-ARXIV-V12-Q-D2:2510.09462v2,arXiv,Q-D2
REC-03634,ARX:FORMAL-ARXIV-V12-Q-B1:2510.09093v2,ARX:FORMAL-ARXIV-V12-Q-D2:2510.09093v2,arXiv,Q-D2
REC-03634,ARX:FORMAL-ARXIV-V12-Q-B1:2510.09093v2,ARX:FORMAL-ARXIV-V12-Q-S0:2510.09093v2,arXiv,Q-S0
REC-03635,ARX:FORMAL-ARXIV-V12-Q-B1:2510.08829v1,ARX:FORMAL-ARXIV-V12-Q-D2:2510.08829v1,arXiv,Q-D2
REC-03635,ARX:FORMAL-ARXIV-V12-Q-B1:2510.08829v1,ARX:FORMAL-ARXIV-V12-Q-D3:2510.08829v1,arXiv,Q-D3
REC-03635,ARX:FORMAL-ARXIV-V12-Q-B1:2510.08829v1,ARX:FORMAL-ARXIV-V12-Q-S0:2510.08829v1,arXiv,Q-S0
REC-03636,ARX:FORMAL-ARXIV-V12-Q-B1:2510.05442v1,ARX:FORMAL-ARXIV-V12-Q-D2:2510.05442v1,arXiv,Q-D2
REC-03636,ARX:FORMAL-ARXIV-V12-Q-B1:2510.05442v1,ARX:FORMAL-ARXIV-V12-Q-D3:2510.05442v1,arXiv,Q-D3
REC-03636,ARX:FORMAL-ARXIV-V12-Q-B1:2510.05442v1,ARX:FORMAL-ARXIV-V12-Q-S0:2510.05442v1,arXiv,Q-S0
REC-03637,ARX:FORMAL-ARXIV-V12-Q-B1:2510.04885v1,ARX:FORMAL-ARXIV-V12-Q-D1:2510.04885v1,arXiv,Q-D1
REC-03637,ARX:FORMAL-ARXIV-V12-Q-B1:2510.04885v1,ARX:FORMAL-ARXIV-V12-Q-D2:2510.04885v1,arXiv,Q-D2
REC-03637,ARX:FORMAL-ARXIV-V12-Q-B1:2510.04885v1,ARX:FORMAL-ARXIV-V12-Q-S1:2510.04885v1,arXiv,Q-S1
REC-03638,ARX:FORMAL-ARXIV-V12-Q-B1:2510.01586v1,ARX:FORMAL-ARXIV-V12-Q-C2:2510.01586v1,arXiv,Q-C2
REC-03638,ARX:FORMAL-ARXIV-V12-Q-B1:2510.01586v1,ARX:FORMAL-ARXIV-V12-Q-S0:2510.01586v1,arXiv,Q-S0
REC-03641,ARX:FORMAL-ARXIV-V12-Q-B1:2509.25926v2,ARX:FORMAL-ARXIV-V12-Q-S1:2509.25926v2,arXiv,Q-S1
REC-03642,ARX:FORMAL-ARXIV-V12-Q-B1:2509.23994v2,ARX:FORMAL-ARXIV-V12-Q-C3:2509.23994v2,arXiv,Q-C3
REC-03642,ARX:FORMAL-ARXIV-V12-Q-B1:2509.23994v2,ARX:FORMAL-ARXIV-V12-Q-D1:2509.23994v2,arXiv,Q-D1
REC-03642,ARX:FORMAL-ARXIV-V12-Q-B1:2509.23994v2,ARX:FORMAL-ARXIV-V12-Q-D2:2509.23994v2,arXiv,Q-D2
REC-03642,ARX:FORMAL-ARXIV-V12-Q-B1:2509.23994v2,ARX:FORMAL-ARXIV-V12-Q-S0:2509.23994v2,arXiv,Q-S0
REC-03644,ARX:FORMAL-ARXIV-V12-Q-B1:2509.22830v3,ARX:FORMAL-ARXIV-V12-Q-D2:2509.22830v3,arXiv,Q-D2
REC-03644,ARX:FORMAL-ARXIV-V12-Q-B1:2509.22830v3,ARX:FORMAL-ARXIV-V12-Q-S0:2509.22830v3,arXiv,Q-S0
REC-03644,ARX:FORMAL-ARXIV-V12-Q-B1:2509.22830v3,ARX:FORMAL-ARXIV-V12-Q-S1:2509.22830v3,arXiv,Q-S1
REC-03645,ARX:FORMAL-ARXIV-V12-Q-B1:2509.22040v2,ARX:FORMAL-ARXIV-V12-Q-D1:2509.22040v2,arXiv,Q-D1
REC-03645,ARX:FORMAL-ARXIV-V12-Q-B1:2509.22040v2,ARX:FORMAL-ARXIV-V12-Q-D3:2509.22040v2,arXiv,Q-D3
REC-03645,ARX:FORMAL-ARXIV-V12-Q-B1:2509.22040v2,ARX:FORMAL-ARXIV-V12-Q-S0:2509.22040v2,arXiv,Q-S0
REC-03645,ARX:FORMAL-ARXIV-V12-Q-B1:2509.22040v2,ARX:FORMAL-ARXIV-V12-Q-S1:2509.22040v2,arXiv,Q-S1
REC-03647,ARX:FORMAL-ARXIV-V12-Q-B1:2509.18557v1,ARX:FORMAL-ARXIV-V12-Q-C3:2509.18557v1,arXiv,Q-C3
REC-03647,ARX:FORMAL-ARXIV-V12-Q-B1:2509.18557v1,ARX:FORMAL-ARXIV-V12-Q-D2:2509.18557v1,arXiv,Q-D2
REC-03648,ARX:FORMAL-ARXIV-V12-Q-B1:2509.13597v1,ARX:FORMAL-ARXIV-V12-Q-C3:2509.13597v1,arXiv,Q-C3
REC-03648,ARX:FORMAL-ARXIV-V12-Q-B1:2509.13597v1,ARX:FORMAL-ARXIV-V12-Q-D1:2509.13597v1,arXiv,Q-D1
REC-03648,ARX:FORMAL-ARXIV-V12-Q-B1:2509.13597v1,ARX:FORMAL-ARXIV-V12-Q-D3:2509.13597v1,arXiv,Q-D3
REC-03648,ARX:FORMAL-ARXIV-V12-Q-B1:2509.13597v1,ARX:FORMAL-ARXIV-V12-Q-S0:2509.13597v1,arXiv,Q-S0
REC-03649,ARX:FORMAL-ARXIV-V12-Q-B1:2509.14285v4,ARX:FORMAL-ARXIV-V12-Q-C2:2509.14285v4,arXiv,Q-C2
REC-03649,ARX:FORMAL-ARXIV-V12-Q-B1:2509.14285v4,ARX:FORMAL-ARXIV-V12-Q-D2:2509.14285v4,arXiv,Q-D2
REC-03649,ARX:FORMAL-ARXIV-V12-Q-B1:2509.14285v4,ARX:FORMAL-ARXIV-V12-Q-S0:2509.14285v4,arXiv,Q-S0
REC-03649,ARX:FORMAL-ARXIV-V12-Q-B1:2509.14285v4,ARX:FORMAL-ARXIV-V12-Q-S1:2509.14285v4,arXiv,Q-S1
REC-03650,ARX:FORMAL-ARXIV-V12-Q-B1:2509.11431v1,ARX:FORMAL-ARXIV-V12-Q-C3:2509.11431v1,arXiv,Q-C3
REC-03650,ARX:FORMAL-ARXIV-V12-Q-B1:2509.11431v1,ARX:FORMAL-ARXIV-V12-Q-D2:2509.11431v1,arXiv,Q-D2
REC-03650,ARX:FORMAL-ARXIV-V12-Q-B1:2509.11431v1,ARX:FORMAL-ARXIV-V12-Q-S0:2509.11431v1,arXiv,Q-S0
REC-03651,ARX:FORMAL-ARXIV-V12-Q-B1:2508.21669v2,ARX:FORMAL-ARXIV-V12-Q-D2:2508.21669v2,arXiv,Q-D2
REC-03651,ARX:FORMAL-ARXIV-V12-Q-B1:2508.21669v2,ARX:FORMAL-ARXIV-V12-Q-S1:2508.21669v2,arXiv,Q-S1
REC-03652,ARX:FORMAL-ARXIV-V12-Q-B1:2509.00124v1,ARX:FORMAL-ARXIV-V12-Q-D2:2509.00124v1,arXiv,Q-D2
REC-03652,ARX:FORMAL-ARXIV-V12-Q-B1:2509.00124v1,ARX:FORMAL-ARXIV-V12-Q-S0:2509.00124v1,arXiv,Q-S0
REC-03653,ARX:FORMAL-ARXIV-V12-Q-B1:2508.20890v2,ARX:FORMAL-ARXIV-V12-Q-D2:2508.20890v2,arXiv,Q-D2
REC-03653,ARX:FORMAL-ARXIV-V12-Q-B1:2508.20890v2,ARX:FORMAL-ARXIV-V12-Q-S1:2508.20890v2,arXiv,Q-S1
REC-03654,ARX:FORMAL-ARXIV-V12-Q-B1:2508.15310v1,ARX:FORMAL-ARXIV-V12-Q-B3:2508.15310v1,arXiv,Q-B3
REC-03654,ARX:FORMAL-ARXIV-V12-Q-B1:2508.15310v1,ARX:FORMAL-ARXIV-V12-Q-D2:2508.15310v1,arXiv,Q-D2
REC-03654,ARX:FORMAL-ARXIV-V12-Q-B1:2508.15310v1,ARX:FORMAL-ARXIV-V12-Q-D3:2508.15310v1,arXiv,Q-D3
REC-03654,ARX:FORMAL-ARXIV-V12-Q-B1:2508.15310v1,ARX:FORMAL-ARXIV-V12-Q-S0:2508.15310v1,arXiv,Q-S0
REC-03654,ARX:FORMAL-ARXIV-V12-Q-B1:2508.15310v1,ARX:FORMAL-ARXIV-V12-Q-S1:2508.15310v1,arXiv,Q-S1
REC-03657,ARX:FORMAL-ARXIV-V12-Q-B1:2508.11733v3,ARX:FORMAL-ARXIV-V12-Q-C2:2508.11733v3,arXiv,Q-C2
REC-03658,ARX:FORMAL-ARXIV-V12-Q-B1:2508.10991v4,ARX:FORMAL-ARXIV-V12-Q-B4:2508.10991v4,arXiv,Q-B4
REC-03658,ARX:FORMAL-ARXIV-V12-Q-B1:2508.10991v4,ARX:FORMAL-ARXIV-V12-Q-D2:2508.10991v4,arXiv,Q-D2
REC-03658,ARX:FORMAL-ARXIV-V12-Q-B1:2508.10991v4,ARX:FORMAL-ARXIV-V12-Q-S0:2508.10991v4,arXiv,Q-S0
REC-03659,ARX:FORMAL-ARXIV-V12-Q-B1:2508.08127v2,ARX:FORMAL-ARXIV-V12-Q-C2:2508.08127v2,arXiv,Q-C2
REC-03659,ARX:FORMAL-ARXIV-V12-Q-B1:2508.08127v2,ARX:FORMAL-ARXIV-V12-Q-S0:2508.08127v2,arXiv,Q-S0
REC-03660,ARX:FORMAL-ARXIV-V12-Q-B1:2508.06418v1,ARX:FORMAL-ARXIV-V12-Q-B4:2508.06418v1,arXiv,Q-B4
REC-03661,ARX:FORMAL-ARXIV-V12-Q-B1:2508.03793v3,ARX:FORMAL-ARXIV-V12-Q-D2:2508.03793v3,arXiv,Q-D2
REC-03661,ARX:FORMAL-ARXIV-V12-Q-B1:2508.03793v3,ARX:FORMAL-ARXIV-V12-Q-S1:2508.03793v3,arXiv,Q-S1
REC-03662,ARX:FORMAL-ARXIV-V12-Q-B1:2508.02110v2,ARX:FORMAL-ARXIV-V12-Q-B3:2508.02110v2,arXiv,Q-B3
REC-03662,ARX:FORMAL-ARXIV-V12-Q-B1:2508.02110v2,ARX:FORMAL-ARXIV-V12-Q-B4:2508.02110v2,arXiv,Q-B4
REC-03662,ARX:FORMAL-ARXIV-V12-Q-B1:2508.02110v2,ARX:FORMAL-ARXIV-V12-Q-D2:2508.02110v2,arXiv,Q-D2
REC-03662,ARX:FORMAL-ARXIV-V12-Q-B1:2508.02110v2,ARX:FORMAL-ARXIV-V12-Q-S0:2508.02110v2,arXiv,Q-S0
REC-03663,ARX:FORMAL-ARXIV-V12-Q-B1:2508.02736v2,ARX:FORMAL-ARXIV-V12-Q-C2:2508.02736v2,arXiv,Q-C2
REC-03663,ARX:FORMAL-ARXIV-V12-Q-B1:2508.02736v2,ARX:FORMAL-ARXIV-V12-Q-D2:2508.02736v2,arXiv,Q-D2
REC-03664,ARX:FORMAL-ARXIV-V12-Q-B1:2507.20526v1,ARX:FORMAL-ARXIV-V12-Q-D1:2507.20526v1,arXiv,Q-D1
REC-03664,ARX:FORMAL-ARXIV-V12-Q-B1:2507.20526v1,ARX:FORMAL-ARXIV-V12-Q-D2:2507.20526v1,arXiv,Q-D2
REC-03664,ARX:FORMAL-ARXIV-V12-Q-B1:2507.20526v1,ARX:FORMAL-ARXIV-V12-Q-S0:2507.20526v1,arXiv,Q-S0
REC-03665,ARX:FORMAL-ARXIV-V12-Q-B1:2507.15219v1,ARX:FORMAL-ARXIV-V12-Q-D2:2507.15219v1,arXiv,Q-D2
REC-03665,ARX:FORMAL-ARXIV-V12-Q-B1:2507.15219v1,ARX:FORMAL-ARXIV-V12-Q-S1:2507.15219v1,arXiv,Q-S1
REC-03666,ARX:FORMAL-ARXIV-V12-Q-B1:2507.13169v1,ARX:FORMAL-ARXIV-V12-Q-D2:2507.13169v1,arXiv,Q-D2
REC-03666,ARX:FORMAL-ARXIV-V12-Q-B1:2507.13169v1,ARX:FORMAL-ARXIV-V12-Q-S1:2507.13169v1,arXiv,Q-S1
REC-03667,ARX:FORMAL-ARXIV-V12-Q-B1:2507.13038v1,ARX:FORMAL-ARXIV-V12-Q-S0:2507.13038v1,arXiv,Q-S0
REC-03667,ARX:FORMAL-ARXIV-V12-Q-B1:2507.13038v1,ARX:FORMAL-ARXIV-V12-Q-S1:2507.13038v1,arXiv,Q-S1
REC-03668,ARX:FORMAL-ARXIV-V12-Q-B1:2507.06323v1,ARX:FORMAL-ARXIV-V12-Q-B4:2507.06323v1,arXiv,Q-B4
REC-03668,ARX:FORMAL-ARXIV-V12-Q-B1:2507.06323v1,ARX:FORMAL-ARXIV-V12-Q-D2:2507.06323v1,arXiv,Q-D2
REC-03668,ARX:FORMAL-ARXIV-V12-Q-B1:2507.06323v1,ARX:FORMAL-ARXIV-V12-Q-S0:2507.06323v1,arXiv,Q-S0
REC-03669,ARX:FORMAL-ARXIV-V12-Q-B1:2507.05630v3,ARX:FORMAL-ARXIV-V12-Q-S1:2507.05630v3,arXiv,Q-S1
REC-03670,ARX:FORMAL-ARXIV-V12-Q-B1:2506.23260v2,ARX:FORMAL-ARXIV-V12-Q-B4:2506.23260v2,arXiv,Q-B4
REC-03670,ARX:FORMAL-ARXIV-V12-Q-B1:2506.23260v2,ARX:FORMAL-ARXIV-V12-Q-C2:2506.23260v2,arXiv,Q-C2
REC-03670,ARX:FORMAL-ARXIV-V12-Q-B1:2506.23260v2,ARX:FORMAL-ARXIV-V12-Q-D1:2506.23260v2,arXiv,Q-D1
REC-03670,ARX:FORMAL-ARXIV-V12-Q-B1:2506.23260v2,ARX:FORMAL-ARXIV-V12-Q-D2:2506.23260v2,arXiv,Q-D2
REC-03670,ARX:FORMAL-ARXIV-V12-Q-B1:2506.23260v2,ARX:FORMAL-ARXIV-V12-Q-S0:2506.23260v2,arXiv,Q-S0
REC-03670,ARX:FORMAL-ARXIV-V12-Q-B1:2506.23260v2,ARX:FORMAL-ARXIV-V12-Q-S1:2506.23260v2,arXiv,Q-S1
REC-03673,ARX:FORMAL-ARXIV-V12-Q-B1:2506.12104v3,ARX:FORMAL-ARXIV-V12-Q-D2:2506.12104v3,arXiv,Q-D2
REC-03673,ARX:FORMAL-ARXIV-V12-Q-B1:2506.12104v3,ARX:FORMAL-ARXIV-V12-Q-S0:2506.12104v3,arXiv,Q-S0
REC-03674,ARX:FORMAL-ARXIV-V12-Q-B1:2506.05739v1,ARX:FORMAL-ARXIV-V12-Q-D2:2506.05739v1,arXiv,Q-D2
REC-03674,ARX:FORMAL-ARXIV-V12-Q-B1:2506.05739v1,ARX:FORMAL-ARXIV-V12-Q-S0:2506.05739v1,arXiv,Q-S0
REC-03674,ARX:FORMAL-ARXIV-V12-Q-B1:2506.05739v1,ARX:FORMAL-ARXIV-V12-Q-S1:2506.05739v1,arXiv,Q-S1
REC-03676,ARX:FORMAL-ARXIV-V12-Q-B1:2506.02859v1,ARX:FORMAL-ARXIV-V12-Q-C2:2506.02859v1,arXiv,Q-C2
REC-03676,ARX:FORMAL-ARXIV-V12-Q-B1:2506.02859v1,ARX:FORMAL-ARXIV-V12-Q-D2:2506.02859v1,arXiv,Q-D2
REC-03676,ARX:FORMAL-ARXIV-V12-Q-B1:2506.02859v1,ARX:FORMAL-ARXIV-V12-Q-S0:2506.02859v1,arXiv,Q-S0
REC-03677,ARX:FORMAL-ARXIV-V12-Q-B1:2505.23643v2,ARX:FORMAL-ARXIV-V12-Q-B3:2505.23643v2,arXiv,Q-B3
REC-03677,ARX:FORMAL-ARXIV-V12-Q-B1:2505.23643v2,ARX:FORMAL-ARXIV-V12-Q-S0:2505.23643v2,arXiv,Q-S0
REC-03678,ARX:FORMAL-ARXIV-V12-Q-B1:2505.22852v1,ARX:FORMAL-ARXIV-V12-Q-D1:2505.22852v1,arXiv,Q-D1
REC-03678,ARX:FORMAL-ARXIV-V12-Q-B1:2505.22852v1,ARX:FORMAL-ARXIV-V12-Q-D2:2505.22852v1,arXiv,Q-D2
REC-03679,ARX:FORMAL-ARXIV-V12-Q-B1:2505.15738v2,ARX:FORMAL-ARXIV-V12-Q-S1:2505.15738v2,arXiv,Q-S1
REC-03680,ARX:FORMAL-ARXIV-V12-Q-B1:2505.12490v3,ARX:FORMAL-ARXIV-V12-Q-C2:2505.12490v3,arXiv,Q-C2
REC-03680,ARX:FORMAL-ARXIV-V12-Q-B1:2505.12490v3,ARX:FORMAL-ARXIV-V12-Q-D2:2505.12490v3,arXiv,Q-D2
REC-03681,ARX:FORMAL-ARXIV-V12-Q-B1:2505.05849v4,ARX:FORMAL-ARXIV-V12-Q-D1:2505.05849v4,arXiv,Q-D1
REC-03681,ARX:FORMAL-ARXIV-V12-Q-B1:2505.05849v4,ARX:FORMAL-ARXIV-V12-Q-D2:2505.05849v4,arXiv,Q-D2
REC-03681,ARX:FORMAL-ARXIV-V12-Q-B1:2505.05849v4,ARX:FORMAL-ARXIV-V12-Q-S0:2505.05849v4,arXiv,Q-S0
REC-03681,ARX:FORMAL-ARXIV-V12-Q-B1:2505.05849v4,ARX:FORMAL-ARXIV-V12-Q-S1:2505.05849v4,arXiv,Q-S1
REC-03684,ARX:FORMAL-ARXIV-V12-Q-B1:2504.20984v3,ARX:FORMAL-ARXIV-V12-Q-B3:2504.20984v3,arXiv,Q-B3
REC-03686,ARX:FORMAL-ARXIV-V12-Q-B1:2504.16125v1,ARX:FORMAL-ARXIV-V12-Q-S1:2504.16125v1,arXiv,Q-S1
REC-03687,ARX:FORMAL-ARXIV-V12-Q-B1:2504.14348v4,ARX:FORMAL-ARXIV-V12-Q-D2:2504.14348v4,arXiv,Q-D2
REC-03687,ARX:FORMAL-ARXIV-V12-Q-B1:2504.14348v4,ARX:FORMAL-ARXIV-V12-Q-S0:2504.14348v4,arXiv,Q-S0
REC-03687,ARX:FORMAL-ARXIV-V12-Q-B1:2504.14348v4,ARX:FORMAL-ARXIV-V12-Q-S1:2504.14348v4,arXiv,Q-S1
REC-03688,ARX:FORMAL-ARXIV-V12-Q-B1:2504.11358v4,ARX:FORMAL-ARXIV-V12-Q-S1:2504.11358v4,arXiv,Q-S1
REC-03689,ARX:FORMAL-ARXIV-V12-Q-B1:2504.09841v1,ARX:FORMAL-ARXIV-V12-Q-D3:2504.09841v1,arXiv,Q-D3
REC-03689,ARX:FORMAL-ARXIV-V12-Q-B1:2504.09841v1,ARX:FORMAL-ARXIV-V12-Q-S0:2504.09841v1,arXiv,Q-S0
REC-03690,ARX:FORMAL-ARXIV-V12-Q-B1:2503.16248v3,ARX:FORMAL-ARXIV-V12-Q-D2:2503.16248v3,arXiv,Q-D2
REC-03690,ARX:FORMAL-ARXIV-V12-Q-B1:2503.16248v3,ARX:FORMAL-ARXIV-V12-Q-S0:2503.16248v3,arXiv,Q-S0
REC-03691,ARX:FORMAL-ARXIV-V12-Q-B1:2503.11517v1,ARX:FORMAL-ARXIV-V12-Q-C2:2503.11517v1,arXiv,Q-C2
REC-03691,ARX:FORMAL-ARXIV-V12-Q-B1:2503.11517v1,ARX:FORMAL-ARXIV-V12-Q-S0:2503.11517v1,arXiv,Q-S0
REC-03691,ARX:FORMAL-ARXIV-V12-Q-B1:2503.11517v1,ARX:FORMAL-ARXIV-V12-Q-S1:2503.11517v1,arXiv,Q-S1
REC-03693,ARX:FORMAL-ARXIV-V12-Q-B1:2503.00061v2,ARX:FORMAL-ARXIV-V12-Q-D2:2503.00061v2,arXiv,Q-D2
REC-03693,ARX:FORMAL-ARXIV-V12-Q-B1:2503.00061v2,ARX:FORMAL-ARXIV-V12-Q-S0:2503.00061v2,arXiv,Q-S0
REC-03693,ARX:FORMAL-ARXIV-V12-Q-B1:2503.00061v2,ARX:FORMAL-ARXIV-V12-Q-S1:2503.00061v2,arXiv,Q-S1
REC-03694,ARX:FORMAL-ARXIV-V12-Q-B1:2502.16580v5,ARX:FORMAL-ARXIV-V12-Q-S1:2502.16580v5,arXiv,Q-S1
REC-03695,ARX:FORMAL-ARXIV-V12-Q-B1:2502.11127v1,ARX:FORMAL-ARXIV-V12-Q-C2:2502.11127v1,arXiv,Q-C2
REC-03695,ARX:FORMAL-ARXIV-V12-Q-B1:2502.11127v1,ARX:FORMAL-ARXIV-V12-Q-S0:2502.11127v1,arXiv,Q-S0
REC-03696,ARX:FORMAL-ARXIV-V12-Q-B1:2502.08966v2,ARX:FORMAL-ARXIV-V12-Q-B3:2502.08966v2,arXiv,Q-B3
REC-03696,ARX:FORMAL-ARXIV-V12-Q-B1:2502.08966v2,ARX:FORMAL-ARXIV-V12-Q-D2:2502.08966v2,arXiv,Q-D2
REC-03696,ARX:FORMAL-ARXIV-V12-Q-B1:2502.08966v2,ARX:FORMAL-ARXIV-V12-Q-S0:2502.08966v2,arXiv,Q-S0
REC-03696,ARX:FORMAL-ARXIV-V12-Q-B1:2502.08966v2,ARX:FORMAL-ARXIV-V12-Q-S1:2502.08966v2,arXiv,Q-S1
REC-03697,ARX:FORMAL-ARXIV-V12-Q-B1:2502.05206v6,ARX:FORMAL-ARXIV-V12-Q-B2:2502.05206v6,arXiv,Q-B2
REC-03697,ARX:FORMAL-ARXIV-V12-Q-B1:2502.05206v6,ARX:FORMAL-ARXIV-V12-Q-S0:2502.05206v6,arXiv,Q-S0
REC-03698,ARX:FORMAL-ARXIV-V12-Q-B1:2412.16682v1,ARX:FORMAL-ARXIV-V12-Q-D1:2412.16682v1,arXiv,Q-D1
REC-03698,ARX:FORMAL-ARXIV-V12-Q-B1:2412.16682v1,ARX:FORMAL-ARXIV-V12-Q-D2:2412.16682v1,arXiv,Q-D2
REC-03698,ARX:FORMAL-ARXIV-V12-Q-B1:2412.16682v1,ARX:FORMAL-ARXIV-V12-Q-S0:2412.16682v1,arXiv,Q-S0
REC-03698,ARX:FORMAL-ARXIV-V12-Q-B1:2412.16682v1,ARX:FORMAL-ARXIV-V12-Q-S1:2412.16682v1,arXiv,Q-S1
REC-03699,ARX:FORMAL-ARXIV-V12-Q-B1:2412.10807v2,ARX:FORMAL-ARXIV-V12-Q-S0:2412.10807v2,arXiv,Q-S0
REC-03703,ARX:FORMAL-ARXIV-V12-Q-B1:2410.16950v1,ARX:FORMAL-ARXIV-V12-Q-D2:2410.16950v1,arXiv,Q-D2
REC-03703,ARX:FORMAL-ARXIV-V12-Q-B1:2410.16950v1,ARX:FORMAL-ARXIV-V12-Q-S0:2410.16950v1,arXiv,Q-S0
REC-03707,ARX:FORMAL-ARXIV-V12-Q-B1:2410.08776v2,ARX:FORMAL-ARXIV-V12-Q-S0:2410.08776v2,arXiv,Q-S0
REC-03707,ARX:FORMAL-ARXIV-V12-Q-B1:2410.08776v2,ARX:FORMAL-ARXIV-V12-Q-S1:2410.08776v2,arXiv,Q-S1
REC-03708,ARX:FORMAL-ARXIV-V12-Q-B1:2410.07283v1,ARX:FORMAL-ARXIV-V12-Q-C2:2410.07283v1,arXiv,Q-C2
REC-03708,ARX:FORMAL-ARXIV-V12-Q-B1:2410.07283v1,ARX:FORMAL-ARXIV-V12-Q-S0:2410.07283v1,arXiv,Q-S0
REC-03708,ARX:FORMAL-ARXIV-V12-Q-B1:2410.07283v1,ARX:FORMAL-ARXIV-V12-Q-S1:2410.07283v1,arXiv,Q-S1
REC-03709,ARX:FORMAL-ARXIV-V12-Q-B1:2410.02644v4,ARX:FORMAL-ARXIV-V12-Q-B2:2410.02644v4,arXiv,Q-B2
REC-03709,ARX:FORMAL-ARXIV-V12-Q-B1:2410.02644v4,ARX:FORMAL-ARXIV-V12-Q-S0:2410.02644v4,arXiv,Q-S0
REC-03710,ARX:FORMAL-ARXIV-V12-Q-B1:2406.13352v3,ARX:FORMAL-ARXIV-V12-Q-D2:2406.13352v3,arXiv,Q-D2
REC-03710,ARX:FORMAL-ARXIV-V12-Q-B1:2406.13352v3,ARX:FORMAL-ARXIV-V12-Q-S0:2406.13352v3,arXiv,Q-S0
REC-03710,ARX:FORMAL-ARXIV-V12-Q-B1:2406.13352v3,ARX:FORMAL-ARXIV-V12-Q-S1:2406.13352v3,arXiv,Q-S1
REC-03713,ARX:FORMAL-ARXIV-V12-Q-B1:2403.02691v3,ARX:FORMAL-ARXIV-V12-Q-D2:2403.02691v3,arXiv,Q-D2
REC-03713,ARX:FORMAL-ARXIV-V12-Q-B1:2403.02691v3,ARX:FORMAL-ARXIV-V12-Q-S0:2403.02691v3,arXiv,Q-S0
REC-03713,ARX:FORMAL-ARXIV-V12-Q-B1:2403.02691v3,ARX:FORMAL-ARXIV-V12-Q-S1:2403.02691v3,arXiv,Q-S1
REC-03717,ARX:FORMAL-ARXIV-V12-Q-B2:2606.12896v2,ARX:FORMAL-ARXIV-V12-Q-S0:2606.12896v2,arXiv,Q-S0
REC-03743,ARX:FORMAL-ARXIV-V12-Q-B2:2601.04566v2,ARX:FORMAL-ARXIV-V12-Q-S0:2601.04566v2,arXiv,Q-S0
REC-03748,ARX:FORMAL-ARXIV-V12-Q-B2:2511.16709v1,ARX:FORMAL-ARXIV-V12-Q-D1:2511.16709v1,arXiv,Q-D1
REC-03748,ARX:FORMAL-ARXIV-V12-Q-B2:2511.16709v1,ARX:FORMAL-ARXIV-V12-Q-D2:2511.16709v1,arXiv,Q-D2
REC-03748,ARX:FORMAL-ARXIV-V12-Q-B2:2511.16709v1,ARX:FORMAL-ARXIV-V12-Q-S0:2511.16709v1,arXiv,Q-S0
REC-03754,ARX:FORMAL-ARXIV-V12-Q-B2:2510.27623v3,ARX:FORMAL-ARXIV-V12-Q-S0:2510.27623v3,arXiv,Q-S0
REC-03756,ARX:FORMAL-ARXIV-V12-Q-B2:2510.11246v1,ARX:FORMAL-ARXIV-V12-Q-C2:2510.11246v1,arXiv,Q-C2
REC-03756,ARX:FORMAL-ARXIV-V12-Q-B2:2510.11246v1,ARX:FORMAL-ARXIV-V12-Q-S0:2510.11246v1,arXiv,Q-S0
REC-03758,ARX:FORMAL-ARXIV-V12-Q-B2:2510.08238v1,ARX:FORMAL-ARXIV-V12-Q-S0:2510.08238v1,arXiv,Q-S0
REC-03761,ARX:FORMAL-ARXIV-V12-Q-B2:2509.16950v2,ARX:FORMAL-ARXIV-V12-Q-S0:2509.16950v2,arXiv,Q-S0
REC-03771,ARX:FORMAL-ARXIV-V12-Q-B2:2506.13205v6,ARX:FORMAL-ARXIV-V12-Q-S0:2506.13205v6,arXiv,Q-S0
REC-03777,ARX:FORMAL-ARXIV-V12-Q-B2:2505.21425v3,ARX:FORMAL-ARXIV-V12-Q-S0:2505.21425v3,arXiv,Q-S0
REC-03778,ARX:FORMAL-ARXIV-V12-Q-B2:2505.19532v2,ARX:FORMAL-ARXIV-V12-Q-C3:2505.19532v2,arXiv,Q-C3
REC-03782,ARX:FORMAL-ARXIV-V12-Q-B2:2505.11642v2,ARX:FORMAL-ARXIV-V12-Q-C2:2505.11642v2,arXiv,Q-C2
REC-03782,ARX:FORMAL-ARXIV-V12-Q-B2:2505.11642v2,ARX:FORMAL-ARXIV-V12-Q-D2:2505.11642v2,arXiv,Q-D2
REC-03782,ARX:FORMAL-ARXIV-V12-Q-B2:2505.11642v2,ARX:FORMAL-ARXIV-V12-Q-S0:2505.11642v2,arXiv,Q-S0
REC-03790,ARX:FORMAL-ARXIV-V12-Q-B2:2502.12575v2,ARX:FORMAL-ARXIV-V12-Q-S0:2502.12575v2,arXiv,Q-S0
REC-03792,ARX:FORMAL-ARXIV-V12-Q-B2:2501.18617v2,ARX:FORMAL-ARXIV-V12-Q-D2:2501.18617v2,arXiv,Q-D2
REC-03793,ARX:FORMAL-ARXIV-V12-Q-B2:2501.01593v2,ARX:FORMAL-ARXIV-V12-Q-C2:2501.01593v2,arXiv,Q-C2
REC-03793,ARX:FORMAL-ARXIV-V12-Q-B2:2501.01593v2,ARX:FORMAL-ARXIV-V12-Q-S0:2501.01593v2,arXiv,Q-S0
REC-03800,ARX:FORMAL-ARXIV-V12-Q-B2:2409.07775v1,ARX:FORMAL-ARXIV-V12-Q-S0:2409.07775v1,arXiv,Q-S0
REC-03801,ARX:FORMAL-ARXIV-V12-Q-B2:2408.03554v1,ARX:FORMAL-ARXIV-V12-Q-S1:2408.03554v1,arXiv,Q-S1
REC-03802,ARX:FORMAL-ARXIV-V12-Q-B2:2408.02882v1,ARX:FORMAL-ARXIV-V12-Q-S0:2408.02882v1,arXiv,Q-S0
REC-03803,ARX:FORMAL-ARXIV-V12-Q-B2:2407.12784v1,ARX:FORMAL-ARXIV-V12-Q-C1:2407.12784v1,arXiv,Q-C1
REC-03803,ARX:FORMAL-ARXIV-V12-Q-B2:2407.12784v1,ARX:FORMAL-ARXIV-V12-Q-D1:2407.12784v1,arXiv,Q-D1
REC-03803,ARX:FORMAL-ARXIV-V12-Q-B2:2407.12784v1,ARX:FORMAL-ARXIV-V12-Q-D3:2407.12784v1,arXiv,Q-D3
REC-03803,ARX:FORMAL-ARXIV-V12-Q-B2:2407.12784v1,ARX:FORMAL-ARXIV-V12-Q-S0:2407.12784v1,arXiv,Q-S0
REC-03805,ARX:FORMAL-ARXIV-V12-Q-B2:2406.03007v1,ARX:FORMAL-ARXIV-V12-Q-C3:2406.03007v1,arXiv,Q-C3
REC-03805,ARX:FORMAL-ARXIV-V12-Q-B2:2406.03007v1,ARX:FORMAL-ARXIV-V12-Q-S0:2406.03007v1,arXiv,Q-S0
REC-03806,ARX:FORMAL-ARXIV-V12-Q-B2:2405.20539v2,ARX:FORMAL-ARXIV-V12-Q-S0:2405.20539v2,arXiv,Q-S0
REC-03808,ARX:FORMAL-ARXIV-V12-Q-B2:2405.20774v3,ARX:FORMAL-ARXIV-V12-Q-S0:2405.20774v3,arXiv,Q-S0
REC-03813,ARX:FORMAL-ARXIV-V12-Q-B2:2402.11208v2,ARX:FORMAL-ARXIV-V12-Q-S0:2402.11208v2,arXiv,Q-S0
REC-03824,ARX:FORMAL-ARXIV-V12-Q-B3:2607.27267v1,ARX:FORMAL-ARXIV-V12-Q-C3:2607.27267v1,arXiv,Q-C3
REC-03824,ARX:FORMAL-ARXIV-V12-Q-B3:2607.27267v1,ARX:FORMAL-ARXIV-V12-Q-D1:2607.27267v1,arXiv,Q-D1
REC-03824,ARX:FORMAL-ARXIV-V12-Q-B3:2607.27267v1,ARX:FORMAL-ARXIV-V12-Q-S0:2607.27267v1,arXiv,Q-S0
REC-03825,ARX:FORMAL-ARXIV-V12-Q-B3:2607.26533v1,ARX:FORMAL-ARXIV-V12-Q-S0:2607.26533v1,arXiv,Q-S0
REC-03827,ARX:FORMAL-ARXIV-V12-Q-B3:2607.25619v1,ARX:FORMAL-ARXIV-V12-Q-S0:2607.25619v1,arXiv,Q-S0
REC-03829,ARX:FORMAL-ARXIV-V12-Q-B3:2607.23124v1,ARX:FORMAL-ARXIV-V12-Q-D1:2607.23124v1,arXiv,Q-D1
REC-03829,ARX:FORMAL-ARXIV-V12-Q-B3:2607.23124v1,ARX:FORMAL-ARXIV-V12-Q-D3:2607.23124v1,arXiv,Q-D3
REC-03832,ARX:FORMAL-ARXIV-V12-Q-B3:2607.15660v1,ARX:FORMAL-ARXIV-V12-Q-D3:2607.15660v1,arXiv,Q-D3
REC-03834,ARX:FORMAL-ARXIV-V12-Q-B3:2607.14570v1,ARX:FORMAL-ARXIV-V12-Q-C3:2607.14570v1,arXiv,Q-C3
REC-03834,ARX:FORMAL-ARXIV-V12-Q-B3:2607.14570v1,ARX:FORMAL-ARXIV-V12-Q-D1:2607.14570v1,arXiv,Q-D1
REC-03834,ARX:FORMAL-ARXIV-V12-Q-B3:2607.14570v1,ARX:FORMAL-ARXIV-V12-Q-D2:2607.14570v1,arXiv,Q-D2
REC-03834,ARX:FORMAL-ARXIV-V12-Q-B3:2607.14570v1,ARX:FORMAL-ARXIV-V12-Q-D3:2607.14570v1,arXiv,Q-D3
REC-03834,ARX:FORMAL-ARXIV-V12-Q-B3:2607.14570v1,ARX:FORMAL-ARXIV-V12-Q-S0:2607.14570v1,arXiv,Q-S0
REC-03837,ARX:FORMAL-ARXIV-V12-Q-B3:2607.12340v1,ARX:FORMAL-ARXIV-V12-Q-D1:2607.12340v1,arXiv,Q-D1
REC-03837,ARX:FORMAL-ARXIV-V12-Q-B3:2607.12340v1,ARX:FORMAL-ARXIV-V12-Q-D2:2607.12340v1,arXiv,Q-D2
REC-03842,ARX:FORMAL-ARXIV-V12-Q-B3:2607.03423v1,ARX:FORMAL-ARXIV-V12-Q-D2:2607.03423v1,arXiv,Q-D2
REC-03842,ARX:FORMAL-ARXIV-V12-Q-B3:2607.03423v1,ARX:FORMAL-ARXIV-V12-Q-S0:2607.03423v1,arXiv,Q-S0
REC-03844,ARX:FORMAL-ARXIV-V12-Q-B3:2607.01640v1,ARX:FORMAL-ARXIV-V12-Q-D2:2607.01640v1,arXiv,Q-D2
REC-03845,ARX:FORMAL-ARXIV-V12-Q-B3:2607.01136v1,ARX:FORMAL-ARXIV-V12-Q-D1:2607.01136v1,arXiv,Q-D1
REC-03845,ARX:FORMAL-ARXIV-V12-Q-B3:2607.01136v1,ARX:FORMAL-ARXIV-V12-Q-S0:2607.01136v1,arXiv,Q-S0
REC-03846,ARX:FORMAL-ARXIV-V12-Q-B3:2607.00316v1,ARX:FORMAL-ARXIV-V12-Q-C2:2607.00316v1,arXiv,Q-C2
REC-03848,ARX:FORMAL-ARXIV-V12-Q-B3:2606.29194v1,ARX:FORMAL-ARXIV-V12-Q-D1:2606.29194v1,arXiv,Q-D1
REC-03849,ARX:FORMAL-ARXIV-V12-Q-B3:2606.26649v1,ARX:FORMAL-ARXIV-V12-Q-B4:2606.26649v1,arXiv,Q-B4
REC-03853,ARX:FORMAL-ARXIV-V12-Q-B3:2606.19795v1,ARX:FORMAL-ARXIV-V12-Q-C2:2606.19795v1,arXiv,Q-C2
REC-03853,ARX:FORMAL-ARXIV-V12-Q-B3:2606.19795v1,ARX:FORMAL-ARXIV-V12-Q-C3:2606.19795v1,arXiv,Q-C3
REC-03854,ARX:FORMAL-ARXIV-V12-Q-B3:2606.18198v1,ARX:FORMAL-ARXIV-V12-Q-S0:2606.18198v1,arXiv,Q-S0
REC-03856,ARX:FORMAL-ARXIV-V12-Q-B3:2606.17002v1,ARX:FORMAL-ARXIV-V12-Q-C3:2606.17002v1,arXiv,Q-C3
REC-03858,ARX:FORMAL-ARXIV-V12-Q-B3:2606.16287v2,ARX:FORMAL-ARXIV-V12-Q-D2:2606.16287v2,arXiv,Q-D2
REC-03858,ARX:FORMAL-ARXIV-V12-Q-B3:2606.16287v2,ARX:FORMAL-ARXIV-V12-Q-S0:2606.16287v2,arXiv,Q-S0
REC-03861,ARX:FORMAL-ARXIV-V12-Q-B3:2606.15242v1,ARX:FORMAL-ARXIV-V12-Q-C3:2606.15242v1,arXiv,Q-C3
REC-03861,ARX:FORMAL-ARXIV-V12-Q-B3:2606.15242v1,ARX:FORMAL-ARXIV-V12-Q-D1:2606.15242v1,arXiv,Q-D1
REC-03861,ARX:FORMAL-ARXIV-V12-Q-B3:2606.15242v1,ARX:FORMAL-ARXIV-V12-Q-D2:2606.15242v1,arXiv,Q-D2
REC-03861,ARX:FORMAL-ARXIV-V12-Q-B3:2606.15242v1,ARX:FORMAL-ARXIV-V12-Q-D3:2606.15242v1,arXiv,Q-D3
REC-03861,ARX:FORMAL-ARXIV-V12-Q-B3:2606.15242v1,ARX:FORMAL-ARXIV-V12-Q-S0:2606.15242v1,arXiv,Q-S0
REC-03863,ARX:FORMAL-ARXIV-V12-Q-B3:2606.13663v1,ARX:FORMAL-ARXIV-V12-Q-D1:2606.13663v1,arXiv,Q-D1
REC-03864,ARX:FORMAL-ARXIV-V12-Q-B3:2606.12341v1,ARX:FORMAL-ARXIV-V12-Q-C3:2606.12341v1,arXiv,Q-C3
REC-03864,ARX:FORMAL-ARXIV-V12-Q-B3:2606.12341v1,ARX:FORMAL-ARXIV-V12-Q-D1:2606.12341v1,arXiv,Q-D1
REC-03864,ARX:FORMAL-ARXIV-V12-Q-B3:2606.12341v1,ARX:FORMAL-ARXIV-V12-Q-D2:2606.12341v1,arXiv,Q-D2
REC-03865,ARX:FORMAL-ARXIV-V12-Q-B3:2606.12290v1,ARX:FORMAL-ARXIV-V12-Q-C1:2606.12290v1,arXiv,Q-C1
REC-03866,ARX:FORMAL-ARXIV-V12-Q-B3:2606.11671v1,ARX:FORMAL-ARXIV-V12-Q-C1:2606.11671v1,arXiv,Q-C1
REC-03866,ARX:FORMAL-ARXIV-V12-Q-B3:2606.11671v1,ARX:FORMAL-ARXIV-V12-Q-D1:2606.11671v1,arXiv,Q-D1
REC-03866,ARX:FORMAL-ARXIV-V12-Q-B3:2606.11671v1,ARX:FORMAL-ARXIV-V12-Q-D2:2606.11671v1,arXiv,Q-D2
REC-03866,ARX:FORMAL-ARXIV-V12-Q-B3:2606.11671v1,ARX:FORMAL-ARXIV-V12-Q-S0:2606.11671v1,arXiv,Q-S0
REC-03868,ARX:FORMAL-ARXIV-V12-Q-B3:2606.07941v1,ARX:FORMAL-ARXIV-V12-Q-C2:2606.07941v1,arXiv,Q-C2
REC-03868,ARX:FORMAL-ARXIV-V12-Q-B3:2606.07941v1,ARX:FORMAL-ARXIV-V12-Q-D2:2606.07941v1,arXiv,Q-D2
REC-03868,ARX:FORMAL-ARXIV-V12-Q-B3:2606.07941v1,ARX:FORMAL-ARXIV-V12-Q-S0:2606.07941v1,arXiv,Q-S0
REC-03871,ARX:FORMAL-ARXIV-V12-Q-B3:2606.05679v1,ARX:FORMAL-ARXIV-V12-Q-D1:2606.05679v1,arXiv,Q-D1
REC-03871,ARX:FORMAL-ARXIV-V12-Q-B3:2606.05679v1,ARX:FORMAL-ARXIV-V12-Q-D2:2606.05679v1,arXiv,Q-D2
REC-03871,ARX:FORMAL-ARXIV-V12-Q-B3:2606.05679v1,ARX:FORMAL-ARXIV-V12-Q-S0:2606.05679v1,arXiv,Q-S0
REC-03874,ARX:FORMAL-ARXIV-V12-Q-B3:2606.01494v1,ARX:FORMAL-ARXIV-V12-Q-D2:2606.01494v1,arXiv,Q-D2
REC-03875,ARX:FORMAL-ARXIV-V12-Q-B3:2606.00925v1,ARX:FORMAL-ARXIV-V12-Q-C3:2606.00925v1,arXiv,Q-C3
REC-03875,ARX:FORMAL-ARXIV-V12-Q-B3:2606.00925v1,ARX:FORMAL-ARXIV-V12-Q-S0:2606.00925v1,arXiv,Q-S0
REC-03876,ARX:FORMAL-ARXIV-V12-Q-B3:2606.00566v1,ARX:FORMAL-ARXIV-V12-Q-B4:2606.00566v1,arXiv,Q-B4
REC-03878,ARX:FORMAL-ARXIV-V12-Q-B3:2605.30042v1,ARX:FORMAL-ARXIV-V12-Q-C2:2605.30042v1,arXiv,Q-C2
REC-03878,ARX:FORMAL-ARXIV-V12-Q-B3:2605.30042v1,ARX:FORMAL-ARXIV-V12-Q-D3:2605.30042v1,arXiv,Q-D3
REC-03879,ARX:FORMAL-ARXIV-V12-Q-B3:2605.29955v1,ARX:FORMAL-ARXIV-V12-Q-D1:2605.29955v1,arXiv,Q-D1
REC-03880,ARX:FORMAL-ARXIV-V12-Q-B3:2605.28588v1,ARX:FORMAL-ARXIV-V12-Q-D3:2605.28588v1,arXiv,Q-D3
REC-03881,ARX:FORMAL-ARXIV-V12-Q-B3:2605.28071v1,ARX:FORMAL-ARXIV-V12-Q-C3:2605.28071v1,arXiv,Q-C3
REC-03883,ARX:FORMAL-ARXIV-V12-Q-B3:2605.25489v1,ARX:FORMAL-ARXIV-V12-Q-D1:2605.25489v1,arXiv,Q-D1
REC-03884,ARX:FORMAL-ARXIV-V12-Q-B3:2606.00088v1,ARX:FORMAL-ARXIV-V12-Q-C3:2606.00088v1,arXiv,Q-C3
REC-03884,ARX:FORMAL-ARXIV-V12-Q-B3:2606.00088v1,ARX:FORMAL-ARXIV-V12-Q-D1:2606.00088v1,arXiv,Q-D1
REC-03885,ARX:FORMAL-ARXIV-V12-Q-B3:2605.24069v1,ARX:FORMAL-ARXIV-V12-Q-B4:2605.24069v1,arXiv,Q-B4
REC-03885,ARX:FORMAL-ARXIV-V12-Q-B3:2605.24069v1,ARX:FORMAL-ARXIV-V12-Q-D1:2605.24069v1,arXiv,Q-D1
REC-03885,ARX:FORMAL-ARXIV-V12-Q-B3:2605.24069v1,ARX:FORMAL-ARXIV-V12-Q-D2:2605.24069v1,arXiv,Q-D2
REC-03885,ARX:FORMAL-ARXIV-V12-Q-B3:2605.24069v1,ARX:FORMAL-ARXIV-V12-Q-S0:2605.24069v1,arXiv,Q-S0
REC-03890,ARX:FORMAL-ARXIV-V12-Q-B3:2605.17453v1,ARX:FORMAL-ARXIV-V12-Q-D1:2605.17453v1,arXiv,Q-D1
REC-03890,ARX:FORMAL-ARXIV-V12-Q-B3:2605.17453v1,ARX:FORMAL-ARXIV-V12-Q-D2:2605.17453v1,arXiv,Q-D2
REC-03897,ARX:FORMAL-ARXIV-V12-Q-B3:2605.13940v1,ARX:FORMAL-ARXIV-V12-Q-C3:2605.13940v1,arXiv,Q-C3
REC-03897,ARX:FORMAL-ARXIV-V12-Q-B3:2605.13940v1,ARX:FORMAL-ARXIV-V12-Q-D1:2605.13940v1,arXiv,Q-D1
REC-03897,ARX:FORMAL-ARXIV-V12-Q-B3:2605.13940v1,ARX:FORMAL-ARXIV-V12-Q-D2:2605.13940v1,arXiv,Q-D2
REC-03897,ARX:FORMAL-ARXIV-V12-Q-B3:2605.13940v1,ARX:FORMAL-ARXIV-V12-Q-D3:2605.13940v1,arXiv,Q-D3
REC-03899,ARX:FORMAL-ARXIV-V12-Q-B3:2605.13172v1,ARX:FORMAL-ARXIV-V12-Q-C2:2605.13172v1,arXiv,Q-C2
REC-03899,ARX:FORMAL-ARXIV-V12-Q-B3:2605.13172v1,ARX:FORMAL-ARXIV-V12-Q-C3:2605.13172v1,arXiv,Q-C3
REC-03900,ARX:FORMAL-ARXIV-V12-Q-B3:2605.12863v1,ARX:FORMAL-ARXIV-V12-Q-C3:2605.12863v1,arXiv,Q-C3
REC-03901,ARX:FORMAL-ARXIV-V12-Q-B3:2605.11770v1,ARX:FORMAL-ARXIV-V12-Q-D1:2605.11770v1,arXiv,Q-D1
REC-03901,ARX:FORMAL-ARXIV-V12-Q-B3:2605.11770v1,ARX:FORMAL-ARXIV-V12-Q-D2:2605.11770v1,arXiv,Q-D2
REC-03902,ARX:FORMAL-ARXIV-V12-Q-B3:2605.11418v1,ARX:FORMAL-ARXIV-V12-Q-S0:2605.11418v1,arXiv,Q-S0
REC-03904,ARX:FORMAL-ARXIV-V12-Q-B3:2607.00011v2,ARX:FORMAL-ARXIV-V12-Q-D1:2607.00011v2,arXiv,Q-D1
REC-03904,ARX:FORMAL-ARXIV-V12-Q-B3:2607.00011v2,ARX:FORMAL-ARXIV-V12-Q-D3:2607.00011v2,arXiv,Q-D3
REC-03905,ARX:FORMAL-ARXIV-V12-Q-B3:2605.06205v1,ARX:FORMAL-ARXIV-V12-Q-D1:2605.06205v1,arXiv,Q-D1
REC-03905,ARX:FORMAL-ARXIV-V12-Q-B3:2605.06205v1,ARX:FORMAL-ARXIV-V12-Q-D2:2605.06205v1,arXiv,Q-D2
REC-03905,ARX:FORMAL-ARXIV-V12-Q-B3:2605.06205v1,ARX:FORMAL-ARXIV-V12-Q-S0:2605.06205v1,arXiv,Q-S0
REC-03908,ARX:FORMAL-ARXIV-V12-Q-B3:2605.02411v4,ARX:FORMAL-ARXIV-V12-Q-D3:2605.02411v4,arXiv,Q-D3
REC-03910,ARX:FORMAL-ARXIV-V12-Q-B3:2605.01147v1,ARX:FORMAL-ARXIV-V12-Q-D1:2605.01147v1,arXiv,Q-D1
REC-03910,ARX:FORMAL-ARXIV-V12-Q-B3:2605.01147v1,ARX:FORMAL-ARXIV-V12-Q-S0:2605.01147v1,arXiv,Q-S0
REC-03914,ARX:FORMAL-ARXIV-V12-Q-B3:2604.23141v1,ARX:FORMAL-ARXIV-V12-Q-C3:2604.23141v1,arXiv,Q-C3
REC-03914,ARX:FORMAL-ARXIV-V12-Q-B3:2604.23141v1,ARX:FORMAL-ARXIV-V12-Q-D2:2604.23141v1,arXiv,Q-D2
REC-03915,ARX:FORMAL-ARXIV-V12-Q-B3:2604.21308v1,ARX:FORMAL-ARXIV-V12-Q-D2:2604.21308v1,arXiv,Q-D2
REC-03916,ARX:FORMAL-ARXIV-V12-Q-B3:2604.20904v1,ARX:FORMAL-ARXIV-V12-Q-D2:2604.20904v1,arXiv,Q-D2
REC-03918,ARX:FORMAL-ARXIV-V12-Q-B3:2604.18652v2,ARX:FORMAL-ARXIV-V12-Q-D2:2604.18652v2,arXiv,Q-D2
REC-03918,ARX:FORMAL-ARXIV-V12-Q-B3:2604.18652v2,ARX:FORMAL-ARXIV-V12-Q-D3:2604.18652v2,arXiv,Q-D3
REC-03922,ARX:FORMAL-ARXIV-V12-Q-B3:2604.12986v1,ARX:FORMAL-ARXIV-V12-Q-D2:2604.12986v1,arXiv,Q-D2
REC-03922,ARX:FORMAL-ARXIV-V12-Q-B3:2604.12986v1,ARX:FORMAL-ARXIV-V12-Q-D3:2604.12986v1,arXiv,Q-D3
REC-03924,ARX:FORMAL-ARXIV-V12-Q-B3:2604.11839v2,ARX:FORMAL-ARXIV-V12-Q-C3:2604.11839v2,arXiv,Q-C3
REC-03924,ARX:FORMAL-ARXIV-V12-Q-B3:2604.11839v2,ARX:FORMAL-ARXIV-V12-Q-D1:2604.11839v2,arXiv,Q-D1
REC-03924,ARX:FORMAL-ARXIV-V12-Q-B3:2604.11839v2,ARX:FORMAL-ARXIV-V12-Q-D2:2604.11839v2,arXiv,Q-D2
REC-03924,ARX:FORMAL-ARXIV-V12-Q-B3:2604.11839v2,ARX:FORMAL-ARXIV-V12-Q-D3:2604.11839v2,arXiv,Q-D3
REC-03925,ARX:FORMAL-ARXIV-V12-Q-B3:2604.16469v1,ARX:FORMAL-ARXIV-V12-Q-D2:2604.16469v1,arXiv,Q-D2
REC-03926,ARX:FORMAL-ARXIV-V12-Q-B3:2604.08608v2,ARX:FORMAL-ARXIV-V12-Q-D1:2604.08608v2,arXiv,Q-D1
REC-03926,ARX:FORMAL-ARXIV-V12-Q-B3:2604.08608v2,ARX:FORMAL-ARXIV-V12-Q-D2:2604.08608v2,arXiv,Q-D2
REC-03926,ARX:FORMAL-ARXIV-V12-Q-B3:2604.08608v2,ARX:FORMAL-ARXIV-V12-Q-S0:2604.08608v2,arXiv,Q-S0
REC-03928,ARX:FORMAL-ARXIV-V12-Q-B3:2604.04604v1,ARX:FORMAL-ARXIV-V12-Q-D3:2604.04604v1,arXiv,Q-D3
REC-03929,ARX:FORMAL-ARXIV-V12-Q-B3:2604.04989v1,ARX:FORMAL-ARXIV-V12-Q-S0:2604.04989v1,arXiv,Q-S0
REC-03930,ARX:FORMAL-ARXIV-V12-Q-B3:2604.03081v1,ARX:FORMAL-ARXIV-V12-Q-S0:2604.03081v1,arXiv,Q-S0
REC-03935,ARX:FORMAL-ARXIV-V12-Q-B3:2603.27204v1,ARX:FORMAL-ARXIV-V12-Q-D2:2603.27204v1,arXiv,Q-D2
REC-03938,ARX:FORMAL-ARXIV-V12-Q-B3:2603.22386v1,ARX:FORMAL-ARXIV-V12-Q-D1:2603.22386v1,arXiv,Q-D1
REC-03941,ARX:FORMAL-ARXIV-V12-Q-B3:2605.13850v2,ARX:FORMAL-ARXIV-V12-Q-C3:2605.13850v2,arXiv,Q-C3
REC-03944,ARX:FORMAL-ARXIV-V12-Q-B3:2603.11392v1,ARX:FORMAL-ARXIV-V12-Q-C2:2603.11392v1,arXiv,Q-C2
REC-03945,ARX:FORMAL-ARXIV-V12-Q-B3:2603.13384v3,ARX:FORMAL-ARXIV-V12-Q-D1:2603.13384v3,arXiv,Q-D1
REC-03945,ARX:FORMAL-ARXIV-V12-Q-B3:2603.13384v3,ARX:FORMAL-ARXIV-V12-Q-D2:2603.13384v3,arXiv,Q-D2
REC-03948,ARX:FORMAL-ARXIV-V12-Q-B3:2603.04469v2,ARX:FORMAL-ARXIV-V12-Q-C2:2603.04469v2,arXiv,Q-C2
REC-03948,ARX:FORMAL-ARXIV-V12-Q-B3:2603.04469v2,ARX:FORMAL-ARXIV-V12-Q-S0:2603.04469v2,arXiv,Q-S0
REC-03949,ARX:FORMAL-ARXIV-V12-Q-B3:2603.03630v1,ARX:FORMAL-ARXIV-V12-Q-D2:2603.03630v1,arXiv,Q-D2
REC-03951,ARX:FORMAL-ARXIV-V12-Q-B3:2603.00195v2,ARX:FORMAL-ARXIV-V12-Q-C3:2603.00195v2,arXiv,Q-C3
REC-03951,ARX:FORMAL-ARXIV-V12-Q-B3:2603.00195v2,ARX:FORMAL-ARXIV-V12-Q-D1:2603.00195v2,arXiv,Q-D1
REC-03951,ARX:FORMAL-ARXIV-V12-Q-B3:2603.00195v2,ARX:FORMAL-ARXIV-V12-Q-D2:2603.00195v2,arXiv,Q-D2
REC-03951,ARX:FORMAL-ARXIV-V12-Q-B3:2603.00195v2,ARX:FORMAL-ARXIV-V12-Q-S0:2603.00195v2,arXiv,Q-S0
REC-03952,ARX:FORMAL-ARXIV-V12-Q-B3:2602.23258v2,ARX:FORMAL-ARXIV-V12-Q-C2:2602.23258v2,arXiv,Q-C2
REC-03955,ARX:FORMAL-ARXIV-V12-Q-B3:2602.18914v1,ARX:FORMAL-ARXIV-V12-Q-B4:2602.18914v1,arXiv,Q-B4
REC-03958,ARX:FORMAL-ARXIV-V12-Q-B3:2602.09947v1,ARX:FORMAL-ARXIV-V12-Q-C3:2602.09947v1,arXiv,Q-C3
REC-03958,ARX:FORMAL-ARXIV-V12-Q-B3:2602.09947v1,ARX:FORMAL-ARXIV-V12-Q-D1:2602.09947v1,arXiv,Q-D1
REC-03958,ARX:FORMAL-ARXIV-V12-Q-B3:2602.09947v1,ARX:FORMAL-ARXIV-V12-Q-D2:2602.09947v1,arXiv,Q-D2
REC-03962,ARX:FORMAL-ARXIV-V12-Q-B3:2602.06820v1,ARX:FORMAL-ARXIV-V12-Q-D1:2602.06820v1,arXiv,Q-D1
REC-03962,ARX:FORMAL-ARXIV-V12-Q-B3:2602.06820v1,ARX:FORMAL-ARXIV-V12-Q-D2:2602.06820v1,arXiv,Q-D2
REC-03969,ARX:FORMAL-ARXIV-V12-Q-B3:2601.11913v2,ARX:FORMAL-ARXIV-V12-Q-C2:2601.11913v2,arXiv,Q-C2
REC-03970,ARX:FORMAL-ARXIV-V12-Q-B3:2601.10865v1,ARX:FORMAL-ARXIV-V12-Q-C2:2601.10865v1,arXiv,Q-C2
REC-03972,ARX:FORMAL-ARXIV-V12-Q-B3:2601.08012v1,ARX:FORMAL-ARXIV-V12-Q-B4:2601.08012v1,arXiv,Q-B4
REC-03972,ARX:FORMAL-ARXIV-V12-Q-B3:2601.08012v1,ARX:FORMAL-ARXIV-V12-Q-D1:2601.08012v1,arXiv,Q-D1
REC-03972,ARX:FORMAL-ARXIV-V12-Q-B3:2601.08012v1,ARX:FORMAL-ARXIV-V12-Q-D2:2601.08012v1,arXiv,Q-D2
REC-03973,ARX:FORMAL-ARXIV-V12-Q-B3:2601.10738v1,ARX:FORMAL-ARXIV-V12-Q-C2:2601.10738v1,arXiv,Q-C2
REC-03973,ARX:FORMAL-ARXIV-V12-Q-B3:2601.10738v1,ARX:FORMAL-ARXIV-V12-Q-C3:2601.10738v1,arXiv,Q-C3
REC-03975,ARX:FORMAL-ARXIV-V12-Q-B3:2601.04390v3,ARX:FORMAL-ARXIV-V12-Q-C2:2601.04390v3,arXiv,Q-C2
REC-03975,ARX:FORMAL-ARXIV-V12-Q-B3:2601.04390v3,ARX:FORMAL-ARXIV-V12-Q-C3:2601.04390v3,arXiv,Q-C3
REC-03977,ARX:FORMAL-ARXIV-V12-Q-B3:2512.22883v1,ARX:FORMAL-ARXIV-V12-Q-D2:2512.22883v1,arXiv,Q-D2
REC-03977,ARX:FORMAL-ARXIV-V12-Q-B3:2512.22883v1,ARX:FORMAL-ARXIV-V12-Q-S0:2512.22883v1,arXiv,Q-S0
REC-03988,ARX:FORMAL-ARXIV-V12-Q-B3:2512.05374v1,ARX:FORMAL-ARXIV-V12-Q-C3:2512.05374v1,arXiv,Q-C3
REC-03993,ARX:FORMAL-ARXIV-V12-Q-B3:2511.03497v1,ARX:FORMAL-ARXIV-V12-Q-B4:2511.03497v1,arXiv,Q-B4
REC-03993,ARX:FORMAL-ARXIV-V12-Q-B3:2511.03497v1,ARX:FORMAL-ARXIV-V12-Q-C3:2511.03497v1,arXiv,Q-C3
REC-04000,ARX:FORMAL-ARXIV-V12-Q-B3:2510.21117v2,ARX:FORMAL-ARXIV-V12-Q-D1:2510.21117v2,arXiv,Q-D1
REC-04002,ARX:FORMAL-ARXIV-V12-Q-B3:2510.17276v2,ARX:FORMAL-ARXIV-V12-Q-C2:2510.17276v2,arXiv,Q-C2
REC-04002,ARX:FORMAL-ARXIV-V12-Q-B3:2510.17276v2,ARX:FORMAL-ARXIV-V12-Q-C3:2510.17276v2,arXiv,Q-C3
REC-04002,ARX:FORMAL-ARXIV-V12-Q-B3:2510.17276v2,ARX:FORMAL-ARXIV-V12-Q-S0:2510.17276v2,arXiv,Q-S0
REC-04003,ARX:FORMAL-ARXIV-V12-Q-B3:2510.14319v2,ARX:FORMAL-ARXIV-V12-Q-C2:2510.14319v2,arXiv,Q-C2
REC-04005,ARX:FORMAL-ARXIV-V12-Q-B3:2510.10581v2,ARX:FORMAL-ARXIV-V12-Q-C2:2510.10581v2,arXiv,Q-C2
REC-04006,ARX:FORMAL-ARXIV-V12-Q-B3:2510.04173v4,ARX:FORMAL-ARXIV-V12-Q-D1:2510.04173v4,arXiv,Q-D1
REC-04007,ARX:FORMAL-ARXIV-V12-Q-B3:2510.00685v2,ARX:FORMAL-ARXIV-V12-Q-C2:2510.00685v2,arXiv,Q-C2
REC-04008,ARX:FORMAL-ARXIV-V12-Q-B3:2510.00307v2,ARX:FORMAL-ARXIV-V12-Q-D2:2510.00307v2,arXiv,Q-D2
REC-04008,ARX:FORMAL-ARXIV-V12-Q-B3:2510.00307v2,ARX:FORMAL-ARXIV-V12-Q-D3:2510.00307v2,arXiv,Q-D3
REC-04009,ARX:FORMAL-ARXIV-V12-Q-B3:2509.22041v3,ARX:FORMAL-ARXIV-V12-Q-S0:2509.22041v3,arXiv,Q-S0
REC-04012,ARX:FORMAL-ARXIV-V12-Q-B3:2509.21011v1,ARX:FORMAL-ARXIV-V12-Q-B4:2509.21011v1,arXiv,Q-B4
REC-04021,ARX:FORMAL-ARXIV-V12-Q-B3:2508.21111v1,ARX:FORMAL-ARXIV-V12-Q-D2:2508.21111v1,arXiv,Q-D2
REC-04021,ARX:FORMAL-ARXIV-V12-Q-B3:2508.21111v1,ARX:FORMAL-ARXIV-V12-Q-D3:2508.21111v1,arXiv,Q-D3
REC-04022,ARX:FORMAL-ARXIV-V12-Q-B3:2508.20453v1,ARX:FORMAL-ARXIV-V12-Q-B4:2508.20453v1,arXiv,Q-B4
REC-04024,ARX:FORMAL-ARXIV-V12-Q-B3:2508.19267v1,ARX:FORMAL-ARXIV-V12-Q-C2:2508.19267v1,arXiv,Q-C2
REC-04024,ARX:FORMAL-ARXIV-V12-Q-B3:2508.19267v1,ARX:FORMAL-ARXIV-V12-Q-D1:2508.19267v1,arXiv,Q-D1
REC-04024,ARX:FORMAL-ARXIV-V12-Q-B3:2508.19267v1,ARX:FORMAL-ARXIV-V12-Q-S0:2508.19267v1,arXiv,Q-S0
REC-04025,ARX:FORMAL-ARXIV-V12-Q-B3:2508.15066v3,ARX:FORMAL-ARXIV-V12-Q-S0:2508.15066v3,arXiv,Q-S0
REC-04026,ARX:FORMAL-ARXIV-V12-Q-B3:2508.14925v1,ARX:FORMAL-ARXIV-V12-Q-B4:2508.14925v1,arXiv,Q-B4
REC-04026,ARX:FORMAL-ARXIV-V12-Q-B3:2508.14925v1,ARX:FORMAL-ARXIV-V12-Q-D1:2508.14925v1,arXiv,Q-D1
REC-04026,ARX:FORMAL-ARXIV-V12-Q-B3:2508.14925v1,ARX:FORMAL-ARXIV-V12-Q-D2:2508.14925v1,arXiv,Q-D2
REC-04026,ARX:FORMAL-ARXIV-V12-Q-B3:2508.14925v1,ARX:FORMAL-ARXIV-V12-Q-S0:2508.14925v1,arXiv,Q-S0
REC-04029,ARX:FORMAL-ARXIV-V12-Q-B3:2508.12538v2,ARX:FORMAL-ARXIV-V12-Q-B4:2508.12538v2,arXiv,Q-B4
REC-04029,ARX:FORMAL-ARXIV-V12-Q-B3:2508.12538v2,ARX:FORMAL-ARXIV-V12-Q-D2:2508.12538v2,arXiv,Q-D2
REC-04031,ARX:FORMAL-ARXIV-V12-Q-B3:2508.07667v3,ARX:FORMAL-ARXIV-V12-Q-C2:2508.07667v3,arXiv,Q-C2
REC-04033,ARX:FORMAL-ARXIV-V12-Q-B3:2508.05152v1,ARX:FORMAL-ARXIV-V12-Q-D1:2508.05152v1,arXiv,Q-D1
REC-04038,ARX:FORMAL-ARXIV-V12-Q-B3:2507.08065v1,ARX:FORMAL-ARXIV-V12-Q-B4:2507.08065v1,arXiv,Q-B4
REC-04043,ARX:FORMAL-ARXIV-V12-Q-B3:2506.07564v3,ARX:FORMAL-ARXIV-V12-Q-D1:2506.07564v3,arXiv,Q-D1
REC-04043,ARX:FORMAL-ARXIV-V12-Q-B3:2506.07564v3,ARX:FORMAL-ARXIV-V12-Q-D3:2506.07564v3,arXiv,Q-D3
REC-04045,ARX:FORMAL-ARXIV-V12-Q-B3:2506.00509v1,ARX:FORMAL-ARXIV-V12-Q-C2:2506.00509v1,arXiv,Q-C2
REC-04046,ARX:FORMAL-ARXIV-V12-Q-B3:2506.02040v4,ARX:FORMAL-ARXIV-V12-Q-B4:2506.02040v4,arXiv,Q-B4
REC-04046,ARX:FORMAL-ARXIV-V12-Q-B3:2506.02040v4,ARX:FORMAL-ARXIV-V12-Q-D1:2506.02040v4,arXiv,Q-D1
REC-04046,ARX:FORMAL-ARXIV-V12-Q-B3:2506.02040v4,ARX:FORMAL-ARXIV-V12-Q-S0:2506.02040v4,arXiv,Q-S0
REC-04047,ARX:FORMAL-ARXIV-V12-Q-B3:2506.00197v1,ARX:FORMAL-ARXIV-V12-Q-D2:2506.00197v1,arXiv,Q-D2
REC-04049,ARX:FORMAL-ARXIV-V12-Q-B3:2505.18572v1,ARX:FORMAL-ARXIV-V12-Q-C2:2505.18572v1,arXiv,Q-C2
REC-04049,ARX:FORMAL-ARXIV-V12-Q-B3:2505.18572v1,ARX:FORMAL-ARXIV-V12-Q-S0:2505.18572v1,arXiv,Q-S0
REC-04050,ARX:FORMAL-ARXIV-V12-Q-B3:2505.18135v2,ARX:FORMAL-ARXIV-V12-Q-B4:2505.18135v2,arXiv,Q-B4
REC-04051,ARX:FORMAL-ARXIV-V12-Q-B3:2505.16986v2,ARX:FORMAL-ARXIV-V12-Q-C1:2505.16986v2,arXiv,Q-C1
REC-04055,ARX:FORMAL-ARXIV-V12-Q-B3:2505.03673v2,ARX:FORMAL-ARXIV-V12-Q-C1:2505.03673v2,arXiv,Q-C1
REC-04068,ARX:FORMAL-ARXIV-V12-Q-B3:2502.11435v2,ARX:FORMAL-ARXIV-V12-Q-D2:2502.11435v2,arXiv,Q-D2
REC-04071,ARX:FORMAL-ARXIV-V12-Q-B3:2502.18471v2,ARX:FORMAL-ARXIV-V12-Q-C2:2502.18471v2,arXiv,Q-C2
REC-04072,ARX:FORMAL-ARXIV-V12-Q-B3:2501.18160v3,ARX:FORMAL-ARXIV-V12-Q-D1:2501.18160v3,arXiv,Q-D1
REC-04072,ARX:FORMAL-ARXIV-V12-Q-B3:2501.18160v3,ARX:FORMAL-ARXIV-V12-Q-D2:2501.18160v3,arXiv,Q-D2
REC-04078,ARX:FORMAL-ARXIV-V12-Q-B3:2411.11195v6,ARX:FORMAL-ARXIV-V12-Q-C3:2411.11195v6,arXiv,Q-C3
REC-04079,ARX:FORMAL-ARXIV-V12-Q-B3:2411.05185v3,ARX:FORMAL-ARXIV-V12-Q-C2:2411.05185v3,arXiv,Q-C2
REC-04085,ARX:FORMAL-ARXIV-V12-Q-B3:2410.03055v3,ARX:FORMAL-ARXIV-V12-Q-C3:2410.03055v3,arXiv,Q-C3
REC-04089,ARX:FORMAL-ARXIV-V12-Q-B3:2409.10277v2,ARX:FORMAL-ARXIV-V12-Q-C1:2409.10277v2,arXiv,Q-C1
REC-04097,ARX:FORMAL-ARXIV-V12-Q-B3:2404.17605v1,ARX:FORMAL-ARXIV-V12-Q-D1:2404.17605v1,arXiv,Q-D1
REC-04097,ARX:FORMAL-ARXIV-V12-Q-B3:2404.17605v1,ARX:FORMAL-ARXIV-V12-Q-D3:2404.17605v1,arXiv,Q-D3
REC-04119,ARX:FORMAL-ARXIV-V12-Q-B4:2608.00150v1,ARX:FORMAL-ARXIV-V12-Q-S0:2608.00150v1,arXiv,Q-S0
REC-04120,ARX:FORMAL-ARXIV-V12-Q-B4:2607.28836v1,ARX:FORMAL-ARXIV-V12-Q-C3:2607.28836v1,arXiv,Q-C3
REC-04122,ARX:FORMAL-ARXIV-V12-Q-B4:2607.25398v3,ARX:FORMAL-ARXIV-V12-Q-D3:2607.25398v3,arXiv,Q-D3
REC-04126,ARX:FORMAL-ARXIV-V12-Q-B4:2607.16617v2,ARX:FORMAL-ARXIV-V12-Q-C3:2607.16617v2,arXiv,Q-C3
REC-04127,ARX:FORMAL-ARXIV-V12-Q-B4:2607.14919v1,ARX:FORMAL-ARXIV-V12-Q-C3:2607.14919v1,arXiv,Q-C3
REC-04128,ARX:FORMAL-ARXIV-V12-Q-B4:2607.14798v1,ARX:FORMAL-ARXIV-V12-Q-C3:2607.14798v1,arXiv,Q-C3
REC-04128,ARX:FORMAL-ARXIV-V12-Q-B4:2607.14798v1,ARX:FORMAL-ARXIV-V12-Q-D1:2607.14798v1,arXiv,Q-D1
REC-04128,ARX:FORMAL-ARXIV-V12-Q-B4:2607.14798v1,ARX:FORMAL-ARXIV-V12-Q-D2:2607.14798v1,arXiv,Q-D2
REC-04128,ARX:FORMAL-ARXIV-V12-Q-B4:2607.14798v1,ARX:FORMAL-ARXIV-V12-Q-D3:2607.14798v1,arXiv,Q-D3
REC-04130,ARX:FORMAL-ARXIV-V12-Q-B4:2607.12220v1,ARX:FORMAL-ARXIV-V12-Q-C3:2607.12220v1,arXiv,Q-C3
REC-04132,ARX:FORMAL-ARXIV-V12-Q-B4:2607.05743v1,ARX:FORMAL-ARXIV-V12-Q-C3:2607.05743v1,arXiv,Q-C3
REC-04132,ARX:FORMAL-ARXIV-V12-Q-B4:2607.05743v1,ARX:FORMAL-ARXIV-V12-Q-D1:2607.05743v1,arXiv,Q-D1
REC-04132,ARX:FORMAL-ARXIV-V12-Q-B4:2607.05743v1,ARX:FORMAL-ARXIV-V12-Q-D2:2607.05743v1,arXiv,Q-D2
REC-04132,ARX:FORMAL-ARXIV-V12-Q-B4:2607.05743v1,ARX:FORMAL-ARXIV-V12-Q-D3:2607.05743v1,arXiv,Q-D3
REC-04132,ARX:FORMAL-ARXIV-V12-Q-B4:2607.05743v1,ARX:FORMAL-ARXIV-V12-Q-S0:2607.05743v1,arXiv,Q-S0
REC-04134,ARX:FORMAL-ARXIV-V12-Q-B4:2607.02116v2,ARX:FORMAL-ARXIV-V12-Q-D1:2607.02116v2,arXiv,Q-D1
REC-04134,ARX:FORMAL-ARXIV-V12-Q-B4:2607.02116v2,ARX:FORMAL-ARXIV-V12-Q-D3:2607.02116v2,arXiv,Q-D3
REC-04136,ARX:FORMAL-ARXIV-V12-Q-B4:2606.31227v1,ARX:FORMAL-ARXIV-V12-Q-D1:2606.31227v1,arXiv,Q-D1
REC-04136,ARX:FORMAL-ARXIV-V12-Q-B4:2606.31227v1,ARX:FORMAL-ARXIV-V12-Q-D2:2606.31227v1,arXiv,Q-D2
REC-04136,ARX:FORMAL-ARXIV-V12-Q-B4:2606.31227v1,ARX:FORMAL-ARXIV-V12-Q-S0:2606.31227v1,arXiv,Q-S0
REC-04138,ARX:FORMAL-ARXIV-V12-Q-B4:2607.16249v1,ARX:FORMAL-ARXIV-V12-Q-S0:2607.16249v1,arXiv,Q-S0
REC-04139,ARX:FORMAL-ARXIV-V12-Q-B4:2606.28270v1,ARX:FORMAL-ARXIV-V12-Q-C1:2606.28270v1,arXiv,Q-C1
REC-04139,ARX:FORMAL-ARXIV-V12-Q-B4:2606.28270v1,ARX:FORMAL-ARXIV-V12-Q-C2:2606.28270v1,arXiv,Q-C2
REC-04139,ARX:FORMAL-ARXIV-V12-Q-B4:2606.28270v1,ARX:FORMAL-ARXIV-V12-Q-D2:2606.28270v1,arXiv,Q-D2
REC-04140,ARX:FORMAL-ARXIV-V12-Q-B4:2606.27231v1,ARX:FORMAL-ARXIV-V12-Q-C3:2606.27231v1,arXiv,Q-C3
REC-04141,ARX:FORMAL-ARXIV-V12-Q-B4:2606.25876v1,ARX:FORMAL-ARXIV-V12-Q-C2:2606.25876v1,arXiv,Q-C2
REC-04141,ARX:FORMAL-ARXIV-V12-Q-B4:2606.25876v1,ARX:FORMAL-ARXIV-V12-Q-C3:2606.25876v1,arXiv,Q-C3
REC-04141,ARX:FORMAL-ARXIV-V12-Q-B4:2606.25876v1,ARX:FORMAL-ARXIV-V12-Q-D1:2606.25876v1,arXiv,Q-D1
REC-04145,ARX:FORMAL-ARXIV-V12-Q-B4:2606.11869v1,ARX:FORMAL-ARXIV-V12-Q-C2:2606.11869v1,arXiv,Q-C2
REC-04145,ARX:FORMAL-ARXIV-V12-Q-B4:2606.11869v1,ARX:FORMAL-ARXIV-V12-Q-D1:2606.11869v1,arXiv,Q-D1
REC-04146,ARX:FORMAL-ARXIV-V12-Q-B4:2606.08790v1,ARX:FORMAL-ARXIV-V12-Q-C2:2606.08790v1,arXiv,Q-C2
REC-04146,ARX:FORMAL-ARXIV-V12-Q-B4:2606.08790v1,ARX:FORMAL-ARXIV-V12-Q-C3:2606.08790v1,arXiv,Q-C3
REC-04150,ARX:FORMAL-ARXIV-V12-Q-B4:2606.06545v1,ARX:FORMAL-ARXIV-V12-Q-C3:2606.06545v1,arXiv,Q-C3
REC-04152,ARX:FORMAL-ARXIV-V12-Q-B4:2606.03163v3,ARX:FORMAL-ARXIV-V12-Q-C2:2606.03163v3,arXiv,Q-C2
REC-04152,ARX:FORMAL-ARXIV-V12-Q-B4:2606.03163v3,ARX:FORMAL-ARXIV-V12-Q-C3:2606.03163v3,arXiv,Q-C3
REC-04153,ARX:FORMAL-ARXIV-V12-Q-B4:2606.03161v3,ARX:FORMAL-ARXIV-V12-Q-C2:2606.03161v3,arXiv,Q-C2
REC-04153,ARX:FORMAL-ARXIV-V12-Q-B4:2606.03161v3,ARX:FORMAL-ARXIV-V12-Q-C3:2606.03161v3,arXiv,Q-C3
REC-04156,ARX:FORMAL-ARXIV-V12-Q-B4:2606.01991v1,ARX:FORMAL-ARXIV-V12-Q-D1:2606.01991v1,arXiv,Q-D1
REC-04156,ARX:FORMAL-ARXIV-V12-Q-B4:2606.01991v1,ARX:FORMAL-ARXIV-V12-Q-D2:2606.01991v1,arXiv,Q-D2
REC-04156,ARX:FORMAL-ARXIV-V12-Q-B4:2606.01991v1,ARX:FORMAL-ARXIV-V12-Q-S0:2606.01991v1,arXiv,Q-S0
REC-04157,ARX:FORMAL-ARXIV-V12-Q-B4:2606.00962v1,ARX:FORMAL-ARXIV-V12-Q-C2:2606.00962v1,arXiv,Q-C2
REC-04157,ARX:FORMAL-ARXIV-V12-Q-B4:2606.00962v1,ARX:FORMAL-ARXIV-V12-Q-D1:2606.00962v1,arXiv,Q-D1
REC-04158,ARX:FORMAL-ARXIV-V12-Q-B4:2605.24941v1,ARX:FORMAL-ARXIV-V12-Q-C1:2605.24941v1,arXiv,Q-C1
REC-04158,ARX:FORMAL-ARXIV-V12-Q-B4:2605.24941v1,ARX:FORMAL-ARXIV-V12-Q-D1:2605.24941v1,arXiv,Q-D1
REC-04158,ARX:FORMAL-ARXIV-V12-Q-B4:2605.24941v1,ARX:FORMAL-ARXIV-V12-Q-D2:2605.24941v1,arXiv,Q-D2
REC-04159,ARX:FORMAL-ARXIV-V12-Q-B4:2605.22634v2,ARX:FORMAL-ARXIV-V12-Q-C3:2605.22634v2,arXiv,Q-C3
REC-04159,ARX:FORMAL-ARXIV-V12-Q-B4:2605.22634v2,ARX:FORMAL-ARXIV-V12-Q-D2:2605.22634v2,arXiv,Q-D2
REC-04162,ARX:FORMAL-ARXIV-V12-Q-B4:2605.19722v1,ARX:FORMAL-ARXIV-V12-Q-C3:2605.19722v1,arXiv,Q-C3
REC-04162,ARX:FORMAL-ARXIV-V12-Q-B4:2605.19722v1,ARX:FORMAL-ARXIV-V12-Q-S0:2605.19722v1,arXiv,Q-S0
REC-04163,ARX:FORMAL-ARXIV-V12-Q-B4:2605.16679v2,ARX:FORMAL-ARXIV-V12-Q-C3:2605.16679v2,arXiv,Q-C3
REC-04164,ARX:FORMAL-ARXIV-V12-Q-B4:2605.14312v1,ARX:FORMAL-ARXIV-V12-Q-D2:2605.14312v1,arXiv,Q-D2
REC-04166,ARX:FORMAL-ARXIV-V12-Q-B4:2605.11360v1,ARX:FORMAL-ARXIV-V12-Q-S0:2605.11360v1,arXiv,Q-S0
REC-04167,ARX:FORMAL-ARXIV-V12-Q-B4:2605.09990v1,ARX:FORMAL-ARXIV-V12-Q-D2:2605.09990v1,arXiv,Q-D2
REC-04168,ARX:FORMAL-ARXIV-V12-Q-B4:2605.09817v2,ARX:FORMAL-ARXIV-V12-Q-D1:2605.09817v2,arXiv,Q-D1
REC-04169,ARX:FORMAL-ARXIV-V12-Q-B4:2605.05000v2,ARX:FORMAL-ARXIV-V12-Q-D1:2605.05000v2,arXiv,Q-D1
REC-04170,ARX:FORMAL-ARXIV-V12-Q-B4:2605.04785v1,ARX:FORMAL-ARXIV-V12-Q-D1:2605.04785v1,arXiv,Q-D1
REC-04170,ARX:FORMAL-ARXIV-V12-Q-B4:2605.04785v1,ARX:FORMAL-ARXIV-V12-Q-D2:2605.04785v1,arXiv,Q-D2
REC-04170,ARX:FORMAL-ARXIV-V12-Q-B4:2605.04785v1,ARX:FORMAL-ARXIV-V12-Q-S0:2605.04785v1,arXiv,Q-S0
REC-04171,ARX:FORMAL-ARXIV-V12-Q-B4:2605.05247v1,ARX:FORMAL-ARXIV-V12-Q-C3:2605.05247v1,arXiv,Q-C3
REC-04171,ARX:FORMAL-ARXIV-V12-Q-B4:2605.05247v1,ARX:FORMAL-ARXIV-V12-Q-D1:2605.05247v1,arXiv,Q-D1
REC-04171,ARX:FORMAL-ARXIV-V12-Q-B4:2605.05247v1,ARX:FORMAL-ARXIV-V12-Q-D3:2605.05247v1,arXiv,Q-D3
REC-04173,ARX:FORMAL-ARXIV-V12-Q-B4:2605.01567v1,ARX:FORMAL-ARXIV-V12-Q-C1:2605.01567v1,arXiv,Q-C1
REC-04173,ARX:FORMAL-ARXIV-V12-Q-B4:2605.01567v1,ARX:FORMAL-ARXIV-V12-Q-S0:2605.01567v1,arXiv,Q-S0
REC-04174,ARX:FORMAL-ARXIV-V12-Q-B4:2604.25555v1,ARX:FORMAL-ARXIV-V12-Q-C3:2604.25555v1,arXiv,Q-C3
REC-04174,ARX:FORMAL-ARXIV-V12-Q-B4:2604.25555v1,ARX:FORMAL-ARXIV-V12-Q-D1:2604.25555v1,arXiv,Q-D1
REC-04174,ARX:FORMAL-ARXIV-V12-Q-B4:2604.25555v1,ARX:FORMAL-ARXIV-V12-Q-D2:2604.25555v1,arXiv,Q-D2
REC-04174,ARX:FORMAL-ARXIV-V12-Q-B4:2604.25555v1,ARX:FORMAL-ARXIV-V12-Q-S0:2604.25555v1,arXiv,Q-S0
REC-04179,ARX:FORMAL-ARXIV-V12-Q-B4:2604.15671v2,ARX:FORMAL-ARXIV-V12-Q-C1:2604.15671v2,arXiv,Q-C1
REC-04179,ARX:FORMAL-ARXIV-V12-Q-B4:2604.15671v2,ARX:FORMAL-ARXIV-V12-Q-D2:2604.15671v2,arXiv,Q-D2
REC-04183,ARX:FORMAL-ARXIV-V12-Q-B4:2604.09744v1,ARX:FORMAL-ARXIV-V12-Q-C2:2604.09744v1,arXiv,Q-C2
REC-04185,ARX:FORMAL-ARXIV-V12-Q-B4:2604.01532v2,ARX:FORMAL-ARXIV-V12-Q-C3:2604.01532v2,arXiv,Q-C3
REC-04187,ARX:FORMAL-ARXIV-V12-Q-B4:2603.25930v2,ARX:FORMAL-ARXIV-V12-Q-C3:2603.25930v2,arXiv,Q-C3
REC-04188,ARX:FORMAL-ARXIV-V12-Q-B4:2603.24943v1,ARX:FORMAL-ARXIV-V12-Q-D3:2603.24943v1,arXiv,Q-D3
REC-04190,ARX:FORMAL-ARXIV-V12-Q-B4:2603.24747v3,ARX:FORMAL-ARXIV-V12-Q-D1:2603.24747v3,arXiv,Q-D1
REC-04193,ARX:FORMAL-ARXIV-V12-Q-B4:2603.22341v1,ARX:FORMAL-ARXIV-V12-Q-D1:2603.22341v1,arXiv,Q-D1
REC-04193,ARX:FORMAL-ARXIV-V12-Q-B4:2603.22341v1,ARX:FORMAL-ARXIV-V12-Q-D2:2603.22341v1,arXiv,Q-D2
REC-04194,ARX:FORMAL-ARXIV-V12-Q-B4:2603.19011v1,ARX:FORMAL-ARXIV-V12-Q-D1:2603.19011v1,arXiv,Q-D1
REC-04194,ARX:FORMAL-ARXIV-V12-Q-B4:2603.19011v1,ARX:FORMAL-ARXIV-V12-Q-D2:2603.19011v1,arXiv,Q-D2
REC-04194,ARX:FORMAL-ARXIV-V12-Q-B4:2603.19011v1,ARX:FORMAL-ARXIV-V12-Q-S0:2603.19011v1,arXiv,Q-S0
REC-04195,ARX:FORMAL-ARXIV-V12-Q-B4:2603.17339v1,ARX:FORMAL-ARXIV-V12-Q-C3:2603.17339v1,arXiv,Q-C3
REC-04196,ARX:FORMAL-ARXIV-V12-Q-B4:2603.10161v3,ARX:FORMAL-ARXIV-V12-Q-C3:2603.10161v3,arXiv,Q-C3
REC-04196,ARX:FORMAL-ARXIV-V12-Q-B4:2603.10161v3,ARX:FORMAL-ARXIV-V12-Q-D3:2603.10161v3,arXiv,Q-D3
REC-04197,ARX:FORMAL-ARXIV-V12-Q-B4:2603.07897v1,ARX:FORMAL-ARXIV-V12-Q-D2:2603.07897v1,arXiv,Q-D2
REC-04198,ARX:FORMAL-ARXIV-V12-Q-B4:2603.07473v2,ARX:FORMAL-ARXIV-V12-Q-C3:2603.07473v2,arXiv,Q-C3
REC-04200,ARX:FORMAL-ARXIV-V12-Q-B4:2602.23720v1,ARX:FORMAL-ARXIV-V12-Q-D1:2602.23720v1,arXiv,Q-D1
REC-04201,ARX:FORMAL-ARXIV-V12-Q-B4:2602.23481v2,ARX:FORMAL-ARXIV-V12-Q-D2:2602.23481v2,arXiv,Q-D2
REC-04202,ARX:FORMAL-ARXIV-V12-Q-B4:2602.22953v2,ARX:FORMAL-ARXIV-V12-Q-C3:2602.22953v2,arXiv,Q-C3
REC-04203,ARX:FORMAL-ARXIV-V12-Q-B4:2602.19514v1,ARX:FORMAL-ARXIV-V12-Q-D2:2602.19514v1,arXiv,Q-D2
REC-04203,ARX:FORMAL-ARXIV-V12-Q-B4:2602.19514v1,ARX:FORMAL-ARXIV-V12-Q-S0:2602.19514v1,arXiv,Q-S0
REC-04204,ARX:FORMAL-ARXIV-V12-Q-B4:2602.15325v1,ARX:FORMAL-ARXIV-V12-Q-D1:2602.15325v1,arXiv,Q-D1
REC-04204,ARX:FORMAL-ARXIV-V12-Q-B4:2602.15325v1,ARX:FORMAL-ARXIV-V12-Q-D2:2602.15325v1,arXiv,Q-D2
REC-04205,ARX:FORMAL-ARXIV-V12-Q-B4:2602.13591v1,ARX:FORMAL-ARXIV-V12-Q-S0:2602.13591v1,arXiv,Q-S0
REC-04206,ARX:FORMAL-ARXIV-V12-Q-B4:2602.12953v1,ARX:FORMAL-ARXIV-V12-Q-C2:2602.12953v1,arXiv,Q-C2
REC-04206,ARX:FORMAL-ARXIV-V12-Q-B4:2602.12953v1,ARX:FORMAL-ARXIV-V12-Q-C3:2602.12953v1,arXiv,Q-C3
REC-04207,ARX:FORMAL-ARXIV-V12-Q-B4:2602.05216v2,ARX:FORMAL-ARXIV-V12-Q-C3:2602.05216v2,arXiv,Q-C3
REC-04209,ARX:FORMAL-ARXIV-V12-Q-B4:2602.01304v1,ARX:FORMAL-ARXIV-V12-Q-C2:2602.01304v1,arXiv,Q-C2
REC-04210,ARX:FORMAL-ARXIV-V12-Q-B4:2602.00933v3,ARX:FORMAL-ARXIV-V12-Q-D1:2602.00933v3,arXiv,Q-D1
REC-04210,ARX:FORMAL-ARXIV-V12-Q-B4:2602.00933v3,ARX:FORMAL-ARXIV-V12-Q-D3:2602.00933v3,arXiv,Q-D3
REC-04211,ARX:FORMAL-ARXIV-V12-Q-B4:2602.00887v2,ARX:FORMAL-ARXIV-V12-Q-C2:2602.00887v2,arXiv,Q-C2
REC-04212,ARX:FORMAL-ARXIV-V12-Q-B4:2601.23132v2,ARX:FORMAL-ARXIV-V12-Q-C3:2601.23132v2,arXiv,Q-C3
REC-04212,ARX:FORMAL-ARXIV-V12-Q-B4:2601.23132v2,ARX:FORMAL-ARXIV-V12-Q-S0:2601.23132v2,arXiv,Q-S0
REC-04213,ARX:FORMAL-ARXIV-V12-Q-B4:2601.22633v1,ARX:FORMAL-ARXIV-V12-Q-C3:2601.22633v1,arXiv,Q-C3
REC-04214,ARX:FORMAL-ARXIV-V12-Q-B4:2601.20184v1,ARX:FORMAL-ARXIV-V12-Q-C3:2601.20184v1,arXiv,Q-C3
REC-04214,ARX:FORMAL-ARXIV-V12-Q-B4:2601.20184v1,ARX:FORMAL-ARXIV-V12-Q-D1:2601.20184v1,arXiv,Q-D1
REC-04214,ARX:FORMAL-ARXIV-V12-Q-B4:2601.20184v1,ARX:FORMAL-ARXIV-V12-Q-D2:2601.20184v1,arXiv,Q-D2
REC-04214,ARX:FORMAL-ARXIV-V12-Q-B4:2601.20184v1,ARX:FORMAL-ARXIV-V12-Q-S0:2601.20184v1,arXiv,Q-S0
REC-04218,ARX:FORMAL-ARXIV-V12-Q-B4:2601.10955v2,ARX:FORMAL-ARXIV-V12-Q-D2:2601.10955v2,arXiv,Q-D2
REC-04220,ARX:FORMAL-ARXIV-V12-Q-B4:2601.02779v1,ARX:FORMAL-ARXIV-V12-Q-C2:2601.02779v1,arXiv,Q-C2
REC-04222,ARX:FORMAL-ARXIV-V12-Q-B4:2512.24565v3,ARX:FORMAL-ARXIV-V12-Q-D2:2512.24565v3,arXiv,Q-D2
REC-04222,ARX:FORMAL-ARXIV-V12-Q-B4:2512.24565v3,ARX:FORMAL-ARXIV-V12-Q-D3:2512.24565v3,arXiv,Q-D3
REC-04224,ARX:FORMAL-ARXIV-V12-Q-B4:2512.23480v1,ARX:FORMAL-ARXIV-V12-Q-C3:2512.23480v1,arXiv,Q-C3
REC-04224,ARX:FORMAL-ARXIV-V12-Q-B4:2512.23480v1,ARX:FORMAL-ARXIV-V12-Q-D1:2512.23480v1,arXiv,Q-D1
REC-04224,ARX:FORMAL-ARXIV-V12-Q-B4:2512.23480v1,ARX:FORMAL-ARXIV-V12-Q-D2:2512.23480v1,arXiv,Q-D2
REC-04224,ARX:FORMAL-ARXIV-V12-Q-B4:2512.23480v1,ARX:FORMAL-ARXIV-V12-Q-S0:2512.23480v1,arXiv,Q-S0
REC-04225,ARX:FORMAL-ARXIV-V12-Q-B4:2601.00809v2,ARX:FORMAL-ARXIV-V12-Q-C3:2601.00809v2,arXiv,Q-C3
REC-04226,ARX:FORMAL-ARXIV-V12-Q-B4:2512.15163v2,ARX:FORMAL-ARXIV-V12-Q-S0:2512.15163v2,arXiv,Q-S0
REC-04227,ARX:FORMAL-ARXIV-V12-Q-B4:2512.14429v1,ARX:FORMAL-ARXIV-V12-Q-C3:2512.14429v1,arXiv,Q-C3
REC-04229,ARX:FORMAL-ARXIV-V12-Q-B4:2512.05365v1,ARX:FORMAL-ARXIV-V12-Q-D1:2512.05365v1,arXiv,Q-D1
REC-04231,ARX:FORMAL-ARXIV-V12-Q-B4:2512.02589v2,ARX:FORMAL-ARXIV-V12-Q-C2:2512.02589v2,arXiv,Q-C2
REC-04232,ARX:FORMAL-ARXIV-V12-Q-B4:2511.15998v2,ARX:FORMAL-ARXIV-V12-Q-D1:2511.15998v2,arXiv,Q-D1
REC-04232,ARX:FORMAL-ARXIV-V12-Q-B4:2511.15998v2,ARX:FORMAL-ARXIV-V12-Q-D2:2511.15998v2,arXiv,Q-D2
REC-04234,ARX:FORMAL-ARXIV-V12-Q-B4:2511.11619v1,ARX:FORMAL-ARXIV-V12-Q-D1:2511.11619v1,arXiv,Q-D1
REC-04236,ARX:FORMAL-ARXIV-V12-Q-B4:2510.21236v3,ARX:FORMAL-ARXIV-V12-Q-C3:2510.21236v3,arXiv,Q-C3
REC-04236,ARX:FORMAL-ARXIV-V12-Q-B4:2510.21236v3,ARX:FORMAL-ARXIV-V12-Q-D2:2510.21236v3,arXiv,Q-D2
REC-04236,ARX:FORMAL-ARXIV-V12-Q-B4:2510.21236v3,ARX:FORMAL-ARXIV-V12-Q-D3:2510.21236v3,arXiv,Q-D3
REC-04236,ARX:FORMAL-ARXIV-V12-Q-B4:2510.21236v3,ARX:FORMAL-ARXIV-V12-Q-S0:2510.21236v3,arXiv,Q-S0
REC-04237,ARX:FORMAL-ARXIV-V12-Q-B4:2510.19462v2,ARX:FORMAL-ARXIV-V12-Q-C3:2510.19462v2,arXiv,Q-C3
REC-04237,ARX:FORMAL-ARXIV-V12-Q-B4:2510.19462v2,ARX:FORMAL-ARXIV-V12-Q-D2:2510.19462v2,arXiv,Q-D2
REC-04239,ARX:FORMAL-ARXIV-V12-Q-B4:2510.12120v1,ARX:FORMAL-ARXIV-V12-Q-C2:2510.12120v1,arXiv,Q-C2
REC-04242,ARX:FORMAL-ARXIV-V12-Q-B4:2510.02677v1,ARX:FORMAL-ARXIV-V12-Q-S0:2510.02677v1,arXiv,Q-S0
REC-04243,ARX:FORMAL-ARXIV-V12-Q-B4:2510.01780v1,ARX:FORMAL-ARXIV-V12-Q-C2:2510.01780v1,arXiv,Q-C2
REC-04243,ARX:FORMAL-ARXIV-V12-Q-B4:2510.01780v1,ARX:FORMAL-ARXIV-V12-Q-D2:2510.01780v1,arXiv,Q-D2
REC-04243,ARX:FORMAL-ARXIV-V12-Q-B4:2510.01780v1,ARX:FORMAL-ARXIV-V12-Q-S0:2510.01780v1,arXiv,Q-S0
REC-04244,ARX:FORMAL-ARXIV-V12-Q-B4:2510.01179v1,ARX:FORMAL-ARXIV-V12-Q-C3:2510.01179v1,arXiv,Q-C3
REC-04244,ARX:FORMAL-ARXIV-V12-Q-B4:2510.01179v1,ARX:FORMAL-ARXIV-V12-Q-D3:2510.01179v1,arXiv,Q-D3
REC-04245,ARX:FORMAL-ARXIV-V12-Q-B4:2509.18787v1,ARX:FORMAL-ARXIV-V12-Q-C2:2509.18787v1,arXiv,Q-C2
REC-04245,ARX:FORMAL-ARXIV-V12-Q-B4:2509.18787v1,ARX:FORMAL-ARXIV-V12-Q-D1:2509.18787v1,arXiv,Q-D1
REC-04246,ARX:FORMAL-ARXIV-V12-Q-B4:2509.17488v1,ARX:FORMAL-ARXIV-V12-Q-C2:2509.17488v1,arXiv,Q-C2
REC-04246,ARX:FORMAL-ARXIV-V12-Q-B4:2509.17488v1,ARX:FORMAL-ARXIV-V12-Q-D2:2509.17488v1,arXiv,Q-D2
REC-04250,ARX:FORMAL-ARXIV-V12-Q-B4:2509.06572v5,ARX:FORMAL-ARXIV-V12-Q-S0:2509.06572v5,arXiv,Q-S0
REC-04252,ARX:FORMAL-ARXIV-V12-Q-B4:2508.19500v1,ARX:FORMAL-ARXIV-V12-Q-C3:2508.19500v1,arXiv,Q-C3
REC-04255,ARX:FORMAL-ARXIV-V12-Q-B4:2508.02866v3,ARX:FORMAL-ARXIV-V12-Q-C2:2508.02866v3,arXiv,Q-C2
REC-04255,ARX:FORMAL-ARXIV-V12-Q-B4:2508.02866v3,ARX:FORMAL-ARXIV-V12-Q-D1:2508.02866v3,arXiv,Q-D1
REC-04255,ARX:FORMAL-ARXIV-V12-Q-B4:2508.02866v3,ARX:FORMAL-ARXIV-V12-Q-D2:2508.02866v3,arXiv,Q-D2
REC-04257,ARX:FORMAL-ARXIV-V12-Q-B4:2507.17852v1,ARX:FORMAL-ARXIV-V12-Q-C2:2507.17852v1,arXiv,Q-C2
REC-04257,ARX:FORMAL-ARXIV-V12-Q-B4:2507.17852v1,ARX:FORMAL-ARXIV-V12-Q-D3:2507.17852v1,arXiv,Q-D3
REC-04260,ARX:FORMAL-ARXIV-V12-Q-B4:2507.06250v1,ARX:FORMAL-ARXIV-V12-Q-S0:2507.06250v1,arXiv,Q-S0
REC-04261,ARX:FORMAL-ARXIV-V12-Q-B4:2507.00347v1,ARX:FORMAL-ARXIV-V12-Q-D1:2507.00347v1,arXiv,Q-D1
REC-04264,ARX:FORMAL-ARXIV-V12-Q-B4:2506.15253v1,ARX:FORMAL-ARXIV-V12-Q-D1:2506.15253v1,arXiv,Q-D1
REC-04264,ARX:FORMAL-ARXIV-V12-Q-B4:2506.15253v1,ARX:FORMAL-ARXIV-V12-Q-S0:2506.15253v1,arXiv,Q-S0
REC-04265,ARX:FORMAL-ARXIV-V12-Q-B4:2506.13538v5,ARX:FORMAL-ARXIV-V12-Q-S0:2506.13538v5,arXiv,Q-S0
REC-04266,ARX:FORMAL-ARXIV-V12-Q-B4:2506.13774v2,ARX:FORMAL-ARXIV-V12-Q-S0:2506.13774v2,arXiv,Q-S0
REC-04268,ARX:FORMAL-ARXIV-V12-Q-B4:2506.01333v1,ARX:FORMAL-ARXIV-V12-Q-S0:2506.01333v1,arXiv,Q-S0
REC-04269,ARX:FORMAL-ARXIV-V12-Q-B4:2505.23805v1,ARX:FORMAL-ARXIV-V12-Q-C2:2505.23805v1,arXiv,Q-C2
REC-04272,ARX:FORMAL-ARXIV-V12-Q-B4:2505.14590v7,ARX:FORMAL-ARXIV-V12-Q-S0:2505.14590v7,arXiv,Q-S0
REC-04273,ARX:FORMAL-ARXIV-V12-Q-B4:2505.13523v1,ARX:FORMAL-ARXIV-V12-Q-C2:2505.13523v1,arXiv,Q-C2
REC-04274,ARX:FORMAL-ARXIV-V12-Q-B4:2505.11154v2,ARX:FORMAL-ARXIV-V12-Q-D2:2505.11154v2,arXiv,Q-D2
REC-04276,ARX:FORMAL-ARXIV-V12-Q-B4:2504.19951v1,ARX:FORMAL-ARXIV-V12-Q-C2:2504.19951v1,arXiv,Q-C2
REC-04276,ARX:FORMAL-ARXIV-V12-Q-B4:2504.19951v1,ARX:FORMAL-ARXIV-V12-Q-S0:2504.19951v1,arXiv,Q-S0
REC-04277,ARX:FORMAL-ARXIV-V12-Q-B4:2504.19678v2,ARX:FORMAL-ARXIV-V12-Q-C2:2504.19678v2,arXiv,Q-C2
REC-04278,ARX:FORMAL-ARXIV-V12-Q-B4:2505.00018v2,ARX:FORMAL-ARXIV-V12-Q-D1:2505.00018v2,arXiv,Q-D1
REC-04279,ARX:FORMAL-ARXIV-V12-Q-B4:2504.08623v2,ARX:FORMAL-ARXIV-V12-Q-S0:2504.08623v2,arXiv,Q-S0
REC-04280,ARX:FORMAL-ARXIV-V12-Q-B4:2503.23278v3,ARX:FORMAL-ARXIV-V12-Q-S0:2503.23278v3,arXiv,Q-S0
REC-04283,ARX:FORMAL-ARXIV-V12-Q-B4:2306.02781v4,ARX:FORMAL-ARXIV-V12-Q-C2:2306.02781v4,arXiv,Q-C2
REC-04283,ARX:FORMAL-ARXIV-V12-Q-B4:2306.02781v4,ARX:FORMAL-ARXIV-V12-Q-C3:2306.02781v4,arXiv,Q-C3
REC-04286,ARX:FORMAL-ARXIV-V12-Q-C1:2607.27294v1,ARX:FORMAL-ARXIV-V12-Q-S0:2607.27294v1,arXiv,Q-S0
REC-04288,ARX:FORMAL-ARXIV-V12-Q-C1:2607.26637v1,ARX:FORMAL-ARXIV-V12-Q-D2:2607.26637v1,arXiv,Q-D2
REC-04293,ARX:FORMAL-ARXIV-V12-Q-C1:2607.21962v1,ARX:FORMAL-ARXIV-V12-Q-D1:2607.21962v1,arXiv,Q-D1
REC-04293,ARX:FORMAL-ARXIV-V12-Q-C1:2607.21962v1,ARX:FORMAL-ARXIV-V12-Q-S2:2607.21962v1,arXiv,Q-S2
REC-04294,ARX:FORMAL-ARXIV-V12-Q-C1:2607.21503v1,ARX:FORMAL-ARXIV-V12-Q-D1:2607.21503v1,arXiv,Q-D1
REC-04298,ARX:FORMAL-ARXIV-V12-Q-C1:2607.21635v1,ARX:FORMAL-ARXIV-V12-Q-D1:2607.21635v1,arXiv,Q-D1
REC-04309,ARX:FORMAL-ARXIV-V12-Q-C1:2608.12365v1,ARX:FORMAL-ARXIV-V12-Q-C3:2608.12365v1,arXiv,Q-C3
REC-04309,ARX:FORMAL-ARXIV-V12-Q-C1:2608.12365v1,ARX:FORMAL-ARXIV-V12-Q-D1:2608.12365v1,arXiv,Q-D1
REC-04310,ARX:FORMAL-ARXIV-V12-Q-C1:2607.08395v1,ARX:FORMAL-ARXIV-V12-Q-D1:2607.08395v1,arXiv,Q-D1
REC-04310,ARX:FORMAL-ARXIV-V12-Q-C1:2607.08395v1,ARX:FORMAL-ARXIV-V12-Q-D2:2607.08395v1,arXiv,Q-D2
REC-04310,ARX:FORMAL-ARXIV-V12-Q-C1:2607.08395v1,ARX:FORMAL-ARXIV-V12-Q-D3:2607.08395v1,arXiv,Q-D3
REC-04310,ARX:FORMAL-ARXIV-V12-Q-C1:2607.08395v1,ARX:FORMAL-ARXIV-V12-Q-S0:2607.08395v1,arXiv,Q-S0
REC-04314,ARX:FORMAL-ARXIV-V12-Q-C1:2607.05318v1,ARX:FORMAL-ARXIV-V12-Q-C2:2607.05318v1,arXiv,Q-C2
REC-04314,ARX:FORMAL-ARXIV-V12-Q-C1:2607.05318v1,ARX:FORMAL-ARXIV-V12-Q-C3:2607.05318v1,arXiv,Q-C3
REC-04318,ARX:FORMAL-ARXIV-V12-Q-C1:2607.03516v1,ARX:FORMAL-ARXIV-V12-Q-C3:2607.03516v1,arXiv,Q-C3
REC-04318,ARX:FORMAL-ARXIV-V12-Q-C1:2607.03516v1,ARX:FORMAL-ARXIV-V12-Q-D1:2607.03516v1,arXiv,Q-D1
REC-04318,ARX:FORMAL-ARXIV-V12-Q-C1:2607.03516v1,ARX:FORMAL-ARXIV-V12-Q-D2:2607.03516v1,arXiv,Q-D2
REC-04318,ARX:FORMAL-ARXIV-V12-Q-C1:2607.03516v1,ARX:FORMAL-ARXIV-V12-Q-D3:2607.03516v1,arXiv,Q-D3
REC-04320,ARX:FORMAL-ARXIV-V12-Q-C1:2607.01916v4,ARX:FORMAL-ARXIV-V12-Q-D3:2607.01916v4,arXiv,Q-D3
REC-04321,ARX:FORMAL-ARXIV-V12-Q-C1:2607.01071v2,ARX:FORMAL-ARXIV-V12-Q-S2:2607.01071v2,arXiv,Q-S2
REC-04324,ARX:FORMAL-ARXIV-V12-Q-C1:2606.30479v1,ARX:FORMAL-ARXIV-V12-Q-C2:2606.30479v1,arXiv,Q-C2
REC-04325,ARX:FORMAL-ARXIV-V12-Q-C1:2606.29788v1,ARX:FORMAL-ARXIV-V12-Q-D1:2606.29788v1,arXiv,Q-D1
REC-04325,ARX:FORMAL-ARXIV-V12-Q-C1:2606.29788v1,ARX:FORMAL-ARXIV-V12-Q-D3:2606.29788v1,arXiv,Q-D3
REC-04330,ARX:FORMAL-ARXIV-V12-Q-C1:2606.25332v1,ARX:FORMAL-ARXIV-V12-Q-C3:2606.25332v1,arXiv,Q-C3
REC-04332,ARX:FORMAL-ARXIV-V12-Q-C1:2606.24112v2,ARX:FORMAL-ARXIV-V12-Q-C2:2606.24112v2,arXiv,Q-C2
REC-04334,ARX:FORMAL-ARXIV-V12-Q-C1:2606.22263v1,ARX:FORMAL-ARXIV-V12-Q-S0:2606.22263v1,arXiv,Q-S0
REC-04337,ARX:FORMAL-ARXIV-V12-Q-C1:2606.22030v2,ARX:FORMAL-ARXIV-V12-Q-D1:2606.22030v2,arXiv,Q-D1
REC-04337,ARX:FORMAL-ARXIV-V12-Q-C1:2606.22030v2,ARX:FORMAL-ARXIV-V12-Q-D2:2606.22030v2,arXiv,Q-D2
REC-04337,ARX:FORMAL-ARXIV-V12-Q-C1:2606.22030v2,ARX:FORMAL-ARXIV-V12-Q-D3:2606.22030v2,arXiv,Q-D3
REC-04337,ARX:FORMAL-ARXIV-V12-Q-C1:2606.22030v2,ARX:FORMAL-ARXIV-V12-Q-S0:2606.22030v2,arXiv,Q-S0
REC-04345,ARX:FORMAL-ARXIV-V12-Q-C1:2606.18829v1,ARX:FORMAL-ARXIV-V12-Q-C3:2606.18829v1,arXiv,Q-C3
REC-04345,ARX:FORMAL-ARXIV-V12-Q-C1:2606.18829v1,ARX:FORMAL-ARXIV-V12-Q-D3:2606.18829v1,arXiv,Q-D3
REC-04345,ARX:FORMAL-ARXIV-V12-Q-C1:2606.18829v1,ARX:FORMAL-ARXIV-V12-Q-S2:2606.18829v1,arXiv,Q-S2
REC-04346,ARX:FORMAL-ARXIV-V12-Q-C1:2608.00009v1,ARX:FORMAL-ARXIV-V12-Q-D1:2608.00009v1,arXiv,Q-D1
REC-04346,ARX:FORMAL-ARXIV-V12-Q-C1:2608.00009v1,ARX:FORMAL-ARXIV-V12-Q-S2:2608.00009v1,arXiv,Q-S2
REC-04360,ARX:FORMAL-ARXIV-V12-Q-C1:2606.09084v1,ARX:FORMAL-ARXIV-V12-Q-D1:2606.09084v1,arXiv,Q-D1
REC-04360,ARX:FORMAL-ARXIV-V12-Q-C1:2606.09084v1,ARX:FORMAL-ARXIV-V12-Q-D2:2606.09084v1,arXiv,Q-D2
REC-04360,ARX:FORMAL-ARXIV-V12-Q-C1:2606.09084v1,ARX:FORMAL-ARXIV-V12-Q-D3:2606.09084v1,arXiv,Q-D3
REC-04360,ARX:FORMAL-ARXIV-V12-Q-C1:2606.09084v1,ARX:FORMAL-ARXIV-V12-Q-S0:2606.09084v1,arXiv,Q-S0
REC-04362,ARX:FORMAL-ARXIV-V12-Q-C1:2606.09900v1,ARX:FORMAL-ARXIV-V12-Q-D1:2606.09900v1,arXiv,Q-D1
REC-04370,ARX:FORMAL-ARXIV-V12-Q-C1:2606.04628v1,ARX:FORMAL-ARXIV-V12-Q-C3:2606.04628v1,arXiv,Q-C3
REC-04374,ARX:FORMAL-ARXIV-V12-Q-C1:2606.02497v1,ARX:FORMAL-ARXIV-V12-Q-D1:2606.02497v1,arXiv,Q-D1
REC-04376,ARX:FORMAL-ARXIV-V12-Q-C1:2606.01722v1,ARX:FORMAL-ARXIV-V12-Q-D1:2606.01722v1,arXiv,Q-D1
REC-04376,ARX:FORMAL-ARXIV-V12-Q-C1:2606.01722v1,ARX:FORMAL-ARXIV-V12-Q-D3:2606.01722v1,arXiv,Q-D3
REC-04380,ARX:FORMAL-ARXIV-V12-Q-C1:2606.00832v1,ARX:FORMAL-ARXIV-V12-Q-S2:2606.00832v1,arXiv,Q-S2
REC-04384,ARX:FORMAL-ARXIV-V12-Q-C1:2605.30771v1,ARX:FORMAL-ARXIV-V12-Q-D1:2605.30771v1,arXiv,Q-D1
REC-04386,ARX:FORMAL-ARXIV-V12-Q-C1:2605.27825v1,ARX:FORMAL-ARXIV-V12-Q-S0:2605.27825v1,arXiv,Q-S0
REC-04389,ARX:FORMAL-ARXIV-V12-Q-C1:2605.25869v1,ARX:FORMAL-ARXIV-V12-Q-C3:2605.25869v1,arXiv,Q-C3
REC-04389,ARX:FORMAL-ARXIV-V12-Q-C1:2605.25869v1,ARX:FORMAL-ARXIV-V12-Q-D1:2605.25869v1,arXiv,Q-D1
REC-04389,ARX:FORMAL-ARXIV-V12-Q-C1:2605.25869v1,ARX:FORMAL-ARXIV-V12-Q-D2:2605.25869v1,arXiv,Q-D2
REC-04398,ARX:FORMAL-ARXIV-V12-Q-C1:2605.17348v1,ARX:FORMAL-ARXIV-V12-Q-C2:2605.17348v1,arXiv,Q-C2
REC-04406,ARX:FORMAL-ARXIV-V12-Q-C1:2605.09504v2,ARX:FORMAL-ARXIV-V12-Q-D2:2605.09504v2,arXiv,Q-D2
REC-04408,ARX:FORMAL-ARXIV-V12-Q-C1:2605.11003v1,ARX:FORMAL-ARXIV-V12-Q-C3:2605.11003v1,arXiv,Q-C3
REC-04408,ARX:FORMAL-ARXIV-V12-Q-C1:2605.11003v1,ARX:FORMAL-ARXIV-V12-Q-S0:2605.11003v1,arXiv,Q-S0
REC-04411,ARX:FORMAL-ARXIV-V12-Q-C1:2605.06731v1,ARX:FORMAL-ARXIV-V12-Q-C3:2605.06731v1,arXiv,Q-C3
REC-04411,ARX:FORMAL-ARXIV-V12-Q-C1:2605.06731v1,ARX:FORMAL-ARXIV-V12-Q-D1:2605.06731v1,arXiv,Q-D1
REC-04411,ARX:FORMAL-ARXIV-V12-Q-C1:2605.06731v1,ARX:FORMAL-ARXIV-V12-Q-D2:2605.06731v1,arXiv,Q-D2
REC-04411,ARX:FORMAL-ARXIV-V12-Q-C1:2605.06731v1,ARX:FORMAL-ARXIV-V12-Q-S0:2605.06731v1,arXiv,Q-S0
REC-04415,ARX:FORMAL-ARXIV-V12-Q-C1:2605.04264v1,ARX:FORMAL-ARXIV-V12-Q-C3:2605.04264v1,arXiv,Q-C3
REC-04421,ARX:FORMAL-ARXIV-V12-Q-C1:2605.01386v2,ARX:FORMAL-ARXIV-V12-Q-D1:2605.01386v2,arXiv,Q-D1
REC-04424,ARX:FORMAL-ARXIV-V12-Q-C1:2604.27464v1,ARX:FORMAL-ARXIV-V12-Q-D2:2604.27464v1,arXiv,Q-D2
REC-04424,ARX:FORMAL-ARXIV-V12-Q-C1:2604.27464v1,ARX:FORMAL-ARXIV-V12-Q-S0:2604.27464v1,arXiv,Q-S0
REC-04425,ARX:FORMAL-ARXIV-V12-Q-C1:2604.27283v1,ARX:FORMAL-ARXIV-V12-Q-S0:2604.27283v1,arXiv,Q-S0
REC-04426,ARX:FORMAL-ARXIV-V12-Q-C1:2604.27045v1,ARX:FORMAL-ARXIV-V12-Q-D2:2604.27045v1,arXiv,Q-D2
REC-04427,ARX:FORMAL-ARXIV-V12-Q-C1:2604.26197v3,ARX:FORMAL-ARXIV-V12-Q-D1:2604.26197v3,arXiv,Q-D1
REC-04429,ARX:FORMAL-ARXIV-V12-Q-C1:2604.23938v3,ARX:FORMAL-ARXIV-V12-Q-S0:2604.23938v3,arXiv,Q-S0
REC-04431,ARX:FORMAL-ARXIV-V12-Q-C1:2604.23711v1,ARX:FORMAL-ARXIV-V12-Q-D2:2604.23711v1,arXiv,Q-D2
REC-04432,ARX:FORMAL-ARXIV-V12-Q-C1:2607.05397v1,ARX:FORMAL-ARXIV-V12-Q-C3:2607.05397v1,arXiv,Q-C3
REC-04433,ARX:FORMAL-ARXIV-V12-Q-C1:2606.20570v1,ARX:FORMAL-ARXIV-V12-Q-D1:2606.20570v1,arXiv,Q-D1
REC-04434,ARX:FORMAL-ARXIV-V12-Q-C1:2604.23280v1,ARX:FORMAL-ARXIV-V12-Q-D1:2604.23280v1,arXiv,Q-D1
REC-04445,ARX:FORMAL-ARXIV-V12-Q-C1:2604.15774v2,ARX:FORMAL-ARXIV-V12-Q-D2:2604.15774v2,arXiv,Q-D2
REC-04445,ARX:FORMAL-ARXIV-V12-Q-C1:2604.15774v2,ARX:FORMAL-ARXIV-V12-Q-S0:2604.15774v2,arXiv,Q-S0
REC-04445,ARX:FORMAL-ARXIV-V12-Q-C1:2604.15774v2,ARX:FORMAL-ARXIV-V12-Q-S2:2604.15774v2,arXiv,Q-S2
REC-04453,ARX:FORMAL-ARXIV-V12-Q-C1:2604.09747v1,ARX:FORMAL-ARXIV-V12-Q-S0:2604.09747v1,arXiv,Q-S0
REC-04462,ARX:FORMAL-ARXIV-V12-Q-C1:2604.04660v1,ARX:FORMAL-ARXIV-V12-Q-C3:2604.04660v1,arXiv,Q-C3
REC-04462,ARX:FORMAL-ARXIV-V12-Q-C1:2604.04660v1,ARX:FORMAL-ARXIV-V12-Q-D1:2604.04660v1,arXiv,Q-D1
REC-04462,ARX:FORMAL-ARXIV-V12-Q-C1:2604.04660v1,ARX:FORMAL-ARXIV-V12-Q-D3:2604.04660v1,arXiv,Q-D3
REC-04462,ARX:FORMAL-ARXIV-V12-Q-C1:2604.04660v1,ARX:FORMAL-ARXIV-V12-Q-S0:2604.04660v1,arXiv,Q-S0
REC-04473,ARX:FORMAL-ARXIV-V12-Q-C1:2603.27127v1,ARX:FORMAL-ARXIV-V12-Q-C2:2603.27127v1,arXiv,Q-C2
REC-04476,ARX:FORMAL-ARXIV-V12-Q-C1:2603.25097v1,ARX:FORMAL-ARXIV-V12-Q-C3:2603.25097v1,arXiv,Q-C3
REC-04476,ARX:FORMAL-ARXIV-V12-Q-C1:2603.25097v1,ARX:FORMAL-ARXIV-V12-Q-D1:2603.25097v1,arXiv,Q-D1
REC-04476,ARX:FORMAL-ARXIV-V12-Q-C1:2603.25097v1,ARX:FORMAL-ARXIV-V12-Q-D3:2603.25097v1,arXiv,Q-D3
REC-04477,ARX:FORMAL-ARXIV-V12-Q-C1:2603.24564v1,ARX:FORMAL-ARXIV-V12-Q-D1:2603.24564v1,arXiv,Q-D1
REC-04486,ARX:FORMAL-ARXIV-V12-Q-C1:2603.16734v1,ARX:FORMAL-ARXIV-V12-Q-D1:2603.16734v1,arXiv,Q-D1
REC-04486,ARX:FORMAL-ARXIV-V12-Q-C1:2603.16734v1,ARX:FORMAL-ARXIV-V12-Q-D2:2603.16734v1,arXiv,Q-D2
REC-04494,ARX:FORMAL-ARXIV-V12-Q-C1:2603.14588v1,ARX:FORMAL-ARXIV-V12-Q-D1:2603.14588v1,arXiv,Q-D1
REC-04494,ARX:FORMAL-ARXIV-V12-Q-C1:2603.14588v1,ARX:FORMAL-ARXIV-V12-Q-D2:2603.14588v1,arXiv,Q-D2
REC-04495,ARX:FORMAL-ARXIV-V12-Q-C1:2603.14312v1,ARX:FORMAL-ARXIV-V12-Q-D1:2603.14312v1,arXiv,Q-D1
REC-04502,ARX:FORMAL-ARXIV-V12-Q-C1:2603.10062v2,ARX:FORMAL-ARXIV-V12-Q-C3:2603.10062v2,arXiv,Q-C3
REC-04514,ARX:FORMAL-ARXIV-V12-Q-C1:2602.20021v1,ARX:FORMAL-ARXIV-V12-Q-C3:2602.20021v1,arXiv,Q-C3
REC-04516,ARX:FORMAL-ARXIV-V12-Q-C1:2602.17902v2,ARX:FORMAL-ARXIV-V12-Q-C3:2602.17902v2,arXiv,Q-C3
REC-04530,ARX:FORMAL-ARXIV-V12-Q-C1:2602.07652v1,ARX:FORMAL-ARXIV-V12-Q-C3:2602.07652v1,arXiv,Q-C3
REC-04530,ARX:FORMAL-ARXIV-V12-Q-C1:2602.07652v1,ARX:FORMAL-ARXIV-V12-Q-S0:2602.07652v1,arXiv,Q-S0
REC-04534,ARX:FORMAL-ARXIV-V12-Q-C1:2602.04712v2,ARX:FORMAL-ARXIV-V12-Q-D2:2602.04712v2,arXiv,Q-D2
REC-04538,ARX:FORMAL-ARXIV-V12-Q-C1:2602.03224v2,ARX:FORMAL-ARXIV-V12-Q-S2:2602.03224v2,arXiv,Q-S2
REC-04542,ARX:FORMAL-ARXIV-V12-Q-C1:2602.02164v2,ARX:FORMAL-ARXIV-V12-Q-D1:2602.02164v2,arXiv,Q-D1
REC-04542,ARX:FORMAL-ARXIV-V12-Q-C1:2602.02164v2,ARX:FORMAL-ARXIV-V12-Q-D2:2602.02164v2,arXiv,Q-D2
REC-04542,ARX:FORMAL-ARXIV-V12-Q-C1:2602.02164v2,ARX:FORMAL-ARXIV-V12-Q-S0:2602.02164v2,arXiv,Q-S0
REC-04549,ARX:FORMAL-ARXIV-V12-Q-C1:2602.02559v1,ARX:FORMAL-ARXIV-V12-Q-C2:2602.02559v1,arXiv,Q-C2
REC-04555,ARX:FORMAL-ARXIV-V12-Q-C1:2601.17887v2,ARX:FORMAL-ARXIV-V12-Q-D2:2601.17887v2,arXiv,Q-D2
REC-04555,ARX:FORMAL-ARXIV-V12-Q-C1:2601.17887v2,ARX:FORMAL-ARXIV-V12-Q-D3:2601.17887v2,arXiv,Q-D3
REC-04555,ARX:FORMAL-ARXIV-V12-Q-C1:2601.17887v2,ARX:FORMAL-ARXIV-V12-Q-S0:2601.17887v2,arXiv,Q-S0
REC-04569,ARX:FORMAL-ARXIV-V12-Q-C1:2601.09113v1,ARX:FORMAL-ARXIV-V12-Q-C2:2601.09113v1,arXiv,Q-C2
REC-04579,ARX:FORMAL-ARXIV-V12-Q-C1:2601.02749v1,ARX:FORMAL-ARXIV-V12-Q-D1:2601.02749v1,arXiv,Q-D1
REC-04579,ARX:FORMAL-ARXIV-V12-Q-C1:2601.02749v1,ARX:FORMAL-ARXIV-V12-Q-D2:2601.02749v1,arXiv,Q-D2
REC-04581,ARX:FORMAL-ARXIV-V12-Q-C1:2601.02577v1,ARX:FORMAL-ARXIV-V12-Q-D2:2601.02577v1,arXiv,Q-D2
REC-04586,ARX:FORMAL-ARXIV-V12-Q-C1:2512.23343v1,ARX:FORMAL-ARXIV-V12-Q-D2:2512.23343v1,arXiv,Q-D2
REC-04593,ARX:FORMAL-ARXIV-V12-Q-C1:2512.16301v3,ARX:FORMAL-ARXIV-V12-Q-D1:2512.16301v3,arXiv,Q-D1
REC-04596,ARX:FORMAL-ARXIV-V12-Q-C1:2512.13564v2,ARX:FORMAL-ARXIV-V12-Q-D1:2512.13564v2,arXiv,Q-D1
REC-04598,ARX:FORMAL-ARXIV-V12-Q-C1:2512.12856v1,ARX:FORMAL-ARXIV-V12-Q-S2:2512.12856v1,arXiv,Q-S2
REC-04600,ARX:FORMAL-ARXIV-V12-Q-C1:2512.11303v1,ARX:FORMAL-ARXIV-V12-Q-D2:2512.11303v1,arXiv,Q-D2
REC-04605,ARX:FORMAL-ARXIV-V12-Q-C1:2512.04668v4,ARX:FORMAL-ARXIV-V12-Q-C2:2512.04668v4,arXiv,Q-C2
REC-04605,ARX:FORMAL-ARXIV-V12-Q-C1:2512.04668v4,ARX:FORMAL-ARXIV-V12-Q-C3:2512.04668v4,arXiv,Q-C3
REC-04618,ARX:FORMAL-ARXIV-V12-Q-C1:2512.20624v1,ARX:FORMAL-ARXIV-V12-Q-S0:2512.20624v1,arXiv,Q-S0
REC-04625,ARX:FORMAL-ARXIV-V12-Q-C1:2511.14043v3,ARX:FORMAL-ARXIV-V12-Q-D1:2511.14043v3,arXiv,Q-D1
REC-04646,ARX:FORMAL-ARXIV-V12-Q-C1:2510.25445v1,ARX:FORMAL-ARXIV-V12-Q-D2:2510.25445v1,arXiv,Q-D2
REC-04661,ARX:FORMAL-ARXIV-V12-Q-C1:2510.10454v2,ARX:FORMAL-ARXIV-V12-Q-S0:2510.10454v2,arXiv,Q-S0
REC-04669,ARX:FORMAL-ARXIV-V12-Q-C1:2510.01353v1,ARX:FORMAL-ARXIV-V12-Q-S2:2510.01353v1,arXiv,Q-S2
REC-04702,ARX:FORMAL-ARXIV-V12-Q-C1:2507.10457v2,ARX:FORMAL-ARXIV-V12-Q-S0:2507.10457v2,arXiv,Q-S0
REC-04712,ARX:FORMAL-ARXIV-V12-Q-C1:2506.23844v1,ARX:FORMAL-ARXIV-V12-Q-D1:2506.23844v1,arXiv,Q-D1
REC-04712,ARX:FORMAL-ARXIV-V12-Q-C1:2506.23844v1,ARX:FORMAL-ARXIV-V12-Q-D2:2506.23844v1,arXiv,Q-D2
REC-04712,ARX:FORMAL-ARXIV-V12-Q-C1:2506.23844v1,ARX:FORMAL-ARXIV-V12-Q-S0:2506.23844v1,arXiv,Q-S0
REC-04719,ARX:FORMAL-ARXIV-V12-Q-C1:2506.15635v2,ARX:FORMAL-ARXIV-V12-Q-S2:2506.15635v2,arXiv,Q-S2
REC-04731,ARX:FORMAL-ARXIV-V12-Q-C1:2505.18279v1,ARX:FORMAL-ARXIV-V12-Q-C3:2505.18279v1,arXiv,Q-C3
REC-04731,ARX:FORMAL-ARXIV-V12-Q-C1:2505.18279v1,ARX:FORMAL-ARXIV-V12-Q-D1:2505.18279v1,arXiv,Q-D1
REC-04731,ARX:FORMAL-ARXIV-V12-Q-C1:2505.18279v1,ARX:FORMAL-ARXIV-V12-Q-D2:2505.18279v1,arXiv,Q-D2
REC-04740,ARX:FORMAL-ARXIV-V12-Q-C1:2504.19956v2,ARX:FORMAL-ARXIV-V12-Q-D2:2504.19956v2,arXiv,Q-D2
REC-04740,ARX:FORMAL-ARXIV-V12-Q-C1:2504.19956v2,ARX:FORMAL-ARXIV-V12-Q-D3:2504.19956v2,arXiv,Q-D3
REC-04740,ARX:FORMAL-ARXIV-V12-Q-C1:2504.19956v2,ARX:FORMAL-ARXIV-V12-Q-S0:2504.19956v2,arXiv,Q-S0
REC-04750,ARX:FORMAL-ARXIV-V12-Q-C1:2504.09283v1,ARX:FORMAL-ARXIV-V12-Q-D2:2504.09283v1,arXiv,Q-D2
REC-04766,ARX:FORMAL-ARXIV-V12-Q-C1:2503.08102v2,ARX:FORMAL-ARXIV-V12-Q-D2:2503.08102v2,arXiv,Q-D2
REC-04771,ARX:FORMAL-ARXIV-V12-Q-C1:2503.03704v5,ARX:FORMAL-ARXIV-V12-Q-S0:2503.03704v5,arXiv,Q-S0
REC-04776,ARX:FORMAL-ARXIV-V12-Q-C1:2502.19145v2,ARX:FORMAL-ARXIV-V12-Q-C2:2502.19145v2,arXiv,Q-C2
REC-04776,ARX:FORMAL-ARXIV-V12-Q-C1:2502.19145v2,ARX:FORMAL-ARXIV-V12-Q-D2:2502.19145v2,arXiv,Q-D2
REC-04776,ARX:FORMAL-ARXIV-V12-Q-C1:2502.19145v2,ARX:FORMAL-ARXIV-V12-Q-S0:2502.19145v2,arXiv,Q-S0
REC-04782,ARX:FORMAL-ARXIV-V12-Q-C1:2502.13172v2,ARX:FORMAL-ARXIV-V12-Q-D2:2502.13172v2,arXiv,Q-D2
REC-04782,ARX:FORMAL-ARXIV-V12-Q-C1:2502.13172v2,ARX:FORMAL-ARXIV-V12-Q-S0:2502.13172v2,arXiv,Q-S0
REC-04783,ARX:FORMAL-ARXIV-V12-Q-C1:2502.12110v11,ARX:FORMAL-ARXIV-V12-Q-D3:2502.12110v11,arXiv,Q-D3
REC-04811,ARX:FORMAL-ARXIV-V12-Q-C1:2410.16155v2,ARX:FORMAL-ARXIV-V12-Q-C2:2410.16155v2,arXiv,Q-C2
REC-04933,ARX:FORMAL-ARXIV-V12-Q-C2:2608.00104v1,ARX:FORMAL-ARXIV-V12-Q-D1:2608.00104v1,arXiv,Q-D1
REC-04933,ARX:FORMAL-ARXIV-V12-Q-C2:2608.00104v1,ARX:FORMAL-ARXIV-V12-Q-D3:2608.00104v1,arXiv,Q-D3
REC-04936,ARX:FORMAL-ARXIV-V12-Q-C2:2607.28147v1,ARX:FORMAL-ARXIV-V12-Q-S0:2607.28147v1,arXiv,Q-S0
REC-04937,ARX:FORMAL-ARXIV-V12-Q-C2:2607.28027v1,ARX:FORMAL-ARXIV-V12-Q-C3:2607.28027v1,arXiv,Q-C3
REC-04938,ARX:FORMAL-ARXIV-V12-Q-C2:2607.27528v1,ARX:FORMAL-ARXIV-V12-Q-S0:2607.27528v1,arXiv,Q-S0
REC-04940,ARX:FORMAL-ARXIV-V12-Q-C2:2607.26836v1,ARX:FORMAL-ARXIV-V12-Q-S0:2607.26836v1,arXiv,Q-S0
REC-04944,ARX:FORMAL-ARXIV-V12-Q-C2:2607.25140v1,ARX:FORMAL-ARXIV-V12-Q-C3:2607.25140v1,arXiv,Q-C3
REC-04944,ARX:FORMAL-ARXIV-V12-Q-C2:2607.25140v1,ARX:FORMAL-ARXIV-V12-Q-D3:2607.25140v1,arXiv,Q-D3
REC-04945,ARX:FORMAL-ARXIV-V12-Q-C2:2607.24964v1,ARX:FORMAL-ARXIV-V12-Q-S0:2607.24964v1,arXiv,Q-S0
REC-04946,ARX:FORMAL-ARXIV-V12-Q-C2:2607.24893v1,ARX:FORMAL-ARXIV-V12-Q-S0:2607.24893v1,arXiv,Q-S0
REC-04949,ARX:FORMAL-ARXIV-V12-Q-C2:2607.21912v1,ARX:FORMAL-ARXIV-V12-Q-D3:2607.21912v1,arXiv,Q-D3
REC-04951,ARX:FORMAL-ARXIV-V12-Q-C2:2607.21268v1,ARX:FORMAL-ARXIV-V12-Q-C3:2607.21268v1,arXiv,Q-C3
REC-04958,ARX:FORMAL-ARXIV-V12-Q-C2:2607.15434v5,ARX:FORMAL-ARXIV-V12-Q-C3:2607.15434v5,arXiv,Q-C3
REC-04959,ARX:FORMAL-ARXIV-V12-Q-C2:2607.13998v1,ARX:FORMAL-ARXIV-V12-Q-C3:2607.13998v1,arXiv,Q-C3
REC-04961,ARX:FORMAL-ARXIV-V12-Q-C2:2607.12564v1,ARX:FORMAL-ARXIV-V12-Q-C3:2607.12564v1,arXiv,Q-C3
REC-04964,ARX:FORMAL-ARXIV-V12-Q-C2:2607.11751v1,ARX:FORMAL-ARXIV-V12-Q-S0:2607.11751v1,arXiv,Q-S0
REC-04965,ARX:FORMAL-ARXIV-V12-Q-C2:2607.11698v1,ARX:FORMAL-ARXIV-V12-Q-D1:2607.11698v1,arXiv,Q-D1
REC-04965,ARX:FORMAL-ARXIV-V12-Q-C2:2607.11698v1,ARX:FORMAL-ARXIV-V12-Q-D2:2607.11698v1,arXiv,Q-D2
REC-04968,ARX:FORMAL-ARXIV-V12-Q-C2:2607.10608v1,ARX:FORMAL-ARXIV-V12-Q-D3:2607.10608v1,arXiv,Q-D3
REC-04972,ARX:FORMAL-ARXIV-V12-Q-C2:2607.06700v1,ARX:FORMAL-ARXIV-V12-Q-S0:2607.06700v1,arXiv,Q-S0
REC-04976,ARX:FORMAL-ARXIV-V12-Q-C2:2607.03628v1,ARX:FORMAL-ARXIV-V12-Q-S0:2607.03628v1,arXiv,Q-S0
REC-04977,ARX:FORMAL-ARXIV-V12-Q-C2:2607.09744v1,ARX:FORMAL-ARXIV-V12-Q-C3:2607.09744v1,arXiv,Q-C3
REC-04977,ARX:FORMAL-ARXIV-V12-Q-C2:2607.09744v1,ARX:FORMAL-ARXIV-V12-Q-D1:2607.09744v1,arXiv,Q-D1
REC-04977,ARX:FORMAL-ARXIV-V12-Q-C2:2607.09744v1,ARX:FORMAL-ARXIV-V12-Q-D2:2607.09744v1,arXiv,Q-D2
REC-04978,ARX:FORMAL-ARXIV-V12-Q-C2:2607.03269v1,ARX:FORMAL-ARXIV-V12-Q-D2:2607.03269v1,arXiv,Q-D2
REC-04978,ARX:FORMAL-ARXIV-V12-Q-C2:2607.03269v1,ARX:FORMAL-ARXIV-V12-Q-S0:2607.03269v1,arXiv,Q-S0
REC-04980,ARX:FORMAL-ARXIV-V12-Q-C2:2607.01668v1,ARX:FORMAL-ARXIV-V12-Q-S0:2607.01668v1,arXiv,Q-S0
REC-04981,ARX:FORMAL-ARXIV-V12-Q-C2:2607.01588v1,ARX:FORMAL-ARXIV-V12-Q-C3:2607.01588v1,arXiv,Q-C3
REC-04981,ARX:FORMAL-ARXIV-V12-Q-C2:2607.01588v1,ARX:FORMAL-ARXIV-V12-Q-S0:2607.01588v1,arXiv,Q-S0
REC-04985,ARX:FORMAL-ARXIV-V12-Q-C2:2606.30555v3,ARX:FORMAL-ARXIV-V12-Q-S0:2606.30555v3,arXiv,Q-S0
REC-04986,ARX:FORMAL-ARXIV-V12-Q-C2:2606.28958v1,ARX:FORMAL-ARXIV-V12-Q-D1:2606.28958v1,arXiv,Q-D1
REC-04995,ARX:FORMAL-ARXIV-V12-Q-C2:2606.26211v1,ARX:FORMAL-ARXIV-V12-Q-C3:2606.26211v1,arXiv,Q-C3
REC-04998,ARX:FORMAL-ARXIV-V12-Q-C2:2606.23764v1,ARX:FORMAL-ARXIV-V12-Q-C3:2606.23764v1,arXiv,Q-C3
REC-04998,ARX:FORMAL-ARXIV-V12-Q-C2:2606.23764v1,ARX:FORMAL-ARXIV-V12-Q-S0:2606.23764v1,arXiv,Q-S0
REC-05001,ARX:FORMAL-ARXIV-V12-Q-C2:2606.21877v1,ARX:FORMAL-ARXIV-V12-Q-C3:2606.21877v1,arXiv,Q-C3
REC-05001,ARX:FORMAL-ARXIV-V12-Q-C2:2606.21877v1,ARX:FORMAL-ARXIV-V12-Q-D1:2606.21877v1,arXiv,Q-D1
REC-05001,ARX:FORMAL-ARXIV-V12-Q-C2:2606.21877v1,ARX:FORMAL-ARXIV-V12-Q-S0:2606.21877v1,arXiv,Q-S0
REC-05003,ARX:FORMAL-ARXIV-V12-Q-C2:2606.20493v2,ARX:FORMAL-ARXIV-V12-Q-D2:2606.20493v2,arXiv,Q-D2
REC-05011,ARX:FORMAL-ARXIV-V12-Q-C2:2606.12834v1,ARX:FORMAL-ARXIV-V12-Q-C3:2606.12834v1,arXiv,Q-C3
REC-05012,ARX:FORMAL-ARXIV-V12-Q-C2:2606.11909v1,ARX:FORMAL-ARXIV-V12-Q-D1:2606.11909v1,arXiv,Q-D1
REC-05013,ARX:FORMAL-ARXIV-V12-Q-C2:2606.10323v1,ARX:FORMAL-ARXIV-V12-Q-S0:2606.10323v1,arXiv,Q-S0
REC-05014,ARX:FORMAL-ARXIV-V12-Q-C2:2606.09122v1,ARX:FORMAL-ARXIV-V12-Q-C3:2606.09122v1,arXiv,Q-C3
REC-05014,ARX:FORMAL-ARXIV-V12-Q-C2:2606.09122v1,ARX:FORMAL-ARXIV-V12-Q-D2:2606.09122v1,arXiv,Q-D2
REC-05014,ARX:FORMAL-ARXIV-V12-Q-C2:2606.09122v1,ARX:FORMAL-ARXIV-V12-Q-D3:2606.09122v1,arXiv,Q-D3
REC-05015,ARX:FORMAL-ARXIV-V12-Q-C2:2606.08878v2,ARX:FORMAL-ARXIV-V12-Q-C3:2606.08878v2,arXiv,Q-C3
REC-05017,ARX:FORMAL-ARXIV-V12-Q-C2:2606.08200v1,ARX:FORMAL-ARXIV-V12-Q-C3:2606.08200v1,arXiv,Q-C3
REC-05018,ARX:FORMAL-ARXIV-V12-Q-C2:2606.07940v1,ARX:FORMAL-ARXIV-V12-Q-S0:2606.07940v1,arXiv,Q-S0
REC-05022,ARX:FORMAL-ARXIV-V12-Q-C2:2606.07150v3,ARX:FORMAL-ARXIV-V12-Q-D2:2606.07150v3,arXiv,Q-D2
REC-05022,ARX:FORMAL-ARXIV-V12-Q-C2:2606.07150v3,ARX:FORMAL-ARXIV-V12-Q-D3:2606.07150v3,arXiv,Q-D3
REC-05025,ARX:FORMAL-ARXIV-V12-Q-C2:2606.06136v1,ARX:FORMAL-ARXIV-V12-Q-C3:2606.06136v1,arXiv,Q-C3
REC-05025,ARX:FORMAL-ARXIV-V12-Q-C2:2606.06136v1,ARX:FORMAL-ARXIV-V12-Q-D1:2606.06136v1,arXiv,Q-D1
REC-05025,ARX:FORMAL-ARXIV-V12-Q-C2:2606.06136v1,ARX:FORMAL-ARXIV-V12-Q-D3:2606.06136v1,arXiv,Q-D3
REC-05029,ARX:FORMAL-ARXIV-V12-Q-C2:2606.04580v1,ARX:FORMAL-ARXIV-V12-Q-D2:2606.04580v1,arXiv,Q-D2
REC-05032,ARX:FORMAL-ARXIV-V12-Q-C2:2606.03518v1,ARX:FORMAL-ARXIV-V12-Q-C3:2606.03518v1,arXiv,Q-C3
REC-05032,ARX:FORMAL-ARXIV-V12-Q-C2:2606.03518v1,ARX:FORMAL-ARXIV-V12-Q-S0:2606.03518v1,arXiv,Q-S0
REC-05034,ARX:FORMAL-ARXIV-V12-Q-C2:2606.03453v1,ARX:FORMAL-ARXIV-V12-Q-S0:2606.03453v1,arXiv,Q-S0
REC-05037,ARX:FORMAL-ARXIV-V12-Q-C2:2606.01663v1,ARX:FORMAL-ARXIV-V12-Q-D1:2606.01663v1,arXiv,Q-D1
REC-05037,ARX:FORMAL-ARXIV-V12-Q-C2:2606.01663v1,ARX:FORMAL-ARXIV-V12-Q-D2:2606.01663v1,arXiv,Q-D2
REC-05037,ARX:FORMAL-ARXIV-V12-Q-C2:2606.01663v1,ARX:FORMAL-ARXIV-V12-Q-D3:2606.01663v1,arXiv,Q-D3
REC-05038,ARX:FORMAL-ARXIV-V12-Q-C2:2606.01637v2,ARX:FORMAL-ARXIV-V12-Q-C3:2606.01637v2,arXiv,Q-C3
REC-05039,ARX:FORMAL-ARXIV-V12-Q-C2:2606.01490v1,ARX:FORMAL-ARXIV-V12-Q-C3:2606.01490v1,arXiv,Q-C3
REC-05046,ARX:FORMAL-ARXIV-V12-Q-C2:2605.29910v1,ARX:FORMAL-ARXIV-V12-Q-D2:2605.29910v1,arXiv,Q-D2
REC-05049,ARX:FORMAL-ARXIV-V12-Q-C2:2605.28214v1,ARX:FORMAL-ARXIV-V12-Q-S0:2605.28214v1,arXiv,Q-S0
REC-05050,ARX:FORMAL-ARXIV-V12-Q-C2:2605.28114v2,ARX:FORMAL-ARXIV-V12-Q-D1:2605.28114v2,arXiv,Q-D1
REC-05050,ARX:FORMAL-ARXIV-V12-Q-C2:2605.28114v2,ARX:FORMAL-ARXIV-V12-Q-D2:2605.28114v2,arXiv,Q-D2
REC-05051,ARX:FORMAL-ARXIV-V12-Q-C2:2605.27766v1,ARX:FORMAL-ARXIV-V12-Q-D1:2605.27766v1,arXiv,Q-D1
REC-05051,ARX:FORMAL-ARXIV-V12-Q-C2:2605.27766v1,ARX:FORMAL-ARXIV-V12-Q-D2:2605.27766v1,arXiv,Q-D2
REC-05052,ARX:FORMAL-ARXIV-V12-Q-C2:2605.27593v1,ARX:FORMAL-ARXIV-V12-Q-D2:2605.27593v1,arXiv,Q-D2
REC-05055,ARX:FORMAL-ARXIV-V12-Q-C2:2605.27488v2,ARX:FORMAL-ARXIV-V12-Q-C3:2605.27488v2,arXiv,Q-C3
REC-05060,ARX:FORMAL-ARXIV-V12-Q-C2:2605.25815v4,ARX:FORMAL-ARXIV-V12-Q-D1:2605.25815v4,arXiv,Q-D1
REC-05064,ARX:FORMAL-ARXIV-V12-Q-C2:2605.25233v1,ARX:FORMAL-ARXIV-V12-Q-D1:2605.25233v1,arXiv,Q-D1
REC-05064,ARX:FORMAL-ARXIV-V12-Q-C2:2605.25233v1,ARX:FORMAL-ARXIV-V12-Q-D2:2605.25233v1,arXiv,Q-D2
REC-05064,ARX:FORMAL-ARXIV-V12-Q-C2:2605.25233v1,ARX:FORMAL-ARXIV-V12-Q-D3:2605.25233v1,arXiv,Q-D3
REC-05066,ARX:FORMAL-ARXIV-V12-Q-C2:2605.24490v1,ARX:FORMAL-ARXIV-V12-Q-C3:2605.24490v1,arXiv,Q-C3
REC-05068,ARX:FORMAL-ARXIV-V12-Q-C2:2605.22001v1,ARX:FORMAL-ARXIV-V12-Q-C3:2605.22001v1,arXiv,Q-C3
REC-05068,ARX:FORMAL-ARXIV-V12-Q-C2:2605.22001v1,ARX:FORMAL-ARXIV-V12-Q-D2:2605.22001v1,arXiv,Q-D2
REC-05068,ARX:FORMAL-ARXIV-V12-Q-C2:2605.22001v1,ARX:FORMAL-ARXIV-V12-Q-S0:2605.22001v1,arXiv,Q-S0
REC-05070,ARX:FORMAL-ARXIV-V12-Q-C2:2605.21744v1,ARX:FORMAL-ARXIV-V12-Q-C3:2605.21744v1,arXiv,Q-C3
REC-05075,ARX:FORMAL-ARXIV-V12-Q-C2:2605.19240v1,ARX:FORMAL-ARXIV-V12-Q-S0:2605.19240v1,arXiv,Q-S0
REC-05079,ARX:FORMAL-ARXIV-V12-Q-C2:2605.17480v3,ARX:FORMAL-ARXIV-V12-Q-S0:2605.17480v3,arXiv,Q-S0
REC-05082,ARX:FORMAL-ARXIV-V12-Q-C2:2607.20452v1,ARX:FORMAL-ARXIV-V12-Q-S0:2607.20452v1,arXiv,Q-S0
REC-05085,ARX:FORMAL-ARXIV-V12-Q-C2:2605.15228v1,ARX:FORMAL-ARXIV-V12-Q-C3:2605.15228v1,arXiv,Q-C3
REC-05085,ARX:FORMAL-ARXIV-V12-Q-C2:2605.15228v1,ARX:FORMAL-ARXIV-V12-Q-D1:2605.15228v1,arXiv,Q-D1
REC-05085,ARX:FORMAL-ARXIV-V12-Q-C2:2605.15228v1,ARX:FORMAL-ARXIV-V12-Q-S0:2605.15228v1,arXiv,Q-S0
REC-05087,ARX:FORMAL-ARXIV-V12-Q-C2:2605.13170v1,ARX:FORMAL-ARXIV-V12-Q-S0:2605.13170v1,arXiv,Q-S0
REC-05088,ARX:FORMAL-ARXIV-V12-Q-C2:2605.13134v1,ARX:FORMAL-ARXIV-V12-Q-S0:2605.13134v1,arXiv,Q-S0
REC-05090,ARX:FORMAL-ARXIV-V12-Q-C2:2607.19351v1,ARX:FORMAL-ARXIV-V12-Q-S0:2607.19351v1,arXiv,Q-S0
REC-05092,ARX:FORMAL-ARXIV-V12-Q-C2:2605.11789v1,ARX:FORMAL-ARXIV-V12-Q-D1:2605.11789v1,arXiv,Q-D1
REC-05092,ARX:FORMAL-ARXIV-V12-Q-C2:2605.11789v1,ARX:FORMAL-ARXIV-V12-Q-D2:2605.11789v1,arXiv,Q-D2
REC-05097,ARX:FORMAL-ARXIV-V12-Q-C2:2605.09889v1,ARX:FORMAL-ARXIV-V12-Q-S0:2605.09889v1,arXiv,Q-S0
REC-05099,ARX:FORMAL-ARXIV-V12-Q-C2:2605.09341v2,ARX:FORMAL-ARXIV-V12-Q-D1:2605.09341v2,arXiv,Q-D1
REC-05102,ARX:FORMAL-ARXIV-V12-Q-C2:2605.09027v2,ARX:FORMAL-ARXIV-V12-Q-D2:2605.09027v2,arXiv,Q-D2
REC-05103,ARX:FORMAL-ARXIV-V12-Q-C2:2605.08763v1,ARX:FORMAL-ARXIV-V12-Q-D1:2605.08763v1,arXiv,Q-D1
REC-05106,ARX:FORMAL-ARXIV-V12-Q-C2:2605.08268v1,ARX:FORMAL-ARXIV-V12-Q-S0:2605.08268v1,arXiv,Q-S0
REC-05107,ARX:FORMAL-ARXIV-V12-Q-C2:2605.06933v2,ARX:FORMAL-ARXIV-V12-Q-C3:2605.06933v2,arXiv,Q-C3
REC-05107,ARX:FORMAL-ARXIV-V12-Q-C2:2605.06933v2,ARX:FORMAL-ARXIV-V12-Q-D1:2605.06933v2,arXiv,Q-D1
REC-05107,ARX:FORMAL-ARXIV-V12-Q-C2:2605.06933v2,ARX:FORMAL-ARXIV-V12-Q-S0:2605.06933v2,arXiv,Q-S0
REC-05111,ARX:FORMAL-ARXIV-V12-Q-C2:2605.05269v1,ARX:FORMAL-ARXIV-V12-Q-C3:2605.05269v1,arXiv,Q-C3
REC-05111,ARX:FORMAL-ARXIV-V12-Q-C2:2605.05269v1,ARX:FORMAL-ARXIV-V12-Q-S0:2605.05269v1,arXiv,Q-S0
REC-05115,ARX:FORMAL-ARXIV-V12-Q-C2:2605.01885v1,ARX:FORMAL-ARXIV-V12-Q-S0:2605.01885v1,arXiv,Q-S0
REC-05117,ARX:FORMAL-ARXIV-V12-Q-C2:2605.01758v3,ARX:FORMAL-ARXIV-V12-Q-S0:2605.01758v3,arXiv,Q-S0
REC-05118,ARX:FORMAL-ARXIV-V12-Q-C2:2605.01562v2,ARX:FORMAL-ARXIV-V12-Q-C3:2605.01562v2,arXiv,Q-C3
REC-05119,ARX:FORMAL-ARXIV-V12-Q-C2:2605.00741v1,ARX:FORMAL-ARXIV-V12-Q-D2:2605.00741v1,arXiv,Q-D2
REC-05119,ARX:FORMAL-ARXIV-V12-Q-C2:2605.00741v1,ARX:FORMAL-ARXIV-V12-Q-S0:2605.00741v1,arXiv,Q-S0
REC-05121,ARX:FORMAL-ARXIV-V12-Q-C2:2606.20573v1,ARX:FORMAL-ARXIV-V12-Q-D2:2606.20573v1,arXiv,Q-D2
REC-05122,ARX:FORMAL-ARXIV-V12-Q-C2:2604.27358v1,ARX:FORMAL-ARXIV-V12-Q-C3:2604.27358v1,arXiv,Q-C3
REC-05122,ARX:FORMAL-ARXIV-V12-Q-C2:2604.27358v1,ARX:FORMAL-ARXIV-V12-Q-S0:2604.27358v1,arXiv,Q-S0
REC-05123,ARX:FORMAL-ARXIV-V12-Q-C2:2604.27271v3,ARX:FORMAL-ARXIV-V12-Q-C3:2604.27271v3,arXiv,Q-C3
REC-05124,ARX:FORMAL-ARXIV-V12-Q-C2:2604.27132v1,ARX:FORMAL-ARXIV-V12-Q-D1:2604.27132v1,arXiv,Q-D1
REC-05125,ARX:FORMAL-ARXIV-V12-Q-C2:2604.26997v1,ARX:FORMAL-ARXIV-V12-Q-D1:2604.26997v1,arXiv,Q-D1
REC-05125,ARX:FORMAL-ARXIV-V12-Q-C2:2604.26997v1,ARX:FORMAL-ARXIV-V12-Q-S0:2604.26997v1,arXiv,Q-S0
REC-05127,ARX:FORMAL-ARXIV-V12-Q-C2:2606.09844v1,ARX:FORMAL-ARXIV-V12-Q-D2:2606.09844v1,arXiv,Q-D2
REC-05128,ARX:FORMAL-ARXIV-V12-Q-C2:2604.23511v1,ARX:FORMAL-ARXIV-V12-Q-D2:2604.23511v1,arXiv,Q-D2
REC-05129,ARX:FORMAL-ARXIV-V12-Q-C2:2604.23299v1,ARX:FORMAL-ARXIV-V12-Q-C3:2604.23299v1,arXiv,Q-C3
REC-05130,ARX:FORMAL-ARXIV-V12-Q-C2:2604.23248v1,ARX:FORMAL-ARXIV-V12-Q-C3:2604.23248v1,arXiv,Q-C3
REC-05133,ARX:FORMAL-ARXIV-V12-Q-C2:2604.22427v1,ARX:FORMAL-ARXIV-V12-Q-D2:2604.22427v1,arXiv,Q-D2
REC-05133,ARX:FORMAL-ARXIV-V12-Q-C2:2604.22427v1,ARX:FORMAL-ARXIV-V12-Q-S0:2604.22427v1,arXiv,Q-S0
REC-05134,ARX:FORMAL-ARXIV-V12-Q-C2:2604.21598v2,ARX:FORMAL-ARXIV-V12-Q-C3:2604.21598v2,arXiv,Q-C3
REC-05136,ARX:FORMAL-ARXIV-V12-Q-C2:2604.20136v1,ARX:FORMAL-ARXIV-V12-Q-C3:2604.20136v1,arXiv,Q-C3
REC-05138,ARX:FORMAL-ARXIV-V12-Q-C2:2604.19211v1,ARX:FORMAL-ARXIV-V12-Q-C3:2604.19211v1,arXiv,Q-C3
REC-05138,ARX:FORMAL-ARXIV-V12-Q-C2:2604.19211v1,ARX:FORMAL-ARXIV-V12-Q-D1:2604.19211v1,arXiv,Q-D1
REC-05141,ARX:FORMAL-ARXIV-V12-Q-C2:2604.18005v2,ARX:FORMAL-ARXIV-V12-Q-C3:2604.18005v2,arXiv,Q-C3
REC-05143,ARX:FORMAL-ARXIV-V12-Q-C2:2604.16753v1,ARX:FORMAL-ARXIV-V12-Q-D1:2604.16753v1,arXiv,Q-D1
REC-05143,ARX:FORMAL-ARXIV-V12-Q-C2:2604.16753v1,ARX:FORMAL-ARXIV-V12-Q-D2:2604.16753v1,arXiv,Q-D2
REC-05144,ARX:FORMAL-ARXIV-V12-Q-C2:2605.16300v1,ARX:FORMAL-ARXIV-V12-Q-C3:2605.16300v1,arXiv,Q-C3
REC-05145,ARX:FORMAL-ARXIV-V12-Q-C2:2604.16543v1,ARX:FORMAL-ARXIV-V12-Q-S0:2604.16543v1,arXiv,Q-S0
REC-05146,ARX:FORMAL-ARXIV-V12-Q-C2:2605.13860v1,ARX:FORMAL-ARXIV-V12-Q-C3:2605.13860v1,arXiv,Q-C3
REC-05146,ARX:FORMAL-ARXIV-V12-Q-C2:2605.13860v1,ARX:FORMAL-ARXIV-V12-Q-D3:2605.13860v1,arXiv,Q-D3
REC-05150,ARX:FORMAL-ARXIV-V12-Q-C2:2604.10658v1,ARX:FORMAL-ARXIV-V12-Q-C3:2604.10658v1,arXiv,Q-C3
REC-05151,ARX:FORMAL-ARXIV-V12-Q-C2:2604.11840v3,ARX:FORMAL-ARXIV-V12-Q-C3:2604.11840v3,arXiv,Q-C3
REC-05155,ARX:FORMAL-ARXIV-V12-Q-C2:2604.08465v1,ARX:FORMAL-ARXIV-V12-Q-S0:2604.08465v1,arXiv,Q-S0
REC-05156,ARX:FORMAL-ARXIV-V12-Q-C2:2604.07775v1,ARX:FORMAL-ARXIV-V12-Q-S0:2604.07775v1,arXiv,Q-S0
REC-05160,ARX:FORMAL-ARXIV-V12-Q-C2:2604.06024v1,ARX:FORMAL-ARXIV-V12-Q-S0:2604.06024v1,arXiv,Q-S0
REC-05165,ARX:FORMAL-ARXIV-V12-Q-C2:2604.05339v1,ARX:FORMAL-ARXIV-V12-Q-D2:2604.05339v1,arXiv,Q-D2
REC-05166,ARX:FORMAL-ARXIV-V12-Q-C2:2604.05130v1,ARX:FORMAL-ARXIV-V12-Q-S0:2604.05130v1,arXiv,Q-S0
REC-05168,ARX:FORMAL-ARXIV-V12-Q-C2:2604.04820v1,ARX:FORMAL-ARXIV-V12-Q-D1:2604.04820v1,arXiv,Q-D1
REC-05170,ARX:FORMAL-ARXIV-V12-Q-C2:2604.04522v1,ARX:FORMAL-ARXIV-V12-Q-C3:2604.04522v1,arXiv,Q-C3
REC-05170,ARX:FORMAL-ARXIV-V12-Q-C2:2604.04522v1,ARX:FORMAL-ARXIV-V12-Q-D1:2604.04522v1,arXiv,Q-D1
REC-05172,ARX:FORMAL-ARXIV-V12-Q-C2:2604.04265v1,ARX:FORMAL-ARXIV-V12-Q-C3:2604.04265v1,arXiv,Q-C3
REC-05172,ARX:FORMAL-ARXIV-V12-Q-C2:2604.04265v1,ARX:FORMAL-ARXIV-V12-Q-D1:2604.04265v1,arXiv,Q-D1
REC-05172,ARX:FORMAL-ARXIV-V12-Q-C2:2604.04265v1,ARX:FORMAL-ARXIV-V12-Q-D2:2604.04265v1,arXiv,Q-D2
REC-05172,ARX:FORMAL-ARXIV-V12-Q-C2:2604.04265v1,ARX:FORMAL-ARXIV-V12-Q-D3:2604.04265v1,arXiv,Q-D3
REC-05172,ARX:FORMAL-ARXIV-V12-Q-C2:2604.04265v1,ARX:FORMAL-ARXIV-V12-Q-S0:2604.04265v1,arXiv,Q-S0
REC-05173,ARX:FORMAL-ARXIV-V12-Q-C2:2604.04262v1,ARX:FORMAL-ARXIV-V12-Q-C3:2604.04262v1,arXiv,Q-C3
REC-05173,ARX:FORMAL-ARXIV-V12-Q-C2:2604.04262v1,ARX:FORMAL-ARXIV-V12-Q-S0:2604.04262v1,arXiv,Q-S0
REC-05174,ARX:FORMAL-ARXIV-V12-Q-C2:2604.04060v1,ARX:FORMAL-ARXIV-V12-Q-S0:2604.04060v1,arXiv,Q-S0
REC-05175,ARX:FORMAL-ARXIV-V12-Q-C2:2604.04059v1,ARX:FORMAL-ARXIV-V12-Q-C3:2604.04059v1,arXiv,Q-C3
REC-05175,ARX:FORMAL-ARXIV-V12-Q-C2:2604.04059v1,ARX:FORMAL-ARXIV-V12-Q-S0:2604.04059v1,arXiv,Q-S0
REC-05177,ARX:FORMAL-ARXIV-V12-Q-C2:2604.09682v1,ARX:FORMAL-ARXIV-V12-Q-S0:2604.09682v1,arXiv,Q-S0
REC-05179,ARX:FORMAL-ARXIV-V12-Q-C2:2604.01151v2,ARX:FORMAL-ARXIV-V12-Q-D2:2604.01151v2,arXiv,Q-D2
REC-05179,ARX:FORMAL-ARXIV-V12-Q-C2:2604.01151v2,ARX:FORMAL-ARXIV-V12-Q-D3:2604.01151v2,arXiv,Q-D3
REC-05180,ARX:FORMAL-ARXIV-V12-Q-C2:2604.01127v2,ARX:FORMAL-ARXIV-V12-Q-S0:2604.01127v2,arXiv,Q-S0
REC-05181,ARX:FORMAL-ARXIV-V12-Q-C2:2603.29632v2,ARX:FORMAL-ARXIV-V12-Q-C3:2603.29632v2,arXiv,Q-C3
REC-05184,ARX:FORMAL-ARXIV-V12-Q-C2:2603.27771v2,ARX:FORMAL-ARXIV-V12-Q-S0:2603.27771v2,arXiv,Q-S0
REC-05189,ARX:FORMAL-ARXIV-V12-Q-C2:2603.21194v2,ARX:FORMAL-ARXIV-V12-Q-S0:2603.21194v2,arXiv,Q-S0
REC-05194,ARX:FORMAL-ARXIV-V12-Q-C2:2603.20131v2,ARX:FORMAL-ARXIV-V12-Q-S0:2603.20131v2,arXiv,Q-S0
REC-05195,ARX:FORMAL-ARXIV-V12-Q-C2:2605.12507v1,ARX:FORMAL-ARXIV-V12-Q-D2:2605.12507v1,arXiv,Q-D2
REC-05197,ARX:FORMAL-ARXIV-V12-Q-C2:2603.18235v1,ARX:FORMAL-ARXIV-V12-Q-D1:2603.18235v1,arXiv,Q-D1
REC-05197,ARX:FORMAL-ARXIV-V12-Q-C2:2603.18235v1,ARX:FORMAL-ARXIV-V12-Q-D2:2603.18235v1,arXiv,Q-D2
REC-05198,ARX:FORMAL-ARXIV-V12-Q-C2:2603.18096v1,ARX:FORMAL-ARXIV-V12-Q-D1:2603.18096v1,arXiv,Q-D1
REC-05198,ARX:FORMAL-ARXIV-V12-Q-C2:2603.18096v1,ARX:FORMAL-ARXIV-V12-Q-D3:2603.18096v1,arXiv,Q-D3
REC-05200,ARX:FORMAL-ARXIV-V12-Q-C2:2603.17003v2,ARX:FORMAL-ARXIV-V12-Q-C3:2603.17003v2,arXiv,Q-C3
REC-05201,ARX:FORMAL-ARXIV-V12-Q-C2:2603.16128v2,ARX:FORMAL-ARXIV-V12-Q-C3:2603.16128v2,arXiv,Q-C3
REC-05203,ARX:FORMAL-ARXIV-V12-Q-C2:2603.15809v1,ARX:FORMAL-ARXIV-V12-Q-S0:2603.15809v1,arXiv,Q-S0
REC-05205,ARX:FORMAL-ARXIV-V12-Q-C2:2603.18043v1,ARX:FORMAL-ARXIV-V12-Q-C3:2603.18043v1,arXiv,Q-C3
REC-05206,ARX:FORMAL-ARXIV-V12-Q-C2:2603.13940v1,ARX:FORMAL-ARXIV-V12-Q-S0:2603.13940v1,arXiv,Q-S0
REC-05207,ARX:FORMAL-ARXIV-V12-Q-C2:2604.16339v1,ARX:FORMAL-ARXIV-V12-Q-C3:2604.16339v1,arXiv,Q-C3
REC-05207,ARX:FORMAL-ARXIV-V12-Q-C2:2604.16339v1,ARX:FORMAL-ARXIV-V12-Q-D1:2604.16339v1,arXiv,Q-D1
REC-05207,ARX:FORMAL-ARXIV-V12-Q-C2:2604.16339v1,ARX:FORMAL-ARXIV-V12-Q-D2:2604.16339v1,arXiv,Q-D2
REC-05208,ARX:FORMAL-ARXIV-V12-Q-C2:2603.15668v1,ARX:FORMAL-ARXIV-V12-Q-S0:2603.15668v1,arXiv,Q-S0
REC-05211,ARX:FORMAL-ARXIV-V12-Q-C2:2603.10387v1,ARX:FORMAL-ARXIV-V12-Q-D2:2603.10387v1,arXiv,Q-D2
REC-05212,ARX:FORMAL-ARXIV-V12-Q-C2:2603.09619v2,ARX:FORMAL-ARXIV-V12-Q-C3:2603.09619v2,arXiv,Q-C3
REC-05212,ARX:FORMAL-ARXIV-V12-Q-C2:2603.09619v2,ARX:FORMAL-ARXIV-V12-Q-D1:2603.09619v2,arXiv,Q-D1
REC-05213,ARX:FORMAL-ARXIV-V12-Q-C2:2603.09358v1,ARX:FORMAL-ARXIV-V12-Q-S0:2603.09358v1,arXiv,Q-S0
REC-05214,ARX:FORMAL-ARXIV-V12-Q-C2:2603.08852v1,ARX:FORMAL-ARXIV-V12-Q-D1:2603.08852v1,arXiv,Q-D1
REC-05214,ARX:FORMAL-ARXIV-V12-Q-C2:2603.08852v1,ARX:FORMAL-ARXIV-V12-Q-D2:2603.08852v1,arXiv,Q-D2
REC-05214,ARX:FORMAL-ARXIV-V12-Q-C2:2603.08852v1,ARX:FORMAL-ARXIV-V12-Q-D3:2603.08852v1,arXiv,Q-D3
REC-05219,ARX:FORMAL-ARXIV-V12-Q-C2:2603.07848v1,ARX:FORMAL-ARXIV-V12-Q-D2:2603.07848v1,arXiv,Q-D2
REC-05220,ARX:FORMAL-ARXIV-V12-Q-C2:2603.05673v1,ARX:FORMAL-ARXIV-V12-Q-C3:2603.05673v1,arXiv,Q-C3
REC-05221,ARX:FORMAL-ARXIV-V12-Q-C2:2603.03911v1,ARX:FORMAL-ARXIV-V12-Q-D2:2603.03911v1,arXiv,Q-D2
REC-05221,ARX:FORMAL-ARXIV-V12-Q-C2:2603.03911v1,ARX:FORMAL-ARXIV-V12-Q-S0:2603.03911v1,arXiv,Q-S0
REC-05222,ARX:FORMAL-ARXIV-V12-Q-C2:2603.02345v1,ARX:FORMAL-ARXIV-V12-Q-D1:2603.02345v1,arXiv,Q-D1
REC-05222,ARX:FORMAL-ARXIV-V12-Q-C2:2603.02345v1,ARX:FORMAL-ARXIV-V12-Q-D2:2603.02345v1,arXiv,Q-D2
REC-05233,ARX:FORMAL-ARXIV-V12-Q-C2:2602.22847v2,ARX:FORMAL-ARXIV-V12-Q-C3:2602.22847v2,arXiv,Q-C3
REC-05237,ARX:FORMAL-ARXIV-V12-Q-C2:2602.19843v1,ARX:FORMAL-ARXIV-V12-Q-S0:2602.19843v1,arXiv,Q-S0
REC-05239,ARX:FORMAL-ARXIV-V12-Q-C2:2602.19840v1,ARX:FORMAL-ARXIV-V12-Q-C3:2602.19840v1,arXiv,Q-C3
REC-05243,ARX:FORMAL-ARXIV-V12-Q-C2:2602.15198v2,ARX:FORMAL-ARXIV-V12-Q-D1:2602.15198v2,arXiv,Q-D1
REC-05243,ARX:FORMAL-ARXIV-V12-Q-C2:2602.15198v2,ARX:FORMAL-ARXIV-V12-Q-D2:2602.15198v2,arXiv,Q-D2
REC-05247,ARX:FORMAL-ARXIV-V12-Q-C2:2602.09412v1,ARX:FORMAL-ARXIV-V12-Q-C3:2602.09412v1,arXiv,Q-C3
REC-05248,ARX:FORMAL-ARXIV-V12-Q-C2:2602.09185v1,ARX:FORMAL-ARXIV-V12-Q-C3:2602.09185v1,arXiv,Q-C3
REC-05257,ARX:FORMAL-ARXIV-V12-Q-C2:2602.02395v1,ARX:FORMAL-ARXIV-V12-Q-D1:2602.02395v1,arXiv,Q-D1
REC-05257,ARX:FORMAL-ARXIV-V12-Q-C2:2602.02395v1,ARX:FORMAL-ARXIV-V12-Q-D2:2602.02395v1,arXiv,Q-D2
REC-05258,ARX:FORMAL-ARXIV-V12-Q-C2:2602.02613v4,ARX:FORMAL-ARXIV-V12-Q-C3:2602.02613v4,arXiv,Q-C3
REC-05265,ARX:FORMAL-ARXIV-V12-Q-C2:2602.17675v1,ARX:FORMAL-ARXIV-V12-Q-C3:2602.17675v1,arXiv,Q-C3
REC-05266,ARX:FORMAL-ARXIV-V12-Q-C2:2601.17566v1,ARX:FORMAL-ARXIV-V12-Q-S0:2601.17566v1,arXiv,Q-S0
REC-05267,ARX:FORMAL-ARXIV-V12-Q-C2:2601.14567v2,ARX:FORMAL-ARXIV-V12-Q-C3:2601.14567v2,arXiv,Q-C3
REC-05269,ARX:FORMAL-ARXIV-V12-Q-C2:2601.12148v3,ARX:FORMAL-ARXIV-V12-Q-S0:2601.12148v3,arXiv,Q-S0
REC-05272,ARX:FORMAL-ARXIV-V12-Q-C2:2601.07611v2,ARX:FORMAL-ARXIV-V12-Q-C3:2601.07611v2,arXiv,Q-C3
REC-05278,ARX:FORMAL-ARXIV-V12-Q-C2:2601.06692v3,ARX:FORMAL-ARXIV-V12-Q-C3:2601.06692v3,arXiv,Q-C3
REC-05280,ARX:FORMAL-ARXIV-V12-Q-C2:2601.05384v1,ARX:FORMAL-ARXIV-V12-Q-D2:2601.05384v1,arXiv,Q-D2
REC-05281,ARX:FORMAL-ARXIV-V12-Q-C2:2601.04790v1,ARX:FORMAL-ARXIV-V12-Q-C3:2601.04790v1,arXiv,Q-C3
REC-05281,ARX:FORMAL-ARXIV-V12-Q-C2:2601.04790v1,ARX:FORMAL-ARXIV-V12-Q-S0:2601.04790v1,arXiv,Q-S0
REC-05282,ARX:FORMAL-ARXIV-V12-Q-C2:2601.04694v1,ARX:FORMAL-ARXIV-V12-Q-D2:2601.04694v1,arXiv,Q-D2
REC-05284,ARX:FORMAL-ARXIV-V12-Q-C2:2601.00516v1,ARX:FORMAL-ARXIV-V12-Q-D1:2601.00516v1,arXiv,Q-D1
REC-05284,ARX:FORMAL-ARXIV-V12-Q-C2:2601.00516v1,ARX:FORMAL-ARXIV-V12-Q-D2:2601.00516v1,arXiv,Q-D2
REC-05285,ARX:FORMAL-ARXIV-V12-Q-C2:2601.11578v2,ARX:FORMAL-ARXIV-V12-Q-C3:2601.11578v2,arXiv,Q-C3
REC-05288,ARX:FORMAL-ARXIV-V12-Q-C2:2512.21818v1,ARX:FORMAL-ARXIV-V12-Q-D2:2512.21818v1,arXiv,Q-D2
REC-05288,ARX:FORMAL-ARXIV-V12-Q-C2:2512.21818v1,ARX:FORMAL-ARXIV-V12-Q-S0:2512.21818v1,arXiv,Q-S0
REC-05290,ARX:FORMAL-ARXIV-V12-Q-C2:2512.20985v1,ARX:FORMAL-ARXIV-V12-Q-C3:2512.20985v1,arXiv,Q-C3
REC-05290,ARX:FORMAL-ARXIV-V12-Q-C2:2512.20985v1,ARX:FORMAL-ARXIV-V12-Q-D1:2512.20985v1,arXiv,Q-D1
REC-05290,ARX:FORMAL-ARXIV-V12-Q-C2:2512.20985v1,ARX:FORMAL-ARXIV-V12-Q-D2:2512.20985v1,arXiv,Q-D2
REC-05291,ARX:FORMAL-ARXIV-V12-Q-C2:2512.18733v1,ARX:FORMAL-ARXIV-V12-Q-S0:2512.18733v1,arXiv,Q-S0
REC-05296,ARX:FORMAL-ARXIV-V12-Q-C2:2512.14846v1,ARX:FORMAL-ARXIV-V12-Q-D1:2512.14846v1,arXiv,Q-D1
REC-05296,ARX:FORMAL-ARXIV-V12-Q-C2:2512.14846v1,ARX:FORMAL-ARXIV-V12-Q-D2:2512.14846v1,arXiv,Q-D2
REC-05301,ARX:FORMAL-ARXIV-V12-Q-C2:2512.09879v1,ARX:FORMAL-ARXIV-V12-Q-C3:2512.09879v1,arXiv,Q-C3
REC-05302,ARX:FORMAL-ARXIV-V12-Q-C2:2512.09831v2,ARX:FORMAL-ARXIV-V12-Q-C3:2512.09831v2,arXiv,Q-C3
REC-05306,ARX:FORMAL-ARXIV-V12-Q-C2:2512.06659v1,ARX:FORMAL-ARXIV-V12-Q-D2:2512.06659v1,arXiv,Q-D2
REC-05310,ARX:FORMAL-ARXIV-V12-Q-C2:2512.03694v1,ARX:FORMAL-ARXIV-V12-Q-C3:2512.03694v1,arXiv,Q-C3
REC-05314,ARX:FORMAL-ARXIV-V12-Q-C2:2512.02410v1,ARX:FORMAL-ARXIV-V12-Q-D1:2512.02410v1,arXiv,Q-D1
REC-05318,ARX:FORMAL-ARXIV-V12-Q-C2:2512.00602v1,ARX:FORMAL-ARXIV-V12-Q-C3:2512.00602v1,arXiv,Q-C3
REC-05321,ARX:FORMAL-ARXIV-V12-Q-C2:2511.22409v2,ARX:FORMAL-ARXIV-V12-Q-C3:2511.22409v2,arXiv,Q-C3
REC-05322,ARX:FORMAL-ARXIV-V12-Q-C2:2512.17913v1,ARX:FORMAL-ARXIV-V12-Q-S0:2512.17913v1,arXiv,Q-S0
REC-05324,ARX:FORMAL-ARXIV-V12-Q-C2:2511.20914v1,ARX:FORMAL-ARXIV-V12-Q-S0:2511.20914v1,arXiv,Q-S0
REC-05327,ARX:FORMAL-ARXIV-V12-Q-C2:2511.19522v1,ARX:FORMAL-ARXIV-V12-Q-S0:2511.19522v1,arXiv,Q-S0
REC-05330,ARX:FORMAL-ARXIV-V12-Q-C2:2511.18467v1,ARX:FORMAL-ARXIV-V12-Q-S0:2511.18467v1,arXiv,Q-S0
REC-05332,ARX:FORMAL-ARXIV-V12-Q-C2:2511.17854v1,ARX:FORMAL-ARXIV-V12-Q-C3:2511.17854v1,arXiv,Q-C3
REC-05333,ARX:FORMAL-ARXIV-V12-Q-C2:2511.17730v1,ARX:FORMAL-ARXIV-V12-Q-S0:2511.17730v1,arXiv,Q-S0
REC-05337,ARX:FORMAL-ARXIV-V12-Q-C2:2511.15292v1,ARX:FORMAL-ARXIV-V12-Q-C3:2511.15292v1,arXiv,Q-C3
REC-05337,ARX:FORMAL-ARXIV-V12-Q-C2:2511.15292v1,ARX:FORMAL-ARXIV-V12-Q-S0:2511.15292v1,arXiv,Q-S0
REC-05345,ARX:FORMAL-ARXIV-V12-Q-C2:2511.08317v2,ARX:FORMAL-ARXIV-V12-Q-C3:2511.08317v2,arXiv,Q-C3
REC-05346,ARX:FORMAL-ARXIV-V12-Q-C2:2511.07690v1,ARX:FORMAL-ARXIV-V12-Q-C3:2511.07690v1,arXiv,Q-C3
REC-05348,ARX:FORMAL-ARXIV-V12-Q-C2:2511.07267v2,ARX:FORMAL-ARXIV-V12-Q-C3:2511.07267v2,arXiv,Q-C3
REC-05351,ARX:FORMAL-ARXIV-V12-Q-C2:2511.05359v1,ARX:FORMAL-ARXIV-V12-Q-S0:2511.05359v1,arXiv,Q-S0
REC-05352,ARX:FORMAL-ARXIV-V12-Q-C2:2511.05269v1,ARX:FORMAL-ARXIV-V12-Q-D2:2511.05269v1,arXiv,Q-D2
REC-05352,ARX:FORMAL-ARXIV-V12-Q-C2:2511.05269v1,ARX:FORMAL-ARXIV-V12-Q-S0:2511.05269v1,arXiv,Q-S0
REC-05354,ARX:FORMAL-ARXIV-V12-Q-C2:2511.03841v1,ARX:FORMAL-ARXIV-V12-Q-C3:2511.03841v1,arXiv,Q-C3
REC-05354,ARX:FORMAL-ARXIV-V12-Q-C2:2511.03841v1,ARX:FORMAL-ARXIV-V12-Q-D2:2511.03841v1,arXiv,Q-D2
REC-05354,ARX:FORMAL-ARXIV-V12-Q-C2:2511.03841v1,ARX:FORMAL-ARXIV-V12-Q-S0:2511.03841v1,arXiv,Q-S0
REC-05355,ARX:FORMAL-ARXIV-V12-Q-C2:2511.03370v3,ARX:FORMAL-ARXIV-V12-Q-D3:2511.03370v3,arXiv,Q-D3
REC-05359,ARX:FORMAL-ARXIV-V12-Q-C2:2510.25612v1,ARX:FORMAL-ARXIV-V12-Q-D3:2510.25612v1,arXiv,Q-D3
REC-05361,ARX:FORMAL-ARXIV-V12-Q-C2:2510.22768v2,ARX:FORMAL-ARXIV-V12-Q-D2:2510.22768v2,arXiv,Q-D2
REC-05363,ARX:FORMAL-ARXIV-V12-Q-C2:2510.19600v2,ARX:FORMAL-ARXIV-V12-Q-C3:2510.19600v2,arXiv,Q-C3
REC-05364,ARX:FORMAL-ARXIV-V12-Q-C2:2510.19420v2,ARX:FORMAL-ARXIV-V12-Q-S0:2510.19420v2,arXiv,Q-S0
REC-05365,ARX:FORMAL-ARXIV-V12-Q-C2:2510.18699v1,ARX:FORMAL-ARXIV-V12-Q-D1:2510.18699v1,arXiv,Q-D1
REC-05366,ARX:FORMAL-ARXIV-V12-Q-C2:2510.18563v1,ARX:FORMAL-ARXIV-V12-Q-C3:2510.18563v1,arXiv,Q-C3
REC-05366,ARX:FORMAL-ARXIV-V12-Q-C2:2510.18563v1,ARX:FORMAL-ARXIV-V12-Q-S0:2510.18563v1,arXiv,Q-S0
REC-05370,ARX:FORMAL-ARXIV-V12-Q-C2:2510.18123v1,ARX:FORMAL-ARXIV-V12-Q-S0:2510.18123v1,arXiv,Q-S0
REC-05372,ARX:FORMAL-ARXIV-V12-Q-C2:2510.16219v3,ARX:FORMAL-ARXIV-V12-Q-S0:2510.16219v3,arXiv,Q-S0
REC-05376,ARX:FORMAL-ARXIV-V12-Q-C2:2510.16054v2,ARX:FORMAL-ARXIV-V12-Q-D3:2510.16054v2,arXiv,Q-D3
REC-05377,ARX:FORMAL-ARXIV-V12-Q-C2:2510.14312v1,ARX:FORMAL-ARXIV-V12-Q-S0:2510.14312v1,arXiv,Q-S0
REC-05380,ARX:FORMAL-ARXIV-V12-Q-C2:2510.10185v3,ARX:FORMAL-ARXIV-V12-Q-C3:2510.10185v3,arXiv,Q-C3
REC-05380,ARX:FORMAL-ARXIV-V12-Q-C2:2510.10185v3,ARX:FORMAL-ARXIV-V12-Q-D1:2510.10185v3,arXiv,Q-D1
REC-05380,ARX:FORMAL-ARXIV-V12-Q-C2:2510.10185v3,ARX:FORMAL-ARXIV-V12-Q-S0:2510.10185v3,arXiv,Q-S0
REC-05388,ARX:FORMAL-ARXIV-V12-Q-C2:2510.06835v3,ARX:FORMAL-ARXIV-V12-Q-S0:2510.06835v3,arXiv,Q-S0
REC-05391,ARX:FORMAL-ARXIV-V12-Q-C2:2510.08605v1,ARX:FORMAL-ARXIV-V12-Q-S0:2510.08605v1,arXiv,Q-S0
REC-05393,ARX:FORMAL-ARXIV-V12-Q-C2:2510.04860v2,ARX:FORMAL-ARXIV-V12-Q-D2:2510.04860v2,arXiv,Q-D2
REC-05402,ARX:FORMAL-ARXIV-V12-Q-C2:2510.02185v1,ARX:FORMAL-ARXIV-V12-Q-D2:2510.02185v1,arXiv,Q-D2
REC-05403,ARX:FORMAL-ARXIV-V12-Q-C2:2510.01751v1,ARX:FORMAL-ARXIV-V12-Q-D2:2510.01751v1,arXiv,Q-D2
REC-05404,ARX:FORMAL-ARXIV-V12-Q-C2:2510.01724v2,ARX:FORMAL-ARXIV-V12-Q-C3:2510.01724v2,arXiv,Q-C3
REC-05406,ARX:FORMAL-ARXIV-V12-Q-C2:2510.00311v1,ARX:FORMAL-ARXIV-V12-Q-D1:2510.00311v1,arXiv,Q-D1
REC-05406,ARX:FORMAL-ARXIV-V12-Q-C2:2510.00311v1,ARX:FORMAL-ARXIV-V12-Q-D2:2510.00311v1,arXiv,Q-D2
REC-05409,ARX:FORMAL-ARXIV-V12-Q-C2:2509.25299v1,ARX:FORMAL-ARXIV-V12-Q-D2:2509.25299v1,arXiv,Q-D2
REC-05413,ARX:FORMAL-ARXIV-V12-Q-C2:2509.21634v2,ARX:FORMAL-ARXIV-V12-Q-D2:2509.21634v2,arXiv,Q-D2
REC-05415,ARX:FORMAL-ARXIV-V12-Q-C2:2509.20502v2,ARX:FORMAL-ARXIV-V12-Q-C3:2509.20502v2,arXiv,Q-C3
REC-05424,ARX:FORMAL-ARXIV-V12-Q-C2:2509.13471v2,ARX:FORMAL-ARXIV-V12-Q-C3:2509.13471v2,arXiv,Q-C3
REC-05426,ARX:FORMAL-ARXIV-V12-Q-C2:2509.14284v1,ARX:FORMAL-ARXIV-V12-Q-S0:2509.14284v1,arXiv,Q-S0
REC-05428,ARX:FORMAL-ARXIV-V12-Q-C2:2509.08324v1,ARX:FORMAL-ARXIV-V12-Q-S0:2509.08324v1,arXiv,Q-S0
REC-05429,ARX:FORMAL-ARXIV-V12-Q-C2:2510.06224v1,ARX:FORMAL-ARXIV-V12-Q-D1:2510.06224v1,arXiv,Q-D1
REC-05429,ARX:FORMAL-ARXIV-V12-Q-C2:2510.06224v1,ARX:FORMAL-ARXIV-V12-Q-D2:2510.06224v1,arXiv,Q-D2
REC-05432,ARX:FORMAL-ARXIV-V12-Q-C2:2509.12233v1,ARX:FORMAL-ARXIV-V12-Q-D2:2509.12233v1,arXiv,Q-D2
REC-05433,ARX:FORMAL-ARXIV-V12-Q-C2:2509.05496v1,ARX:FORMAL-ARXIV-V12-Q-D2:2509.05496v1,arXiv,Q-D2
REC-05433,ARX:FORMAL-ARXIV-V12-Q-C2:2509.05496v1,ARX:FORMAL-ARXIV-V12-Q-D3:2509.05496v1,arXiv,Q-D3
REC-05436,ARX:FORMAL-ARXIV-V12-Q-C2:2509.01835v2,ARX:FORMAL-ARXIV-V12-Q-S0:2509.01835v2,arXiv,Q-S0
REC-05437,ARX:FORMAL-ARXIV-V12-Q-C2:2509.01211v2,ARX:FORMAL-ARXIV-V12-Q-S0:2509.01211v2,arXiv,Q-S0
REC-05438,ARX:FORMAL-ARXIV-V12-Q-C2:2508.20816v1,ARX:FORMAL-ARXIV-V12-Q-C3:2508.20816v1,arXiv,Q-C3
REC-05441,ARX:FORMAL-ARXIV-V12-Q-C2:2508.17597v1,ARX:FORMAL-ARXIV-V12-Q-C3:2508.17597v1,arXiv,Q-C3
REC-05444,ARX:FORMAL-ARXIV-V12-Q-C2:2508.13118v2,ARX:FORMAL-ARXIV-V12-Q-D2:2508.13118v2,arXiv,Q-D2
REC-05444,ARX:FORMAL-ARXIV-V12-Q-C2:2508.13118v2,ARX:FORMAL-ARXIV-V12-Q-D3:2508.13118v2,arXiv,Q-D3
REC-05453,ARX:FORMAL-ARXIV-V12-Q-C2:2508.03864v2,ARX:FORMAL-ARXIV-V12-Q-S0:2508.03864v2,arXiv,Q-S0
REC-05454,ARX:FORMAL-ARXIV-V12-Q-C2:2508.03125v1,ARX:FORMAL-ARXIV-V12-Q-S0:2508.03125v1,arXiv,Q-S0
REC-05456,ARX:FORMAL-ARXIV-V12-Q-C2:2508.03101v1,ARX:FORMAL-ARXIV-V12-Q-D1:2508.03101v1,arXiv,Q-D1
REC-05457,ARX:FORMAL-ARXIV-V12-Q-C2:2508.03095v3,ARX:FORMAL-ARXIV-V12-Q-D1:2508.03095v3,arXiv,Q-D1
REC-05462,ARX:FORMAL-ARXIV-V12-Q-C2:2508.01451v1,ARX:FORMAL-ARXIV-V12-Q-D2:2508.01451v1,arXiv,Q-D2
REC-05470,ARX:FORMAL-ARXIV-V12-Q-C2:2507.19550v1,ARX:FORMAL-ARXIV-V12-Q-D1:2507.19550v1,arXiv,Q-D1
REC-05474,ARX:FORMAL-ARXIV-V12-Q-C2:2507.14660v2,ARX:FORMAL-ARXIV-V12-Q-S0:2507.14660v2,arXiv,Q-S0
REC-05481,ARX:FORMAL-ARXIV-V12-Q-C2:2507.00096v1,ARX:FORMAL-ARXIV-V12-Q-D1:2507.00096v1,arXiv,Q-D1
REC-05481,ARX:FORMAL-ARXIV-V12-Q-C2:2507.00096v1,ARX:FORMAL-ARXIV-V12-Q-D2:2507.00096v1,arXiv,Q-D2
REC-05482,ARX:FORMAL-ARXIV-V12-Q-C2:2506.23576v1,ARX:FORMAL-ARXIV-V12-Q-S0:2506.23576v1,arXiv,Q-S0
REC-05484,ARX:FORMAL-ARXIV-V12-Q-C2:2506.22815v2,ARX:FORMAL-ARXIV-V12-Q-C3:2506.22815v2,arXiv,Q-C3
REC-05486,ARX:FORMAL-ARXIV-V12-Q-C2:2506.20806v1,ARX:FORMAL-ARXIV-V12-Q-D2:2506.20806v1,arXiv,Q-D2
REC-05487,ARX:FORMAL-ARXIV-V12-Q-C2:2506.20415v1,ARX:FORMAL-ARXIV-V12-Q-S0:2506.20415v1,arXiv,Q-S0
REC-05492,ARX:FORMAL-ARXIV-V12-Q-C2:2506.14074v1,ARX:FORMAL-ARXIV-V12-Q-C3:2506.14074v1,arXiv,Q-C3
REC-05495,ARX:FORMAL-ARXIV-V12-Q-C2:2506.17283v1,ARX:FORMAL-ARXIV-V12-Q-S0:2506.17283v1,arXiv,Q-S0
REC-05498,ARX:FORMAL-ARXIV-V12-Q-C2:2506.09331v2,ARX:FORMAL-ARXIV-V12-Q-C3:2506.09331v2,arXiv,Q-C3
REC-05499,ARX:FORMAL-ARXIV-V12-Q-C2:2506.17266v1,ARX:FORMAL-ARXIV-V12-Q-C3:2506.17266v1,arXiv,Q-C3
REC-05499,ARX:FORMAL-ARXIV-V12-Q-C2:2506.17266v1,ARX:FORMAL-ARXIV-V12-Q-D1:2506.17266v1,arXiv,Q-D1
REC-05499,ARX:FORMAL-ARXIV-V12-Q-C2:2506.17266v1,ARX:FORMAL-ARXIV-V12-Q-D2:2506.17266v1,arXiv,Q-D2
REC-05499,ARX:FORMAL-ARXIV-V12-Q-C2:2506.17266v1,ARX:FORMAL-ARXIV-V12-Q-S0:2506.17266v1,arXiv,Q-S0
REC-05503,ARX:FORMAL-ARXIV-V12-Q-C2:2506.04133v5,ARX:FORMAL-ARXIV-V12-Q-S0:2506.04133v5,arXiv,Q-S0
REC-05504,ARX:FORMAL-ARXIV-V12-Q-C2:2506.01900v1,ARX:FORMAL-ARXIV-V12-Q-S0:2506.01900v1,arXiv,Q-S0
REC-05506,ARX:FORMAL-ARXIV-V12-Q-C2:2506.01332v1,ARX:FORMAL-ARXIV-V12-Q-D2:2506.01332v1,arXiv,Q-D2
REC-05507,ARX:FORMAL-ARXIV-V12-Q-C2:2506.04253v1,ARX:FORMAL-ARXIV-V12-Q-D1:2506.04253v1,arXiv,Q-D1
REC-05507,ARX:FORMAL-ARXIV-V12-Q-C2:2506.04253v1,ARX:FORMAL-ARXIV-V12-Q-D2:2506.04253v1,arXiv,Q-D2
REC-05511,ARX:FORMAL-ARXIV-V12-Q-C2:2506.00073v4,ARX:FORMAL-ARXIV-V12-Q-C3:2506.00073v4,arXiv,Q-C3
REC-05512,ARX:FORMAL-ARXIV-V12-Q-C2:2505.23559v1,ARX:FORMAL-ARXIV-V12-Q-D1:2505.23559v1,arXiv,Q-D1
REC-05512,ARX:FORMAL-ARXIV-V12-Q-C2:2505.23559v1,ARX:FORMAL-ARXIV-V12-Q-D2:2505.23559v1,arXiv,Q-D2
REC-05512,ARX:FORMAL-ARXIV-V12-Q-C2:2505.23559v1,ARX:FORMAL-ARXIV-V12-Q-D3:2505.23559v1,arXiv,Q-D3
REC-05512,ARX:FORMAL-ARXIV-V12-Q-C2:2505.23559v1,ARX:FORMAL-ARXIV-V12-Q-S0:2505.23559v1,arXiv,Q-S0
REC-05516,ARX:FORMAL-ARXIV-V12-Q-C2:2505.23847v5,ARX:FORMAL-ARXIV-V12-Q-D1:2505.23847v5,arXiv,Q-D1
REC-05516,ARX:FORMAL-ARXIV-V12-Q-C2:2505.23847v5,ARX:FORMAL-ARXIV-V12-Q-D3:2505.23847v5,arXiv,Q-D3
REC-05516,ARX:FORMAL-ARXIV-V12-Q-C2:2505.23847v5,ARX:FORMAL-ARXIV-V12-Q-S0:2505.23847v5,arXiv,Q-S0
REC-05517,ARX:FORMAL-ARXIV-V12-Q-C2:2505.21497v2,ARX:FORMAL-ARXIV-V12-Q-C3:2505.21497v2,arXiv,Q-C3
REC-05521,ARX:FORMAL-ARXIV-V12-Q-C2:2505.19405v1,ARX:FORMAL-ARXIV-V12-Q-D2:2505.19405v1,arXiv,Q-D2
REC-05522,ARX:FORMAL-ARXIV-V12-Q-C2:2505.19301v2,ARX:FORMAL-ARXIV-V12-Q-C3:2505.19301v2,arXiv,Q-C3
REC-05522,ARX:FORMAL-ARXIV-V12-Q-C2:2505.19301v2,ARX:FORMAL-ARXIV-V12-Q-D1:2505.19301v2,arXiv,Q-D1
REC-05522,ARX:FORMAL-ARXIV-V12-Q-C2:2505.19301v2,ARX:FORMAL-ARXIV-V12-Q-D2:2505.19301v2,arXiv,Q-D2
REC-05522,ARX:FORMAL-ARXIV-V12-Q-C2:2505.19301v2,ARX:FORMAL-ARXIV-V12-Q-D3:2505.19301v2,arXiv,Q-D3
REC-05523,ARX:FORMAL-ARXIV-V12-Q-C2:2505.19234v2,ARX:FORMAL-ARXIV-V12-Q-S0:2505.19234v2,arXiv,Q-S0
REC-05529,ARX:FORMAL-ARXIV-V12-Q-C2:2505.16975v3,ARX:FORMAL-ARXIV-V12-Q-C3:2505.16975v3,arXiv,Q-C3
REC-05529,ARX:FORMAL-ARXIV-V12-Q-C2:2505.16975v3,ARX:FORMAL-ARXIV-V12-Q-D1:2505.16975v3,arXiv,Q-D1
REC-05530,ARX:FORMAL-ARXIV-V12-Q-C2:2505.14473v2,ARX:FORMAL-ARXIV-V12-Q-S0:2505.14473v2,arXiv,Q-S0
REC-05534,ARX:FORMAL-ARXIV-V12-Q-C2:2505.12923v2,ARX:FORMAL-ARXIV-V12-Q-D2:2505.12923v2,arXiv,Q-D2
REC-05537,ARX:FORMAL-ARXIV-V12-Q-C2:2505.10609v1,ARX:FORMAL-ARXIV-V12-Q-D1:2505.10609v1,arXiv,Q-D1
REC-05537,ARX:FORMAL-ARXIV-V12-Q-C2:2505.10609v1,ARX:FORMAL-ARXIV-V12-Q-S0:2505.10609v1,arXiv,Q-S0
REC-05543,ARX:FORMAL-ARXIV-V12-Q-C2:2505.01651v4,ARX:FORMAL-ARXIV-V12-Q-C3:2505.01651v4,arXiv,Q-C3
REC-05546,ARX:FORMAL-ARXIV-V12-Q-C2:2504.17192v5,ARX:FORMAL-ARXIV-V12-Q-C3:2504.17192v5,arXiv,Q-C3
REC-05547,ARX:FORMAL-ARXIV-V12-Q-C2:2504.16489v1,ARX:FORMAL-ARXIV-V12-Q-S0:2504.16489v1,arXiv,Q-S0
REC-05548,ARX:FORMAL-ARXIV-V12-Q-C2:2504.14874v1,ARX:FORMAL-ARXIV-V12-Q-S0:2504.14874v1,arXiv,Q-S0
REC-05549,ARX:FORMAL-ARXIV-V12-Q-C2:2504.16108v1,ARX:FORMAL-ARXIV-V12-Q-D1:2504.16108v1,arXiv,Q-D1
REC-05555,ARX:FORMAL-ARXIV-V12-Q-C2:2505.13453v2,ARX:FORMAL-ARXIV-V12-Q-D2:2505.13453v2,arXiv,Q-D2
REC-05557,ARX:FORMAL-ARXIV-V12-Q-C2:2504.01911v2,ARX:FORMAL-ARXIV-V12-Q-D1:2504.01911v2,arXiv,Q-D1
REC-05558,ARX:FORMAL-ARXIV-V12-Q-C2:2504.03759v1,ARX:FORMAL-ARXIV-V12-Q-S0:2504.03759v1,arXiv,Q-S0
REC-05565,ARX:FORMAL-ARXIV-V12-Q-C2:2503.22038v1,ARX:FORMAL-ARXIV-V12-Q-D2:2503.22038v1,arXiv,Q-D2
REC-05566,ARX:FORMAL-ARXIV-V12-Q-C2:2503.21080v7,ARX:FORMAL-ARXIV-V12-Q-D3:2503.21080v7,arXiv,Q-D3
REC-05568,ARX:FORMAL-ARXIV-V12-Q-C2:2503.13275v2,ARX:FORMAL-ARXIV-V12-Q-D2:2503.13275v2,arXiv,Q-D2
REC-05571,ARX:FORMAL-ARXIV-V12-Q-C2:2503.09648v1,ARX:FORMAL-ARXIV-V12-Q-D2:2503.09648v1,arXiv,Q-D2
REC-05573,ARX:FORMAL-ARXIV-V12-Q-C2:2503.09621v1,ARX:FORMAL-ARXIV-V12-Q-C3:2503.09621v1,arXiv,Q-C3
REC-05573,ARX:FORMAL-ARXIV-V12-Q-C2:2503.09621v1,ARX:FORMAL-ARXIV-V12-Q-S0:2503.09621v1,arXiv,Q-S0
REC-05579,ARX:FORMAL-ARXIV-V12-Q-C2:2502.16750v4,ARX:FORMAL-ARXIV-V12-Q-D2:2502.16750v4,arXiv,Q-D2
REC-05582,ARX:FORMAL-ARXIV-V12-Q-C2:2502.14847v2,ARX:FORMAL-ARXIV-V12-Q-S0:2502.14847v2,arXiv,Q-S0
REC-05583,ARX:FORMAL-ARXIV-V12-Q-C2:2502.14529v1,ARX:FORMAL-ARXIV-V12-Q-S0:2502.14529v1,arXiv,Q-S0
REC-05584,ARX:FORMAL-ARXIV-V12-Q-C2:2502.14143v1,ARX:FORMAL-ARXIV-V12-Q-D2:2502.14143v1,arXiv,Q-D2
REC-05584,ARX:FORMAL-ARXIV-V12-Q-C2:2502.14143v1,ARX:FORMAL-ARXIV-V12-Q-S0:2502.14143v1,arXiv,Q-S0
REC-05586,ARX:FORMAL-ARXIV-V12-Q-C2:2502.12630v1,ARX:FORMAL-ARXIV-V12-Q-S0:2502.12630v1,arXiv,Q-S0
REC-05587,ARX:FORMAL-ARXIV-V12-Q-C2:2502.10931v2,ARX:FORMAL-ARXIV-V12-Q-S0:2502.10931v2,arXiv,Q-S0
REC-05594,ARX:FORMAL-ARXIV-V12-Q-C2:2502.01822v7,ARX:FORMAL-ARXIV-V12-Q-S0:2502.01822v7,arXiv,Q-S0
REC-05601,ARX:FORMAL-ARXIV-V12-Q-C2:2501.03496v1,ARX:FORMAL-ARXIV-V12-Q-S0:2501.03496v1,arXiv,Q-S0
REC-05602,ARX:FORMAL-ARXIV-V12-Q-C2:2501.00990v2,ARX:FORMAL-ARXIV-V12-Q-S0:2501.00990v2,arXiv,Q-S0
REC-05603,ARX:FORMAL-ARXIV-V12-Q-C2:2501.00973v2,ARX:FORMAL-ARXIV-V12-Q-S0:2501.00973v2,arXiv,Q-S0
REC-05604,ARX:FORMAL-ARXIV-V12-Q-C2:2501.00872v1,ARX:FORMAL-ARXIV-V12-Q-S0:2501.00872v1,arXiv,Q-S0
REC-05611,ARX:FORMAL-ARXIV-V12-Q-C2:2412.12196v1,ARX:FORMAL-ARXIV-V12-Q-S0:2412.12196v1,arXiv,Q-S0
REC-05614,ARX:FORMAL-ARXIV-V12-Q-C2:2412.04937v2,ARX:FORMAL-ARXIV-V12-Q-D1:2412.04937v2,arXiv,Q-D1
REC-05615,ARX:FORMAL-ARXIV-V12-Q-C2:2412.03847v1,ARX:FORMAL-ARXIV-V12-Q-D2:2412.03847v1,arXiv,Q-D2
REC-05622,ARX:FORMAL-ARXIV-V12-Q-C2:2411.15356v2,ARX:FORMAL-ARXIV-V12-Q-C3:2411.15356v2,arXiv,Q-C3
REC-05630,ARX:FORMAL-ARXIV-V12-Q-C2:2410.23396v1,ARX:FORMAL-ARXIV-V12-Q-C3:2410.23396v1,arXiv,Q-C3
REC-05631,ARX:FORMAL-ARXIV-V12-Q-C2:2410.18440v1,ARX:FORMAL-ARXIV-V12-Q-S0:2410.18440v1,arXiv,Q-S0
REC-05641,ARX:FORMAL-ARXIV-V12-Q-C2:2410.02026v1,ARX:FORMAL-ARXIV-V12-Q-D2:2410.02026v1,arXiv,Q-D2
REC-05646,ARX:FORMAL-ARXIV-V12-Q-C2:2409.16165v3,ARX:FORMAL-ARXIV-V12-Q-S0:2409.16165v3,arXiv,Q-S0
REC-05648,ARX:FORMAL-ARXIV-V12-Q-C2:2409.14457v3,ARX:FORMAL-ARXIV-V12-Q-S0:2409.14457v3,arXiv,Q-S0
REC-05649,ARX:FORMAL-ARXIV-V12-Q-C2:2409.12882v2,ARX:FORMAL-ARXIV-V12-Q-S0:2409.12882v2,arXiv,Q-S0
REC-05650,ARX:FORMAL-ARXIV-V12-Q-C2:2409.11690v3,ARX:FORMAL-ARXIV-V12-Q-S0:2409.11690v3,arXiv,Q-S0
REC-05653,ARX:FORMAL-ARXIV-V12-Q-C2:2408.08054v2,ARX:FORMAL-ARXIV-V12-Q-C3:2408.08054v2,arXiv,Q-C3
REC-05677,ARX:FORMAL-ARXIV-V12-Q-C2:2404.17977v2,ARX:FORMAL-ARXIV-V12-Q-C3:2404.17977v2,arXiv,Q-C3
REC-05688,ARX:FORMAL-ARXIV-V12-Q-C2:2402.07510v5,ARX:FORMAL-ARXIV-V12-Q-D2:2402.07510v5,arXiv,Q-D2
REC-05691,ARX:FORMAL-ARXIV-V12-Q-C2:2401.11880v3,ARX:FORMAL-ARXIV-V12-Q-S0:2401.11880v3,arXiv,Q-S0
REC-05694,ARX:FORMAL-ARXIV-V12-Q-C2:2312.16273v1,ARX:FORMAL-ARXIV-V12-Q-C3:2312.16273v1,arXiv,Q-C3
REC-05696,ARX:FORMAL-ARXIV-V12-Q-C2:2312.11545v1,ARX:FORMAL-ARXIV-V12-Q-S0:2312.11545v1,arXiv,Q-S0
REC-05704,ARX:FORMAL-ARXIV-V12-Q-C2:2311.01584v2,ARX:FORMAL-ARXIV-V12-Q-S0:2311.01584v2,arXiv,Q-S0
REC-05705,ARX:FORMAL-ARXIV-V12-Q-C2:2311.00859v1,ARX:FORMAL-ARXIV-V12-Q-S0:2311.00859v1,arXiv,Q-S0
REC-05706,ARX:FORMAL-ARXIV-V12-Q-C2:2311.00263v1,ARX:FORMAL-ARXIV-V12-Q-S0:2311.00263v1,arXiv,Q-S0
REC-05708,ARX:FORMAL-ARXIV-V12-Q-C2:2310.11901v2,ARX:FORMAL-ARXIV-V12-Q-S0:2310.11901v2,arXiv,Q-S0
REC-05713,ARX:FORMAL-ARXIV-V12-Q-C2:2309.17411v1,ARX:FORMAL-ARXIV-V12-Q-S0:2309.17411v1,arXiv,Q-S0
REC-05724,ARX:FORMAL-ARXIV-V12-Q-C2:2307.09485v1,ARX:FORMAL-ARXIV-V12-Q-C3:2307.09485v1,arXiv,Q-C3
REC-05736,ARX:FORMAL-ARXIV-V12-Q-C2:2303.15299v1,ARX:FORMAL-ARXIV-V12-Q-S0:2303.15299v1,arXiv,Q-S0
REC-05737,ARX:FORMAL-ARXIV-V12-Q-C2:2303.12823v1,ARX:FORMAL-ARXIV-V12-Q-S0:2303.12823v1,arXiv,Q-S0
REC-05744,ARX:FORMAL-ARXIV-V12-Q-C2:2302.12244v4,ARX:FORMAL-ARXIV-V12-Q-C3:2302.12244v4,arXiv,Q-C3
REC-05748,ARX:FORMAL-ARXIV-V12-Q-C2:2301.07823v1,ARX:FORMAL-ARXIV-V12-Q-S0:2301.07823v1,arXiv,Q-S0
REC-05749,ARX:FORMAL-ARXIV-V12-Q-C2:2301.05327v1,ARX:FORMAL-ARXIV-V12-Q-C3:2301.05327v1,arXiv,Q-C3
REC-05754,ARX:FORMAL-ARXIV-V12-Q-C3:2607.28033v1,ARX:FORMAL-ARXIV-V12-Q-D2:2607.28033v1,arXiv,Q-D2
REC-05755,ARX:FORMAL-ARXIV-V12-Q-C3:2607.27677v1,ARX:FORMAL-ARXIV-V12-Q-D1:2607.27677v1,arXiv,Q-D1
REC-05756,ARX:FORMAL-ARXIV-V12-Q-C3:2607.28685v1,ARX:FORMAL-ARXIV-V12-Q-S0:2607.28685v1,arXiv,Q-S0
REC-05760,ARX:FORMAL-ARXIV-V12-Q-C3:2607.27191v2,ARX:FORMAL-ARXIV-V12-Q-D1:2607.27191v2,arXiv,Q-D1
REC-05762,ARX:FORMAL-ARXIV-V12-Q-C3:2607.26512v1,ARX:FORMAL-ARXIV-V12-Q-D1:2607.26512v1,arXiv,Q-D1
REC-05766,ARX:FORMAL-ARXIV-V12-Q-C3:2607.25637v2,ARX:FORMAL-ARXIV-V12-Q-D1:2607.25637v2,arXiv,Q-D1
REC-05767,ARX:FORMAL-ARXIV-V12-Q-C3:2607.25620v1,ARX:FORMAL-ARXIV-V12-Q-D1:2607.25620v1,arXiv,Q-D1
REC-05768,ARX:FORMAL-ARXIV-V12-Q-C3:2607.25045v1,ARX:FORMAL-ARXIV-V12-Q-D1:2607.25045v1,arXiv,Q-D1
REC-05768,ARX:FORMAL-ARXIV-V12-Q-C3:2607.25045v1,ARX:FORMAL-ARXIV-V12-Q-D2:2607.25045v1,arXiv,Q-D2
REC-05769,ARX:FORMAL-ARXIV-V12-Q-C3:2607.25032v1,ARX:FORMAL-ARXIV-V12-Q-S0:2607.25032v1,arXiv,Q-S0
REC-05770,ARX:FORMAL-ARXIV-V12-Q-C3:2607.24300v1,ARX:FORMAL-ARXIV-V12-Q-S0:2607.24300v1,arXiv,Q-S0
REC-05772,ARX:FORMAL-ARXIV-V12-Q-C3:2607.23999v3,ARX:FORMAL-ARXIV-V12-Q-D1:2607.23999v3,arXiv,Q-D1
REC-05772,ARX:FORMAL-ARXIV-V12-Q-C3:2607.23999v3,ARX:FORMAL-ARXIV-V12-Q-D2:2607.23999v3,arXiv,Q-D2
REC-05772,ARX:FORMAL-ARXIV-V12-Q-C3:2607.23999v3,ARX:FORMAL-ARXIV-V12-Q-D3:2607.23999v3,arXiv,Q-D3
REC-05778,ARX:FORMAL-ARXIV-V12-Q-C3:2607.23438v1,ARX:FORMAL-ARXIV-V12-Q-D1:2607.23438v1,arXiv,Q-D1
REC-05778,ARX:FORMAL-ARXIV-V12-Q-C3:2607.23438v1,ARX:FORMAL-ARXIV-V12-Q-S0:2607.23438v1,arXiv,Q-S0
REC-05779,ARX:FORMAL-ARXIV-V12-Q-C3:2607.23207v1,ARX:FORMAL-ARXIV-V12-Q-D1:2607.23207v1,arXiv,Q-D1
REC-05782,ARX:FORMAL-ARXIV-V12-Q-C3:2607.22445v1,ARX:FORMAL-ARXIV-V12-Q-D2:2607.22445v1,arXiv,Q-D2
REC-05782,ARX:FORMAL-ARXIV-V12-Q-C3:2607.22445v1,ARX:FORMAL-ARXIV-V12-Q-S0:2607.22445v1,arXiv,Q-S0
REC-05787,ARX:FORMAL-ARXIV-V12-Q-C3:2607.21325v2,ARX:FORMAL-ARXIV-V12-Q-D1:2607.21325v2,arXiv,Q-D1
REC-05787,ARX:FORMAL-ARXIV-V12-Q-C3:2607.21325v2,ARX:FORMAL-ARXIV-V12-Q-D3:2607.21325v2,arXiv,Q-D3
REC-05787,ARX:FORMAL-ARXIV-V12-Q-C3:2607.21325v2,ARX:FORMAL-ARXIV-V12-Q-S0:2607.21325v2,arXiv,Q-S0
REC-05791,ARX:FORMAL-ARXIV-V12-Q-C3:2607.20827v1,ARX:FORMAL-ARXIV-V12-Q-D1:2607.20827v1,arXiv,Q-D1
REC-05795,ARX:FORMAL-ARXIV-V12-Q-C3:2607.19545v1,ARX:FORMAL-ARXIV-V12-Q-D2:2607.19545v1,arXiv,Q-D2
REC-05796,ARX:FORMAL-ARXIV-V12-Q-C3:2607.19267v1,ARX:FORMAL-ARXIV-V12-Q-S0:2607.19267v1,arXiv,Q-S0
REC-05805,ARX:FORMAL-ARXIV-V12-Q-C3:2607.16851v1,ARX:FORMAL-ARXIV-V12-Q-D2:2607.16851v1,arXiv,Q-D2
REC-05817,ARX:FORMAL-ARXIV-V12-Q-C3:2607.14444v1,ARX:FORMAL-ARXIV-V12-Q-D1:2607.14444v1,arXiv,Q-D1
REC-05817,ARX:FORMAL-ARXIV-V12-Q-C3:2607.14444v1,ARX:FORMAL-ARXIV-V12-Q-D3:2607.14444v1,arXiv,Q-D3
REC-05820,ARX:FORMAL-ARXIV-V12-Q-C3:2607.13369v1,ARX:FORMAL-ARXIV-V12-Q-D1:2607.13369v1,arXiv,Q-D1
REC-05824,ARX:FORMAL-ARXIV-V12-Q-C3:2607.12254v2,ARX:FORMAL-ARXIV-V12-Q-D1:2607.12254v2,arXiv,Q-D1
REC-05825,ARX:FORMAL-ARXIV-V12-Q-C3:2607.26075v1,ARX:FORMAL-ARXIV-V12-Q-D2:2607.26075v1,arXiv,Q-D2
REC-05827,ARX:FORMAL-ARXIV-V12-Q-C3:2607.12058v1,ARX:FORMAL-ARXIV-V12-Q-D1:2607.12058v1,arXiv,Q-D1
REC-05827,ARX:FORMAL-ARXIV-V12-Q-C3:2607.12058v1,ARX:FORMAL-ARXIV-V12-Q-D2:2607.12058v1,arXiv,Q-D2
REC-05829,ARX:FORMAL-ARXIV-V12-Q-C3:2607.13087v1,ARX:FORMAL-ARXIV-V12-Q-D2:2607.13087v1,arXiv,Q-D2
REC-05831,ARX:FORMAL-ARXIV-V12-Q-C3:2607.10878v1,ARX:FORMAL-ARXIV-V12-Q-D1:2607.10878v1,arXiv,Q-D1
REC-05831,ARX:FORMAL-ARXIV-V12-Q-C3:2607.10878v1,ARX:FORMAL-ARXIV-V12-Q-D3:2607.10878v1,arXiv,Q-D3
REC-05835,ARX:FORMAL-ARXIV-V12-Q-C3:2607.09900v1,ARX:FORMAL-ARXIV-V12-Q-D1:2607.09900v1,arXiv,Q-D1
REC-05836,ARX:FORMAL-ARXIV-V12-Q-C3:2607.09474v1,ARX:FORMAL-ARXIV-V12-Q-D3:2607.09474v1,arXiv,Q-D3
REC-05837,ARX:FORMAL-ARXIV-V12-Q-C3:2607.08906v1,ARX:FORMAL-ARXIV-V12-Q-D1:2607.08906v1,arXiv,Q-D1
REC-05837,ARX:FORMAL-ARXIV-V12-Q-C3:2607.08906v1,ARX:FORMAL-ARXIV-V12-Q-S0:2607.08906v1,arXiv,Q-S0
REC-05840,ARX:FORMAL-ARXIV-V12-Q-C3:2607.08028v1,ARX:FORMAL-ARXIV-V12-Q-D1:2607.08028v1,arXiv,Q-D1
REC-05840,ARX:FORMAL-ARXIV-V12-Q-C3:2607.08028v1,ARX:FORMAL-ARXIV-V12-Q-D2:2607.08028v1,arXiv,Q-D2
REC-05844,ARX:FORMAL-ARXIV-V12-Q-C3:2607.06411v2,ARX:FORMAL-ARXIV-V12-Q-S0:2607.06411v2,arXiv,Q-S0
REC-05846,ARX:FORMAL-ARXIV-V12-Q-C3:2607.05835v2,ARX:FORMAL-ARXIV-V12-Q-D3:2607.05835v2,arXiv,Q-D3
REC-05847,ARX:FORMAL-ARXIV-V12-Q-C3:2607.05518v1,ARX:FORMAL-ARXIV-V12-Q-D1:2607.05518v1,arXiv,Q-D1
REC-05847,ARX:FORMAL-ARXIV-V12-Q-C3:2607.05518v1,ARX:FORMAL-ARXIV-V12-Q-S0:2607.05518v1,arXiv,Q-S0
REC-05850,ARX:FORMAL-ARXIV-V12-Q-C3:2607.04697v2,ARX:FORMAL-ARXIV-V12-Q-D2:2607.04697v2,arXiv,Q-D2
REC-05850,ARX:FORMAL-ARXIV-V12-Q-C3:2607.04697v2,ARX:FORMAL-ARXIV-V12-Q-D3:2607.04697v2,arXiv,Q-D3
REC-05853,ARX:FORMAL-ARXIV-V12-Q-C3:2607.04613v1,ARX:FORMAL-ARXIV-V12-Q-D1:2607.04613v1,arXiv,Q-D1
REC-05853,ARX:FORMAL-ARXIV-V12-Q-C3:2607.04613v1,ARX:FORMAL-ARXIV-V12-Q-D2:2607.04613v1,arXiv,Q-D2
REC-05853,ARX:FORMAL-ARXIV-V12-Q-C3:2607.04613v1,ARX:FORMAL-ARXIV-V12-Q-S0:2607.04613v1,arXiv,Q-S0
REC-05855,ARX:FORMAL-ARXIV-V12-Q-C3:2608.12358v1,ARX:FORMAL-ARXIV-V12-Q-D1:2608.12358v1,arXiv,Q-D1
REC-05858,ARX:FORMAL-ARXIV-V12-Q-C3:2607.03510v1,ARX:FORMAL-ARXIV-V12-Q-D1:2607.03510v1,arXiv,Q-D1
REC-05858,ARX:FORMAL-ARXIV-V12-Q-C3:2607.03510v1,ARX:FORMAL-ARXIV-V12-Q-D2:2607.03510v1,arXiv,Q-D2
REC-05858,ARX:FORMAL-ARXIV-V12-Q-C3:2607.03510v1,ARX:FORMAL-ARXIV-V12-Q-D3:2607.03510v1,arXiv,Q-D3
REC-05861,ARX:FORMAL-ARXIV-V12-Q-C3:2607.02376v1,ARX:FORMAL-ARXIV-V12-Q-D1:2607.02376v1,arXiv,Q-D1
REC-05863,ARX:FORMAL-ARXIV-V12-Q-C3:2607.01510v1,ARX:FORMAL-ARXIV-V12-Q-S0:2607.01510v1,arXiv,Q-S0
REC-05864,ARX:FORMAL-ARXIV-V12-Q-C3:2607.01456v2,ARX:FORMAL-ARXIV-V12-Q-D3:2607.01456v2,arXiv,Q-D3
REC-05865,ARX:FORMAL-ARXIV-V12-Q-C3:2607.00941v1,ARX:FORMAL-ARXIV-V12-Q-D1:2607.00941v1,arXiv,Q-D1
REC-05868,ARX:FORMAL-ARXIV-V12-Q-C3:2607.00751v1,ARX:FORMAL-ARXIV-V12-Q-D1:2607.00751v1,arXiv,Q-D1
REC-05870,ARX:FORMAL-ARXIV-V12-Q-C3:2607.00334v1,ARX:FORMAL-ARXIV-V12-Q-D2:2607.00334v1,arXiv,Q-D2
REC-05870,ARX:FORMAL-ARXIV-V12-Q-C3:2607.00334v1,ARX:FORMAL-ARXIV-V12-Q-D3:2607.00334v1,arXiv,Q-D3
REC-05870,ARX:FORMAL-ARXIV-V12-Q-C3:2607.00334v1,ARX:FORMAL-ARXIV-V12-Q-S0:2607.00334v1,arXiv,Q-S0
REC-05872,ARX:FORMAL-ARXIV-V12-Q-C3:2606.31935v1,ARX:FORMAL-ARXIV-V12-Q-D1:2606.31935v1,arXiv,Q-D1
REC-05872,ARX:FORMAL-ARXIV-V12-Q-C3:2606.31935v1,ARX:FORMAL-ARXIV-V12-Q-D2:2606.31935v1,arXiv,Q-D2
REC-05872,ARX:FORMAL-ARXIV-V12-Q-C3:2606.31935v1,ARX:FORMAL-ARXIV-V12-Q-D3:2606.31935v1,arXiv,Q-D3
REC-05873,ARX:FORMAL-ARXIV-V12-Q-C3:2606.31639v1,ARX:FORMAL-ARXIV-V12-Q-D1:2606.31639v1,arXiv,Q-D1
REC-05873,ARX:FORMAL-ARXIV-V12-Q-C3:2606.31639v1,ARX:FORMAL-ARXIV-V12-Q-D2:2606.31639v1,arXiv,Q-D2
REC-05873,ARX:FORMAL-ARXIV-V12-Q-C3:2606.31639v1,ARX:FORMAL-ARXIV-V12-Q-D3:2606.31639v1,arXiv,Q-D3
REC-05875,ARX:FORMAL-ARXIV-V12-Q-C3:2606.31339v1,ARX:FORMAL-ARXIV-V12-Q-D1:2606.31339v1,arXiv,Q-D1
REC-05879,ARX:FORMAL-ARXIV-V12-Q-C3:2606.30970v2,ARX:FORMAL-ARXIV-V12-Q-D1:2606.30970v2,arXiv,Q-D1
REC-05879,ARX:FORMAL-ARXIV-V12-Q-C3:2606.30970v2,ARX:FORMAL-ARXIV-V12-Q-D3:2606.30970v2,arXiv,Q-D3
REC-05882,ARX:FORMAL-ARXIV-V12-Q-C3:2608.05179v1,ARX:FORMAL-ARXIV-V12-Q-D1:2608.05179v1,arXiv,Q-D1
REC-05887,ARX:FORMAL-ARXIV-V12-Q-C3:2606.28739v1,ARX:FORMAL-ARXIV-V12-Q-S0:2606.28739v1,arXiv,Q-S0
REC-05888,ARX:FORMAL-ARXIV-V12-Q-C3:2606.28666v1,ARX:FORMAL-ARXIV-V12-Q-S0:2606.28666v1,arXiv,Q-S0
REC-05891,ARX:FORMAL-ARXIV-V12-Q-C3:2606.28235v1,ARX:FORMAL-ARXIV-V12-Q-S0:2606.28235v1,arXiv,Q-S0
REC-05897,ARX:FORMAL-ARXIV-V12-Q-C3:2606.26057v1,ARX:FORMAL-ARXIV-V12-Q-D1:2606.26057v1,arXiv,Q-D1
REC-05897,ARX:FORMAL-ARXIV-V12-Q-C3:2606.26057v1,ARX:FORMAL-ARXIV-V12-Q-D2:2606.26057v1,arXiv,Q-D2
REC-05897,ARX:FORMAL-ARXIV-V12-Q-C3:2606.26057v1,ARX:FORMAL-ARXIV-V12-Q-S0:2606.26057v1,arXiv,Q-S0
REC-05899,ARX:FORMAL-ARXIV-V12-Q-C3:2606.25421v1,ARX:FORMAL-ARXIV-V12-Q-S0:2606.25421v1,arXiv,Q-S0
REC-05904,ARX:FORMAL-ARXIV-V12-Q-C3:2606.24245v3,ARX:FORMAL-ARXIV-V12-Q-D1:2606.24245v3,arXiv,Q-D1
REC-05904,ARX:FORMAL-ARXIV-V12-Q-C3:2606.24245v3,ARX:FORMAL-ARXIV-V12-Q-S0:2606.24245v3,arXiv,Q-S0
REC-05906,ARX:FORMAL-ARXIV-V12-Q-C3:2606.23195v2,ARX:FORMAL-ARXIV-V12-Q-D2:2606.23195v2,arXiv,Q-D2
REC-05906,ARX:FORMAL-ARXIV-V12-Q-C3:2606.23195v2,ARX:FORMAL-ARXIV-V12-Q-S2:2606.23195v2,arXiv,Q-S2
REC-05908,ARX:FORMAL-ARXIV-V12-Q-C3:2606.23094v1,ARX:FORMAL-ARXIV-V12-Q-D1:2606.23094v1,arXiv,Q-D1
REC-05909,ARX:FORMAL-ARXIV-V12-Q-C3:2606.22997v1,ARX:FORMAL-ARXIV-V12-Q-D1:2606.22997v1,arXiv,Q-D1
REC-05911,ARX:FORMAL-ARXIV-V12-Q-C3:2606.22504v1,ARX:FORMAL-ARXIV-V12-Q-S0:2606.22504v1,arXiv,Q-S0
REC-05913,ARX:FORMAL-ARXIV-V12-Q-C3:2606.21856v1,ARX:FORMAL-ARXIV-V12-Q-D2:2606.21856v1,arXiv,Q-D2
REC-05917,ARX:FORMAL-ARXIV-V12-Q-C3:2606.20520v2,ARX:FORMAL-ARXIV-V12-Q-D1:2606.20520v2,arXiv,Q-D1
REC-05917,ARX:FORMAL-ARXIV-V12-Q-C3:2606.20520v2,ARX:FORMAL-ARXIV-V12-Q-D2:2606.20520v2,arXiv,Q-D2
REC-05917,ARX:FORMAL-ARXIV-V12-Q-C3:2606.20520v2,ARX:FORMAL-ARXIV-V12-Q-D3:2606.20520v2,arXiv,Q-D3
REC-05917,ARX:FORMAL-ARXIV-V12-Q-C3:2606.20520v2,ARX:FORMAL-ARXIV-V12-Q-S0:2606.20520v2,arXiv,Q-S0
REC-05923,ARX:FORMAL-ARXIV-V12-Q-C3:2606.18168v1,ARX:FORMAL-ARXIV-V12-Q-S0:2606.18168v1,arXiv,Q-S0
REC-05924,ARX:FORMAL-ARXIV-V12-Q-C3:2606.18142v4,ARX:FORMAL-ARXIV-V12-Q-D1:2606.18142v4,arXiv,Q-D1
REC-05926,ARX:FORMAL-ARXIV-V12-Q-C3:2606.17573v1,ARX:FORMAL-ARXIV-V12-Q-D1:2606.17573v1,arXiv,Q-D1
REC-05926,ARX:FORMAL-ARXIV-V12-Q-C3:2606.17573v1,ARX:FORMAL-ARXIV-V12-Q-D2:2606.17573v1,arXiv,Q-D2
REC-05926,ARX:FORMAL-ARXIV-V12-Q-C3:2606.17573v1,ARX:FORMAL-ARXIV-V12-Q-D3:2606.17573v1,arXiv,Q-D3
REC-05931,ARX:FORMAL-ARXIV-V12-Q-C3:2606.16465v2,ARX:FORMAL-ARXIV-V12-Q-D1:2606.16465v2,arXiv,Q-D1
REC-05931,ARX:FORMAL-ARXIV-V12-Q-C3:2606.16465v2,ARX:FORMAL-ARXIV-V12-Q-S0:2606.16465v2,arXiv,Q-S0
REC-05932,ARX:FORMAL-ARXIV-V12-Q-C3:2606.16326v2,ARX:FORMAL-ARXIV-V12-Q-D1:2606.16326v2,arXiv,Q-D1
REC-05937,ARX:FORMAL-ARXIV-V12-Q-C3:2607.22611v1,ARX:FORMAL-ARXIV-V12-Q-D2:2607.22611v1,arXiv,Q-D2
REC-05942,ARX:FORMAL-ARXIV-V12-Q-C3:2606.14168v1,ARX:FORMAL-ARXIV-V12-Q-S0:2606.14168v1,arXiv,Q-S0
REC-05948,ARX:FORMAL-ARXIV-V12-Q-C3:2606.13298v1,ARX:FORMAL-ARXIV-V12-Q-D2:2606.13298v1,arXiv,Q-D2
REC-05951,ARX:FORMAL-ARXIV-V12-Q-C3:2606.12320v1,ARX:FORMAL-ARXIV-V12-Q-D1:2606.12320v1,arXiv,Q-D1
REC-05953,ARX:FORMAL-ARXIV-V12-Q-C3:2606.11897v1,ARX:FORMAL-ARXIV-V12-Q-D1:2606.11897v1,arXiv,Q-D1
REC-05953,ARX:FORMAL-ARXIV-V12-Q-C3:2606.11897v1,ARX:FORMAL-ARXIV-V12-Q-D3:2606.11897v1,arXiv,Q-D3
REC-05959,ARX:FORMAL-ARXIV-V12-Q-C3:2606.10546v2,ARX:FORMAL-ARXIV-V12-Q-S0:2606.10546v2,arXiv,Q-S0
REC-05965,ARX:FORMAL-ARXIV-V12-Q-C3:2606.08531v2,ARX:FORMAL-ARXIV-V12-Q-D1:2606.08531v2,arXiv,Q-D1
REC-05965,ARX:FORMAL-ARXIV-V12-Q-C3:2606.08531v2,ARX:FORMAL-ARXIV-V12-Q-S0:2606.08531v2,arXiv,Q-S0
REC-05968,ARX:FORMAL-ARXIV-V12-Q-C3:2606.08093v1,ARX:FORMAL-ARXIV-V12-Q-D1:2606.08093v1,arXiv,Q-D1
REC-05968,ARX:FORMAL-ARXIV-V12-Q-C3:2606.08093v1,ARX:FORMAL-ARXIV-V12-Q-D3:2606.08093v1,arXiv,Q-D3
REC-05969,ARX:FORMAL-ARXIV-V12-Q-C3:2606.08021v1,ARX:FORMAL-ARXIV-V12-Q-D2:2606.08021v1,arXiv,Q-D2
REC-05970,ARX:FORMAL-ARXIV-V12-Q-C3:2606.07119v1,ARX:FORMAL-ARXIV-V12-Q-D1:2606.07119v1,arXiv,Q-D1
REC-05970,ARX:FORMAL-ARXIV-V12-Q-C3:2606.07119v1,ARX:FORMAL-ARXIV-V12-Q-D3:2606.07119v1,arXiv,Q-D3
REC-05971,ARX:FORMAL-ARXIV-V12-Q-C3:2607.09674v1,ARX:FORMAL-ARXIV-V12-Q-S0:2607.09674v1,arXiv,Q-S0
REC-05973,ARX:FORMAL-ARXIV-V12-Q-C3:2606.06711v1,ARX:FORMAL-ARXIV-V12-Q-D1:2606.06711v1,arXiv,Q-D1
REC-05975,ARX:FORMAL-ARXIV-V12-Q-C3:2606.05608v2,ARX:FORMAL-ARXIV-V12-Q-D1:2606.05608v2,arXiv,Q-D1
REC-05977,ARX:FORMAL-ARXIV-V12-Q-C3:2606.05256v1,ARX:FORMAL-ARXIV-V12-Q-D1:2606.05256v1,arXiv,Q-D1
REC-05979,ARX:FORMAL-ARXIV-V12-Q-C3:2606.04602v3,ARX:FORMAL-ARXIV-V12-Q-D1:2606.04602v3,arXiv,Q-D1
REC-05980,ARX:FORMAL-ARXIV-V12-Q-C3:2606.04321v1,ARX:FORMAL-ARXIV-V12-Q-D3:2606.04321v1,arXiv,Q-D3
REC-05982,ARX:FORMAL-ARXIV-V12-Q-C3:2606.04193v1,ARX:FORMAL-ARXIV-V12-Q-D2:2606.04193v1,arXiv,Q-D2
REC-05988,ARX:FORMAL-ARXIV-V12-Q-C3:2606.04056v1,ARX:FORMAL-ARXIV-V12-Q-D2:2606.04056v1,arXiv,Q-D2
REC-05990,ARX:FORMAL-ARXIV-V12-Q-C3:2606.04037v2,ARX:FORMAL-ARXIV-V12-Q-D1:2606.04037v2,arXiv,Q-D1
REC-05990,ARX:FORMAL-ARXIV-V12-Q-C3:2606.04037v2,ARX:FORMAL-ARXIV-V12-Q-D2:2606.04037v2,arXiv,Q-D2
REC-05992,ARX:FORMAL-ARXIV-V12-Q-C3:2606.02965v2,ARX:FORMAL-ARXIV-V12-Q-D1:2606.02965v2,arXiv,Q-D1
REC-05992,ARX:FORMAL-ARXIV-V12-Q-C3:2606.02965v2,ARX:FORMAL-ARXIV-V12-Q-D3:2606.02965v2,arXiv,Q-D3
REC-06000,ARX:FORMAL-ARXIV-V12-Q-C3:2606.01508v1,ARX:FORMAL-ARXIV-V12-Q-D1:2606.01508v1,arXiv,Q-D1
REC-06001,ARX:FORMAL-ARXIV-V12-Q-C3:2606.01434v1,ARX:FORMAL-ARXIV-V12-Q-S0:2606.01434v1,arXiv,Q-S0
REC-06002,ARX:FORMAL-ARXIV-V12-Q-C3:2606.01139v3,ARX:FORMAL-ARXIV-V12-Q-D1:2606.01139v3,arXiv,Q-D1
REC-06002,ARX:FORMAL-ARXIV-V12-Q-C3:2606.01139v3,ARX:FORMAL-ARXIV-V12-Q-S0:2606.01139v3,arXiv,Q-S0
REC-06006,ARX:FORMAL-ARXIV-V12-Q-C3:2606.00370v1,ARX:FORMAL-ARXIV-V12-Q-S0:2606.00370v1,arXiv,Q-S0
REC-06010,ARX:FORMAL-ARXIV-V12-Q-C3:2607.24759v1,ARX:FORMAL-ARXIV-V12-Q-D1:2607.24759v1,arXiv,Q-D1
REC-06012,ARX:FORMAL-ARXIV-V12-Q-C3:2605.30777v3,ARX:FORMAL-ARXIV-V12-Q-S0:2605.30777v3,arXiv,Q-S0
REC-06014,ARX:FORMAL-ARXIV-V12-Q-C3:2605.30353v1,ARX:FORMAL-ARXIV-V12-Q-D2:2605.30353v1,arXiv,Q-D2
REC-06019,ARX:FORMAL-ARXIV-V12-Q-C3:2605.27922v1,ARX:FORMAL-ARXIV-V12-Q-D1:2605.27922v1,arXiv,Q-D1
REC-06019,ARX:FORMAL-ARXIV-V12-Q-C3:2605.27922v1,ARX:FORMAL-ARXIV-V12-Q-D2:2605.27922v1,arXiv,Q-D2
REC-06019,ARX:FORMAL-ARXIV-V12-Q-C3:2605.27922v1,ARX:FORMAL-ARXIV-V12-Q-D3:2605.27922v1,arXiv,Q-D3
REC-06022,ARX:FORMAL-ARXIV-V12-Q-C3:2605.27366v2,ARX:FORMAL-ARXIV-V12-Q-S2:2605.27366v2,arXiv,Q-S2
REC-06028,ARX:FORMAL-ARXIV-V12-Q-C3:2605.26508v1,ARX:FORMAL-ARXIV-V12-Q-D1:2605.26508v1,arXiv,Q-D1
REC-06029,ARX:FORMAL-ARXIV-V12-Q-C3:2605.26298v1,ARX:FORMAL-ARXIV-V12-Q-D1:2605.26298v1,arXiv,Q-D1
REC-06029,ARX:FORMAL-ARXIV-V12-Q-C3:2605.26298v1,ARX:FORMAL-ARXIV-V12-Q-D2:2605.26298v1,arXiv,Q-D2
REC-06029,ARX:FORMAL-ARXIV-V12-Q-C3:2605.26298v1,ARX:FORMAL-ARXIV-V12-Q-D3:2605.26298v1,arXiv,Q-D3
REC-06029,ARX:FORMAL-ARXIV-V12-Q-C3:2605.26298v1,ARX:FORMAL-ARXIV-V12-Q-S0:2605.26298v1,arXiv,Q-S0
REC-06031,ARX:FORMAL-ARXIV-V12-Q-C3:2605.26079v2,ARX:FORMAL-ARXIV-V12-Q-D1:2605.26079v2,arXiv,Q-D1
REC-06031,ARX:FORMAL-ARXIV-V12-Q-C3:2605.26079v2,ARX:FORMAL-ARXIV-V12-Q-D3:2605.26079v2,arXiv,Q-D3
REC-06032,ARX:FORMAL-ARXIV-V12-Q-C3:2605.25632v1,ARX:FORMAL-ARXIV-V12-Q-D1:2605.25632v1,arXiv,Q-D1
REC-06032,ARX:FORMAL-ARXIV-V12-Q-C3:2605.25632v1,ARX:FORMAL-ARXIV-V12-Q-S0:2605.25632v1,arXiv,Q-S0
REC-06035,ARX:FORMAL-ARXIV-V12-Q-C3:2605.25376v2,ARX:FORMAL-ARXIV-V12-Q-D1:2605.25376v2,arXiv,Q-D1
REC-06035,ARX:FORMAL-ARXIV-V12-Q-C3:2605.25376v2,ARX:FORMAL-ARXIV-V12-Q-D2:2605.25376v2,arXiv,Q-D2
REC-06039,ARX:FORMAL-ARXIV-V12-Q-C3:2605.24462v1,ARX:FORMAL-ARXIV-V12-Q-D1:2605.24462v1,arXiv,Q-D1
REC-06039,ARX:FORMAL-ARXIV-V12-Q-C3:2605.24462v1,ARX:FORMAL-ARXIV-V12-Q-D2:2605.24462v1,arXiv,Q-D2
REC-06046,ARX:FORMAL-ARXIV-V12-Q-C3:2605.21996v1,ARX:FORMAL-ARXIV-V12-Q-S0:2605.21996v1,arXiv,Q-S0
REC-06050,ARX:FORMAL-ARXIV-V12-Q-C3:2608.02613v1,ARX:FORMAL-ARXIV-V12-Q-S2:2608.02613v1,arXiv,Q-S2
REC-06054,ARX:FORMAL-ARXIV-V12-Q-C3:2605.20734v1,ARX:FORMAL-ARXIV-V12-Q-D1:2605.20734v1,arXiv,Q-D1
REC-06055,ARX:FORMAL-ARXIV-V12-Q-C3:2605.20456v1,ARX:FORMAL-ARXIV-V12-Q-D1:2605.20456v1,arXiv,Q-D1
REC-06057,ARX:FORMAL-ARXIV-V12-Q-C3:2607.28636v1,ARX:FORMAL-ARXIV-V12-Q-D1:2607.28636v1,arXiv,Q-D1
REC-06057,ARX:FORMAL-ARXIV-V12-Q-C3:2607.28636v1,ARX:FORMAL-ARXIV-V12-Q-D2:2607.28636v1,arXiv,Q-D2
REC-06070,ARX:FORMAL-ARXIV-V12-Q-C3:2605.15569v1,ARX:FORMAL-ARXIV-V12-Q-S0:2605.15569v1,arXiv,Q-S0
REC-06072,ARX:FORMAL-ARXIV-V12-Q-C3:2607.18257v1,ARX:FORMAL-ARXIV-V12-Q-D1:2607.18257v1,arXiv,Q-D1
REC-06073,ARX:FORMAL-ARXIV-V12-Q-C3:2605.15281v1,ARX:FORMAL-ARXIV-V12-Q-S0:2605.15281v1,arXiv,Q-S0
REC-06076,ARX:FORMAL-ARXIV-V12-Q-C3:2605.14454v1,ARX:FORMAL-ARXIV-V12-Q-D2:2605.14454v1,arXiv,Q-D2
REC-06080,ARX:FORMAL-ARXIV-V12-Q-C3:2605.12364v1,ARX:FORMAL-ARXIV-V12-Q-D1:2605.12364v1,arXiv,Q-D1
REC-06080,ARX:FORMAL-ARXIV-V12-Q-C3:2605.12364v1,ARX:FORMAL-ARXIV-V12-Q-D2:2605.12364v1,arXiv,Q-D2
REC-06080,ARX:FORMAL-ARXIV-V12-Q-C3:2605.12364v1,ARX:FORMAL-ARXIV-V12-Q-S0:2605.12364v1,arXiv,Q-S0
REC-06081,ARX:FORMAL-ARXIV-V12-Q-C3:2605.12105v1,ARX:FORMAL-ARXIV-V12-Q-D1:2605.12105v1,arXiv,Q-D1
REC-06081,ARX:FORMAL-ARXIV-V12-Q-C3:2605.12105v1,ARX:FORMAL-ARXIV-V12-Q-D3:2605.12105v1,arXiv,Q-D3
REC-06082,ARX:FORMAL-ARXIV-V12-Q-C3:2605.12078v1,ARX:FORMAL-ARXIV-V12-Q-D1:2605.12078v1,arXiv,Q-D1
REC-06084,ARX:FORMAL-ARXIV-V12-Q-C3:2605.12571v1,ARX:FORMAL-ARXIV-V12-Q-S0:2605.12571v1,arXiv,Q-S0
REC-06085,ARX:FORMAL-ARXIV-V12-Q-C3:2605.11781v1,ARX:FORMAL-ARXIV-V12-Q-S0:2605.11781v1,arXiv,Q-S0
REC-06086,ARX:FORMAL-ARXIV-V12-Q-C3:2605.11633v1,ARX:FORMAL-ARXIV-V12-Q-D1:2605.11633v1,arXiv,Q-D1
REC-06088,ARX:FORMAL-ARXIV-V12-Q-C3:2605.11487v1,ARX:FORMAL-ARXIV-V12-Q-D1:2605.11487v1,arXiv,Q-D1
REC-06088,ARX:FORMAL-ARXIV-V12-Q-C3:2605.11487v1,ARX:FORMAL-ARXIV-V12-Q-D3:2605.11487v1,arXiv,Q-D3
REC-06088,ARX:FORMAL-ARXIV-V12-Q-C3:2605.11487v1,ARX:FORMAL-ARXIV-V12-Q-S0:2605.11487v1,arXiv,Q-S0
REC-06090,ARX:FORMAL-ARXIV-V12-Q-C3:2605.10888v2,ARX:FORMAL-ARXIV-V12-Q-D1:2605.10888v2,arXiv,Q-D1
REC-06091,ARX:FORMAL-ARXIV-V12-Q-C3:2605.10763v1,ARX:FORMAL-ARXIV-V12-Q-D2:2605.10763v1,arXiv,Q-D2
REC-06091,ARX:FORMAL-ARXIV-V12-Q-C3:2605.10763v1,ARX:FORMAL-ARXIV-V12-Q-S0:2605.10763v1,arXiv,Q-S0
REC-06093,ARX:FORMAL-ARXIV-V12-Q-C3:2605.10579v2,ARX:FORMAL-ARXIV-V12-Q-D1:2605.10579v2,arXiv,Q-D1
REC-06094,ARX:FORMAL-ARXIV-V12-Q-C3:2605.10555v1,ARX:FORMAL-ARXIV-V12-Q-D1:2605.10555v1,arXiv,Q-D1
REC-06094,ARX:FORMAL-ARXIV-V12-Q-C3:2605.10555v1,ARX:FORMAL-ARXIV-V12-Q-D3:2605.10555v1,arXiv,Q-D3
REC-06101,ARX:FORMAL-ARXIV-V12-Q-C3:2605.08922v1,ARX:FORMAL-ARXIV-V12-Q-D1:2605.08922v1,arXiv,Q-D1
REC-06102,ARX:FORMAL-ARXIV-V12-Q-C3:2605.08761v1,ARX:FORMAL-ARXIV-V12-Q-D3:2605.08761v1,arXiv,Q-D3
REC-06103,ARX:FORMAL-ARXIV-V12-Q-C3:2605.08435v1,ARX:FORMAL-ARXIV-V12-Q-D2:2605.08435v1,arXiv,Q-D2
REC-06103,ARX:FORMAL-ARXIV-V12-Q-C3:2605.08435v1,ARX:FORMAL-ARXIV-V12-Q-D3:2605.08435v1,arXiv,Q-D3
REC-06106,ARX:FORMAL-ARXIV-V12-Q-C3:2605.07728v1,ARX:FORMAL-ARXIV-V12-Q-D1:2605.07728v1,arXiv,Q-D1
REC-06108,ARX:FORMAL-ARXIV-V12-Q-C3:2605.07135v1,ARX:FORMAL-ARXIV-V12-Q-S0:2605.07135v1,arXiv,Q-S0
REC-06112,ARX:FORMAL-ARXIV-V12-Q-C3:2605.06490v1,ARX:FORMAL-ARXIV-V12-Q-D1:2605.06490v1,arXiv,Q-D1
REC-06112,ARX:FORMAL-ARXIV-V12-Q-C3:2605.06490v1,ARX:FORMAL-ARXIV-V12-Q-D3:2605.06490v1,arXiv,Q-D3
REC-06115,ARX:FORMAL-ARXIV-V12-Q-C3:2605.06738v2,ARX:FORMAL-ARXIV-V12-Q-D1:2605.06738v2,arXiv,Q-D1
REC-06117,ARX:FORMAL-ARXIV-V12-Q-C3:2605.05379v1,ARX:FORMAL-ARXIV-V12-Q-S0:2605.05379v1,arXiv,Q-S0
REC-06118,ARX:FORMAL-ARXIV-V12-Q-C3:2605.05287v1,ARX:FORMAL-ARXIV-V12-Q-D2:2605.05287v1,arXiv,Q-D2
REC-06118,ARX:FORMAL-ARXIV-V12-Q-C3:2605.05287v1,ARX:FORMAL-ARXIV-V12-Q-S0:2605.05287v1,arXiv,Q-S0
REC-06122,ARX:FORMAL-ARXIV-V12-Q-C3:2605.03353v4,ARX:FORMAL-ARXIV-V12-Q-S0:2605.03353v4,arXiv,Q-S0
REC-06124,ARX:FORMAL-ARXIV-V12-Q-C3:2605.02682v1,ARX:FORMAL-ARXIV-V12-Q-D3:2605.02682v1,arXiv,Q-D3
REC-06126,ARX:FORMAL-ARXIV-V12-Q-C3:2605.02273v1,ARX:FORMAL-ARXIV-V12-Q-D3:2605.02273v1,arXiv,Q-D3
REC-06127,ARX:FORMAL-ARXIV-V12-Q-C3:2605.02187v2,ARX:FORMAL-ARXIV-V12-Q-D1:2605.02187v2,arXiv,Q-D1
REC-06127,ARX:FORMAL-ARXIV-V12-Q-C3:2605.02187v2,ARX:FORMAL-ARXIV-V12-Q-D2:2605.02187v2,arXiv,Q-D2
REC-06127,ARX:FORMAL-ARXIV-V12-Q-C3:2605.02187v2,ARX:FORMAL-ARXIV-V12-Q-S0:2605.02187v2,arXiv,Q-S0
REC-06130,ARX:FORMAL-ARXIV-V12-Q-C3:2605.01091v1,ARX:FORMAL-ARXIV-V12-Q-D1:2605.01091v1,arXiv,Q-D1
REC-06133,ARX:FORMAL-ARXIV-V12-Q-C3:2605.00081v1,ARX:FORMAL-ARXIV-V12-Q-S0:2605.00081v1,arXiv,Q-S0
REC-06135,ARX:FORMAL-ARXIV-V12-Q-C3:2605.00073v1,ARX:FORMAL-ARXIV-V12-Q-D1:2605.00073v1,arXiv,Q-D1
REC-06135,ARX:FORMAL-ARXIV-V12-Q-C3:2605.00073v1,ARX:FORMAL-ARXIV-V12-Q-D2:2605.00073v1,arXiv,Q-D2
REC-06137,ARX:FORMAL-ARXIV-V12-Q-C3:2605.00055v1,ARX:FORMAL-ARXIV-V12-Q-D1:2605.00055v1,arXiv,Q-D1
REC-06137,ARX:FORMAL-ARXIV-V12-Q-C3:2605.00055v1,ARX:FORMAL-ARXIV-V12-Q-D2:2605.00055v1,arXiv,Q-D2
REC-06137,ARX:FORMAL-ARXIV-V12-Q-C3:2605.00055v1,ARX:FORMAL-ARXIV-V12-Q-D3:2605.00055v1,arXiv,Q-D3
REC-06142,ARX:FORMAL-ARXIV-V12-Q-C3:2604.25684v1,ARX:FORMAL-ARXIV-V12-Q-D1:2604.25684v1,arXiv,Q-D1
REC-06142,ARX:FORMAL-ARXIV-V12-Q-C3:2604.25684v1,ARX:FORMAL-ARXIV-V12-Q-D2:2604.25684v1,arXiv,Q-D2
REC-06142,ARX:FORMAL-ARXIV-V12-Q-C3:2604.25684v1,ARX:FORMAL-ARXIV-V12-Q-D3:2604.25684v1,arXiv,Q-D3
REC-06144,ARX:FORMAL-ARXIV-V12-Q-C3:2604.25000v2,ARX:FORMAL-ARXIV-V12-Q-D1:2604.25000v2,arXiv,Q-D1
REC-06146,ARX:FORMAL-ARXIV-V12-Q-C3:2604.24700v1,ARX:FORMAL-ARXIV-V12-Q-D1:2604.24700v1,arXiv,Q-D1
REC-06148,ARX:FORMAL-ARXIV-V12-Q-C3:2604.23646v1,ARX:FORMAL-ARXIV-V12-Q-D2:2604.23646v1,arXiv,Q-D2
REC-06149,ARX:FORMAL-ARXIV-V12-Q-C3:2604.23425v1,ARX:FORMAL-ARXIV-V12-Q-D1:2604.23425v1,arXiv,Q-D1
REC-06149,ARX:FORMAL-ARXIV-V12-Q-C3:2604.23425v1,ARX:FORMAL-ARXIV-V12-Q-D2:2604.23425v1,arXiv,Q-D2
REC-06149,ARX:FORMAL-ARXIV-V12-Q-C3:2604.23425v1,ARX:FORMAL-ARXIV-V12-Q-D3:2604.23425v1,arXiv,Q-D3
REC-06150,ARX:FORMAL-ARXIV-V12-Q-C3:2604.23210v1,ARX:FORMAL-ARXIV-V12-Q-D1:2604.23210v1,arXiv,Q-D1
REC-06150,ARX:FORMAL-ARXIV-V12-Q-C3:2604.23210v1,ARX:FORMAL-ARXIV-V12-Q-S0:2604.23210v1,arXiv,Q-S0
REC-06151,ARX:FORMAL-ARXIV-V12-Q-C3:2605.23935v1,ARX:FORMAL-ARXIV-V12-Q-D2:2605.23935v1,arXiv,Q-D2
REC-06151,ARX:FORMAL-ARXIV-V12-Q-C3:2605.23935v1,ARX:FORMAL-ARXIV-V12-Q-D3:2605.23935v1,arXiv,Q-D3
REC-06151,ARX:FORMAL-ARXIV-V12-Q-C3:2605.23935v1,ARX:FORMAL-ARXIV-V12-Q-S0:2605.23935v1,arXiv,Q-S0
REC-06155,ARX:FORMAL-ARXIV-V12-Q-C3:2604.21090v1,ARX:FORMAL-ARXIV-V12-Q-D2:2604.21090v1,arXiv,Q-D2
REC-06157,ARX:FORMAL-ARXIV-V12-Q-C3:2604.20779v1,ARX:FORMAL-ARXIV-V12-Q-D3:2604.20779v1,arXiv,Q-D3
REC-06160,ARX:FORMAL-ARXIV-V12-Q-C3:2604.19633v1,ARX:FORMAL-ARXIV-V12-Q-D1:2604.19633v1,arXiv,Q-D1
REC-06166,ARX:FORMAL-ARXIV-V12-Q-C3:2604.15559v1,ARX:FORMAL-ARXIV-V12-Q-D1:2604.15559v1,arXiv,Q-D1
REC-06166,ARX:FORMAL-ARXIV-V12-Q-C3:2604.15559v1,ARX:FORMAL-ARXIV-V12-Q-D2:2604.15559v1,arXiv,Q-D2
REC-06167,ARX:FORMAL-ARXIV-V12-Q-C3:2604.15505v1,ARX:FORMAL-ARXIV-V12-Q-D3:2604.15505v1,arXiv,Q-D3
REC-06170,ARX:FORMAL-ARXIV-V12-Q-C3:2604.14717v2,ARX:FORMAL-ARXIV-V12-Q-D3:2604.14717v2,arXiv,Q-D3
REC-06172,ARX:FORMAL-ARXIV-V12-Q-C3:2604.13996v1,ARX:FORMAL-ARXIV-V12-Q-D1:2604.13996v1,arXiv,Q-D1
REC-06173,ARX:FORMAL-ARXIV-V12-Q-C3:2604.13955v1,ARX:FORMAL-ARXIV-V12-Q-D3:2604.13955v1,arXiv,Q-D3
REC-06174,ARX:FORMAL-ARXIV-V12-Q-C3:2604.13536v2,ARX:FORMAL-ARXIV-V12-Q-D1:2604.13536v2,arXiv,Q-D1
REC-06174,ARX:FORMAL-ARXIV-V12-Q-C3:2604.13536v2,ARX:FORMAL-ARXIV-V12-Q-D2:2604.13536v2,arXiv,Q-D2
REC-06174,ARX:FORMAL-ARXIV-V12-Q-C3:2604.13536v2,ARX:FORMAL-ARXIV-V12-Q-S0:2604.13536v2,arXiv,Q-S0
REC-06177,ARX:FORMAL-ARXIV-V12-Q-C3:2604.11623v3,ARX:FORMAL-ARXIV-V12-Q-D1:2604.11623v3,arXiv,Q-D1
REC-06177,ARX:FORMAL-ARXIV-V12-Q-C3:2604.11623v3,ARX:FORMAL-ARXIV-V12-Q-D3:2604.11623v3,arXiv,Q-D3
REC-06178,ARX:FORMAL-ARXIV-V12-Q-C3:2604.11088v2,ARX:FORMAL-ARXIV-V12-Q-S0:2604.11088v2,arXiv,Q-S0
REC-06182,ARX:FORMAL-ARXIV-V12-Q-C3:2604.10383v3,ARX:FORMAL-ARXIV-V12-Q-S0:2604.10383v3,arXiv,Q-S0
REC-06184,ARX:FORMAL-ARXIV-V12-Q-C3:2604.09836v2,ARX:FORMAL-ARXIV-V12-Q-D1:2604.09836v2,arXiv,Q-D1
REC-06185,ARX:FORMAL-ARXIV-V12-Q-C3:2604.09443v3,ARX:FORMAL-ARXIV-V12-Q-D1:2604.09443v3,arXiv,Q-D1
REC-06194,ARX:FORMAL-ARXIV-V12-Q-C3:2604.06284v1,ARX:FORMAL-ARXIV-V12-Q-D1:2604.06284v1,arXiv,Q-D1
REC-06194,ARX:FORMAL-ARXIV-V12-Q-C3:2604.06284v1,ARX:FORMAL-ARXIV-V12-Q-S0:2604.06284v1,arXiv,Q-S0
REC-06196,ARX:FORMAL-ARXIV-V12-Q-C3:2604.05203v1,ARX:FORMAL-ARXIV-V12-Q-D1:2604.05203v1,arXiv,Q-D1
REC-06210,ARX:FORMAL-ARXIV-V12-Q-C3:2604.01687v3,ARX:FORMAL-ARXIV-V12-Q-D1:2604.01687v3,arXiv,Q-D1
REC-06210,ARX:FORMAL-ARXIV-V12-Q-C3:2604.01687v3,ARX:FORMAL-ARXIV-V12-Q-D3:2604.01687v3,arXiv,Q-D3
REC-06211,ARX:FORMAL-ARXIV-V12-Q-C3:2604.01508v1,ARX:FORMAL-ARXIV-V12-Q-D3:2604.01508v1,arXiv,Q-D3
REC-06215,ARX:FORMAL-ARXIV-V12-Q-C3:2604.00518v2,ARX:FORMAL-ARXIV-V12-Q-D2:2604.00518v2,arXiv,Q-D2
REC-06216,ARX:FORMAL-ARXIV-V12-Q-C3:2604.00478v2,ARX:FORMAL-ARXIV-V12-Q-D2:2604.00478v2,arXiv,Q-D2
REC-06218,ARX:FORMAL-ARXIV-V12-Q-C3:2604.00299v1,ARX:FORMAL-ARXIV-V12-Q-D3:2604.00299v1,arXiv,Q-D3
REC-06221,ARX:FORMAL-ARXIV-V12-Q-C3:2603.29560v1,ARX:FORMAL-ARXIV-V12-Q-S0:2603.29560v1,arXiv,Q-S0
REC-06222,ARX:FORMAL-ARXIV-V12-Q-C3:2603.27524v1,ARX:FORMAL-ARXIV-V12-Q-D2:2603.27524v1,arXiv,Q-D2
REC-06223,ARX:FORMAL-ARXIV-V12-Q-C3:2604.16394v1,ARX:FORMAL-ARXIV-V12-Q-D1:2604.16394v1,arXiv,Q-D1
REC-06225,ARX:FORMAL-ARXIV-V12-Q-C3:2603.27075v1,ARX:FORMAL-ARXIV-V12-Q-D2:2603.27075v1,arXiv,Q-D2
REC-06227,ARX:FORMAL-ARXIV-V12-Q-C3:2603.25697v1,ARX:FORMAL-ARXIV-V12-Q-D2:2603.25697v1,arXiv,Q-D2
REC-06232,ARX:FORMAL-ARXIV-V12-Q-C3:2603.24216v1,ARX:FORMAL-ARXIV-V12-Q-D1:2603.24216v1,arXiv,Q-D1
REC-06232,ARX:FORMAL-ARXIV-V12-Q-C3:2603.24216v1,ARX:FORMAL-ARXIV-V12-Q-D2:2603.24216v1,arXiv,Q-D2
REC-06236,ARX:FORMAL-ARXIV-V12-Q-C3:2603.21692v2,ARX:FORMAL-ARXIV-V12-Q-D1:2603.21692v2,arXiv,Q-D1
REC-06236,ARX:FORMAL-ARXIV-V12-Q-C3:2603.21692v2,ARX:FORMAL-ARXIV-V12-Q-D3:2603.21692v2,arXiv,Q-D3
REC-06237,ARX:FORMAL-ARXIV-V12-Q-C3:2604.14160v1,ARX:FORMAL-ARXIV-V12-Q-D1:2604.14160v1,arXiv,Q-D1
REC-06237,ARX:FORMAL-ARXIV-V12-Q-C3:2604.14160v1,ARX:FORMAL-ARXIV-V12-Q-S0:2604.14160v1,arXiv,Q-S0
REC-06239,ARX:FORMAL-ARXIV-V12-Q-C3:2603.20953v1,ARX:FORMAL-ARXIV-V12-Q-D1:2603.20953v1,arXiv,Q-D1
REC-06239,ARX:FORMAL-ARXIV-V12-Q-C3:2603.20953v1,ARX:FORMAL-ARXIV-V12-Q-D2:2603.20953v1,arXiv,Q-D2
REC-06239,ARX:FORMAL-ARXIV-V12-Q-C3:2603.20953v1,ARX:FORMAL-ARXIV-V12-Q-D3:2603.20953v1,arXiv,Q-D3
REC-06239,ARX:FORMAL-ARXIV-V12-Q-C3:2603.20953v1,ARX:FORMAL-ARXIV-V12-Q-S0:2603.20953v1,arXiv,Q-S0
REC-06245,ARX:FORMAL-ARXIV-V12-Q-C3:2604.09634v1,ARX:FORMAL-ARXIV-V12-Q-D2:2604.09634v1,arXiv,Q-D2
REC-06246,ARX:FORMAL-ARXIV-V12-Q-C3:2603.18894v1,ARX:FORMAL-ARXIV-V12-Q-D1:2603.18894v1,arXiv,Q-D1
REC-06246,ARX:FORMAL-ARXIV-V12-Q-C3:2603.18894v1,ARX:FORMAL-ARXIV-V12-Q-D2:2603.18894v1,arXiv,Q-D2
REC-06246,ARX:FORMAL-ARXIV-V12-Q-C3:2603.18894v1,ARX:FORMAL-ARXIV-V12-Q-D3:2603.18894v1,arXiv,Q-D3
REC-06248,ARX:FORMAL-ARXIV-V12-Q-C3:2603.18377v2,ARX:FORMAL-ARXIV-V12-Q-D2:2603.18377v2,arXiv,Q-D2
REC-06248,ARX:FORMAL-ARXIV-V12-Q-C3:2603.18377v2,ARX:FORMAL-ARXIV-V12-Q-D3:2603.18377v2,arXiv,Q-D3
REC-06255,ARX:FORMAL-ARXIV-V12-Q-C3:2604.13052v1,ARX:FORMAL-ARXIV-V12-Q-D3:2604.13052v1,arXiv,Q-D3
REC-06258,ARX:FORMAL-ARXIV-V12-Q-C3:2604.09618v2,ARX:FORMAL-ARXIV-V12-Q-D3:2604.09618v2,arXiv,Q-D3
REC-06260,ARX:FORMAL-ARXIV-V12-Q-C3:2603.14011v1,ARX:FORMAL-ARXIV-V12-Q-D1:2603.14011v1,arXiv,Q-D1
REC-06262,ARX:FORMAL-ARXIV-V12-Q-C3:2603.13724v1,ARX:FORMAL-ARXIV-V12-Q-D3:2603.13724v1,arXiv,Q-D3
REC-06263,ARX:FORMAL-ARXIV-V12-Q-C3:2604.16338v1,ARX:FORMAL-ARXIV-V12-Q-D3:2604.16338v1,arXiv,Q-D3
REC-06274,ARX:FORMAL-ARXIV-V12-Q-C3:2603.09875v1,ARX:FORMAL-ARXIV-V12-Q-S0:2603.09875v1,arXiv,Q-S0
REC-06277,ARX:FORMAL-ARXIV-V12-Q-C3:2603.08640v2,ARX:FORMAL-ARXIV-V12-Q-D2:2603.08640v2,arXiv,Q-D2
REC-06277,ARX:FORMAL-ARXIV-V12-Q-C3:2603.08640v2,ARX:FORMAL-ARXIV-V12-Q-D3:2603.08640v2,arXiv,Q-D3
REC-06279,ARX:FORMAL-ARXIV-V12-Q-C3:2603.06884v1,ARX:FORMAL-ARXIV-V12-Q-D2:2603.06884v1,arXiv,Q-D2
REC-06280,ARX:FORMAL-ARXIV-V12-Q-C3:2603.06394v1,ARX:FORMAL-ARXIV-V12-Q-D1:2603.06394v1,arXiv,Q-D1
REC-06284,ARX:FORMAL-ARXIV-V12-Q-C3:2603.02955v1,ARX:FORMAL-ARXIV-V12-Q-D2:2603.02955v1,arXiv,Q-D2
REC-06292,ARX:FORMAL-ARXIV-V12-Q-C3:2603.15639v2,ARX:FORMAL-ARXIV-V12-Q-D1:2603.15639v2,arXiv,Q-D1
REC-06294,ARX:FORMAL-ARXIV-V12-Q-C3:2602.23079v1,ARX:FORMAL-ARXIV-V12-Q-D2:2602.23079v1,arXiv,Q-D2
REC-06294,ARX:FORMAL-ARXIV-V12-Q-C3:2602.23079v1,ARX:FORMAL-ARXIV-V12-Q-S0:2602.23079v1,arXiv,Q-S0
REC-06298,ARX:FORMAL-ARXIV-V12-Q-C3:2602.19441v1,ARX:FORMAL-ARXIV-V12-Q-S0:2602.19441v1,arXiv,Q-S0
REC-06299,ARX:FORMAL-ARXIV-V12-Q-C3:2602.19303v1,ARX:FORMAL-ARXIV-V12-Q-D1:2602.19303v1,arXiv,Q-D1
REC-06299,ARX:FORMAL-ARXIV-V12-Q-C3:2602.19303v1,ARX:FORMAL-ARXIV-V12-Q-D2:2602.19303v1,arXiv,Q-D2
REC-06300,ARX:FORMAL-ARXIV-V12-Q-C3:2603.13247v1,ARX:FORMAL-ARXIV-V12-Q-S0:2603.13247v1,arXiv,Q-S0
REC-06301,ARX:FORMAL-ARXIV-V12-Q-C3:2602.20196v1,ARX:FORMAL-ARXIV-V12-Q-D1:2602.20196v1,arXiv,Q-D1
REC-06301,ARX:FORMAL-ARXIV-V12-Q-C3:2602.20196v1,ARX:FORMAL-ARXIV-V12-Q-D2:2602.20196v1,arXiv,Q-D2
REC-06301,ARX:FORMAL-ARXIV-V12-Q-C3:2602.20196v1,ARX:FORMAL-ARXIV-V12-Q-D3:2602.20196v1,arXiv,Q-D3
REC-06301,ARX:FORMAL-ARXIV-V12-Q-C3:2602.20196v1,ARX:FORMAL-ARXIV-V12-Q-S0:2602.20196v1,arXiv,Q-S0
REC-06302,ARX:FORMAL-ARXIV-V12-Q-C3:2602.18891v1,ARX:FORMAL-ARXIV-V12-Q-D1:2602.18891v1,arXiv,Q-D1
REC-06308,ARX:FORMAL-ARXIV-V12-Q-C3:2602.14606v1,ARX:FORMAL-ARXIV-V12-Q-D1:2602.14606v1,arXiv,Q-D1
REC-06308,ARX:FORMAL-ARXIV-V12-Q-C3:2602.14606v1,ARX:FORMAL-ARXIV-V12-Q-S0:2602.14606v1,arXiv,Q-S0
REC-06311,ARX:FORMAL-ARXIV-V12-Q-C3:2602.12144v1,ARX:FORMAL-ARXIV-V12-Q-D1:2602.12144v1,arXiv,Q-D1
REC-06318,ARX:FORMAL-ARXIV-V12-Q-C3:2602.08949v1,ARX:FORMAL-ARXIV-V12-Q-D2:2602.08949v1,arXiv,Q-D2
REC-06320,ARX:FORMAL-ARXIV-V12-Q-C3:2602.08368v1,ARX:FORMAL-ARXIV-V12-Q-S0:2602.08368v1,arXiv,Q-S0
REC-06324,ARX:FORMAL-ARXIV-V12-Q-C3:2602.08014v1,ARX:FORMAL-ARXIV-V12-Q-D2:2602.08014v1,arXiv,Q-D2
REC-06324,ARX:FORMAL-ARXIV-V12-Q-C3:2602.08014v1,ARX:FORMAL-ARXIV-V12-Q-D3:2602.08014v1,arXiv,Q-D3
REC-06325,ARX:FORMAL-ARXIV-V12-Q-C3:2602.07379v1,ARX:FORMAL-ARXIV-V12-Q-S0:2602.07379v1,arXiv,Q-S0
REC-06330,ARX:FORMAL-ARXIV-V12-Q-C3:2602.06345v1,ARX:FORMAL-ARXIV-V12-Q-D2:2602.06345v1,arXiv,Q-D2
REC-06338,ARX:FORMAL-ARXIV-V12-Q-C3:2602.00213v1,ARX:FORMAL-ARXIV-V12-Q-D1:2602.00213v1,arXiv,Q-D1
REC-06342,ARX:FORMAL-ARXIV-V12-Q-C3:2601.19636v1,ARX:FORMAL-ARXIV-V12-Q-D1:2601.19636v1,arXiv,Q-D1
REC-06343,ARX:FORMAL-ARXIV-V12-Q-C3:2601.19287v1,ARX:FORMAL-ARXIV-V12-Q-S0:2601.19287v1,arXiv,Q-S0
REC-06347,ARX:FORMAL-ARXIV-V12-Q-C3:2601.17744v1,ARX:FORMAL-ARXIV-V12-Q-D1:2601.17744v1,arXiv,Q-D1
REC-06347,ARX:FORMAL-ARXIV-V12-Q-C3:2601.17744v1,ARX:FORMAL-ARXIV-V12-Q-D3:2601.17744v1,arXiv,Q-D3
REC-06351,ARX:FORMAL-ARXIV-V12-Q-C3:2602.13218v2,ARX:FORMAL-ARXIV-V12-Q-D1:2602.13218v2,arXiv,Q-D1
REC-06352,ARX:FORMAL-ARXIV-V12-Q-C3:2601.15630v2,ARX:FORMAL-ARXIV-V12-Q-D1:2601.15630v2,arXiv,Q-D1
REC-06352,ARX:FORMAL-ARXIV-V12-Q-C3:2601.15630v2,ARX:FORMAL-ARXIV-V12-Q-D2:2601.15630v2,arXiv,Q-D2
REC-06352,ARX:FORMAL-ARXIV-V12-Q-C3:2601.15630v2,ARX:FORMAL-ARXIV-V12-Q-D3:2601.15630v2,arXiv,Q-D3
REC-06356,ARX:FORMAL-ARXIV-V12-Q-C3:2601.14982v1,ARX:FORMAL-ARXIV-V12-Q-D1:2601.14982v1,arXiv,Q-D1
REC-06356,ARX:FORMAL-ARXIV-V12-Q-C3:2601.14982v1,ARX:FORMAL-ARXIV-V12-Q-D3:2601.14982v1,arXiv,Q-D3
REC-06357,ARX:FORMAL-ARXIV-V12-Q-C3:2602.13213v2,ARX:FORMAL-ARXIV-V12-Q-D3:2602.13213v2,arXiv,Q-D3
REC-06358,ARX:FORMAL-ARXIV-V12-Q-C3:2601.14606v1,ARX:FORMAL-ARXIV-V12-Q-D2:2601.14606v1,arXiv,Q-D2
REC-06359,ARX:FORMAL-ARXIV-V12-Q-C3:2601.14171v2,ARX:FORMAL-ARXIV-V12-Q-S0:2601.14171v2,arXiv,Q-S0
REC-06364,ARX:FORMAL-ARXIV-V12-Q-C3:2601.10520v2,ARX:FORMAL-ARXIV-V12-Q-D3:2601.10520v2,arXiv,Q-D3
REC-06366,ARX:FORMAL-ARXIV-V12-Q-C3:2602.06054v3,ARX:FORMAL-ARXIV-V12-Q-D2:2602.06054v3,arXiv,Q-D2
REC-06370,ARX:FORMAL-ARXIV-V12-Q-C3:2601.05918v1,ARX:FORMAL-ARXIV-V12-Q-D2:2601.05918v1,arXiv,Q-D2
REC-06371,ARX:FORMAL-ARXIV-V12-Q-C3:2601.05215v2,ARX:FORMAL-ARXIV-V12-Q-D3:2601.05215v2,arXiv,Q-D3
REC-06372,ARX:FORMAL-ARXIV-V12-Q-C3:2601.04886v2,ARX:FORMAL-ARXIV-V12-Q-S0:2601.04886v2,arXiv,Q-S0
REC-06373,ARX:FORMAL-ARXIV-V12-Q-C3:2601.04416v1,ARX:FORMAL-ARXIV-V12-Q-D2:2601.04416v1,arXiv,Q-D2
REC-06375,ARX:FORMAL-ARXIV-V12-Q-C3:2601.02196v2,ARX:FORMAL-ARXIV-V12-Q-S0:2601.02196v2,arXiv,Q-S0
REC-06378,ARX:FORMAL-ARXIV-V12-Q-C3:2601.00477v1,ARX:FORMAL-ARXIV-V12-Q-S0:2601.00477v1,arXiv,Q-S0
REC-06380,ARX:FORMAL-ARXIV-V12-Q-C3:2601.06093v2,ARX:FORMAL-ARXIV-V12-Q-D2:2601.06093v2,arXiv,Q-D2
REC-06380,ARX:FORMAL-ARXIV-V12-Q-C3:2601.06093v2,ARX:FORMAL-ARXIV-V12-Q-D3:2601.06093v2,arXiv,Q-D3
REC-06383,ARX:FORMAL-ARXIV-V12-Q-C3:2512.24189v1,ARX:FORMAL-ARXIV-V12-Q-D1:2512.24189v1,arXiv,Q-D1
REC-06387,ARX:FORMAL-ARXIV-V12-Q-C3:2512.20550v1,ARX:FORMAL-ARXIV-V12-Q-S0:2512.20550v1,arXiv,Q-S0
REC-06390,ARX:FORMAL-ARXIV-V12-Q-C3:2512.18265v1,ARX:FORMAL-ARXIV-V12-Q-D3:2512.18265v1,arXiv,Q-D3
REC-06395,ARX:FORMAL-ARXIV-V12-Q-C3:2512.11589v2,ARX:FORMAL-ARXIV-V12-Q-S0:2512.11589v2,arXiv,Q-S0
REC-06398,ARX:FORMAL-ARXIV-V12-Q-C3:2512.06060v1,ARX:FORMAL-ARXIV-V12-Q-D2:2512.06060v1,arXiv,Q-D2
REC-06398,ARX:FORMAL-ARXIV-V12-Q-C3:2512.06060v1,ARX:FORMAL-ARXIV-V12-Q-S0:2512.06060v1,arXiv,Q-S0
REC-06401,ARX:FORMAL-ARXIV-V12-Q-C3:2512.04822v1,ARX:FORMAL-ARXIV-V12-Q-D2:2512.04822v1,arXiv,Q-D2
REC-06404,ARX:FORMAL-ARXIV-V12-Q-C3:2512.03180v1,ARX:FORMAL-ARXIV-V12-Q-D1:2512.03180v1,arXiv,Q-D1
REC-06404,ARX:FORMAL-ARXIV-V12-Q-C3:2512.03180v1,ARX:FORMAL-ARXIV-V12-Q-D2:2512.03180v1,arXiv,Q-D2
REC-06404,ARX:FORMAL-ARXIV-V12-Q-C3:2512.03180v1,ARX:FORMAL-ARXIV-V12-Q-D3:2512.03180v1,arXiv,Q-D3
REC-06417,ARX:FORMAL-ARXIV-V12-Q-C3:2511.17959v1,ARX:FORMAL-ARXIV-V12-Q-S0:2511.17959v1,arXiv,Q-S0
REC-06422,ARX:FORMAL-ARXIV-V12-Q-C3:2511.15097v2,ARX:FORMAL-ARXIV-V12-Q-D1:2511.15097v2,arXiv,Q-D1
REC-06422,ARX:FORMAL-ARXIV-V12-Q-C3:2511.15097v2,ARX:FORMAL-ARXIV-V12-Q-D2:2511.15097v2,arXiv,Q-D2
REC-06422,ARX:FORMAL-ARXIV-V12-Q-C3:2511.15097v2,ARX:FORMAL-ARXIV-V12-Q-D3:2511.15097v2,arXiv,Q-D3
REC-06429,ARX:FORMAL-ARXIV-V12-Q-C3:2511.15712v1,ARX:FORMAL-ARXIV-V12-Q-D1:2511.15712v1,arXiv,Q-D1
REC-06429,ARX:FORMAL-ARXIV-V12-Q-C3:2511.15712v1,ARX:FORMAL-ARXIV-V12-Q-D2:2511.15712v1,arXiv,Q-D2
REC-06429,ARX:FORMAL-ARXIV-V12-Q-C3:2511.15712v1,ARX:FORMAL-ARXIV-V12-Q-S0:2511.15712v1,arXiv,Q-S0
REC-06431,ARX:FORMAL-ARXIV-V12-Q-C3:2510.27287v1,ARX:FORMAL-ARXIV-V12-Q-D2:2510.27287v1,arXiv,Q-D2
REC-06432,ARX:FORMAL-ARXIV-V12-Q-C3:2510.26752v2,ARX:FORMAL-ARXIV-V12-Q-S0:2510.26752v2,arXiv,Q-S0
REC-06433,ARX:FORMAL-ARXIV-V12-Q-C3:2510.26702v1,ARX:FORMAL-ARXIV-V12-Q-S0:2510.26702v1,arXiv,Q-S0
REC-06437,ARX:FORMAL-ARXIV-V12-Q-C3:2510.19324v1,ARX:FORMAL-ARXIV-V12-Q-S0:2510.19324v1,arXiv,Q-S0
REC-06438,ARX:FORMAL-ARXIV-V12-Q-C3:2510.18104v1,ARX:FORMAL-ARXIV-V12-Q-D1:2510.18104v1,arXiv,Q-D1
REC-06443,ARX:FORMAL-ARXIV-V12-Q-C3:2510.11414v1,ARX:FORMAL-ARXIV-V12-Q-D1:2510.11414v1,arXiv,Q-D1
REC-06443,ARX:FORMAL-ARXIV-V12-Q-C3:2510.11414v1,ARX:FORMAL-ARXIV-V12-Q-S0:2510.11414v1,arXiv,Q-S0
REC-06452,ARX:FORMAL-ARXIV-V12-Q-C3:2510.04465v3,ARX:FORMAL-ARXIV-V12-Q-D2:2510.04465v3,arXiv,Q-D2
REC-06457,ARX:FORMAL-ARXIV-V12-Q-C3:2509.25974v1,ARX:FORMAL-ARXIV-V12-Q-D1:2509.25974v1,arXiv,Q-D1
REC-06457,ARX:FORMAL-ARXIV-V12-Q-C3:2509.25974v1,ARX:FORMAL-ARXIV-V12-Q-S0:2509.25974v1,arXiv,Q-S0
REC-06463,ARX:FORMAL-ARXIV-V12-Q-C3:2509.21891v2,ARX:FORMAL-ARXIV-V12-Q-S0:2509.21891v2,arXiv,Q-S0
REC-06465,ARX:FORMAL-ARXIV-V12-Q-C3:2510.02325v1,ARX:FORMAL-ARXIV-V12-Q-D1:2510.02325v1,arXiv,Q-D1
REC-06467,ARX:FORMAL-ARXIV-V12-Q-C3:2510.05107v5,ARX:FORMAL-ARXIV-V12-Q-D1:2510.05107v5,arXiv,Q-D1
REC-06476,ARX:FORMAL-ARXIV-V12-Q-C3:2510.15898v1,ARX:FORMAL-ARXIV-V12-Q-S0:2510.15898v1,arXiv,Q-S0
REC-06477,ARX:FORMAL-ARXIV-V12-Q-C3:2509.07131v1,ARX:FORMAL-ARXIV-V12-Q-D2:2509.07131v1,arXiv,Q-D2
REC-06477,ARX:FORMAL-ARXIV-V12-Q-C3:2509.07131v1,ARX:FORMAL-ARXIV-V12-Q-S0:2509.07131v1,arXiv,Q-S0
REC-06481,ARX:FORMAL-ARXIV-V12-Q-C3:2509.00085v1,ARX:FORMAL-ARXIV-V12-Q-D1:2509.00085v1,arXiv,Q-D1
REC-06492,ARX:FORMAL-ARXIV-V12-Q-C3:2508.03858v4,ARX:FORMAL-ARXIV-V12-Q-D2:2508.03858v4,arXiv,Q-D2
REC-06492,ARX:FORMAL-ARXIV-V12-Q-C3:2508.03858v4,ARX:FORMAL-ARXIV-V12-Q-D3:2508.03858v4,arXiv,Q-D3
REC-06498,ARX:FORMAL-ARXIV-V12-Q-C3:2507.08038v3,ARX:FORMAL-ARXIV-V12-Q-D3:2507.08038v3,arXiv,Q-D3
REC-06506,ARX:FORMAL-ARXIV-V12-Q-C3:2506.13794v1,ARX:FORMAL-ARXIV-V12-Q-D1:2506.13794v1,arXiv,Q-D1
REC-06517,ARX:FORMAL-ARXIV-V12-Q-C3:2505.11579v3,ARX:FORMAL-ARXIV-V12-Q-D3:2505.11579v3,arXiv,Q-D3
REC-06526,ARX:FORMAL-ARXIV-V12-Q-C3:2504.17669v2,ARX:FORMAL-ARXIV-V12-Q-D1:2504.17669v2,arXiv,Q-D1
REC-06526,ARX:FORMAL-ARXIV-V12-Q-C3:2504.17669v2,ARX:FORMAL-ARXIV-V12-Q-D2:2504.17669v2,arXiv,Q-D2
REC-06526,ARX:FORMAL-ARXIV-V12-Q-C3:2504.17669v2,ARX:FORMAL-ARXIV-V12-Q-D3:2504.17669v2,arXiv,Q-D3
REC-06528,ARX:FORMAL-ARXIV-V12-Q-C3:2504.12865v2,ARX:FORMAL-ARXIV-V12-Q-S0:2504.12865v2,arXiv,Q-S0
REC-06532,ARX:FORMAL-ARXIV-V12-Q-C3:2504.01848v3,ARX:FORMAL-ARXIV-V12-Q-D3:2504.01848v3,arXiv,Q-D3
REC-06538,ARX:FORMAL-ARXIV-V12-Q-C3:2503.02784v3,ARX:FORMAL-ARXIV-V12-Q-D1:2503.02784v3,arXiv,Q-D1
REC-06553,ARX:FORMAL-ARXIV-V12-Q-C3:2501.17070v3,ARX:FORMAL-ARXIV-V12-Q-S0:2501.17070v3,arXiv,Q-S0
REC-06558,ARX:FORMAL-ARXIV-V12-Q-C3:2501.09674v1,ARX:FORMAL-ARXIV-V12-Q-D1:2501.09674v1,arXiv,Q-D1
REC-06558,ARX:FORMAL-ARXIV-V12-Q-C3:2501.09674v1,ARX:FORMAL-ARXIV-V12-Q-S0:2501.09674v1,arXiv,Q-S0
REC-06564,ARX:FORMAL-ARXIV-V12-Q-C3:2412.14490v1,ARX:FORMAL-ARXIV-V12-Q-S0:2412.14490v1,arXiv,Q-S0
REC-06581,ARX:FORMAL-ARXIV-V12-Q-C3:2410.01927v1,ARX:FORMAL-ARXIV-V12-Q-D2:2410.01927v1,arXiv,Q-D2
REC-06581,ARX:FORMAL-ARXIV-V12-Q-C3:2410.01927v1,ARX:FORMAL-ARXIV-V12-Q-S0:2410.01927v1,arXiv,Q-S0
REC-06593,ARX:FORMAL-ARXIV-V12-Q-C3:2407.20983v2,ARX:FORMAL-ARXIV-V12-Q-S0:2407.20983v2,arXiv,Q-S0
REC-06595,ARX:FORMAL-ARXIV-V12-Q-C3:2407.16741v3,ARX:FORMAL-ARXIV-V12-Q-D2:2407.16741v3,arXiv,Q-D2
REC-06601,ARX:FORMAL-ARXIV-V12-Q-C3:2406.14373v3,ARX:FORMAL-ARXIV-V12-Q-D2:2406.14373v3,arXiv,Q-D2
REC-06606,ARX:FORMAL-ARXIV-V12-Q-C3:2406.07217v2,ARX:FORMAL-ARXIV-V12-Q-D1:2406.07217v2,arXiv,Q-D1
REC-06606,ARX:FORMAL-ARXIV-V12-Q-C3:2406.07217v2,ARX:FORMAL-ARXIV-V12-Q-D2:2406.07217v2,arXiv,Q-D2
REC-06607,ARX:FORMAL-ARXIV-V12-Q-C3:2406.16903v1,ARX:FORMAL-ARXIV-V12-Q-S0:2406.16903v1,arXiv,Q-S0
REC-06615,ARX:FORMAL-ARXIV-V12-Q-C3:2404.17053v1,ARX:FORMAL-ARXIV-V12-Q-S0:2404.17053v1,arXiv,Q-S0
REC-06671,ARX:FORMAL-ARXIV-V12-Q-C3:2307.06951v1,ARX:FORMAL-ARXIV-V12-Q-D2:2307.06951v1,arXiv,Q-D2
REC-06706,ARX:FORMAL-ARXIV-V12-Q-D1:2608.00326v2,ARX:FORMAL-ARXIV-V12-Q-D3:2608.00326v2,arXiv,Q-D3
REC-06707,ARX:FORMAL-ARXIV-V12-Q-D1:2608.00303v1,ARX:FORMAL-ARXIV-V12-Q-D3:2608.00303v1,arXiv,Q-D3
REC-06710,ARX:FORMAL-ARXIV-V12-Q-D1:2607.29405v1,ARX:FORMAL-ARXIV-V12-Q-D2:2607.29405v1,arXiv,Q-D2
REC-06713,ARX:FORMAL-ARXIV-V12-Q-D1:2608.11234v1,ARX:FORMAL-ARXIV-V12-Q-S0:2608.11234v1,arXiv,Q-S0
REC-06717,ARX:FORMAL-ARXIV-V12-Q-D1:2607.28330v1,ARX:FORMAL-ARXIV-V12-Q-D2:2607.28330v1,arXiv,Q-D2
REC-06719,ARX:FORMAL-ARXIV-V12-Q-D1:2607.28103v1,ARX:FORMAL-ARXIV-V12-Q-D2:2607.28103v1,arXiv,Q-D2
REC-06719,ARX:FORMAL-ARXIV-V12-Q-D1:2607.28103v1,ARX:FORMAL-ARXIV-V12-Q-S0:2607.28103v1,arXiv,Q-S0
REC-06729,ARX:FORMAL-ARXIV-V12-Q-D1:2607.27288v1,ARX:FORMAL-ARXIV-V12-Q-D2:2607.27288v1,arXiv,Q-D2
REC-06730,ARX:FORMAL-ARXIV-V12-Q-D1:2607.26977v2,ARX:FORMAL-ARXIV-V12-Q-D2:2607.26977v2,arXiv,Q-D2
REC-06731,ARX:FORMAL-ARXIV-V12-Q-D1:2607.26643v1,ARX:FORMAL-ARXIV-V12-Q-D2:2607.26643v1,arXiv,Q-D2
REC-06734,ARX:FORMAL-ARXIV-V12-Q-D1:2608.07538v1,ARX:FORMAL-ARXIV-V12-Q-D2:2608.07538v1,arXiv,Q-D2
REC-06736,ARX:FORMAL-ARXIV-V12-Q-D1:2607.26385v1,ARX:FORMAL-ARXIV-V12-Q-D2:2607.26385v1,arXiv,Q-D2
REC-06738,ARX:FORMAL-ARXIV-V12-Q-D1:2607.26314v1,ARX:FORMAL-ARXIV-V12-Q-D2:2607.26314v1,arXiv,Q-D2
REC-06738,ARX:FORMAL-ARXIV-V12-Q-D1:2607.26314v1,ARX:FORMAL-ARXIV-V12-Q-S0:2607.26314v1,arXiv,Q-S0
REC-06739,ARX:FORMAL-ARXIV-V12-Q-D1:2607.26313v1,ARX:FORMAL-ARXIV-V12-Q-D2:2607.26313v1,arXiv,Q-D2
REC-06741,ARX:FORMAL-ARXIV-V12-Q-D1:2607.25886v1,ARX:FORMAL-ARXIV-V12-Q-D2:2607.25886v1,arXiv,Q-D2
REC-06741,ARX:FORMAL-ARXIV-V12-Q-D1:2607.25886v1,ARX:FORMAL-ARXIV-V12-Q-D3:2607.25886v1,arXiv,Q-D3
REC-06745,ARX:FORMAL-ARXIV-V12-Q-D1:2607.25379v2,ARX:FORMAL-ARXIV-V12-Q-D2:2607.25379v2,arXiv,Q-D2
REC-06745,ARX:FORMAL-ARXIV-V12-Q-D1:2607.25379v2,ARX:FORMAL-ARXIV-V12-Q-D3:2607.25379v2,arXiv,Q-D3
REC-06745,ARX:FORMAL-ARXIV-V12-Q-D1:2607.25379v2,ARX:FORMAL-ARXIV-V12-Q-S0:2607.25379v2,arXiv,Q-S0
REC-06747,ARX:FORMAL-ARXIV-V12-Q-D1:2607.25152v1,ARX:FORMAL-ARXIV-V12-Q-D3:2607.25152v1,arXiv,Q-D3
REC-06749,ARX:FORMAL-ARXIV-V12-Q-D1:2607.24339v1,ARX:FORMAL-ARXIV-V12-Q-D2:2607.24339v1,arXiv,Q-D2
REC-06749,ARX:FORMAL-ARXIV-V12-Q-D1:2607.24339v1,ARX:FORMAL-ARXIV-V12-Q-D3:2607.24339v1,arXiv,Q-D3
REC-06752,ARX:FORMAL-ARXIV-V12-Q-D1:2607.23614v2,ARX:FORMAL-ARXIV-V12-Q-D2:2607.23614v2,arXiv,Q-D2
REC-06754,ARX:FORMAL-ARXIV-V12-Q-D1:2607.23147v1,ARX:FORMAL-ARXIV-V12-Q-D2:2607.23147v1,arXiv,Q-D2
REC-06754,ARX:FORMAL-ARXIV-V12-Q-D1:2607.23147v1,ARX:FORMAL-ARXIV-V12-Q-S0:2607.23147v1,arXiv,Q-S0
REC-06755,ARX:FORMAL-ARXIV-V12-Q-D1:2607.23123v1,ARX:FORMAL-ARXIV-V12-Q-D3:2607.23123v1,arXiv,Q-D3
REC-06761,ARX:FORMAL-ARXIV-V12-Q-D1:2607.21763v1,ARX:FORMAL-ARXIV-V12-Q-D2:2607.21763v1,arXiv,Q-D2
REC-06762,ARX:FORMAL-ARXIV-V12-Q-D1:2607.21533v1,ARX:FORMAL-ARXIV-V12-Q-D3:2607.21533v1,arXiv,Q-D3
REC-06766,ARX:FORMAL-ARXIV-V12-Q-D1:2607.19913v1,ARX:FORMAL-ARXIV-V12-Q-S0:2607.19913v1,arXiv,Q-S0
REC-06770,ARX:FORMAL-ARXIV-V12-Q-D1:2607.21642v2,ARX:FORMAL-ARXIV-V12-Q-D2:2607.21642v2,arXiv,Q-D2
REC-06770,ARX:FORMAL-ARXIV-V12-Q-D1:2607.21642v2,ARX:FORMAL-ARXIV-V12-Q-D3:2607.21642v2,arXiv,Q-D3
REC-06771,ARX:FORMAL-ARXIV-V12-Q-D1:2607.19297v1,ARX:FORMAL-ARXIV-V12-Q-D3:2607.19297v1,arXiv,Q-D3
REC-06772,ARX:FORMAL-ARXIV-V12-Q-D1:2607.19262v1,ARX:FORMAL-ARXIV-V12-Q-D2:2607.19262v1,arXiv,Q-D2
REC-06774,ARX:FORMAL-ARXIV-V12-Q-D1:2607.19449v1,ARX:FORMAL-ARXIV-V12-Q-D2:2607.19449v1,arXiv,Q-D2
REC-06774,ARX:FORMAL-ARXIV-V12-Q-D1:2607.19449v1,ARX:FORMAL-ARXIV-V12-Q-S0:2607.19449v1,arXiv,Q-S0
REC-06777,ARX:FORMAL-ARXIV-V12-Q-D1:2607.18665v1,ARX:FORMAL-ARXIV-V12-Q-D2:2607.18665v1,arXiv,Q-D2
REC-06777,ARX:FORMAL-ARXIV-V12-Q-D1:2607.18665v1,ARX:FORMAL-ARXIV-V12-Q-D3:2607.18665v1,arXiv,Q-D3
REC-06778,ARX:FORMAL-ARXIV-V12-Q-D1:2607.18039v1,ARX:FORMAL-ARXIV-V12-Q-D2:2607.18039v1,arXiv,Q-D2
REC-06778,ARX:FORMAL-ARXIV-V12-Q-D1:2607.18039v1,ARX:FORMAL-ARXIV-V12-Q-D3:2607.18039v1,arXiv,Q-D3
REC-06780,ARX:FORMAL-ARXIV-V12-Q-D1:2607.17883v1,ARX:FORMAL-ARXIV-V12-Q-D2:2607.17883v1,arXiv,Q-D2
REC-06780,ARX:FORMAL-ARXIV-V12-Q-D1:2607.17883v1,ARX:FORMAL-ARXIV-V12-Q-D3:2607.17883v1,arXiv,Q-D3
REC-06781,ARX:FORMAL-ARXIV-V12-Q-D1:2607.17641v1,ARX:FORMAL-ARXIV-V12-Q-D3:2607.17641v1,arXiv,Q-D3
REC-06784,ARX:FORMAL-ARXIV-V12-Q-D1:2607.16848v1,ARX:FORMAL-ARXIV-V12-Q-D3:2607.16848v1,arXiv,Q-D3
REC-06786,ARX:FORMAL-ARXIV-V12-Q-D1:2607.18316v1,ARX:FORMAL-ARXIV-V12-Q-D2:2607.18316v1,arXiv,Q-D2
REC-06786,ARX:FORMAL-ARXIV-V12-Q-D1:2607.18316v1,ARX:FORMAL-ARXIV-V12-Q-D3:2607.18316v1,arXiv,Q-D3
REC-06790,ARX:FORMAL-ARXIV-V12-Q-D1:2607.15079v2,ARX:FORMAL-ARXIV-V12-Q-D3:2607.15079v2,arXiv,Q-D3
REC-06791,ARX:FORMAL-ARXIV-V12-Q-D1:2607.14896v2,ARX:FORMAL-ARXIV-V12-Q-D3:2607.14896v2,arXiv,Q-D3
REC-06792,ARX:FORMAL-ARXIV-V12-Q-D1:2607.14890v1,ARX:FORMAL-ARXIV-V12-Q-D3:2607.14890v1,arXiv,Q-D3
REC-06794,ARX:FORMAL-ARXIV-V12-Q-D1:2607.14340v1,ARX:FORMAL-ARXIV-V12-Q-D2:2607.14340v1,arXiv,Q-D2
REC-06794,ARX:FORMAL-ARXIV-V12-Q-D1:2607.14340v1,ARX:FORMAL-ARXIV-V12-Q-S0:2607.14340v1,arXiv,Q-S0
REC-06796,ARX:FORMAL-ARXIV-V12-Q-D1:2607.14275v1,ARX:FORMAL-ARXIV-V12-Q-D2:2607.14275v1,arXiv,Q-D2
REC-06798,ARX:FORMAL-ARXIV-V12-Q-D1:2607.13716v1,ARX:FORMAL-ARXIV-V12-Q-D2:2607.13716v1,arXiv,Q-D2
REC-06799,ARX:FORMAL-ARXIV-V12-Q-D1:2607.14171v1,ARX:FORMAL-ARXIV-V12-Q-D2:2607.14171v1,arXiv,Q-D2
REC-06802,ARX:FORMAL-ARXIV-V12-Q-D1:2607.13411v1,ARX:FORMAL-ARXIV-V12-Q-D2:2607.13411v1,arXiv,Q-D2
REC-06802,ARX:FORMAL-ARXIV-V12-Q-D1:2607.13411v1,ARX:FORMAL-ARXIV-V12-Q-D3:2607.13411v1,arXiv,Q-D3
REC-06802,ARX:FORMAL-ARXIV-V12-Q-D1:2607.13411v1,ARX:FORMAL-ARXIV-V12-Q-S0:2607.13411v1,arXiv,Q-S0
REC-06810,ARX:FORMAL-ARXIV-V12-Q-D1:2607.12122v1,ARX:FORMAL-ARXIV-V12-Q-D3:2607.12122v1,arXiv,Q-D3
REC-06812,ARX:FORMAL-ARXIV-V12-Q-D1:2607.11390v1,ARX:FORMAL-ARXIV-V12-Q-D2:2607.11390v1,arXiv,Q-D2
REC-06814,ARX:FORMAL-ARXIV-V12-Q-D1:2607.11276v1,ARX:FORMAL-ARXIV-V12-Q-D2:2607.11276v1,arXiv,Q-D2
REC-06816,ARX:FORMAL-ARXIV-V12-Q-D1:2607.11149v3,ARX:FORMAL-ARXIV-V12-Q-D2:2607.11149v3,arXiv,Q-D2
REC-06816,ARX:FORMAL-ARXIV-V12-Q-D1:2607.11149v3,ARX:FORMAL-ARXIV-V12-Q-D3:2607.11149v3,arXiv,Q-D3
REC-06818,ARX:FORMAL-ARXIV-V12-Q-D1:2607.10814v1,ARX:FORMAL-ARXIV-V12-Q-D2:2607.10814v1,arXiv,Q-D2
REC-06819,ARX:FORMAL-ARXIV-V12-Q-D1:2607.10736v1,ARX:FORMAL-ARXIV-V12-Q-D3:2607.10736v1,arXiv,Q-D3
REC-06820,ARX:FORMAL-ARXIV-V12-Q-D1:2607.10534v1,ARX:FORMAL-ARXIV-V12-Q-D2:2607.10534v1,arXiv,Q-D2
REC-06823,ARX:FORMAL-ARXIV-V12-Q-D1:2607.10455v1,ARX:FORMAL-ARXIV-V12-Q-D3:2607.10455v1,arXiv,Q-D3
REC-06824,ARX:FORMAL-ARXIV-V12-Q-D1:2607.10265v2,ARX:FORMAL-ARXIV-V12-Q-D2:2607.10265v2,arXiv,Q-D2
REC-06826,ARX:FORMAL-ARXIV-V12-Q-D1:2607.10113v1,ARX:FORMAL-ARXIV-V12-Q-D3:2607.10113v1,arXiv,Q-D3
REC-06827,ARX:FORMAL-ARXIV-V12-Q-D1:2607.19409v1,ARX:FORMAL-ARXIV-V12-Q-D3:2607.19409v1,arXiv,Q-D3
REC-06831,ARX:FORMAL-ARXIV-V12-Q-D1:2607.09016v1,ARX:FORMAL-ARXIV-V12-Q-D3:2607.09016v1,arXiv,Q-D3
REC-06832,ARX:FORMAL-ARXIV-V12-Q-D1:2607.08681v1,ARX:FORMAL-ARXIV-V12-Q-D2:2607.08681v1,arXiv,Q-D2
REC-06833,ARX:FORMAL-ARXIV-V12-Q-D1:2607.08652v1,ARX:FORMAL-ARXIV-V12-Q-D3:2607.08652v1,arXiv,Q-D3
REC-06834,ARX:FORMAL-ARXIV-V12-Q-D1:2607.08400v1,ARX:FORMAL-ARXIV-V12-Q-D2:2607.08400v1,arXiv,Q-D2
REC-06838,ARX:FORMAL-ARXIV-V12-Q-D1:2607.07695v1,ARX:FORMAL-ARXIV-V12-Q-S0:2607.07695v1,arXiv,Q-S0
REC-06841,ARX:FORMAL-ARXIV-V12-Q-D1:2607.07474v1,ARX:FORMAL-ARXIV-V12-Q-D2:2607.07474v1,arXiv,Q-D2
REC-06841,ARX:FORMAL-ARXIV-V12-Q-D1:2607.07474v1,ARX:FORMAL-ARXIV-V12-Q-S0:2607.07474v1,arXiv,Q-S0
REC-06845,ARX:FORMAL-ARXIV-V12-Q-D1:2607.09770v1,ARX:FORMAL-ARXIV-V12-Q-D2:2607.09770v1,arXiv,Q-D2
REC-06847,ARX:FORMAL-ARXIV-V12-Q-D1:2607.05773v1,ARX:FORMAL-ARXIV-V12-Q-D2:2607.05773v1,arXiv,Q-D2
REC-06848,ARX:FORMAL-ARXIV-V12-Q-D1:2607.05682v2,ARX:FORMAL-ARXIV-V12-Q-D3:2607.05682v2,arXiv,Q-D3
REC-06851,ARX:FORMAL-ARXIV-V12-Q-D1:2607.05462v2,ARX:FORMAL-ARXIV-V12-Q-S0:2607.05462v2,arXiv,Q-S0
REC-06853,ARX:FORMAL-ARXIV-V12-Q-D1:2607.04558v1,ARX:FORMAL-ARXIV-V12-Q-D2:2607.04558v1,arXiv,Q-D2
REC-06853,ARX:FORMAL-ARXIV-V12-Q-D1:2607.04558v1,ARX:FORMAL-ARXIV-V12-Q-D3:2607.04558v1,arXiv,Q-D3
REC-06854,ARX:FORMAL-ARXIV-V12-Q-D1:2607.04542v1,ARX:FORMAL-ARXIV-V12-Q-D2:2607.04542v1,arXiv,Q-D2
REC-06855,ARX:FORMAL-ARXIV-V12-Q-D1:2607.04528v1,ARX:FORMAL-ARXIV-V12-Q-D3:2607.04528v1,arXiv,Q-D3
REC-06858,ARX:FORMAL-ARXIV-V12-Q-D1:2608.12359v1,ARX:FORMAL-ARXIV-V12-Q-D3:2608.12359v1,arXiv,Q-D3
REC-06859,ARX:FORMAL-ARXIV-V12-Q-D1:2607.20510v1,ARX:FORMAL-ARXIV-V12-Q-D2:2607.20510v1,arXiv,Q-D2
REC-06860,ARX:FORMAL-ARXIV-V12-Q-D1:2607.03601v1,ARX:FORMAL-ARXIV-V12-Q-D3:2607.03601v1,arXiv,Q-D3
REC-06862,ARX:FORMAL-ARXIV-V12-Q-D1:2607.03220v1,ARX:FORMAL-ARXIV-V12-Q-D2:2607.03220v1,arXiv,Q-D2
REC-06862,ARX:FORMAL-ARXIV-V12-Q-D1:2607.03220v1,ARX:FORMAL-ARXIV-V12-Q-D3:2607.03220v1,arXiv,Q-D3
REC-06868,ARX:FORMAL-ARXIV-V12-Q-D1:2607.01793v2,ARX:FORMAL-ARXIV-V12-Q-D2:2607.01793v2,arXiv,Q-D2
REC-06868,ARX:FORMAL-ARXIV-V12-Q-D1:2607.01793v2,ARX:FORMAL-ARXIV-V12-Q-S0:2607.01793v2,arXiv,Q-S0
REC-06874,ARX:FORMAL-ARXIV-V12-Q-D1:2607.01421v1,ARX:FORMAL-ARXIV-V12-Q-D2:2607.01421v1,arXiv,Q-D2
REC-06874,ARX:FORMAL-ARXIV-V12-Q-D1:2607.01421v1,ARX:FORMAL-ARXIV-V12-Q-D3:2607.01421v1,arXiv,Q-D3
REC-06874,ARX:FORMAL-ARXIV-V12-Q-D1:2607.01421v1,ARX:FORMAL-ARXIV-V12-Q-S0:2607.01421v1,arXiv,Q-S0
REC-06886,ARX:FORMAL-ARXIV-V12-Q-D1:2606.30877v1,ARX:FORMAL-ARXIV-V12-Q-D3:2606.30877v1,arXiv,Q-D3
REC-06890,ARX:FORMAL-ARXIV-V12-Q-D1:2608.00017v1,ARX:FORMAL-ARXIV-V12-Q-D3:2608.00017v1,arXiv,Q-D3
REC-06893,ARX:FORMAL-ARXIV-V12-Q-D1:2606.29719v1,ARX:FORMAL-ARXIV-V12-Q-D2:2606.29719v1,arXiv,Q-D2
REC-06895,ARX:FORMAL-ARXIV-V12-Q-D1:2606.29279v1,ARX:FORMAL-ARXIV-V12-Q-D2:2606.29279v1,arXiv,Q-D2
REC-06895,ARX:FORMAL-ARXIV-V12-Q-D1:2606.29279v1,ARX:FORMAL-ARXIV-V12-Q-D3:2606.29279v1,arXiv,Q-D3
REC-06900,ARX:FORMAL-ARXIV-V12-Q-D1:2606.27472v1,ARX:FORMAL-ARXIV-V12-Q-D2:2606.27472v1,arXiv,Q-D2
REC-06900,ARX:FORMAL-ARXIV-V12-Q-D1:2606.27472v1,ARX:FORMAL-ARXIV-V12-Q-D3:2606.27472v1,arXiv,Q-D3
REC-06904,ARX:FORMAL-ARXIV-V12-Q-D1:2606.26403v1,ARX:FORMAL-ARXIV-V12-Q-D3:2606.26403v1,arXiv,Q-D3
REC-06904,ARX:FORMAL-ARXIV-V12-Q-D1:2606.26403v1,ARX:FORMAL-ARXIV-V12-Q-S2:2606.26403v1,arXiv,Q-S2
REC-06905,ARX:FORMAL-ARXIV-V12-Q-D1:2606.26350v1,ARX:FORMAL-ARXIV-V12-Q-D2:2606.26350v1,arXiv,Q-D2
REC-06909,ARX:FORMAL-ARXIV-V12-Q-D1:2606.25139v1,ARX:FORMAL-ARXIV-V12-Q-D3:2606.25139v1,arXiv,Q-D3
REC-06910,ARX:FORMAL-ARXIV-V12-Q-D1:2606.24820v1,ARX:FORMAL-ARXIV-V12-Q-D3:2606.24820v1,arXiv,Q-D3
REC-06912,ARX:FORMAL-ARXIV-V12-Q-D1:2608.04018v1,ARX:FORMAL-ARXIV-V12-Q-D2:2608.04018v1,arXiv,Q-D2
REC-06912,ARX:FORMAL-ARXIV-V12-Q-D1:2608.04018v1,ARX:FORMAL-ARXIV-V12-Q-S0:2608.04018v1,arXiv,Q-S0
REC-06913,ARX:FORMAL-ARXIV-V12-Q-D1:2606.24595v1,ARX:FORMAL-ARXIV-V12-Q-D3:2606.24595v1,arXiv,Q-D3
REC-06915,ARX:FORMAL-ARXIV-V12-Q-D1:2606.23991v1,ARX:FORMAL-ARXIV-V12-Q-D3:2606.23991v1,arXiv,Q-D3
REC-06916,ARX:FORMAL-ARXIV-V12-Q-D1:2606.23927v1,ARX:FORMAL-ARXIV-V12-Q-D2:2606.23927v1,arXiv,Q-D2
REC-06923,ARX:FORMAL-ARXIV-V12-Q-D1:2606.22613v1,ARX:FORMAL-ARXIV-V12-Q-D2:2606.22613v1,arXiv,Q-D2
REC-06925,ARX:FORMAL-ARXIV-V12-Q-D1:2606.22484v2,ARX:FORMAL-ARXIV-V12-Q-D3:2606.22484v2,arXiv,Q-D3
REC-06930,ARX:FORMAL-ARXIV-V12-Q-D1:2606.21565v1,ARX:FORMAL-ARXIV-V12-Q-D2:2606.21565v1,arXiv,Q-D2
REC-06931,ARX:FORMAL-ARXIV-V12-Q-D1:2607.26064v1,ARX:FORMAL-ARXIV-V12-Q-D3:2607.26064v1,arXiv,Q-D3
REC-06933,ARX:FORMAL-ARXIV-V12-Q-D1:2606.20408v3,ARX:FORMAL-ARXIV-V12-Q-D2:2606.20408v3,arXiv,Q-D2
REC-06933,ARX:FORMAL-ARXIV-V12-Q-D1:2606.20408v3,ARX:FORMAL-ARXIV-V12-Q-S0:2606.20408v3,arXiv,Q-S0
REC-06935,ARX:FORMAL-ARXIV-V12-Q-D1:2606.19659v1,ARX:FORMAL-ARXIV-V12-Q-D2:2606.19659v1,arXiv,Q-D2
REC-06936,ARX:FORMAL-ARXIV-V12-Q-D1:2606.19501v2,ARX:FORMAL-ARXIV-V12-Q-S0:2606.19501v2,arXiv,Q-S0
REC-06937,ARX:FORMAL-ARXIV-V12-Q-D1:2606.19245v2,ARX:FORMAL-ARXIV-V12-Q-D3:2606.19245v2,arXiv,Q-D3
REC-06938,ARX:FORMAL-ARXIV-V12-Q-D1:2606.19242v1,ARX:FORMAL-ARXIV-V12-Q-D2:2606.19242v1,arXiv,Q-D2
REC-06940,ARX:FORMAL-ARXIV-V12-Q-D1:2606.18789v1,ARX:FORMAL-ARXIV-V12-Q-D2:2606.18789v1,arXiv,Q-D2
REC-06942,ARX:FORMAL-ARXIV-V12-Q-D1:2606.18619v1,ARX:FORMAL-ARXIV-V12-Q-D2:2606.18619v1,arXiv,Q-D2
REC-06943,ARX:FORMAL-ARXIV-V12-Q-D1:2606.18467v1,ARX:FORMAL-ARXIV-V12-Q-S0:2606.18467v1,arXiv,Q-S0
REC-06946,ARX:FORMAL-ARXIV-V12-Q-D1:2606.18037v2,ARX:FORMAL-ARXIV-V12-Q-D2:2606.18037v2,arXiv,Q-D2
REC-06948,ARX:FORMAL-ARXIV-V12-Q-D1:2607.20498v1,ARX:FORMAL-ARXIV-V12-Q-D3:2607.20498v1,arXiv,Q-D3
REC-06953,ARX:FORMAL-ARXIV-V12-Q-D1:2606.19386v1,ARX:FORMAL-ARXIV-V12-Q-D2:2606.19386v1,arXiv,Q-D2
REC-06954,ARX:FORMAL-ARXIV-V12-Q-D1:2606.17203v1,ARX:FORMAL-ARXIV-V12-Q-D2:2606.17203v1,arXiv,Q-D2
REC-06957,ARX:FORMAL-ARXIV-V12-Q-D1:2606.16420v1,ARX:FORMAL-ARXIV-V12-Q-S0:2606.16420v1,arXiv,Q-S0
REC-06961,ARX:FORMAL-ARXIV-V12-Q-D1:2606.15709v1,ARX:FORMAL-ARXIV-V12-Q-D2:2606.15709v1,arXiv,Q-D2
REC-06962,ARX:FORMAL-ARXIV-V12-Q-D1:2606.15473v1,ARX:FORMAL-ARXIV-V12-Q-S0:2606.15473v1,arXiv,Q-S0
REC-06964,ARX:FORMAL-ARXIV-V12-Q-D1:2606.15077v1,ARX:FORMAL-ARXIV-V12-Q-D2:2606.15077v1,arXiv,Q-D2
REC-06964,ARX:FORMAL-ARXIV-V12-Q-D1:2606.15077v1,ARX:FORMAL-ARXIV-V12-Q-S0:2606.15077v1,arXiv,Q-S0
REC-06965,ARX:FORMAL-ARXIV-V12-Q-D1:2606.14923v1,ARX:FORMAL-ARXIV-V12-Q-D3:2606.14923v1,arXiv,Q-D3
REC-06966,ARX:FORMAL-ARXIV-V12-Q-D1:2606.14594v1,ARX:FORMAL-ARXIV-V12-Q-D3:2606.14594v1,arXiv,Q-D3
REC-06967,ARX:FORMAL-ARXIV-V12-Q-D1:2606.14589v1,ARX:FORMAL-ARXIV-V12-Q-D2:2606.14589v1,arXiv,Q-D2
REC-06968,ARX:FORMAL-ARXIV-V12-Q-D1:2606.14831v1,ARX:FORMAL-ARXIV-V12-Q-D2:2606.14831v1,arXiv,Q-D2
REC-06968,ARX:FORMAL-ARXIV-V12-Q-D1:2606.14831v1,ARX:FORMAL-ARXIV-V12-Q-D3:2606.14831v1,arXiv,Q-D3
REC-06969,ARX:FORMAL-ARXIV-V12-Q-D1:2606.20669v1,ARX:FORMAL-ARXIV-V12-Q-D2:2606.20669v1,arXiv,Q-D2
REC-06972,ARX:FORMAL-ARXIV-V12-Q-D1:2606.14219v1,ARX:FORMAL-ARXIV-V12-Q-D3:2606.14219v1,arXiv,Q-D3
REC-06974,ARX:FORMAL-ARXIV-V12-Q-D1:2606.13602v1,ARX:FORMAL-ARXIV-V12-Q-D3:2606.13602v1,arXiv,Q-D3
REC-06975,ARX:FORMAL-ARXIV-V12-Q-D1:2606.13474v2,ARX:FORMAL-ARXIV-V12-Q-D2:2606.13474v2,arXiv,Q-D2
REC-06983,ARX:FORMAL-ARXIV-V12-Q-D1:2606.11688v1,ARX:FORMAL-ARXIV-V12-Q-D3:2606.11688v1,arXiv,Q-D3
REC-06983,ARX:FORMAL-ARXIV-V12-Q-D1:2606.11688v1,ARX:FORMAL-ARXIV-V12-Q-S0:2606.11688v1,arXiv,Q-S0
REC-06987,ARX:FORMAL-ARXIV-V12-Q-D1:2606.11337v1,ARX:FORMAL-ARXIV-V12-Q-D2:2606.11337v1,arXiv,Q-D2
REC-06989,ARX:FORMAL-ARXIV-V12-Q-D1:2606.09421v3,ARX:FORMAL-ARXIV-V12-Q-D3:2606.09421v3,arXiv,Q-D3
REC-06990,ARX:FORMAL-ARXIV-V12-Q-D1:2606.09039v2,ARX:FORMAL-ARXIV-V12-Q-D2:2606.09039v2,arXiv,Q-D2
REC-06993,ARX:FORMAL-ARXIV-V12-Q-D1:2606.08348v2,ARX:FORMAL-ARXIV-V12-Q-D2:2606.08348v2,arXiv,Q-D2
REC-06996,ARX:FORMAL-ARXIV-V12-Q-D1:2606.07867v1,ARX:FORMAL-ARXIV-V12-Q-D2:2606.07867v1,arXiv,Q-D2
REC-06996,ARX:FORMAL-ARXIV-V12-Q-D1:2606.07867v1,ARX:FORMAL-ARXIV-V12-Q-S0:2606.07867v1,arXiv,Q-S0
REC-06997,ARX:FORMAL-ARXIV-V12-Q-D1:2606.07803v2,ARX:FORMAL-ARXIV-V12-Q-D2:2606.07803v2,arXiv,Q-D2
REC-06997,ARX:FORMAL-ARXIV-V12-Q-D1:2606.07803v2,ARX:FORMAL-ARXIV-V12-Q-S0:2606.07803v2,arXiv,Q-S0
REC-07004,ARX:FORMAL-ARXIV-V12-Q-D1:2606.05037v1,ARX:FORMAL-ARXIV-V12-Q-D3:2606.05037v1,arXiv,Q-D3
REC-07006,ARX:FORMAL-ARXIV-V12-Q-D1:2606.06529v1,ARX:FORMAL-ARXIV-V12-Q-S0:2606.06529v1,arXiv,Q-S0
REC-07008,ARX:FORMAL-ARXIV-V12-Q-D1:2606.05238v1,ARX:FORMAL-ARXIV-V12-Q-D3:2606.05238v1,arXiv,Q-D3
REC-07009,ARX:FORMAL-ARXIV-V12-Q-D1:2606.04296v1,ARX:FORMAL-ARXIV-V12-Q-D3:2606.04296v1,arXiv,Q-D3
REC-07014,ARX:FORMAL-ARXIV-V12-Q-D1:2606.04051v1,ARX:FORMAL-ARXIV-V12-Q-S0:2606.04051v1,arXiv,Q-S0
REC-07015,ARX:FORMAL-ARXIV-V12-Q-D1:2606.03271v1,ARX:FORMAL-ARXIV-V12-Q-D2:2606.03271v1,arXiv,Q-D2
REC-07016,ARX:FORMAL-ARXIV-V12-Q-D1:2606.03115v1,ARX:FORMAL-ARXIV-V12-Q-D3:2606.03115v1,arXiv,Q-D3
REC-07022,ARX:FORMAL-ARXIV-V12-Q-D1:2606.01961v2,ARX:FORMAL-ARXIV-V12-Q-D2:2606.01961v2,arXiv,Q-D2
REC-07023,ARX:FORMAL-ARXIV-V12-Q-D1:2606.01912v1,ARX:FORMAL-ARXIV-V12-Q-D3:2606.01912v1,arXiv,Q-D3
REC-07027,ARX:FORMAL-ARXIV-V12-Q-D1:2606.01498v1,ARX:FORMAL-ARXIV-V12-Q-D2:2606.01498v1,arXiv,Q-D2
REC-07028,ARX:FORMAL-ARXIV-V12-Q-D1:2606.01416v1,ARX:FORMAL-ARXIV-V12-Q-D2:2606.01416v1,arXiv,Q-D2
REC-07028,ARX:FORMAL-ARXIV-V12-Q-D1:2606.01416v1,ARX:FORMAL-ARXIV-V12-Q-D3:2606.01416v1,arXiv,Q-D3
REC-07031,ARX:FORMAL-ARXIV-V12-Q-D1:2606.00825v1,ARX:FORMAL-ARXIV-V12-Q-D3:2606.00825v1,arXiv,Q-D3
REC-07034,ARX:FORMAL-ARXIV-V12-Q-D1:2606.00644v2,ARX:FORMAL-ARXIV-V12-Q-D3:2606.00644v2,arXiv,Q-D3
REC-07035,ARX:FORMAL-ARXIV-V12-Q-D1:2606.00611v1,ARX:FORMAL-ARXIV-V12-Q-D2:2606.00611v1,arXiv,Q-D2
REC-07035,ARX:FORMAL-ARXIV-V12-Q-D1:2606.00611v1,ARX:FORMAL-ARXIV-V12-Q-S0:2606.00611v1,arXiv,Q-S0
REC-07036,ARX:FORMAL-ARXIV-V12-Q-D1:2606.00603v2,ARX:FORMAL-ARXIV-V12-Q-D2:2606.00603v2,arXiv,Q-D2
REC-07038,ARX:FORMAL-ARXIV-V12-Q-D1:2606.00448v1,ARX:FORMAL-ARXIV-V12-Q-S0:2606.00448v1,arXiv,Q-S0
REC-07040,ARX:FORMAL-ARXIV-V12-Q-D1:2605.30907v1,ARX:FORMAL-ARXIV-V12-Q-D3:2605.30907v1,arXiv,Q-D3
REC-07042,ARX:FORMAL-ARXIV-V12-Q-D1:2607.16215v1,ARX:FORMAL-ARXIV-V12-Q-D2:2607.16215v1,arXiv,Q-D2
REC-07043,ARX:FORMAL-ARXIV-V12-Q-D1:2606.07594v1,ARX:FORMAL-ARXIV-V12-Q-D3:2606.07594v1,arXiv,Q-D3
REC-07053,ARX:FORMAL-ARXIV-V12-Q-D1:2605.29224v1,ARX:FORMAL-ARXIV-V12-Q-D3:2605.29224v1,arXiv,Q-D3
REC-07053,ARX:FORMAL-ARXIV-V12-Q-D1:2605.29224v1,ARX:FORMAL-ARXIV-V12-Q-S0:2605.29224v1,arXiv,Q-S0
REC-07056,ARX:FORMAL-ARXIV-V12-Q-D1:2605.28916v2,ARX:FORMAL-ARXIV-V12-Q-D3:2605.28916v2,arXiv,Q-D3
REC-07059,ARX:FORMAL-ARXIV-V12-Q-D1:2605.28065v1,ARX:FORMAL-ARXIV-V12-Q-D3:2605.28065v1,arXiv,Q-D3
REC-07060,ARX:FORMAL-ARXIV-V12-Q-D1:2605.28000v1,ARX:FORMAL-ARXIV-V12-Q-D2:2605.28000v1,arXiv,Q-D2
REC-07060,ARX:FORMAL-ARXIV-V12-Q-D1:2605.28000v1,ARX:FORMAL-ARXIV-V12-Q-D3:2605.28000v1,arXiv,Q-D3
REC-07061,ARX:FORMAL-ARXIV-V12-Q-D1:2605.27955v1,ARX:FORMAL-ARXIV-V12-Q-D3:2605.27955v1,arXiv,Q-D3
REC-07065,ARX:FORMAL-ARXIV-V12-Q-D1:2605.27690v1,ARX:FORMAL-ARXIV-V12-Q-S0:2605.27690v1,arXiv,Q-S0
REC-07066,ARX:FORMAL-ARXIV-V12-Q-D1:2605.27599v2,ARX:FORMAL-ARXIV-V12-Q-D3:2605.27599v2,arXiv,Q-D3
REC-07067,ARX:FORMAL-ARXIV-V12-Q-D1:2605.27333v1,ARX:FORMAL-ARXIV-V12-Q-S0:2605.27333v1,arXiv,Q-S0
REC-07070,ARX:FORMAL-ARXIV-V12-Q-D1:2605.26448v1,ARX:FORMAL-ARXIV-V12-Q-D3:2605.26448v1,arXiv,Q-D3
REC-07071,ARX:FORMAL-ARXIV-V12-Q-D1:2605.26321v1,ARX:FORMAL-ARXIV-V12-Q-D2:2605.26321v1,arXiv,Q-D2
REC-07079,ARX:FORMAL-ARXIV-V12-Q-D1:2605.26169v2,ARX:FORMAL-ARXIV-V12-Q-D2:2605.26169v2,arXiv,Q-D2
REC-07082,ARX:FORMAL-ARXIV-V12-Q-D1:2605.24219v2,ARX:FORMAL-ARXIV-V12-Q-D2:2605.24219v2,arXiv,Q-D2
REC-07083,ARX:FORMAL-ARXIV-V12-Q-D1:2605.24216v1,ARX:FORMAL-ARXIV-V12-Q-D2:2605.24216v1,arXiv,Q-D2
REC-07085,ARX:FORMAL-ARXIV-V12-Q-D1:2605.24117v1,ARX:FORMAL-ARXIV-V12-Q-D3:2605.24117v1,arXiv,Q-D3
REC-07089,ARX:FORMAL-ARXIV-V12-Q-D1:2605.23330v1,ARX:FORMAL-ARXIV-V12-Q-D2:2605.23330v1,arXiv,Q-D2
REC-07094,ARX:FORMAL-ARXIV-V12-Q-D1:2605.22794v2,ARX:FORMAL-ARXIV-V12-Q-D3:2605.22794v2,arXiv,Q-D3
REC-07095,ARX:FORMAL-ARXIV-V12-Q-D1:2605.22568v1,ARX:FORMAL-ARXIV-V12-Q-S0:2605.22568v1,arXiv,Q-S0
REC-07096,ARX:FORMAL-ARXIV-V12-Q-D1:2605.22300v1,ARX:FORMAL-ARXIV-V12-Q-D2:2605.22300v1,arXiv,Q-D2
REC-07097,ARX:FORMAL-ARXIV-V12-Q-D1:2605.22219v1,ARX:FORMAL-ARXIV-V12-Q-D3:2605.22219v1,arXiv,Q-D3
REC-07100,ARX:FORMAL-ARXIV-V12-Q-D1:2605.21810v1,ARX:FORMAL-ARXIV-V12-Q-D3:2605.21810v1,arXiv,Q-D3
REC-07102,ARX:FORMAL-ARXIV-V12-Q-D1:2605.20874v1,ARX:FORMAL-ARXIV-V12-Q-D3:2605.20874v1,arXiv,Q-D3
REC-07103,ARX:FORMAL-ARXIV-V12-Q-D1:2605.20744v1,ARX:FORMAL-ARXIV-V12-Q-D2:2605.20744v1,arXiv,Q-D2
REC-07104,ARX:FORMAL-ARXIV-V12-Q-D1:2607.18265v1,ARX:FORMAL-ARXIV-V12-Q-D3:2607.18265v1,arXiv,Q-D3
REC-07115,ARX:FORMAL-ARXIV-V12-Q-D1:2605.18401v2,ARX:FORMAL-ARXIV-V12-Q-D3:2605.18401v2,arXiv,Q-D3
REC-07116,ARX:FORMAL-ARXIV-V12-Q-D1:2605.18153v1,ARX:FORMAL-ARXIV-V12-Q-D2:2605.18153v1,arXiv,Q-D2
REC-07117,ARX:FORMAL-ARXIV-V12-Q-D1:2605.17909v2,ARX:FORMAL-ARXIV-V12-Q-D2:2605.17909v2,arXiv,Q-D2
REC-07122,ARX:FORMAL-ARXIV-V12-Q-D1:2605.28850v2,ARX:FORMAL-ARXIV-V12-Q-S0:2605.28850v2,arXiv,Q-S0
REC-07123,ARX:FORMAL-ARXIV-V12-Q-D1:2605.17075v1,ARX:FORMAL-ARXIV-V12-Q-D2:2605.17075v1,arXiv,Q-D2
REC-07126,ARX:FORMAL-ARXIV-V12-Q-D1:2605.16909v1,ARX:FORMAL-ARXIV-V12-Q-D3:2605.16909v1,arXiv,Q-D3
REC-07127,ARX:FORMAL-ARXIV-V12-Q-D1:2605.16143v1,ARX:FORMAL-ARXIV-V12-Q-D3:2605.16143v1,arXiv,Q-D3
REC-07131,ARX:FORMAL-ARXIV-V12-Q-D1:2605.15245v2,ARX:FORMAL-ARXIV-V12-Q-D2:2605.15245v2,arXiv,Q-D2
REC-07137,ARX:FORMAL-ARXIV-V12-Q-D1:2605.12913v1,ARX:FORMAL-ARXIV-V12-Q-D2:2605.12913v1,arXiv,Q-D2
REC-07140,ARX:FORMAL-ARXIV-V12-Q-D1:2605.12240v1,ARX:FORMAL-ARXIV-V12-Q-D2:2605.12240v1,arXiv,Q-D2
REC-07144,ARX:FORMAL-ARXIV-V12-Q-D1:2605.12015v2,ARX:FORMAL-ARXIV-V12-Q-S0:2605.12015v2,arXiv,Q-S0
REC-07145,ARX:FORMAL-ARXIV-V12-Q-D1:2605.11946v2,ARX:FORMAL-ARXIV-V12-Q-D2:2605.11946v2,arXiv,Q-D2
REC-07145,ARX:FORMAL-ARXIV-V12-Q-D1:2605.11946v2,ARX:FORMAL-ARXIV-V12-Q-D3:2605.11946v2,arXiv,Q-D3
REC-07147,ARX:FORMAL-ARXIV-V12-Q-D1:2605.11882v1,ARX:FORMAL-ARXIV-V12-Q-S0:2605.11882v1,arXiv,Q-S0
REC-07149,ARX:FORMAL-ARXIV-V12-Q-D1:2605.11229v1,ARX:FORMAL-ARXIV-V12-Q-D2:2605.11229v1,arXiv,Q-D2
REC-07149,ARX:FORMAL-ARXIV-V12-Q-D1:2605.11229v1,ARX:FORMAL-ARXIV-V12-Q-S0:2605.11229v1,arXiv,Q-S0
REC-07150,ARX:FORMAL-ARXIV-V12-Q-D1:2605.11225v1,ARX:FORMAL-ARXIV-V12-Q-D2:2605.11225v1,arXiv,Q-D2
REC-07153,ARX:FORMAL-ARXIV-V12-Q-D1:2605.10325v2,ARX:FORMAL-ARXIV-V12-Q-D3:2605.10325v2,arXiv,Q-D3
REC-07154,ARX:FORMAL-ARXIV-V12-Q-D1:2605.10223v1,ARX:FORMAL-ARXIV-V12-Q-D3:2605.10223v1,arXiv,Q-D3
REC-07156,ARX:FORMAL-ARXIV-V12-Q-D1:2605.09934v1,ARX:FORMAL-ARXIV-V12-Q-D3:2605.09934v1,arXiv,Q-D3
REC-07157,ARX:FORMAL-ARXIV-V12-Q-D1:2605.11036v1,ARX:FORMAL-ARXIV-V12-Q-D2:2605.11036v1,arXiv,Q-D2
REC-07158,ARX:FORMAL-ARXIV-V12-Q-D1:2605.09863v1,ARX:FORMAL-ARXIV-V12-Q-D2:2605.09863v1,arXiv,Q-D2
REC-07163,ARX:FORMAL-ARXIV-V12-Q-D1:2605.09675v1,ARX:FORMAL-ARXIV-V12-Q-D2:2605.09675v1,arXiv,Q-D2
REC-07163,ARX:FORMAL-ARXIV-V12-Q-D1:2605.09675v1,ARX:FORMAL-ARXIV-V12-Q-D3:2605.09675v1,arXiv,Q-D3
REC-07164,ARX:FORMAL-ARXIV-V12-Q-D1:2605.09647v1,ARX:FORMAL-ARXIV-V12-Q-D2:2605.09647v1,arXiv,Q-D2
REC-07166,ARX:FORMAL-ARXIV-V12-Q-D1:2605.09186v1,ARX:FORMAL-ARXIV-V12-Q-D2:2605.09186v1,arXiv,Q-D2
REC-07168,ARX:FORMAL-ARXIV-V12-Q-D1:2605.09045v2,ARX:FORMAL-ARXIV-V12-Q-D3:2605.09045v2,arXiv,Q-D3
REC-07169,ARX:FORMAL-ARXIV-V12-Q-D1:2605.08964v1,ARX:FORMAL-ARXIV-V12-Q-D2:2605.08964v1,arXiv,Q-D2
REC-07176,ARX:FORMAL-ARXIV-V12-Q-D1:2605.07649v2,ARX:FORMAL-ARXIV-V12-Q-D2:2605.07649v2,arXiv,Q-D2
REC-07177,ARX:FORMAL-ARXIV-V12-Q-D1:2605.07122v3,ARX:FORMAL-ARXIV-V12-Q-D2:2605.07122v3,arXiv,Q-D2
REC-07185,ARX:FORMAL-ARXIV-V12-Q-D1:2605.05980v1,ARX:FORMAL-ARXIV-V12-Q-D2:2605.05980v1,arXiv,Q-D2
REC-07186,ARX:FORMAL-ARXIV-V12-Q-D1:2605.05846v1,ARX:FORMAL-ARXIV-V12-Q-S0:2605.05846v1,arXiv,Q-S0
REC-07193,ARX:FORMAL-ARXIV-V12-Q-D1:2605.03409v2,ARX:FORMAL-ARXIV-V12-Q-D3:2605.03409v2,arXiv,Q-D3
REC-07194,ARX:FORMAL-ARXIV-V12-Q-D1:2605.03242v1,ARX:FORMAL-ARXIV-V12-Q-S0:2605.03242v1,arXiv,Q-S0
REC-07196,ARX:FORMAL-ARXIV-V12-Q-D1:2605.02697v1,ARX:FORMAL-ARXIV-V12-Q-D3:2605.02697v1,arXiv,Q-D3
REC-07196,ARX:FORMAL-ARXIV-V12-Q-D1:2605.02697v1,ARX:FORMAL-ARXIV-V12-Q-S0:2605.02697v1,arXiv,Q-S0
REC-07197,ARX:FORMAL-ARXIV-V12-Q-D1:2605.02661v1,ARX:FORMAL-ARXIV-V12-Q-D2:2605.02661v1,arXiv,Q-D2
REC-07198,ARX:FORMAL-ARXIV-V12-Q-D1:2605.02240v1,ARX:FORMAL-ARXIV-V12-Q-D3:2605.02240v1,arXiv,Q-D3
REC-07199,ARX:FORMAL-ARXIV-V12-Q-D1:2605.16309v2,ARX:FORMAL-ARXIV-V12-Q-D2:2605.16309v2,arXiv,Q-D2
REC-07199,ARX:FORMAL-ARXIV-V12-Q-D1:2605.16309v2,ARX:FORMAL-ARXIV-V12-Q-D3:2605.16309v2,arXiv,Q-D3
REC-07201,ARX:FORMAL-ARXIV-V12-Q-D1:2605.01740v1,ARX:FORMAL-ARXIV-V12-Q-D2:2605.01740v1,arXiv,Q-D2
REC-07202,ARX:FORMAL-ARXIV-V12-Q-D1:2605.01644v1,ARX:FORMAL-ARXIV-V12-Q-D2:2605.01644v1,arXiv,Q-D2
REC-07202,ARX:FORMAL-ARXIV-V12-Q-D1:2605.01644v1,ARX:FORMAL-ARXIV-V12-Q-S0:2605.01644v1,arXiv,Q-S0
REC-07203,ARX:FORMAL-ARXIV-V12-Q-D1:2605.01643v3,ARX:FORMAL-ARXIV-V12-Q-D2:2605.01643v3,arXiv,Q-D2
REC-07209,ARX:FORMAL-ARXIV-V12-Q-D1:2607.01236v2,ARX:FORMAL-ARXIV-V12-Q-D2:2607.01236v2,arXiv,Q-D2
REC-07209,ARX:FORMAL-ARXIV-V12-Q-D1:2607.01236v2,ARX:FORMAL-ARXIV-V12-Q-S0:2607.01236v2,arXiv,Q-S0
REC-07210,ARX:FORMAL-ARXIV-V12-Q-D1:2605.00927v1,ARX:FORMAL-ARXIV-V12-Q-D2:2605.00927v1,arXiv,Q-D2
REC-07211,ARX:FORMAL-ARXIV-V12-Q-D1:2604.28139v2,ARX:FORMAL-ARXIV-V12-Q-D3:2604.28139v2,arXiv,Q-D3
REC-07214,ARX:FORMAL-ARXIV-V12-Q-D1:2605.04093v1,ARX:FORMAL-ARXIV-V12-Q-D3:2605.04093v1,arXiv,Q-D3
REC-07216,ARX:FORMAL-ARXIV-V12-Q-D1:2604.26274v1,ARX:FORMAL-ARXIV-V12-Q-D2:2604.26274v1,arXiv,Q-D2
REC-07216,ARX:FORMAL-ARXIV-V12-Q-D1:2604.26274v1,ARX:FORMAL-ARXIV-V12-Q-S0:2604.26274v1,arXiv,Q-S0
REC-07225,ARX:FORMAL-ARXIV-V12-Q-D1:2604.24212v1,ARX:FORMAL-ARXIV-V12-Q-D2:2604.24212v1,arXiv,Q-D2
REC-07236,ARX:FORMAL-ARXIV-V12-Q-D1:2604.20441v1,ARX:FORMAL-ARXIV-V12-Q-D2:2604.20441v1,arXiv,Q-D2
REC-07238,ARX:FORMAL-ARXIV-V12-Q-D1:2604.20911v1,ARX:FORMAL-ARXIV-V12-Q-D3:2604.20911v1,arXiv,Q-D3
REC-07240,ARX:FORMAL-ARXIV-V12-Q-D1:2604.20070v1,ARX:FORMAL-ARXIV-V12-Q-D2:2604.20070v1,arXiv,Q-D2
REC-07240,ARX:FORMAL-ARXIV-V12-Q-D1:2604.20070v1,ARX:FORMAL-ARXIV-V12-Q-D3:2604.20070v1,arXiv,Q-D3
REC-07243,ARX:FORMAL-ARXIV-V12-Q-D1:2604.19638v1,ARX:FORMAL-ARXIV-V12-Q-D2:2604.19638v1,arXiv,Q-D2
REC-07245,ARX:FORMAL-ARXIV-V12-Q-D1:2604.19548v1,ARX:FORMAL-ARXIV-V12-Q-D2:2604.19548v1,arXiv,Q-D2
REC-07247,ARX:FORMAL-ARXIV-V12-Q-D1:2604.19533v3,ARX:FORMAL-ARXIV-V12-Q-D2:2604.19533v3,arXiv,Q-D2
REC-07247,ARX:FORMAL-ARXIV-V12-Q-D1:2604.19533v3,ARX:FORMAL-ARXIV-V12-Q-S0:2604.19533v3,arXiv,Q-S0
REC-07248,ARX:FORMAL-ARXIV-V12-Q-D1:2604.19837v1,ARX:FORMAL-ARXIV-V12-Q-D2:2604.19837v1,arXiv,Q-D2
REC-07257,ARX:FORMAL-ARXIV-V12-Q-D1:2604.16706v2,ARX:FORMAL-ARXIV-V12-Q-D2:2604.16706v2,arXiv,Q-D2
REC-07258,ARX:FORMAL-ARXIV-V12-Q-D1:2604.15579v2,ARX:FORMAL-ARXIV-V12-Q-D2:2604.15579v2,arXiv,Q-D2
REC-07258,ARX:FORMAL-ARXIV-V12-Q-D1:2604.15579v2,ARX:FORMAL-ARXIV-V12-Q-S0:2604.15579v2,arXiv,Q-S0
REC-07262,ARX:FORMAL-ARXIV-V12-Q-D1:2604.13384v1,ARX:FORMAL-ARXIV-V12-Q-D2:2604.13384v1,arXiv,Q-D2
REC-07264,ARX:FORMAL-ARXIV-V12-Q-D1:2604.12198v2,ARX:FORMAL-ARXIV-V12-Q-D2:2604.12198v2,arXiv,Q-D2
REC-07271,ARX:FORMAL-ARXIV-V12-Q-D1:2604.10800v1,ARX:FORMAL-ARXIV-V12-Q-D2:2604.10800v1,arXiv,Q-D2
REC-07277,ARX:FORMAL-ARXIV-V12-Q-D1:2604.13102v1,ARX:FORMAL-ARXIV-V12-Q-D3:2604.13102v1,arXiv,Q-D3
REC-07282,ARX:FORMAL-ARXIV-V12-Q-D1:2604.07778v2,ARX:FORMAL-ARXIV-V12-Q-D3:2604.07778v2,arXiv,Q-D3
REC-07283,ARX:FORMAL-ARXIV-V12-Q-D1:2604.07695v1,ARX:FORMAL-ARXIV-V12-Q-D3:2604.07695v1,arXiv,Q-D3
REC-07287,ARX:FORMAL-ARXIV-V12-Q-D1:2605.27375v1,ARX:FORMAL-ARXIV-V12-Q-D2:2605.27375v1,arXiv,Q-D2
REC-07288,ARX:FORMAL-ARXIV-V12-Q-D1:2604.19795v1,ARX:FORMAL-ARXIV-V12-Q-D2:2604.19795v1,arXiv,Q-D2
REC-07289,ARX:FORMAL-ARXIV-V12-Q-D1:2604.06742v2,ARX:FORMAL-ARXIV-V12-Q-D2:2604.06742v2,arXiv,Q-D2
REC-07291,ARX:FORMAL-ARXIV-V12-Q-D1:2605.02913v1,ARX:FORMAL-ARXIV-V12-Q-D2:2605.02913v1,arXiv,Q-D2
REC-07292,ARX:FORMAL-ARXIV-V12-Q-D1:2604.08601v1,ARX:FORMAL-ARXIV-V12-Q-S0:2604.08601v1,arXiv,Q-S0
REC-07293,ARX:FORMAL-ARXIV-V12-Q-D1:2604.06132v3,ARX:FORMAL-ARXIV-V12-Q-D2:2604.06132v3,arXiv,Q-D2
REC-07294,ARX:FORMAL-ARXIV-V12-Q-D1:2604.05939v1,ARX:FORMAL-ARXIV-V12-Q-D2:2604.05939v1,arXiv,Q-D2
REC-07296,ARX:FORMAL-ARXIV-V12-Q-D1:2604.05549v2,ARX:FORMAL-ARXIV-V12-Q-S0:2604.05549v2,arXiv,Q-S0
REC-07297,ARX:FORMAL-ARXIV-V12-Q-D1:2604.05485v2,ARX:FORMAL-ARXIV-V12-Q-D2:2604.05485v2,arXiv,Q-D2
REC-07297,ARX:FORMAL-ARXIV-V12-Q-D1:2604.05485v2,ARX:FORMAL-ARXIV-V12-Q-D3:2604.05485v2,arXiv,Q-D3
REC-07298,ARX:FORMAL-ARXIV-V12-Q-D1:2604.05229v1,ARX:FORMAL-ARXIV-V12-Q-D2:2604.05229v1,arXiv,Q-D2
REC-07298,ARX:FORMAL-ARXIV-V12-Q-D1:2604.05229v1,ARX:FORMAL-ARXIV-V12-Q-S0:2604.05229v1,arXiv,Q-S0
REC-07299,ARX:FORMAL-ARXIV-V12-Q-D1:2604.05119v1,ARX:FORMAL-ARXIV-V12-Q-D2:2604.05119v1,arXiv,Q-D2
REC-07300,ARX:FORMAL-ARXIV-V12-Q-D1:2604.04872v1,ARX:FORMAL-ARXIV-V12-Q-D2:2604.04872v1,arXiv,Q-D2
REC-07303,ARX:FORMAL-ARXIV-V12-Q-D1:2604.04561v1,ARX:FORMAL-ARXIV-V12-Q-D2:2604.04561v1,arXiv,Q-D2
REC-07303,ARX:FORMAL-ARXIV-V12-Q-D1:2604.04561v1,ARX:FORMAL-ARXIV-V12-Q-S0:2604.04561v1,arXiv,Q-S0
REC-07304,ARX:FORMAL-ARXIV-V12-Q-D1:2604.04442v1,ARX:FORMAL-ARXIV-V12-Q-D2:2604.04442v1,arXiv,Q-D2
REC-07304,ARX:FORMAL-ARXIV-V12-Q-D1:2604.04442v1,ARX:FORMAL-ARXIV-V12-Q-S0:2604.04442v1,arXiv,Q-S0
REC-07306,ARX:FORMAL-ARXIV-V12-Q-D1:2604.04324v1,ARX:FORMAL-ARXIV-V12-Q-D3:2604.04324v1,arXiv,Q-D3
REC-07313,ARX:FORMAL-ARXIV-V12-Q-D1:2605.12521v1,ARX:FORMAL-ARXIV-V12-Q-D3:2605.12521v1,arXiv,Q-D3
REC-07314,ARX:FORMAL-ARXIV-V12-Q-D1:2604.03131v1,ARX:FORMAL-ARXIV-V12-Q-D2:2604.03131v1,arXiv,Q-D2
REC-07316,ARX:FORMAL-ARXIV-V12-Q-D1:2604.02174v1,ARX:FORMAL-ARXIV-V12-Q-D2:2604.02174v1,arXiv,Q-D2
REC-07318,ARX:FORMAL-ARXIV-V12-Q-D1:2604.01483v1,ARX:FORMAL-ARXIV-V12-Q-D2:2604.01483v1,arXiv,Q-D2
REC-07318,ARX:FORMAL-ARXIV-V12-Q-D1:2604.01483v1,ARX:FORMAL-ARXIV-V12-Q-S0:2604.01483v1,arXiv,Q-S0
REC-07319,ARX:FORMAL-ARXIV-V12-Q-D1:2604.01039v4,ARX:FORMAL-ARXIV-V12-Q-D2:2604.01039v4,arXiv,Q-D2
REC-07319,ARX:FORMAL-ARXIV-V12-Q-D1:2604.01039v4,ARX:FORMAL-ARXIV-V12-Q-D3:2604.01039v4,arXiv,Q-D3
REC-07321,ARX:FORMAL-ARXIV-V12-Q-D1:2603.29399v2,ARX:FORMAL-ARXIV-V12-Q-D3:2603.29399v2,arXiv,Q-D3
REC-07324,ARX:FORMAL-ARXIV-V12-Q-D1:2603.28998v1,ARX:FORMAL-ARXIV-V12-Q-S0:2603.28998v1,arXiv,Q-S0
REC-07325,ARX:FORMAL-ARXIV-V12-Q-D1:2603.27646v1,ARX:FORMAL-ARXIV-V12-Q-D2:2603.27646v1,arXiv,Q-D2
REC-07327,ARX:FORMAL-ARXIV-V12-Q-D1:2603.27104v1,ARX:FORMAL-ARXIV-V12-Q-D2:2603.27104v1,arXiv,Q-D2
REC-07329,ARX:FORMAL-ARXIV-V12-Q-D1:2603.26233v2,ARX:FORMAL-ARXIV-V12-Q-D2:2603.26233v2,arXiv,Q-D2
REC-07330,ARX:FORMAL-ARXIV-V12-Q-D1:2603.25111v2,ARX:FORMAL-ARXIV-V12-Q-D3:2603.25111v2,arXiv,Q-D3
REC-07332,ARX:FORMAL-ARXIV-V12-Q-D1:2603.24414v1,ARX:FORMAL-ARXIV-V12-Q-D2:2603.24414v1,arXiv,Q-D2
REC-07332,ARX:FORMAL-ARXIV-V12-Q-D1:2603.24414v1,ARX:FORMAL-ARXIV-V12-Q-S0:2603.24414v1,arXiv,Q-S0
REC-07333,ARX:FORMAL-ARXIV-V12-Q-D1:2603.23115v2,ARX:FORMAL-ARXIV-V12-Q-D2:2603.23115v2,arXiv,Q-D2
REC-07334,ARX:FORMAL-ARXIV-V12-Q-D1:2605.16265v1,ARX:FORMAL-ARXIV-V12-Q-D2:2605.16265v1,arXiv,Q-D2
REC-07334,ARX:FORMAL-ARXIV-V12-Q-D1:2605.16265v1,ARX:FORMAL-ARXIV-V12-Q-S0:2605.16265v1,arXiv,Q-S0
REC-07335,ARX:FORMAL-ARXIV-V12-Q-D1:2603.22868v2,ARX:FORMAL-ARXIV-V12-Q-D2:2603.22868v2,arXiv,Q-D2
REC-07342,ARX:FORMAL-ARXIV-V12-Q-D1:2603.21251v1,ARX:FORMAL-ARXIV-V12-Q-D2:2603.21251v1,arXiv,Q-D2
REC-07347,ARX:FORMAL-ARXIV-V12-Q-D1:2603.19896v1,ARX:FORMAL-ARXIV-V12-Q-D2:2603.19896v1,arXiv,Q-D2
REC-07350,ARX:FORMAL-ARXIV-V12-Q-D1:2603.20320v1,ARX:FORMAL-ARXIV-V12-Q-D2:2603.20320v1,arXiv,Q-D2
REC-07350,ARX:FORMAL-ARXIV-V12-Q-D1:2603.20320v1,ARX:FORMAL-ARXIV-V12-Q-S0:2603.20320v1,arXiv,Q-S0
REC-07353,ARX:FORMAL-ARXIV-V12-Q-D1:2603.18829v10,ARX:FORMAL-ARXIV-V12-Q-D2:2603.18829v10,arXiv,Q-D2
REC-07356,ARX:FORMAL-ARXIV-V12-Q-D1:2604.19752v1,ARX:FORMAL-ARXIV-V12-Q-D2:2604.19752v1,arXiv,Q-D2
REC-07356,ARX:FORMAL-ARXIV-V12-Q-D1:2604.19752v1,ARX:FORMAL-ARXIV-V12-Q-S0:2604.19752v1,arXiv,Q-S0
REC-07357,ARX:FORMAL-ARXIV-V12-Q-D1:2603.19328v1,ARX:FORMAL-ARXIV-V12-Q-D3:2603.19328v1,arXiv,Q-D3
REC-07357,ARX:FORMAL-ARXIV-V12-Q-D1:2603.19328v1,ARX:FORMAL-ARXIV-V12-Q-S0:2603.19328v1,arXiv,Q-S0
REC-07359,ARX:FORMAL-ARXIV-V12-Q-D1:2603.17673v2,ARX:FORMAL-ARXIV-V12-Q-D2:2603.17673v2,arXiv,Q-D2
REC-07359,ARX:FORMAL-ARXIV-V12-Q-D1:2603.17673v2,ARX:FORMAL-ARXIV-V12-Q-S0:2603.17673v2,arXiv,Q-S0
REC-07361,ARX:FORMAL-ARXIV-V12-Q-D1:2603.17392v1,ARX:FORMAL-ARXIV-V12-Q-D2:2603.17392v1,arXiv,Q-D2
REC-07361,ARX:FORMAL-ARXIV-V12-Q-D1:2603.17392v1,ARX:FORMAL-ARXIV-V12-Q-D3:2603.17392v1,arXiv,Q-D3
REC-07364,ARX:FORMAL-ARXIV-V12-Q-D1:2603.17179v2,ARX:FORMAL-ARXIV-V12-Q-D2:2603.17179v2,arXiv,Q-D2
REC-07367,ARX:FORMAL-ARXIV-V12-Q-D1:2603.16572v2,ARX:FORMAL-ARXIV-V12-Q-S0:2603.16572v2,arXiv,Q-S0
REC-07368,ARX:FORMAL-ARXIV-V12-Q-D1:2603.16448v2,ARX:FORMAL-ARXIV-V12-Q-D3:2603.16448v2,arXiv,Q-D3
REC-07372,ARX:FORMAL-ARXIV-V12-Q-D1:2603.14987v2,ARX:FORMAL-ARXIV-V12-Q-D2:2603.14987v2,arXiv,Q-D2
REC-07373,ARX:FORMAL-ARXIV-V12-Q-D1:2603.14730v2,ARX:FORMAL-ARXIV-V12-Q-D2:2603.14730v2,arXiv,Q-D2
REC-07375,ARX:FORMAL-ARXIV-V12-Q-D1:2603.14332v2,ARX:FORMAL-ARXIV-V12-Q-D2:2603.14332v2,arXiv,Q-D2
REC-07376,ARX:FORMAL-ARXIV-V12-Q-D1:2604.16342v1,ARX:FORMAL-ARXIV-V12-Q-D2:2604.16342v1,arXiv,Q-D2
REC-07377,ARX:FORMAL-ARXIV-V12-Q-D1:2603.13743v1,ARX:FORMAL-ARXIV-V12-Q-D2:2603.13743v1,arXiv,Q-D2
REC-07377,ARX:FORMAL-ARXIV-V12-Q-D1:2603.13743v1,ARX:FORMAL-ARXIV-V12-Q-D3:2603.13743v1,arXiv,Q-D3
REC-07379,ARX:FORMAL-ARXIV-V12-Q-D1:2603.13443v1,ARX:FORMAL-ARXIV-V12-Q-D3:2603.13443v1,arXiv,Q-D3
REC-07380,ARX:FORMAL-ARXIV-V12-Q-D1:2603.12621v1,ARX:FORMAL-ARXIV-V12-Q-S0:2603.12621v1,arXiv,Q-S0
REC-07384,ARX:FORMAL-ARXIV-V12-Q-D1:2603.12023v1,ARX:FORMAL-ARXIV-V12-Q-D2:2603.12023v1,arXiv,Q-D2
REC-07386,ARX:FORMAL-ARXIV-V12-Q-D1:2603.11337v1,ARX:FORMAL-ARXIV-V12-Q-D2:2603.11337v1,arXiv,Q-D2
REC-07387,ARX:FORMAL-ARXIV-V12-Q-D1:2603.11277v2,ARX:FORMAL-ARXIV-V12-Q-D2:2603.11277v2,arXiv,Q-D2
REC-07389,ARX:FORMAL-ARXIV-V12-Q-D1:2603.10795v1,ARX:FORMAL-ARXIV-V12-Q-D2:2603.10795v1,arXiv,Q-D2
REC-07389,ARX:FORMAL-ARXIV-V12-Q-D1:2603.10795v1,ARX:FORMAL-ARXIV-V12-Q-S0:2603.10795v1,arXiv,Q-S0
REC-07392,ARX:FORMAL-ARXIV-V12-Q-D1:2604.00022v1,ARX:FORMAL-ARXIV-V12-Q-D2:2604.00022v1,arXiv,Q-D2
REC-07394,ARX:FORMAL-ARXIV-V12-Q-D1:2603.09157v1,ARX:FORMAL-ARXIV-V12-Q-D2:2603.09157v1,arXiv,Q-D2
REC-07396,ARX:FORMAL-ARXIV-V12-Q-D1:2603.10060v1,ARX:FORMAL-ARXIV-V12-Q-D2:2603.10060v1,arXiv,Q-D2
REC-07400,ARX:FORMAL-ARXIV-V12-Q-D1:2603.08322v2,ARX:FORMAL-ARXIV-V12-Q-D2:2603.08322v2,arXiv,Q-D2
REC-07402,ARX:FORMAL-ARXIV-V12-Q-D1:2603.07940v1,ARX:FORMAL-ARXIV-V12-Q-D3:2603.07940v1,arXiv,Q-D3
REC-07403,ARX:FORMAL-ARXIV-V12-Q-D1:2603.07427v2,ARX:FORMAL-ARXIV-V12-Q-D2:2603.07427v2,arXiv,Q-D2
REC-07406,ARX:FORMAL-ARXIV-V12-Q-D1:2603.06859v2,ARX:FORMAL-ARXIV-V12-Q-D3:2603.06859v2,arXiv,Q-D3
REC-07410,ARX:FORMAL-ARXIV-V12-Q-D1:2603.05786v2,ARX:FORMAL-ARXIV-V12-Q-D2:2603.05786v2,arXiv,Q-D2
REC-07410,ARX:FORMAL-ARXIV-V12-Q-D1:2603.05786v2,ARX:FORMAL-ARXIV-V12-Q-S0:2603.05786v2,arXiv,Q-S0
REC-07416,ARX:FORMAL-ARXIV-V12-Q-D1:2603.16899v1,ARX:FORMAL-ARXIV-V12-Q-D3:2603.16899v1,arXiv,Q-D3
REC-07418,ARX:FORMAL-ARXIV-V12-Q-D1:2603.02601v1,ARX:FORMAL-ARXIV-V12-Q-D2:2603.02601v1,arXiv,Q-D2
REC-07420,ARX:FORMAL-ARXIV-V12-Q-D1:2603.02512v4,ARX:FORMAL-ARXIV-V12-Q-D3:2603.02512v4,arXiv,Q-D3
REC-07421,ARX:FORMAL-ARXIV-V12-Q-D1:2603.01952v1,ARX:FORMAL-ARXIV-V12-Q-D3:2603.01952v1,arXiv,Q-D3
REC-07423,ARX:FORMAL-ARXIV-V12-Q-D1:2603.01414v1,ARX:FORMAL-ARXIV-V12-Q-D2:2603.01414v1,arXiv,Q-D2
REC-07427,ARX:FORMAL-ARXIV-V12-Q-D1:2603.00532v1,ARX:FORMAL-ARXIV-V12-Q-D2:2603.00532v1,arXiv,Q-D2
REC-07427,ARX:FORMAL-ARXIV-V12-Q-D1:2603.00532v1,ARX:FORMAL-ARXIV-V12-Q-D3:2603.00532v1,arXiv,Q-D3
REC-07432,ARX:FORMAL-ARXIV-V12-Q-D1:2603.00214v1,ARX:FORMAL-ARXIV-V12-Q-D2:2603.00214v1,arXiv,Q-D2
REC-07434,ARX:FORMAL-ARXIV-V12-Q-D1:2602.23729v1,ARX:FORMAL-ARXIV-V12-Q-D2:2602.23729v1,arXiv,Q-D2
REC-07436,ARX:FORMAL-ARXIV-V12-Q-D1:2602.22442v2,ARX:FORMAL-ARXIV-V12-Q-D2:2602.22442v2,arXiv,Q-D2
REC-07440,ARX:FORMAL-ARXIV-V12-Q-D1:2602.20683v1,ARX:FORMAL-ARXIV-V12-Q-D2:2602.20683v1,arXiv,Q-D2
REC-07441,ARX:FORMAL-ARXIV-V12-Q-D1:2602.19948v2,ARX:FORMAL-ARXIV-V12-Q-D2:2602.19948v2,arXiv,Q-D2
REC-07443,ARX:FORMAL-ARXIV-V12-Q-D1:2602.19439v2,ARX:FORMAL-ARXIV-V12-Q-D3:2602.19439v2,arXiv,Q-D3
REC-07446,ARX:FORMAL-ARXIV-V12-Q-D1:2602.17753v2,ARX:FORMAL-ARXIV-V12-Q-S0:2602.17753v2,arXiv,Q-S0
REC-07450,ARX:FORMAL-ARXIV-V12-Q-D1:2602.16943v1,ARX:FORMAL-ARXIV-V12-Q-D2:2602.16943v1,arXiv,Q-D2
REC-07450,ARX:FORMAL-ARXIV-V12-Q-D1:2602.16943v1,ARX:FORMAL-ARXIV-V12-Q-S0:2602.16943v1,arXiv,Q-S0
REC-07451,ARX:FORMAL-ARXIV-V12-Q-D1:2602.16812v1,ARX:FORMAL-ARXIV-V12-Q-D3:2602.16812v1,arXiv,Q-D3
REC-07455,ARX:FORMAL-ARXIV-V12-Q-D1:2602.16246v3,ARX:FORMAL-ARXIV-V12-Q-D2:2602.16246v3,arXiv,Q-D2
REC-07457,ARX:FORMAL-ARXIV-V12-Q-D1:2602.14849v2,ARX:FORMAL-ARXIV-V12-Q-D3:2602.14849v2,arXiv,Q-D3
REC-07461,ARX:FORMAL-ARXIV-V12-Q-D1:2603.03340v1,ARX:FORMAL-ARXIV-V12-Q-D2:2603.03340v1,arXiv,Q-D2
REC-07463,ARX:FORMAL-ARXIV-V12-Q-D1:2602.12670v4,ARX:FORMAL-ARXIV-V12-Q-D3:2602.12670v4,arXiv,Q-D3
REC-07467,ARX:FORMAL-ARXIV-V12-Q-D1:2602.11354v3,ARX:FORMAL-ARXIV-V12-Q-D2:2602.11354v3,arXiv,Q-D2
REC-07468,ARX:FORMAL-ARXIV-V12-Q-D1:2602.11301v1,ARX:FORMAL-ARXIV-V12-Q-D2:2602.11301v1,arXiv,Q-D2
REC-07468,ARX:FORMAL-ARXIV-V12-Q-D1:2602.11301v1,ARX:FORMAL-ARXIV-V12-Q-S0:2602.11301v1,arXiv,Q-S0
REC-07470,ARX:FORMAL-ARXIV-V12-Q-D1:2604.03242v1,ARX:FORMAL-ARXIV-V12-Q-S0:2604.03242v1,arXiv,Q-S0
REC-07475,ARX:FORMAL-ARXIV-V12-Q-D1:2602.09372v1,ARX:FORMAL-ARXIV-V12-Q-D3:2602.09372v1,arXiv,Q-D3
REC-07477,ARX:FORMAL-ARXIV-V12-Q-D1:2602.09063v1,ARX:FORMAL-ARXIV-V12-Q-D3:2602.09063v1,arXiv,Q-D3
REC-07478,ARX:FORMAL-ARXIV-V12-Q-D1:2602.07391v2,ARX:FORMAL-ARXIV-V12-Q-S0:2602.07391v2,arXiv,Q-S0
REC-07481,ARX:FORMAL-ARXIV-V12-Q-D1:2602.06572v1,ARX:FORMAL-ARXIV-V12-Q-D3:2602.06572v1,arXiv,Q-D3
REC-07483,ARX:FORMAL-ARXIV-V12-Q-D1:2602.06443v1,ARX:FORMAL-ARXIV-V12-Q-D2:2602.06443v1,arXiv,Q-D2
REC-07483,ARX:FORMAL-ARXIV-V12-Q-D1:2602.06443v1,ARX:FORMAL-ARXIV-V12-Q-D3:2602.06443v1,arXiv,Q-D3
REC-07485,ARX:FORMAL-ARXIV-V12-Q-D1:2602.13275v1,ARX:FORMAL-ARXIV-V12-Q-D2:2602.13275v1,arXiv,Q-D2
REC-07486,ARX:FORMAL-ARXIV-V12-Q-D1:2602.18456v1,ARX:FORMAL-ARXIV-V12-Q-D2:2602.18456v1,arXiv,Q-D2
REC-07488,ARX:FORMAL-ARXIV-V12-Q-D1:2602.03974v1,ARX:FORMAL-ARXIV-V12-Q-D3:2602.03974v1,arXiv,Q-D3
REC-07495,ARX:FORMAL-ARXIV-V12-Q-D1:2602.02475v1,ARX:FORMAL-ARXIV-V12-Q-D2:2602.02475v1,arXiv,Q-D2
REC-07500,ARX:FORMAL-ARXIV-V12-Q-D1:2602.02595v1,ARX:FORMAL-ARXIV-V12-Q-D2:2602.02595v1,arXiv,Q-D2
REC-07500,ARX:FORMAL-ARXIV-V12-Q-D1:2602.02595v1,ARX:FORMAL-ARXIV-V12-Q-D3:2602.02595v1,arXiv,Q-D3
REC-07500,ARX:FORMAL-ARXIV-V12-Q-D1:2602.02595v1,ARX:FORMAL-ARXIV-V12-Q-S0:2602.02595v1,arXiv,Q-S0
REC-07510,ARX:FORMAL-ARXIV-V12-Q-D1:2601.22129v2,ARX:FORMAL-ARXIV-V12-Q-D2:2601.22129v2,arXiv,Q-D2
REC-07513,ARX:FORMAL-ARXIV-V12-Q-D1:2601.20352v3,ARX:FORMAL-ARXIV-V12-Q-D2:2601.20352v3,arXiv,Q-D2
REC-07515,ARX:FORMAL-ARXIV-V12-Q-D1:2601.18491v2,ARX:FORMAL-ARXIV-V12-Q-D2:2601.18491v2,arXiv,Q-D2
REC-07515,ARX:FORMAL-ARXIV-V12-Q-D1:2601.18491v2,ARX:FORMAL-ARXIV-V12-Q-S0:2601.18491v2,arXiv,Q-S0
REC-07516,ARX:FORMAL-ARXIV-V12-Q-D1:2601.17920v1,ARX:FORMAL-ARXIV-V12-Q-D3:2601.17920v1,arXiv,Q-D3
REC-07519,ARX:FORMAL-ARXIV-V12-Q-D1:2601.16472v2,ARX:FORMAL-ARXIV-V12-Q-D3:2601.16472v2,arXiv,Q-D3
REC-07519,ARX:FORMAL-ARXIV-V12-Q-D1:2601.16472v2,ARX:FORMAL-ARXIV-V12-Q-S0:2601.16472v2,arXiv,Q-S0
REC-07522,ARX:FORMAL-ARXIV-V12-Q-D1:2601.15120v2,ARX:FORMAL-ARXIV-V12-Q-D2:2601.15120v2,arXiv,Q-D2
REC-07523,ARX:FORMAL-ARXIV-V12-Q-D1:2601.15109v3,ARX:FORMAL-ARXIV-V12-Q-D2:2601.15109v3,arXiv,Q-D2
REC-07525,ARX:FORMAL-ARXIV-V12-Q-D1:2601.14601v1,ARX:FORMAL-ARXIV-V12-Q-D2:2601.14601v1,arXiv,Q-D2
REC-07527,ARX:FORMAL-ARXIV-V12-Q-D1:2601.13981v4,ARX:FORMAL-ARXIV-V12-Q-D2:2601.13981v4,arXiv,Q-D2
REC-07529,ARX:FORMAL-ARXIV-V12-Q-D1:2601.13671v1,ARX:FORMAL-ARXIV-V12-Q-D2:2601.13671v1,arXiv,Q-D2
REC-07530,ARX:FORMAL-ARXIV-V12-Q-D1:2601.13597v2,ARX:FORMAL-ARXIV-V12-Q-D2:2601.13597v2,arXiv,Q-D2
REC-07534,ARX:FORMAL-ARXIV-V12-Q-D1:2601.11903v1,ARX:FORMAL-ARXIV-V12-Q-D3:2601.11903v1,arXiv,Q-D3
REC-07535,ARX:FORMAL-ARXIV-V12-Q-D1:2601.11816v1,ARX:FORMAL-ARXIV-V12-Q-D2:2601.11816v1,arXiv,Q-D2
REC-07536,ARX:FORMAL-ARXIV-V12-Q-D1:2601.11688v1,ARX:FORMAL-ARXIV-V12-Q-D3:2601.11688v1,arXiv,Q-D3
REC-07538,ARX:FORMAL-ARXIV-V12-Q-D1:2601.10599v2,ARX:FORMAL-ARXIV-V12-Q-D2:2601.10599v2,arXiv,Q-D2
REC-07540,ARX:FORMAL-ARXIV-V12-Q-D1:2601.09295v2,ARX:FORMAL-ARXIV-V12-Q-D2:2601.09295v2,arXiv,Q-D2
REC-07544,ARX:FORMAL-ARXIV-V12-Q-D1:2601.07606v1,ARX:FORMAL-ARXIV-V12-Q-D2:2601.07606v1,arXiv,Q-D2
REC-07545,ARX:FORMAL-ARXIV-V12-Q-D1:2601.06663v2,ARX:FORMAL-ARXIV-V12-Q-D2:2601.06663v2,arXiv,Q-D2
REC-07545,ARX:FORMAL-ARXIV-V12-Q-D1:2601.06663v2,ARX:FORMAL-ARXIV-V12-Q-S0:2601.06663v2,arXiv,Q-S0
REC-07554,ARX:FORMAL-ARXIV-V12-Q-D1:2601.02314v1,ARX:FORMAL-ARXIV-V12-Q-D2:2601.02314v1,arXiv,Q-D2
REC-07557,ARX:FORMAL-ARXIV-V12-Q-D1:2601.01090v2,ARX:FORMAL-ARXIV-V12-Q-D2:2601.01090v2,arXiv,Q-D2
REC-07558,ARX:FORMAL-ARXIV-V12-Q-D1:2601.00360v3,ARX:FORMAL-ARXIV-V12-Q-D2:2601.00360v3,arXiv,Q-D2
REC-07564,ARX:FORMAL-ARXIV-V12-Q-D1:2512.22650v1,ARX:FORMAL-ARXIV-V12-Q-D2:2512.22650v1,arXiv,Q-D2
REC-07567,ARX:FORMAL-ARXIV-V12-Q-D1:2512.22322v2,ARX:FORMAL-ARXIV-V12-Q-D3:2512.22322v2,arXiv,Q-D3
REC-07568,ARX:FORMAL-ARXIV-V12-Q-D1:2512.21907v2,ARX:FORMAL-ARXIV-V12-Q-D3:2512.21907v2,arXiv,Q-D3
REC-07569,ARX:FORMAL-ARXIV-V12-Q-D1:2512.21699v1,ARX:FORMAL-ARXIV-V12-Q-D2:2512.21699v1,arXiv,Q-D2
REC-07570,ARX:FORMAL-ARXIV-V12-Q-D1:2512.23737v1,ARX:FORMAL-ARXIV-V12-Q-D3:2512.23737v1,arXiv,Q-D3
REC-07575,ARX:FORMAL-ARXIV-V12-Q-D1:2512.19016v2,ARX:FORMAL-ARXIV-V12-Q-D2:2512.19016v2,arXiv,Q-D2
REC-07576,ARX:FORMAL-ARXIV-V12-Q-D1:2512.21354v1,ARX:FORMAL-ARXIV-V12-Q-D2:2512.21354v1,arXiv,Q-D2
REC-07577,ARX:FORMAL-ARXIV-V12-Q-D1:2512.18552v3,ARX:FORMAL-ARXIV-V12-Q-D2:2512.18552v3,arXiv,Q-D2
REC-07580,ARX:FORMAL-ARXIV-V12-Q-D1:2512.18043v1,ARX:FORMAL-ARXIV-V12-Q-D2:2512.18043v1,arXiv,Q-D2
REC-07580,ARX:FORMAL-ARXIV-V12-Q-D1:2512.18043v1,ARX:FORMAL-ARXIV-V12-Q-S0:2512.18043v1,arXiv,Q-S0
REC-07583,ARX:FORMAL-ARXIV-V12-Q-D1:2512.17146v1,ARX:FORMAL-ARXIV-V12-Q-D3:2512.17146v1,arXiv,Q-D3
REC-07583,ARX:FORMAL-ARXIV-V12-Q-D1:2512.17146v1,ARX:FORMAL-ARXIV-V12-Q-S0:2512.17146v1,arXiv,Q-S0
REC-07585,ARX:FORMAL-ARXIV-V12-Q-D1:2512.16856v2,ARX:FORMAL-ARXIV-V12-Q-D2:2512.16856v2,arXiv,Q-D2
REC-07587,ARX:FORMAL-ARXIV-V12-Q-D1:2512.15688v1,ARX:FORMAL-ARXIV-V12-Q-D2:2512.15688v1,arXiv,Q-D2
REC-07587,ARX:FORMAL-ARXIV-V12-Q-D1:2512.15688v1,ARX:FORMAL-ARXIV-V12-Q-D3:2512.15688v1,arXiv,Q-D3
REC-07587,ARX:FORMAL-ARXIV-V12-Q-D1:2512.15688v1,ARX:FORMAL-ARXIV-V12-Q-S0:2512.15688v1,arXiv,Q-S0
REC-07600,ARX:FORMAL-ARXIV-V12-Q-D1:2512.08860v1,ARX:FORMAL-ARXIV-V12-Q-D2:2512.08860v1,arXiv,Q-D2
REC-07615,ARX:FORMAL-ARXIV-V12-Q-D1:2512.00513v2,ARX:FORMAL-ARXIV-V12-Q-D3:2512.00513v2,arXiv,Q-D3
REC-07616,ARX:FORMAL-ARXIV-V12-Q-D1:2512.03089v1,ARX:FORMAL-ARXIV-V12-Q-D2:2512.03089v1,arXiv,Q-D2
REC-07620,ARX:FORMAL-ARXIV-V12-Q-D1:2511.22619v2,ARX:FORMAL-ARXIV-V12-Q-D2:2511.22619v2,arXiv,Q-D2
REC-07621,ARX:FORMAL-ARXIV-V12-Q-D1:2511.21460v1,ARX:FORMAL-ARXIV-V12-Q-D3:2511.21460v1,arXiv,Q-D3
REC-07621,ARX:FORMAL-ARXIV-V12-Q-D1:2511.21460v1,ARX:FORMAL-ARXIV-V12-Q-S0:2511.21460v1,arXiv,Q-S0
REC-07622,ARX:FORMAL-ARXIV-V12-Q-D1:2511.21033v2,ARX:FORMAL-ARXIV-V12-Q-D2:2511.21033v2,arXiv,Q-D2
REC-07623,ARX:FORMAL-ARXIV-V12-Q-D1:2512.07850v1,ARX:FORMAL-ARXIV-V12-Q-D2:2512.07850v1,arXiv,Q-D2
REC-07623,ARX:FORMAL-ARXIV-V12-Q-D1:2512.07850v1,ARX:FORMAL-ARXIV-V12-Q-D3:2512.07850v1,arXiv,Q-D3
REC-07623,ARX:FORMAL-ARXIV-V12-Q-D1:2512.07850v1,ARX:FORMAL-ARXIV-V12-Q-S0:2512.07850v1,arXiv,Q-S0
REC-07625,ARX:FORMAL-ARXIV-V12-Q-D1:2511.18258v1,ARX:FORMAL-ARXIV-V12-Q-D2:2511.18258v1,arXiv,Q-D2
REC-07626,ARX:FORMAL-ARXIV-V12-Q-D1:2511.21745v2,ARX:FORMAL-ARXIV-V12-Q-D2:2511.21745v2,arXiv,Q-D2
REC-07629,ARX:FORMAL-ARXIV-V12-Q-D1:2511.16080v1,ARX:FORMAL-ARXIV-V12-Q-D3:2511.16080v1,arXiv,Q-D3
REC-07630,ARX:FORMAL-ARXIV-V12-Q-D1:2511.15456v1,ARX:FORMAL-ARXIV-V12-Q-D2:2511.15456v1,arXiv,Q-D2
REC-07636,ARX:FORMAL-ARXIV-V12-Q-D1:2511.11551v3,ARX:FORMAL-ARXIV-V12-Q-D2:2511.11551v3,arXiv,Q-D2
REC-07645,ARX:FORMAL-ARXIV-V12-Q-D1:2511.03248v2,ARX:FORMAL-ARXIV-V12-Q-D2:2511.03248v2,arXiv,Q-D2
REC-07646,ARX:FORMAL-ARXIV-V12-Q-D1:2511.03138v4,ARX:FORMAL-ARXIV-V12-Q-D2:2511.03138v4,arXiv,Q-D2
REC-07646,ARX:FORMAL-ARXIV-V12-Q-D1:2511.03138v4,ARX:FORMAL-ARXIV-V12-Q-S0:2511.03138v4,arXiv,Q-S0
REC-07647,ARX:FORMAL-ARXIV-V12-Q-D1:2511.02997v1,ARX:FORMAL-ARXIV-V12-Q-D2:2511.02997v1,arXiv,Q-D2
REC-07650,ARX:FORMAL-ARXIV-V12-Q-D1:2511.02071v2,ARX:FORMAL-ARXIV-V12-Q-D2:2511.02071v2,arXiv,Q-D2
REC-07651,ARX:FORMAL-ARXIV-V12-Q-D1:2511.07441v5,ARX:FORMAL-ARXIV-V12-Q-D2:2511.07441v5,arXiv,Q-D2
REC-07656,ARX:FORMAL-ARXIV-V12-Q-D1:2510.25863v2,ARX:FORMAL-ARXIV-V12-Q-D2:2510.25863v2,arXiv,Q-D2
REC-07661,ARX:FORMAL-ARXIV-V12-Q-D1:2510.23682v1,ARX:FORMAL-ARXIV-V12-Q-D2:2510.23682v1,arXiv,Q-D2
REC-07662,ARX:FORMAL-ARXIV-V12-Q-D1:2510.22775v1,ARX:FORMAL-ARXIV-V12-Q-D2:2510.22775v1,arXiv,Q-D2
REC-07663,ARX:FORMAL-ARXIV-V12-Q-D1:2510.22620v2,ARX:FORMAL-ARXIV-V12-Q-S0:2510.22620v2,arXiv,Q-S0
REC-07666,ARX:FORMAL-ARXIV-V12-Q-D1:2510.20270v1,ARX:FORMAL-ARXIV-V12-Q-D2:2510.20270v1,arXiv,Q-D2
REC-07667,ARX:FORMAL-ARXIV-V12-Q-D1:2510.20102v3,ARX:FORMAL-ARXIV-V12-Q-D2:2510.20102v3,arXiv,Q-D2
REC-07668,ARX:FORMAL-ARXIV-V12-Q-D1:2510.20036v2,ARX:FORMAL-ARXIV-V12-Q-D3:2510.20036v2,arXiv,Q-D3
REC-07671,ARX:FORMAL-ARXIV-V12-Q-D1:2510.19227v1,ARX:FORMAL-ARXIV-V12-Q-D2:2510.19227v1,arXiv,Q-D2
REC-07674,ARX:FORMAL-ARXIV-V12-Q-D1:2510.18179v2,ARX:FORMAL-ARXIV-V12-Q-D2:2510.18179v2,arXiv,Q-D2
REC-07676,ARX:FORMAL-ARXIV-V12-Q-D1:2511.04683v1,ARX:FORMAL-ARXIV-V12-Q-D2:2511.04683v1,arXiv,Q-D2
REC-07676,ARX:FORMAL-ARXIV-V12-Q-D1:2511.04683v1,ARX:FORMAL-ARXIV-V12-Q-D3:2511.04683v1,arXiv,Q-D3
REC-07681,ARX:FORMAL-ARXIV-V12-Q-D1:2510.12864v1,ARX:FORMAL-ARXIV-V12-Q-D2:2510.12864v1,arXiv,Q-D2
REC-07684,ARX:FORMAL-ARXIV-V12-Q-D1:2510.11260v1,ARX:FORMAL-ARXIV-V12-Q-D2:2510.11260v1,arXiv,Q-D2
REC-07685,ARX:FORMAL-ARXIV-V12-Q-D1:2510.11151v1,ARX:FORMAL-ARXIV-V12-Q-D2:2510.11151v1,arXiv,Q-D2
REC-07685,ARX:FORMAL-ARXIV-V12-Q-D1:2510.11151v1,ARX:FORMAL-ARXIV-V12-Q-D3:2510.11151v1,arXiv,Q-D3
REC-07689,ARX:FORMAL-ARXIV-V12-Q-D1:2510.09781v1,ARX:FORMAL-ARXIV-V12-Q-D2:2510.09781v1,arXiv,Q-D2
REC-07689,ARX:FORMAL-ARXIV-V12-Q-D1:2510.09781v1,ARX:FORMAL-ARXIV-V12-Q-S0:2510.09781v1,arXiv,Q-S0
REC-07698,ARX:FORMAL-ARXIV-V12-Q-D1:2510.02389v3,ARX:FORMAL-ARXIV-V12-Q-D2:2510.02389v3,arXiv,Q-D2
REC-07703,ARX:FORMAL-ARXIV-V12-Q-D1:2509.24127v1,ARX:FORMAL-ARXIV-V12-Q-D2:2509.24127v1,arXiv,Q-D2
REC-07710,ARX:FORMAL-ARXIV-V12-Q-D1:2509.19136v2,ARX:FORMAL-ARXIV-V12-Q-D2:2509.19136v2,arXiv,Q-D2
REC-07711,ARX:FORMAL-ARXIV-V12-Q-D1:2509.18420v1,ARX:FORMAL-ARXIV-V12-Q-D3:2509.18420v1,arXiv,Q-D3
REC-07717,ARX:FORMAL-ARXIV-V12-Q-D1:2509.16941v2,ARX:FORMAL-ARXIV-V12-Q-D3:2509.16941v2,arXiv,Q-D3
REC-07719,ARX:FORMAL-ARXIV-V12-Q-D1:2509.16275v1,ARX:FORMAL-ARXIV-V12-Q-D2:2509.16275v1,arXiv,Q-D2
REC-07720,ARX:FORMAL-ARXIV-V12-Q-D1:2509.14537v2,ARX:FORMAL-ARXIV-V12-Q-D2:2509.14537v2,arXiv,Q-D2
REC-07722,ARX:FORMAL-ARXIV-V12-Q-D1:2509.13978v2,ARX:FORMAL-ARXIV-V12-Q-D2:2509.13978v2,arXiv,Q-D2
REC-07726,ARX:FORMAL-ARXIV-V12-Q-D1:2509.08638v1,ARX:FORMAL-ARXIV-V12-Q-D2:2509.08638v1,arXiv,Q-D2
REC-07730,ARX:FORMAL-ARXIV-V12-Q-D1:2509.08009v2,ARX:FORMAL-ARXIV-V12-Q-D2:2509.08009v2,arXiv,Q-D2
REC-07733,ARX:FORMAL-ARXIV-V12-Q-D1:2509.02360v2,ARX:FORMAL-ARXIV-V12-Q-D2:2509.02360v2,arXiv,Q-D2
REC-07733,ARX:FORMAL-ARXIV-V12-Q-D1:2509.02360v2,ARX:FORMAL-ARXIV-V12-Q-D3:2509.02360v2,arXiv,Q-D3
REC-07737,ARX:FORMAL-ARXIV-V12-Q-D1:2508.19163v1,ARX:FORMAL-ARXIV-V12-Q-D2:2508.19163v1,arXiv,Q-D2
REC-07740,ARX:FORMAL-ARXIV-V12-Q-D1:2508.17674v2,ARX:FORMAL-ARXIV-V12-Q-D2:2508.17674v2,arXiv,Q-D2
REC-07740,ARX:FORMAL-ARXIV-V12-Q-D1:2508.17674v2,ARX:FORMAL-ARXIV-V12-Q-D3:2508.17674v2,arXiv,Q-D3
REC-07740,ARX:FORMAL-ARXIV-V12-Q-D1:2508.17674v2,ARX:FORMAL-ARXIV-V12-Q-S0:2508.17674v2,arXiv,Q-S0
REC-07742,ARX:FORMAL-ARXIV-V12-Q-D1:2508.17094v3,ARX:FORMAL-ARXIV-V12-Q-D3:2508.17094v3,arXiv,Q-D3
REC-07744,ARX:FORMAL-ARXIV-V12-Q-D1:2508.16637v1,ARX:FORMAL-ARXIV-V12-Q-D2:2508.16637v1,arXiv,Q-D2
REC-07746,ARX:FORMAL-ARXIV-V12-Q-D1:2508.11867v1,ARX:FORMAL-ARXIV-V12-Q-D2:2508.11867v1,arXiv,Q-D2
REC-07746,ARX:FORMAL-ARXIV-V12-Q-D1:2508.11867v1,ARX:FORMAL-ARXIV-V12-Q-D3:2508.11867v1,arXiv,Q-D3
REC-07747,ARX:FORMAL-ARXIV-V12-Q-D1:2508.11824v1,ARX:FORMAL-ARXIV-V12-Q-D2:2508.11824v1,arXiv,Q-D2
REC-07747,ARX:FORMAL-ARXIV-V12-Q-D1:2508.11824v1,ARX:FORMAL-ARXIV-V12-Q-D3:2508.11824v1,arXiv,Q-D3
REC-07750,ARX:FORMAL-ARXIV-V12-Q-D1:2508.13180v1,ARX:FORMAL-ARXIV-V12-Q-D3:2508.13180v1,arXiv,Q-D3
REC-07753,ARX:FORMAL-ARXIV-V12-Q-D1:2508.06457v2,ARX:FORMAL-ARXIV-V12-Q-D2:2508.06457v2,arXiv,Q-D2
REC-07759,ARX:FORMAL-ARXIV-V12-Q-D1:2508.03092v1,ARX:FORMAL-ARXIV-V12-Q-D2:2508.03092v1,arXiv,Q-D2
REC-07761,ARX:FORMAL-ARXIV-V12-Q-D1:2508.02773v3,ARX:FORMAL-ARXIV-V12-Q-D2:2508.02773v3,arXiv,Q-D2
REC-07762,ARX:FORMAL-ARXIV-V12-Q-D1:2508.01997v2,ARX:FORMAL-ARXIV-V12-Q-D2:2508.01997v2,arXiv,Q-D2
REC-07766,ARX:FORMAL-ARXIV-V12-Q-D1:2507.22844v1,ARX:FORMAL-ARXIV-V12-Q-D3:2507.22844v1,arXiv,Q-D3
REC-07767,ARX:FORMAL-ARXIV-V12-Q-D1:2508.00031v3,ARX:FORMAL-ARXIV-V12-Q-D3:2508.00031v3,arXiv,Q-D3
REC-07768,ARX:FORMAL-ARXIV-V12-Q-D1:2507.18957v1,ARX:FORMAL-ARXIV-V12-Q-D2:2507.18957v1,arXiv,Q-D2
REC-07772,ARX:FORMAL-ARXIV-V12-Q-D1:2507.16459v2,ARX:FORMAL-ARXIV-V12-Q-D2:2507.16459v2,arXiv,Q-D2
REC-07773,ARX:FORMAL-ARXIV-V12-Q-D1:2507.16203v1,ARX:FORMAL-ARXIV-V12-Q-D2:2507.16203v1,arXiv,Q-D2
REC-07773,ARX:FORMAL-ARXIV-V12-Q-D1:2507.16203v1,ARX:FORMAL-ARXIV-V12-Q-S0:2507.16203v1,arXiv,Q-S0
REC-07775,ARX:FORMAL-ARXIV-V12-Q-D1:2507.14263v1,ARX:FORMAL-ARXIV-V12-Q-D3:2507.14263v1,arXiv,Q-D3
REC-07781,ARX:FORMAL-ARXIV-V12-Q-D1:2507.05755v1,ARX:FORMAL-ARXIV-V12-Q-D2:2507.05755v1,arXiv,Q-D2
REC-07786,ARX:FORMAL-ARXIV-V12-Q-D1:2506.23667v1,ARX:FORMAL-ARXIV-V12-Q-D2:2506.23667v1,arXiv,Q-D2
REC-07787,ARX:FORMAL-ARXIV-V12-Q-D1:2506.23408v1,ARX:FORMAL-ARXIV-V12-Q-D2:2506.23408v1,arXiv,Q-D2
REC-07787,ARX:FORMAL-ARXIV-V12-Q-D1:2506.23408v1,ARX:FORMAL-ARXIV-V12-Q-D3:2506.23408v1,arXiv,Q-D3
REC-07789,ARX:FORMAL-ARXIV-V12-Q-D1:2506.20000v1,ARX:FORMAL-ARXIV-V12-Q-S0:2506.20000v1,arXiv,Q-S0
REC-07790,ARX:FORMAL-ARXIV-V12-Q-D1:2506.19724v1,ARX:FORMAL-ARXIV-V12-Q-D2:2506.19724v1,arXiv,Q-D2
REC-07791,ARX:FORMAL-ARXIV-V12-Q-D1:2506.19290v1,ARX:FORMAL-ARXIV-V12-Q-D3:2506.19290v1,arXiv,Q-D3
REC-07792,ARX:FORMAL-ARXIV-V12-Q-D1:2506.22485v1,ARX:FORMAL-ARXIV-V12-Q-D2:2506.22485v1,arXiv,Q-D2
REC-07792,ARX:FORMAL-ARXIV-V12-Q-D1:2506.22485v1,ARX:FORMAL-ARXIV-V12-Q-D3:2506.22485v1,arXiv,Q-D3
REC-07793,ARX:FORMAL-ARXIV-V12-Q-D1:2506.17514v1,ARX:FORMAL-ARXIV-V12-Q-D3:2506.17514v1,arXiv,Q-D3
REC-07800,ARX:FORMAL-ARXIV-V12-Q-D1:2506.10171v3,ARX:FORMAL-ARXIV-V12-Q-D2:2506.10171v3,arXiv,Q-D2
REC-07801,ARX:FORMAL-ARXIV-V12-Q-D1:2506.08693v3,ARX:FORMAL-ARXIV-V12-Q-D2:2506.08693v3,arXiv,Q-D2
REC-07801,ARX:FORMAL-ARXIV-V12-Q-D1:2506.08693v3,ARX:FORMAL-ARXIV-V12-Q-D3:2506.08693v3,arXiv,Q-D3
REC-07806,ARX:FORMAL-ARXIV-V12-Q-D1:2506.05296v3,ARX:FORMAL-ARXIV-V12-Q-D2:2506.05296v3,arXiv,Q-D2
REC-07808,ARX:FORMAL-ARXIV-V12-Q-D1:2506.04405v2,ARX:FORMAL-ARXIV-V12-Q-D2:2506.04405v2,arXiv,Q-D2
REC-07812,ARX:FORMAL-ARXIV-V12-Q-D1:2506.02357v2,ARX:FORMAL-ARXIV-V12-Q-D2:2506.02357v2,arXiv,Q-D2
REC-07812,ARX:FORMAL-ARXIV-V12-Q-D1:2506.02357v2,ARX:FORMAL-ARXIV-V12-Q-S0:2506.02357v2,arXiv,Q-S0
REC-07814,ARX:FORMAL-ARXIV-V12-Q-D1:2506.00714v2,ARX:FORMAL-ARXIV-V12-Q-D2:2506.00714v2,arXiv,Q-D2
REC-07815,ARX:FORMAL-ARXIV-V12-Q-D1:2506.00641v3,ARX:FORMAL-ARXIV-V12-Q-S0:2506.00641v3,arXiv,Q-S0
REC-07816,ARX:FORMAL-ARXIV-V12-Q-D1:2505.23474v1,ARX:FORMAL-ARXIV-V12-Q-D2:2505.23474v1,arXiv,Q-D2
REC-07817,ARX:FORMAL-ARXIV-V12-Q-D1:2505.23436v4,ARX:FORMAL-ARXIV-V12-Q-D2:2505.23436v4,arXiv,Q-D2
REC-07817,ARX:FORMAL-ARXIV-V12-Q-D1:2505.23436v4,ARX:FORMAL-ARXIV-V12-Q-S0:2505.23436v4,arXiv,Q-S0
REC-07819,ARX:FORMAL-ARXIV-V12-Q-D1:2505.22967v1,ARX:FORMAL-ARXIV-V12-Q-S0:2505.22967v1,arXiv,Q-S0
REC-07820,ARX:FORMAL-ARXIV-V12-Q-D1:2506.05370v1,ARX:FORMAL-ARXIV-V12-Q-D2:2506.05370v1,arXiv,Q-D2
REC-07825,ARX:FORMAL-ARXIV-V12-Q-D1:2505.19260v2,ARX:FORMAL-ARXIV-V12-Q-D2:2505.19260v2,arXiv,Q-D2
REC-07825,ARX:FORMAL-ARXIV-V12-Q-D1:2505.19260v2,ARX:FORMAL-ARXIV-V12-Q-S0:2505.19260v2,arXiv,Q-S0
REC-07826,ARX:FORMAL-ARXIV-V12-Q-D1:2505.18543v1,ARX:FORMAL-ARXIV-V12-Q-D2:2505.18543v1,arXiv,Q-D2
REC-07827,ARX:FORMAL-ARXIV-V12-Q-D1:2505.17735v2,ARX:FORMAL-ARXIV-V12-Q-D2:2505.17735v2,arXiv,Q-D2
REC-07827,ARX:FORMAL-ARXIV-V12-Q-D1:2505.17735v2,ARX:FORMAL-ARXIV-V12-Q-S0:2505.17735v2,arXiv,Q-S0
REC-07828,ARX:FORMAL-ARXIV-V12-Q-D1:2505.17511v1,ARX:FORMAL-ARXIV-V12-Q-D2:2505.17511v1,arXiv,Q-D2
REC-07833,ARX:FORMAL-ARXIV-V12-Q-D1:2505.15935v3,ARX:FORMAL-ARXIV-V12-Q-S0:2505.15935v3,arXiv,Q-S0
REC-07836,ARX:FORMAL-ARXIV-V12-Q-D1:2505.10732v1,ARX:FORMAL-ARXIV-V12-Q-D2:2505.10732v1,arXiv,Q-D2
REC-07836,ARX:FORMAL-ARXIV-V12-Q-D1:2505.10732v1,ARX:FORMAL-ARXIV-V12-Q-S0:2505.10732v1,arXiv,Q-S0
REC-07837,ARX:FORMAL-ARXIV-V12-Q-D1:2504.21185v2,ARX:FORMAL-ARXIV-V12-Q-D3:2504.21185v2,arXiv,Q-D3
REC-07838,ARX:FORMAL-ARXIV-V12-Q-D1:2504.20932v1,ARX:FORMAL-ARXIV-V12-Q-D2:2504.20932v1,arXiv,Q-D2
REC-07843,ARX:FORMAL-ARXIV-V12-Q-D1:2504.13443v2,ARX:FORMAL-ARXIV-V12-Q-D2:2504.13443v2,arXiv,Q-D2
REC-07847,ARX:FORMAL-ARXIV-V12-Q-D1:2504.09689v3,ARX:FORMAL-ARXIV-V12-Q-D2:2504.09689v3,arXiv,Q-D2
REC-07848,ARX:FORMAL-ARXIV-V12-Q-D1:2504.09227v1,ARX:FORMAL-ARXIV-V12-Q-D3:2504.09227v1,arXiv,Q-D3
REC-07850,ARX:FORMAL-ARXIV-V12-Q-D1:2504.03255v2,ARX:FORMAL-ARXIV-V12-Q-D2:2504.03255v2,arXiv,Q-D2
REC-07855,ARX:FORMAL-ARXIV-V12-Q-D1:2503.13514v1,ARX:FORMAL-ARXIV-V12-Q-D2:2503.13514v1,arXiv,Q-D2
REC-07861,ARX:FORMAL-ARXIV-V12-Q-D1:2502.15865v2,ARX:FORMAL-ARXIV-V12-Q-S0:2502.15865v2,arXiv,Q-S0
REC-07863,ARX:FORMAL-ARXIV-V12-Q-D1:2502.13069v3,ARX:FORMAL-ARXIV-V12-Q-D2:2502.13069v3,arXiv,Q-D2
REC-07869,ARX:FORMAL-ARXIV-V12-Q-D1:2501.03259v1,ARX:FORMAL-ARXIV-V12-Q-D2:2501.03259v1,arXiv,Q-D2
REC-07871,ARX:FORMAL-ARXIV-V12-Q-D1:2412.14470v2,ARX:FORMAL-ARXIV-V12-Q-D2:2412.14470v2,arXiv,Q-D2
REC-07871,ARX:FORMAL-ARXIV-V12-Q-D1:2412.14470v2,ARX:FORMAL-ARXIV-V12-Q-S0:2412.14470v2,arXiv,Q-S0
REC-07877,ARX:FORMAL-ARXIV-V12-Q-D1:2411.15396v1,ARX:FORMAL-ARXIV-V12-Q-D2:2411.15396v1,arXiv,Q-D2
REC-07879,ARX:FORMAL-ARXIV-V12-Q-D1:2412.00033v1,ARX:FORMAL-ARXIV-V12-Q-D2:2412.00033v1,arXiv,Q-D2
REC-07880,ARX:FORMAL-ARXIV-V12-Q-D1:2411.13768v3,ARX:FORMAL-ARXIV-V12-Q-D3:2411.13768v3,arXiv,Q-D3
REC-07881,ARX:FORMAL-ARXIV-V12-Q-D1:2411.13627v1,ARX:FORMAL-ARXIV-V12-Q-D2:2411.13627v1,arXiv,Q-D2
REC-07883,ARX:FORMAL-ARXIV-V12-Q-D1:2411.04468v1,ARX:FORMAL-ARXIV-V12-Q-D3:2411.04468v1,arXiv,Q-D3
REC-07885,ARX:FORMAL-ARXIV-V12-Q-D1:2410.19064v2,ARX:FORMAL-ARXIV-V12-Q-D2:2410.19064v2,arXiv,Q-D2
REC-07887,ARX:FORMAL-ARXIV-V12-Q-D1:2410.09381v2,ARX:FORMAL-ARXIV-V12-Q-D2:2410.09381v2,arXiv,Q-D2
REC-07891,ARX:FORMAL-ARXIV-V12-Q-D1:2410.00081v5,ARX:FORMAL-ARXIV-V12-Q-S0:2410.00081v5,arXiv,Q-S0
REC-07892,ARX:FORMAL-ARXIV-V12-Q-D1:2409.18048v4,ARX:FORMAL-ARXIV-V12-Q-D2:2409.18048v4,arXiv,Q-D2
REC-07897,ARX:FORMAL-ARXIV-V12-Q-D1:2409.11276v1,ARX:FORMAL-ARXIV-V12-Q-S0:2409.11276v1,arXiv,Q-S0
REC-07899,ARX:FORMAL-ARXIV-V12-Q-D1:2409.03793v3,ARX:FORMAL-ARXIV-V12-Q-D2:2409.03793v3,arXiv,Q-D2
REC-07899,ARX:FORMAL-ARXIV-V12-Q-D1:2409.03793v3,ARX:FORMAL-ARXIV-V12-Q-S0:2409.03793v3,arXiv,Q-S0
REC-07900,ARX:FORMAL-ARXIV-V12-Q-D1:2408.15778v4,ARX:FORMAL-ARXIV-V12-Q-D3:2408.15778v4,arXiv,Q-D3
REC-07902,ARX:FORMAL-ARXIV-V12-Q-D1:2408.04449v5,ARX:FORMAL-ARXIV-V12-Q-D2:2408.04449v5,arXiv,Q-D2
REC-07902,ARX:FORMAL-ARXIV-V12-Q-D1:2408.04449v5,ARX:FORMAL-ARXIV-V12-Q-D3:2408.04449v5,arXiv,Q-D3
REC-07902,ARX:FORMAL-ARXIV-V12-Q-D1:2408.04449v5,ARX:FORMAL-ARXIV-V12-Q-S0:2408.04449v5,arXiv,Q-S0
REC-07903,ARX:FORMAL-ARXIV-V12-Q-D1:2408.01703v1,ARX:FORMAL-ARXIV-V12-Q-D2:2408.01703v1,arXiv,Q-D2
REC-07910,ARX:FORMAL-ARXIV-V12-Q-D1:2406.11915v2,ARX:FORMAL-ARXIV-V12-Q-D3:2406.11915v2,arXiv,Q-D3
REC-07911,ARX:FORMAL-ARXIV-V12-Q-D1:2406.09810v2,ARX:FORMAL-ARXIV-V12-Q-D3:2406.09810v2,arXiv,Q-D3
REC-07912,ARX:FORMAL-ARXIV-V12-Q-D1:2407.10978v1,ARX:FORMAL-ARXIV-V12-Q-D2:2407.10978v1,arXiv,Q-D2
REC-07913,ARX:FORMAL-ARXIV-V12-Q-D1:2406.05080v2,ARX:FORMAL-ARXIV-V12-Q-D2:2406.05080v2,arXiv,Q-D2
REC-07913,ARX:FORMAL-ARXIV-V12-Q-D1:2406.05080v2,ARX:FORMAL-ARXIV-V12-Q-D3:2406.05080v2,arXiv,Q-D3
REC-07914,ARX:FORMAL-ARXIV-V12-Q-D1:2406.04313v4,ARX:FORMAL-ARXIV-V12-Q-D2:2406.04313v4,arXiv,Q-D2
REC-07920,ARX:FORMAL-ARXIV-V12-Q-D1:2405.01593v1,ARX:FORMAL-ARXIV-V12-Q-D2:2405.01593v1,arXiv,Q-D2
REC-07922,ARX:FORMAL-ARXIV-V12-Q-D1:2404.06921v1,ARX:FORMAL-ARXIV-V12-Q-D2:2404.06921v1,arXiv,Q-D2
REC-07923,ARX:FORMAL-ARXIV-V12-Q-D1:2403.19735v1,ARX:FORMAL-ARXIV-V12-Q-D2:2403.19735v1,arXiv,Q-D2
REC-07925,ARX:FORMAL-ARXIV-V12-Q-D1:2402.17753v1,ARX:FORMAL-ARXIV-V12-Q-S2:2402.17753v1,arXiv,Q-S2
REC-07931,ARX:FORMAL-ARXIV-V12-Q-D1:2401.10019v3,ARX:FORMAL-ARXIV-V12-Q-S0:2401.10019v3,arXiv,Q-S0
REC-07944,ARX:FORMAL-ARXIV-V12-Q-D1:2309.09919v3,ARX:FORMAL-ARXIV-V12-Q-S0:2309.09919v3,arXiv,Q-S0
REC-07947,ARX:FORMAL-ARXIV-V12-Q-D1:2307.03697v1,ARX:FORMAL-ARXIV-V12-Q-D2:2307.03697v1,arXiv,Q-D2
REC-07950,ARX:FORMAL-ARXIV-V12-Q-D1:2304.12204v1,ARX:FORMAL-ARXIV-V12-Q-D2:2304.12204v1,arXiv,Q-D2
REC-07969,ARX:FORMAL-ARXIV-V12-Q-D2:2607.25145v1,ARX:FORMAL-ARXIV-V12-Q-D3:2607.25145v1,arXiv,Q-D3
REC-07972,ARX:FORMAL-ARXIV-V12-Q-D2:2607.23916v1,ARX:FORMAL-ARXIV-V12-Q-S0:2607.23916v1,arXiv,Q-S0
REC-07973,ARX:FORMAL-ARXIV-V12-Q-D2:2607.22917v2,ARX:FORMAL-ARXIV-V12-Q-D3:2607.22917v2,arXiv,Q-D3
REC-07974,ARX:FORMAL-ARXIV-V12-Q-D2:2607.22868v1,ARX:FORMAL-ARXIV-V12-Q-S0:2607.22868v1,arXiv,Q-S0
REC-07976,ARX:FORMAL-ARXIV-V12-Q-D2:2607.22400v1,ARX:FORMAL-ARXIV-V12-Q-D3:2607.22400v1,arXiv,Q-D3
REC-07978,ARX:FORMAL-ARXIV-V12-Q-D2:2607.21273v2,ARX:FORMAL-ARXIV-V12-Q-D3:2607.21273v2,arXiv,Q-D3
REC-07981,ARX:FORMAL-ARXIV-V12-Q-D2:2607.20255v2,ARX:FORMAL-ARXIV-V12-Q-S0:2607.20255v2,arXiv,Q-S0
REC-07983,ARX:FORMAL-ARXIV-V12-Q-D2:2607.19967v1,ARX:FORMAL-ARXIV-V12-Q-D3:2607.19967v1,arXiv,Q-D3
REC-07987,ARX:FORMAL-ARXIV-V12-Q-D2:2607.18754v1,ARX:FORMAL-ARXIV-V12-Q-D3:2607.18754v1,arXiv,Q-D3
REC-07988,ARX:FORMAL-ARXIV-V12-Q-D2:2607.18366v1,ARX:FORMAL-ARXIV-V12-Q-S0:2607.18366v1,arXiv,Q-S0
REC-07990,ARX:FORMAL-ARXIV-V12-Q-D2:2607.16448v1,ARX:FORMAL-ARXIV-V12-Q-D3:2607.16448v1,arXiv,Q-D3
REC-07993,ARX:FORMAL-ARXIV-V12-Q-D2:2607.14989v1,ARX:FORMAL-ARXIV-V12-Q-D3:2607.14989v1,arXiv,Q-D3
REC-07999,ARX:FORMAL-ARXIV-V12-Q-D2:2607.13594v1,ARX:FORMAL-ARXIV-V12-Q-D3:2607.13594v1,arXiv,Q-D3
REC-08001,ARX:FORMAL-ARXIV-V12-Q-D2:2607.13083v1,ARX:FORMAL-ARXIV-V12-Q-D3:2607.13083v1,arXiv,Q-D3
REC-08001,ARX:FORMAL-ARXIV-V12-Q-D2:2607.13083v1,ARX:FORMAL-ARXIV-V12-Q-S0:2607.13083v1,arXiv,Q-S0
REC-08004,ARX:FORMAL-ARXIV-V12-Q-D2:2607.10059v1,ARX:FORMAL-ARXIV-V12-Q-D3:2607.10059v1,arXiv,Q-D3
REC-08005,ARX:FORMAL-ARXIV-V12-Q-D2:2607.09653v1,ARX:FORMAL-ARXIV-V12-Q-S0:2607.09653v1,arXiv,Q-S0
REC-08006,ARX:FORMAL-ARXIV-V12-Q-D2:2607.09076v1,ARX:FORMAL-ARXIV-V12-Q-S0:2607.09076v1,arXiv,Q-S0
REC-08014,ARX:FORMAL-ARXIV-V12-Q-D2:2607.04729v1,ARX:FORMAL-ARXIV-V12-Q-D3:2607.04729v1,arXiv,Q-D3
REC-08030,ARX:FORMAL-ARXIV-V12-Q-D2:2606.30543v2,ARX:FORMAL-ARXIV-V12-Q-D3:2606.30543v2,arXiv,Q-D3
REC-08036,ARX:FORMAL-ARXIV-V12-Q-D2:2606.28011v1,ARX:FORMAL-ARXIV-V12-Q-D3:2606.28011v1,arXiv,Q-D3
REC-08037,ARX:FORMAL-ARXIV-V12-Q-D2:2606.28450v1,ARX:FORMAL-ARXIV-V12-Q-S0:2606.28450v1,arXiv,Q-S0
REC-08041,ARX:FORMAL-ARXIV-V12-Q-D2:2606.26216v1,ARX:FORMAL-ARXIV-V12-Q-S0:2606.26216v1,arXiv,Q-S0
REC-08045,ARX:FORMAL-ARXIV-V12-Q-D2:2606.23521v1,ARX:FORMAL-ARXIV-V12-Q-D3:2606.23521v1,arXiv,Q-D3
REC-08058,ARX:FORMAL-ARXIV-V12-Q-D2:2606.18795v2,ARX:FORMAL-ARXIV-V12-Q-D3:2606.18795v2,arXiv,Q-D3
REC-08061,ARX:FORMAL-ARXIV-V12-Q-D2:2606.17453v2,ARX:FORMAL-ARXIV-V12-Q-D3:2606.17453v2,arXiv,Q-D3
REC-08067,ARX:FORMAL-ARXIV-V12-Q-D2:2606.15549v2,ARX:FORMAL-ARXIV-V12-Q-D3:2606.15549v2,arXiv,Q-D3
REC-08068,ARX:FORMAL-ARXIV-V12-Q-D2:2606.15485v2,ARX:FORMAL-ARXIV-V12-Q-D3:2606.15485v2,arXiv,Q-D3
REC-08068,ARX:FORMAL-ARXIV-V12-Q-D2:2606.15485v2,ARX:FORMAL-ARXIV-V12-Q-S0:2606.15485v2,arXiv,Q-S0
REC-08069,ARX:FORMAL-ARXIV-V12-Q-D2:2606.15385v1,ARX:FORMAL-ARXIV-V12-Q-S0:2606.15385v1,arXiv,Q-S0
REC-08071,ARX:FORMAL-ARXIV-V12-Q-D2:2606.14574v2,ARX:FORMAL-ARXIV-V12-Q-D3:2606.14574v2,arXiv,Q-D3
REC-08086,ARX:FORMAL-ARXIV-V12-Q-D2:2606.09550v1,ARX:FORMAL-ARXIV-V12-Q-D3:2606.09550v1,arXiv,Q-D3
REC-08091,ARX:FORMAL-ARXIV-V12-Q-D2:2606.06223v2,ARX:FORMAL-ARXIV-V12-Q-S0:2606.06223v2,arXiv,Q-S0
REC-08093,ARX:FORMAL-ARXIV-V12-Q-D2:2606.05647v1,ARX:FORMAL-ARXIV-V12-Q-D3:2606.05647v1,arXiv,Q-D3
REC-08101,ARX:FORMAL-ARXIV-V12-Q-D2:2606.03190v1,ARX:FORMAL-ARXIV-V12-Q-S0:2606.03190v1,arXiv,Q-S0
REC-08104,ARX:FORMAL-ARXIV-V12-Q-D2:2606.01567v2,ARX:FORMAL-ARXIV-V12-Q-S0:2606.01567v2,arXiv,Q-S0
REC-08110,ARX:FORMAL-ARXIV-V12-Q-D2:2605.29801v1,ARX:FORMAL-ARXIV-V12-Q-S0:2605.29801v1,arXiv,Q-S0
REC-08116,ARX:FORMAL-ARXIV-V12-Q-D2:2605.27628v2,ARX:FORMAL-ARXIV-V12-Q-D3:2605.27628v2,arXiv,Q-D3
REC-08118,ARX:FORMAL-ARXIV-V12-Q-D2:2605.26029v2,ARX:FORMAL-ARXIV-V12-Q-D3:2605.26029v2,arXiv,Q-D3
REC-08121,ARX:FORMAL-ARXIV-V12-Q-D2:2605.22781v2,ARX:FORMAL-ARXIV-V12-Q-D3:2605.22781v2,arXiv,Q-D3
REC-08135,ARX:FORMAL-ARXIV-V12-Q-D2:2605.23989v1,ARX:FORMAL-ARXIV-V12-Q-S0:2605.23989v1,arXiv,Q-S0
REC-08144,ARX:FORMAL-ARXIV-V12-Q-D2:2605.16436v1,ARX:FORMAL-ARXIV-V12-Q-S0:2605.16436v1,arXiv,Q-S0
REC-08145,ARX:FORMAL-ARXIV-V12-Q-D2:2605.15377v2,ARX:FORMAL-ARXIV-V12-Q-D3:2605.15377v2,arXiv,Q-D3
REC-08152,ARX:FORMAL-ARXIV-V12-Q-D2:2605.13046v1,ARX:FORMAL-ARXIV-V12-Q-D3:2605.13046v1,arXiv,Q-D3
REC-08153,ARX:FORMAL-ARXIV-V12-Q-D2:2605.12662v1,ARX:FORMAL-ARXIV-V12-Q-D3:2605.12662v1,arXiv,Q-D3
REC-08160,ARX:FORMAL-ARXIV-V12-Q-D2:2605.11086v1,ARX:FORMAL-ARXIV-V12-Q-S0:2605.11086v1,arXiv,Q-S0
REC-08161,ARX:FORMAL-ARXIV-V12-Q-D2:2605.10787v2,ARX:FORMAL-ARXIV-V12-Q-D3:2605.10787v2,arXiv,Q-D3
REC-08164,ARX:FORMAL-ARXIV-V12-Q-D2:2605.09679v1,ARX:FORMAL-ARXIV-V12-Q-D3:2605.09679v1,arXiv,Q-D3
REC-08167,ARX:FORMAL-ARXIV-V12-Q-D2:2605.08463v2,ARX:FORMAL-ARXIV-V12-Q-S0:2605.08463v2,arXiv,Q-S0
REC-08169,ARX:FORMAL-ARXIV-V12-Q-D2:2605.08060v1,ARX:FORMAL-ARXIV-V12-Q-D3:2605.08060v1,arXiv,Q-D3
REC-08179,ARX:FORMAL-ARXIV-V12-Q-D2:2605.06584v1,ARX:FORMAL-ARXIV-V12-Q-D3:2605.06584v1,arXiv,Q-D3
REC-08181,ARX:FORMAL-ARXIV-V12-Q-D2:2605.06226v2,ARX:FORMAL-ARXIV-V12-Q-S0:2605.06226v2,arXiv,Q-S0
REC-08182,ARX:FORMAL-ARXIV-V12-Q-D2:2605.06737v1,ARX:FORMAL-ARXIV-V12-Q-D3:2605.06737v1,arXiv,Q-D3
REC-08187,ARX:FORMAL-ARXIV-V12-Q-D2:2605.03707v1,ARX:FORMAL-ARXIV-V12-Q-D3:2605.03707v1,arXiv,Q-D3
REC-08197,ARX:FORMAL-ARXIV-V12-Q-D2:2605.01209v1,ARX:FORMAL-ARXIV-V12-Q-D3:2605.01209v1,arXiv,Q-D3
REC-08202,ARX:FORMAL-ARXIV-V12-Q-D2:2605.00136v1,ARX:FORMAL-ARXIV-V12-Q-D3:2605.00136v1,arXiv,Q-D3
REC-08206,ARX:FORMAL-ARXIV-V12-Q-D2:2604.24826v1,ARX:FORMAL-ARXIV-V12-Q-S0:2604.24826v1,arXiv,Q-S0
REC-08209,ARX:FORMAL-ARXIV-V12-Q-D2:2604.23781v2,ARX:FORMAL-ARXIV-V12-Q-D3:2604.23781v2,arXiv,Q-D3
REC-08212,ARX:FORMAL-ARXIV-V12-Q-D2:2604.21829v2,ARX:FORMAL-ARXIV-V12-Q-S0:2604.21829v2,arXiv,Q-S0
REC-08218,ARX:FORMAL-ARXIV-V12-Q-D2:2604.19538v1,ARX:FORMAL-ARXIV-V12-Q-S0:2604.19538v1,arXiv,Q-S0
REC-08225,ARX:FORMAL-ARXIV-V12-Q-D2:2604.17517v2,ARX:FORMAL-ARXIV-V12-Q-D3:2604.17517v2,arXiv,Q-D3
REC-08229,ARX:FORMAL-ARXIV-V12-Q-D2:2604.16968v1,ARX:FORMAL-ARXIV-V12-Q-S0:2604.16968v1,arXiv,Q-S0
REC-08232,ARX:FORMAL-ARXIV-V12-Q-D2:2604.15236v1,ARX:FORMAL-ARXIV-V12-Q-S0:2604.15236v1,arXiv,Q-S0
REC-08233,ARX:FORMAL-ARXIV-V12-Q-D2:2604.14583v1,ARX:FORMAL-ARXIV-V12-Q-S0:2604.14583v1,arXiv,Q-S0
REC-08243,ARX:FORMAL-ARXIV-V12-Q-D2:2604.11072v1,ARX:FORMAL-ARXIV-V12-Q-D3:2604.11072v1,arXiv,Q-D3
REC-08248,ARX:FORMAL-ARXIV-V12-Q-D2:2604.08407v1,ARX:FORMAL-ARXIV-V12-Q-S0:2604.08407v1,arXiv,Q-S0
REC-08252,ARX:FORMAL-ARXIV-V12-Q-D2:2605.02914v1,ARX:FORMAL-ARXIV-V12-Q-S0:2605.02914v1,arXiv,Q-S0
REC-08253,ARX:FORMAL-ARXIV-V12-Q-D2:2604.06550v3,ARX:FORMAL-ARXIV-V12-Q-S0:2604.06550v3,arXiv,Q-S0
REC-08256,ARX:FORMAL-ARXIV-V12-Q-D2:2604.05432v1,ARX:FORMAL-ARXIV-V12-Q-S0:2604.05432v1,arXiv,Q-S0
REC-08258,ARX:FORMAL-ARXIV-V12-Q-D2:2604.05172v2,ARX:FORMAL-ARXIV-V12-Q-D3:2604.05172v2,arXiv,Q-D3
REC-08258,ARX:FORMAL-ARXIV-V12-Q-D2:2604.05172v2,ARX:FORMAL-ARXIV-V12-Q-S0:2604.05172v2,arXiv,Q-S0
REC-08260,ARX:FORMAL-ARXIV-V12-Q-D2:2604.04527v1,ARX:FORMAL-ARXIV-V12-Q-D3:2604.04527v1,arXiv,Q-D3
REC-08262,ARX:FORMAL-ARXIV-V12-Q-D2:2606.28363v1,ARX:FORMAL-ARXIV-V12-Q-D3:2606.28363v1,arXiv,Q-D3
REC-08263,ARX:FORMAL-ARXIV-V12-Q-D2:2604.03976v2,ARX:FORMAL-ARXIV-V12-Q-S0:2604.03976v2,arXiv,Q-S0
REC-08269,ARX:FORMAL-ARXIV-V12-Q-D2:2604.02006v1,ARX:FORMAL-ARXIV-V12-Q-D3:2604.02006v1,arXiv,Q-D3
REC-08271,ARX:FORMAL-ARXIV-V12-Q-D2:2604.01346v2,ARX:FORMAL-ARXIV-V12-Q-D3:2604.01346v2,arXiv,Q-D3
REC-08274,ARX:FORMAL-ARXIV-V12-Q-D2:2606.15504v2,ARX:FORMAL-ARXIV-V12-Q-D3:2606.15504v2,arXiv,Q-D3
REC-08278,ARX:FORMAL-ARXIV-V12-Q-D2:2605.16269v1,ARX:FORMAL-ARXIV-V12-Q-D3:2605.16269v1,arXiv,Q-D3
REC-08302,ARX:FORMAL-ARXIV-V12-Q-D2:2603.18740v2,ARX:FORMAL-ARXIV-V12-Q-D3:2603.18740v2,arXiv,Q-D3
REC-08308,ARX:FORMAL-ARXIV-V12-Q-D2:2603.15911v1,ARX:FORMAL-ARXIV-V12-Q-D3:2603.15911v1,arXiv,Q-D3
REC-08309,ARX:FORMAL-ARXIV-V12-Q-D2:2603.15852v1,ARX:FORMAL-ARXIV-V12-Q-D3:2603.15852v1,arXiv,Q-D3
REC-08310,ARX:FORMAL-ARXIV-V12-Q-D2:2603.15727v3,ARX:FORMAL-ARXIV-V12-Q-S0:2603.15727v3,arXiv,Q-S0
REC-08314,ARX:FORMAL-ARXIV-V12-Q-D2:2603.14975v2,ARX:FORMAL-ARXIV-V12-Q-D3:2603.14975v2,arXiv,Q-D3
REC-08314,ARX:FORMAL-ARXIV-V12-Q-D2:2603.14975v2,ARX:FORMAL-ARXIV-V12-Q-S0:2603.14975v2,arXiv,Q-S0
REC-08319,ARX:FORMAL-ARXIV-V12-Q-D2:2603.13517v2,ARX:FORMAL-ARXIV-V12-Q-S0:2603.13517v2,arXiv,Q-S0
REC-08322,ARX:FORMAL-ARXIV-V12-Q-D2:2603.13404v1,ARX:FORMAL-ARXIV-V12-Q-D3:2603.13404v1,arXiv,Q-D3
REC-08325,ARX:FORMAL-ARXIV-V12-Q-D2:2603.09641v1,ARX:FORMAL-ARXIV-V12-Q-D3:2603.09641v1,arXiv,Q-D3
REC-08337,ARX:FORMAL-ARXIV-V12-Q-D2:2603.04915v1,ARX:FORMAL-ARXIV-V12-Q-S0:2603.04915v1,arXiv,Q-S0
REC-08339,ARX:FORMAL-ARXIV-V12-Q-D2:2603.03655v1,ARX:FORMAL-ARXIV-V12-Q-D3:2603.03655v1,arXiv,Q-D3
REC-08340,ARX:FORMAL-ARXIV-V12-Q-D2:2603.03515v1,ARX:FORMAL-ARXIV-V12-Q-D3:2603.03515v1,arXiv,Q-D3
REC-08343,ARX:FORMAL-ARXIV-V12-Q-D2:2603.02983v1,ARX:FORMAL-ARXIV-V12-Q-S0:2603.02983v1,arXiv,Q-S0
REC-08345,ARX:FORMAL-ARXIV-V12-Q-D2:2603.01714v1,ARX:FORMAL-ARXIV-V12-Q-D3:2603.01714v1,arXiv,Q-D3
REC-08346,ARX:FORMAL-ARXIV-V12-Q-D2:2603.02277v3,ARX:FORMAL-ARXIV-V12-Q-D3:2603.02277v3,arXiv,Q-D3
REC-08356,ARX:FORMAL-ARXIV-V12-Q-D2:2602.19538v1,ARX:FORMAL-ARXIV-V12-Q-D3:2602.19538v1,arXiv,Q-D3
REC-08376,ARX:FORMAL-ARXIV-V12-Q-D2:2602.11409v1,ARX:FORMAL-ARXIV-V12-Q-S0:2602.11409v1,arXiv,Q-S0
REC-08383,ARX:FORMAL-ARXIV-V12-Q-D2:2602.09286v1,ARX:FORMAL-ARXIV-V12-Q-D3:2602.09286v1,arXiv,Q-D3
REC-08385,ARX:FORMAL-ARXIV-V12-Q-D2:2602.08082v1,ARX:FORMAL-ARXIV-V12-Q-S0:2602.08082v1,arXiv,Q-S0
REC-08390,ARX:FORMAL-ARXIV-V12-Q-D2:2602.06526v1,ARX:FORMAL-ARXIV-V12-Q-D3:2602.06526v1,arXiv,Q-D3
REC-08395,ARX:FORMAL-ARXIV-V12-Q-D2:2602.02625v1,ARX:FORMAL-ARXIV-V12-Q-D3:2602.02625v1,arXiv,Q-D3
REC-08396,ARX:FORMAL-ARXIV-V12-Q-D2:2602.02585v1,ARX:FORMAL-ARXIV-V12-Q-D3:2602.02585v1,arXiv,Q-D3
REC-08407,ARX:FORMAL-ARXIV-V12-Q-D2:2601.19138v2,ARX:FORMAL-ARXIV-V12-Q-S0:2601.19138v2,arXiv,Q-S0
REC-08412,ARX:FORMAL-ARXIV-V12-Q-D2:2601.17303v2,ARX:FORMAL-ARXIV-V12-Q-S0:2601.17303v2,arXiv,Q-S0
REC-08419,ARX:FORMAL-ARXIV-V12-Q-D2:2601.14660v2,ARX:FORMAL-ARXIV-V12-Q-S0:2601.14660v2,arXiv,Q-S0
REC-08420,ARX:FORMAL-ARXIV-V12-Q-D2:2601.14544v1,ARX:FORMAL-ARXIV-V12-Q-D3:2601.14544v1,arXiv,Q-D3
REC-08420,ARX:FORMAL-ARXIV-V12-Q-D2:2601.14544v1,ARX:FORMAL-ARXIV-V12-Q-S0:2601.14544v1,arXiv,Q-S0
REC-08435,ARX:FORMAL-ARXIV-V12-Q-D2:2601.09680v1,ARX:FORMAL-ARXIV-V12-Q-D3:2601.09680v1,arXiv,Q-D3
REC-08438,ARX:FORMAL-ARXIV-V12-Q-D2:2601.09129v1,ARX:FORMAL-ARXIV-V12-Q-S0:2601.09129v1,arXiv,Q-S0
REC-08440,ARX:FORMAL-ARXIV-V12-Q-D2:2601.07122v2,ARX:FORMAL-ARXIV-V12-Q-D3:2601.07122v2,arXiv,Q-D3
REC-08441,ARX:FORMAL-ARXIV-V12-Q-D2:2601.06838v1,ARX:FORMAL-ARXIV-V12-Q-S0:2601.06838v1,arXiv,Q-S0
REC-08446,ARX:FORMAL-ARXIV-V12-Q-D2:2601.06223v1,ARX:FORMAL-ARXIV-V12-Q-D3:2601.06223v1,arXiv,Q-D3
REC-08455,ARX:FORMAL-ARXIV-V12-Q-D2:2601.01723v1,ARX:FORMAL-ARXIV-V12-Q-S0:2601.01723v1,arXiv,Q-S0
REC-08461,ARX:FORMAL-ARXIV-V12-Q-D2:2512.24848v1,ARX:FORMAL-ARXIV-V12-Q-D3:2512.24848v1,arXiv,Q-D3
REC-08464,ARX:FORMAL-ARXIV-V12-Q-D2:2512.23499v1,ARX:FORMAL-ARXIV-V12-Q-D3:2512.23499v1,arXiv,Q-D3
REC-08465,ARX:FORMAL-ARXIV-V12-Q-D2:2601.00848v1,ARX:FORMAL-ARXIV-V12-Q-D3:2601.00848v1,arXiv,Q-D3
REC-08465,ARX:FORMAL-ARXIV-V12-Q-D2:2601.00848v1,ARX:FORMAL-ARXIV-V12-Q-S0:2601.00848v1,arXiv,Q-S0
REC-08468,ARX:FORMAL-ARXIV-V12-Q-D2:2601.06062v1,ARX:FORMAL-ARXIV-V12-Q-D3:2601.06062v1,arXiv,Q-D3
REC-08473,ARX:FORMAL-ARXIV-V12-Q-D2:2512.22211v1,ARX:FORMAL-ARXIV-V12-Q-S0:2512.22211v1,arXiv,Q-S0
REC-08474,ARX:FORMAL-ARXIV-V12-Q-D2:2512.18616v1,ARX:FORMAL-ARXIV-V12-Q-D3:2512.18616v1,arXiv,Q-D3
REC-08477,ARX:FORMAL-ARXIV-V12-Q-D2:2512.20660v2,ARX:FORMAL-ARXIV-V12-Q-D3:2512.20660v2,arXiv,Q-D3
REC-08483,ARX:FORMAL-ARXIV-V12-Q-D2:2512.12806v1,ARX:FORMAL-ARXIV-V12-Q-D3:2512.12806v1,arXiv,Q-D3
REC-08498,ARX:FORMAL-ARXIV-V12-Q-D2:2512.02654v1,ARX:FORMAL-ARXIV-V12-Q-S0:2512.02654v1,arXiv,Q-S0
REC-08504,ARX:FORMAL-ARXIV-V12-Q-D2:2511.19874v1,ARX:FORMAL-ARXIV-V12-Q-S0:2511.19874v1,arXiv,Q-S0
REC-08506,ARX:FORMAL-ARXIV-V12-Q-D2:2511.19536v1,ARX:FORMAL-ARXIV-V12-Q-S0:2511.19536v1,arXiv,Q-S0
REC-08508,ARX:FORMAL-ARXIV-V12-Q-D2:2511.18114v1,ARX:FORMAL-ARXIV-V12-Q-S0:2511.18114v1,arXiv,Q-S0
REC-08521,ARX:FORMAL-ARXIV-V12-Q-D2:2511.08842v1,ARX:FORMAL-ARXIV-V12-Q-S0:2511.08842v1,arXiv,Q-S0
REC-08524,ARX:FORMAL-ARXIV-V12-Q-D2:2511.07176v3,ARX:FORMAL-ARXIV-V12-Q-S0:2511.07176v3,arXiv,Q-S0
REC-08527,ARX:FORMAL-ARXIV-V12-Q-D2:2511.06778v2,ARX:FORMAL-ARXIV-V12-Q-D3:2511.06778v2,arXiv,Q-D3
REC-08528,ARX:FORMAL-ARXIV-V12-Q-D2:2511.06448v2,ARX:FORMAL-ARXIV-V12-Q-S0:2511.06448v2,arXiv,Q-S0
REC-08534,ARX:FORMAL-ARXIV-V12-Q-D2:2510.27016v1,ARX:FORMAL-ARXIV-V12-Q-D3:2510.27016v1,arXiv,Q-D3
REC-08536,ARX:FORMAL-ARXIV-V12-Q-D2:2510.25110v6,ARX:FORMAL-ARXIV-V12-Q-D3:2510.25110v6,arXiv,Q-D3
REC-08540,ARX:FORMAL-ARXIV-V12-Q-D2:2510.23883v3,ARX:FORMAL-ARXIV-V12-Q-S0:2510.23883v3,arXiv,Q-S0
REC-08547,ARX:FORMAL-ARXIV-V12-Q-D2:2510.17521v1,ARX:FORMAL-ARXIV-V12-Q-S0:2510.17521v1,arXiv,Q-S0
REC-08549,ARX:FORMAL-ARXIV-V12-Q-D2:2510.16492v4,ARX:FORMAL-ARXIV-V12-Q-S0:2510.16492v4,arXiv,Q-S0
REC-08551,ARX:FORMAL-ARXIV-V12-Q-D2:2510.15739v1,ARX:FORMAL-ARXIV-V12-Q-S0:2510.15739v1,arXiv,Q-S0
REC-08556,ARX:FORMAL-ARXIV-V12-Q-D2:2510.14207v3,ARX:FORMAL-ARXIV-V12-Q-S0:2510.14207v3,arXiv,Q-S0
REC-08557,ARX:FORMAL-ARXIV-V12-Q-D2:2510.13727v2,ARX:FORMAL-ARXIV-V12-Q-D3:2510.13727v2,arXiv,Q-D3
REC-08564,ARX:FORMAL-ARXIV-V12-Q-D2:2510.11588v1,ARX:FORMAL-ARXIV-V12-Q-D3:2510.11588v1,arXiv,Q-D3
REC-08569,ARX:FORMAL-ARXIV-V12-Q-D2:2512.00007v1,ARX:FORMAL-ARXIV-V12-Q-D3:2512.00007v1,arXiv,Q-D3
REC-08571,ARX:FORMAL-ARXIV-V12-Q-D2:2510.09228v2,ARX:FORMAL-ARXIV-V12-Q-D3:2510.09228v2,arXiv,Q-D3
REC-08578,ARX:FORMAL-ARXIV-V12-Q-D2:2510.08623v1,ARX:FORMAL-ARXIV-V12-Q-D3:2510.08623v1,arXiv,Q-D3
REC-08588,ARX:FORMAL-ARXIV-V12-Q-D2:2510.01654v1,ARX:FORMAL-ARXIV-V12-Q-S0:2510.01654v1,arXiv,Q-S0
REC-08589,ARX:FORMAL-ARXIV-V12-Q-D2:2510.01359v2,ARX:FORMAL-ARXIV-V12-Q-S0:2510.01359v2,arXiv,Q-S0
REC-08592,ARX:FORMAL-ARXIV-V12-Q-D2:2509.26354v2,ARX:FORMAL-ARXIV-V12-Q-S0:2509.26354v2,arXiv,Q-S0
REC-08594,ARX:FORMAL-ARXIV-V12-Q-D2:2509.25885v1,ARX:FORMAL-ARXIV-V12-Q-S0:2509.25885v1,arXiv,Q-S0
REC-08597,ARX:FORMAL-ARXIV-V12-Q-D2:2509.25302v2,ARX:FORMAL-ARXIV-V12-Q-S0:2509.25302v2,arXiv,Q-S0
REC-08605,ARX:FORMAL-ARXIV-V12-Q-D2:2509.25238v1,ARX:FORMAL-ARXIV-V12-Q-D3:2509.25238v1,arXiv,Q-D3
REC-08606,ARX:FORMAL-ARXIV-V12-Q-D2:2509.20705v1,ARX:FORMAL-ARXIV-V12-Q-S0:2509.20705v1,arXiv,Q-S0
REC-08608,ARX:FORMAL-ARXIV-V12-Q-D2:2509.18710v2,ARX:FORMAL-ARXIV-V12-Q-D3:2509.18710v2,arXiv,Q-D3
REC-08612,ARX:FORMAL-ARXIV-V12-Q-D2:2510.09620v1,ARX:FORMAL-ARXIV-V12-Q-S0:2510.09620v1,arXiv,Q-S0
REC-08621,ARX:FORMAL-ARXIV-V12-Q-D2:2509.10147v1,ARX:FORMAL-ARXIV-V12-Q-D3:2509.10147v1,arXiv,Q-D3
REC-08622,ARX:FORMAL-ARXIV-V12-Q-D2:2509.09970v1,ARX:FORMAL-ARXIV-V12-Q-S0:2509.09970v1,arXiv,Q-S0
REC-08624,ARX:FORMAL-ARXIV-V12-Q-D2:2509.09525v2,ARX:FORMAL-ARXIV-V12-Q-D3:2509.09525v2,arXiv,Q-D3
REC-08632,ARX:FORMAL-ARXIV-V12-Q-D2:2509.01379v1,ARX:FORMAL-ARXIV-V12-Q-D3:2509.01379v1,arXiv,Q-D3
REC-08640,ARX:FORMAL-ARXIV-V12-Q-D2:2508.20866v6,ARX:FORMAL-ARXIV-V12-Q-S0:2508.20866v6,arXiv,Q-S0
REC-08647,ARX:FORMAL-ARXIV-V12-Q-D2:2508.14229v1,ARX:FORMAL-ARXIV-V12-Q-D3:2508.14229v1,arXiv,Q-D3
REC-08654,ARX:FORMAL-ARXIV-V12-Q-D2:2508.11030v3,ARX:FORMAL-ARXIV-V12-Q-S0:2508.11030v3,arXiv,Q-S0
REC-08655,ARX:FORMAL-ARXIV-V12-Q-D2:2508.10880v3,ARX:FORMAL-ARXIV-V12-Q-S0:2508.10880v3,arXiv,Q-S0
REC-08658,ARX:FORMAL-ARXIV-V12-Q-D2:2508.10052v1,ARX:FORMAL-ARXIV-V12-Q-S0:2508.10052v1,arXiv,Q-S0
REC-08661,ARX:FORMAL-ARXIV-V12-Q-D2:2508.07950v1,ARX:FORMAL-ARXIV-V12-Q-D3:2508.07950v1,arXiv,Q-D3
REC-08670,ARX:FORMAL-ARXIV-V12-Q-D2:2507.22435v2,ARX:FORMAL-ARXIV-V12-Q-D3:2507.22435v2,arXiv,Q-D3
REC-08691,ARX:FORMAL-ARXIV-V12-Q-D2:2507.08270v1,ARX:FORMAL-ARXIV-V12-Q-S0:2507.08270v1,arXiv,Q-S0
REC-08693,ARX:FORMAL-ARXIV-V12-Q-D2:2507.08207v2,ARX:FORMAL-ARXIV-V12-Q-S0:2507.08207v2,arXiv,Q-S0
REC-08695,ARX:FORMAL-ARXIV-V12-Q-D2:2507.06134v2,ARX:FORMAL-ARXIV-V12-Q-S0:2507.06134v2,arXiv,Q-S0
REC-08697,ARX:FORMAL-ARXIV-V12-Q-D2:2507.05558v4,ARX:FORMAL-ARXIV-V12-Q-S0:2507.05558v4,arXiv,Q-S0
REC-08703,ARX:FORMAL-ARXIV-V12-Q-D2:2507.02424v2,ARX:FORMAL-ARXIV-V12-Q-S0:2507.02424v2,arXiv,Q-S0
REC-08704,ARX:FORMAL-ARXIV-V12-Q-D2:2507.00979v1,ARX:FORMAL-ARXIV-V12-Q-S0:2507.00979v1,arXiv,Q-S0
REC-08705,ARX:FORMAL-ARXIV-V12-Q-D2:2507.02986v2,ARX:FORMAL-ARXIV-V12-Q-S0:2507.02986v2,arXiv,Q-S0
REC-08707,ARX:FORMAL-ARXIV-V12-Q-D2:2507.22898v1,ARX:FORMAL-ARXIV-V12-Q-D3:2507.22898v1,arXiv,Q-D3
REC-08717,ARX:FORMAL-ARXIV-V12-Q-D2:2506.14539v2,ARX:FORMAL-ARXIV-V12-Q-S0:2506.14539v2,arXiv,Q-S0
REC-08723,ARX:FORMAL-ARXIV-V12-Q-D2:2506.12202v1,ARX:FORMAL-ARXIV-V12-Q-S0:2506.12202v1,arXiv,Q-S0
REC-08730,ARX:FORMAL-ARXIV-V12-Q-D2:2506.02739v1,ARX:FORMAL-ARXIV-V12-Q-D3:2506.02739v1,arXiv,Q-D3
REC-08735,ARX:FORMAL-ARXIV-V12-Q-D2:2506.00082v1,ARX:FORMAL-ARXIV-V12-Q-D3:2506.00082v1,arXiv,Q-D3
REC-08738,ARX:FORMAL-ARXIV-V12-Q-D2:2505.22531v2,ARX:FORMAL-ARXIV-V12-Q-S0:2505.22531v2,arXiv,Q-S0
REC-08740,ARX:FORMAL-ARXIV-V12-Q-D2:2505.21784v1,ARX:FORMAL-ARXIV-V12-Q-S0:2505.21784v1,arXiv,Q-S0
REC-08751,ARX:FORMAL-ARXIV-V12-Q-D2:2505.15216v3,ARX:FORMAL-ARXIV-V12-Q-S0:2505.15216v3,arXiv,Q-S0
REC-08754,ARX:FORMAL-ARXIV-V12-Q-D2:2505.14215v3,ARX:FORMAL-ARXIV-V12-Q-S0:2505.14215v3,arXiv,Q-S0
REC-08759,ARX:FORMAL-ARXIV-V12-Q-D2:2505.10670v1,ARX:FORMAL-ARXIV-V12-Q-S0:2505.10670v1,arXiv,Q-S0
REC-08763,ARX:FORMAL-ARXIV-V12-Q-D2:2505.08807v1,ARX:FORMAL-ARXIV-V12-Q-S0:2505.08807v1,arXiv,Q-S0
REC-08775,ARX:FORMAL-ARXIV-V12-Q-D2:2505.02709v1,ARX:FORMAL-ARXIV-V12-Q-D3:2505.02709v1,arXiv,Q-D3
REC-08780,ARX:FORMAL-ARXIV-V12-Q-D2:2504.20965v2,ARX:FORMAL-ARXIV-V12-Q-S0:2504.20965v2,arXiv,Q-S0
REC-08807,ARX:FORMAL-ARXIV-V12-Q-D2:2504.03726v1,ARX:FORMAL-ARXIV-V12-Q-S0:2504.03726v1,arXiv,Q-S0
REC-08810,ARX:FORMAL-ARXIV-V12-Q-D2:2504.08742v1,ARX:FORMAL-ARXIV-V12-Q-D3:2504.08742v1,arXiv,Q-D3
REC-08811,ARX:FORMAL-ARXIV-V12-Q-D2:2503.17332v4,ARX:FORMAL-ARXIV-V12-Q-S0:2503.17332v4,arXiv,Q-S0
REC-08814,ARX:FORMAL-ARXIV-V12-Q-D2:2503.15552v2,ARX:FORMAL-ARXIV-V12-Q-S0:2503.15552v2,arXiv,Q-S0
REC-08823,ARX:FORMAL-ARXIV-V12-Q-D2:2503.02519v4,ARX:FORMAL-ARXIV-V12-Q-D3:2503.02519v4,arXiv,Q-D3
REC-08827,ARX:FORMAL-ARXIV-V12-Q-D2:2503.00164v1,ARX:FORMAL-ARXIV-V12-Q-S0:2503.00164v1,arXiv,Q-S0
REC-08831,ARX:FORMAL-ARXIV-V12-Q-D2:2502.15657v2,ARX:FORMAL-ARXIV-V12-Q-S0:2502.15657v2,arXiv,Q-S0
REC-08832,ARX:FORMAL-ARXIV-V12-Q-D2:2502.11448v2,ARX:FORMAL-ARXIV-V12-Q-S0:2502.11448v2,arXiv,Q-S0
REC-08833,ARX:FORMAL-ARXIV-V12-Q-D2:2502.11355v3,ARX:FORMAL-ARXIV-V12-Q-S0:2502.11355v3,arXiv,Q-S0
REC-08839,ARX:FORMAL-ARXIV-V12-Q-D2:2502.05439v2,ARX:FORMAL-ARXIV-V12-Q-S0:2502.05439v2,arXiv,Q-S0
REC-08853,ARX:FORMAL-ARXIV-V12-Q-D2:2501.11739v2,ARX:FORMAL-ARXIV-V12-Q-S0:2501.11739v2,arXiv,Q-S0
REC-08861,ARX:FORMAL-ARXIV-V12-Q-D2:2501.05501v2,ARX:FORMAL-ARXIV-V12-Q-S0:2501.05501v2,arXiv,Q-S0
REC-08864,ARX:FORMAL-ARXIV-V12-Q-D2:2412.20154v1,ARX:FORMAL-ARXIV-V12-Q-S0:2412.20154v1,arXiv,Q-S0
REC-08865,ARX:FORMAL-ARXIV-V12-Q-D2:2412.18371v2,ARX:FORMAL-ARXIV-V12-Q-D3:2412.18371v2,arXiv,Q-D3
REC-08874,ARX:FORMAL-ARXIV-V12-Q-D2:2412.07822v1,ARX:FORMAL-ARXIV-V12-Q-D3:2412.07822v1,arXiv,Q-D3
REC-08875,ARX:FORMAL-ARXIV-V12-Q-D2:2501.14734v1,ARX:FORMAL-ARXIV-V12-Q-D3:2501.14734v1,arXiv,Q-D3
REC-08877,ARX:FORMAL-ARXIV-V12-Q-D2:2412.04415v1,ARX:FORMAL-ARXIV-V12-Q-S0:2412.04415v1,arXiv,Q-S0
REC-08882,ARX:FORMAL-ARXIV-V12-Q-D2:2411.17585v2,ARX:FORMAL-ARXIV-V12-Q-D3:2411.17585v2,arXiv,Q-D3
REC-08885,ARX:FORMAL-ARXIV-V12-Q-D2:2411.13874v1,ARX:FORMAL-ARXIV-V12-Q-S0:2411.13874v1,arXiv,Q-S0
REC-08900,ARX:FORMAL-ARXIV-V12-Q-D2:2410.15894v2,ARX:FORMAL-ARXIV-V12-Q-D3:2410.15894v2,arXiv,Q-D3
REC-08900,ARX:FORMAL-ARXIV-V12-Q-D2:2410.15894v2,ARX:FORMAL-ARXIV-V12-Q-S0:2410.15894v2,arXiv,Q-S0
REC-08901,ARX:FORMAL-ARXIV-V12-Q-D2:2410.15489v1,ARX:FORMAL-ARXIV-V12-Q-S0:2410.15489v1,arXiv,Q-S0
REC-08908,ARX:FORMAL-ARXIV-V12-Q-D2:2410.13384v1,ARX:FORMAL-ARXIV-V12-Q-D3:2410.13384v1,arXiv,Q-D3
REC-08918,ARX:FORMAL-ARXIV-V12-Q-D2:2409.16120v1,ARX:FORMAL-ARXIV-V12-Q-D3:2409.16120v1,arXiv,Q-D3
REC-08920,ARX:FORMAL-ARXIV-V12-Q-D2:2409.14488v1,ARX:FORMAL-ARXIV-V12-Q-S0:2409.14488v1,arXiv,Q-S0
REC-08924,ARX:FORMAL-ARXIV-V12-Q-D2:2409.08963v1,ARX:FORMAL-ARXIV-V12-Q-S0:2409.08963v1,arXiv,Q-S0
REC-08927,ARX:FORMAL-ARXIV-V12-Q-D2:2408.16081v2,ARX:FORMAL-ARXIV-V12-Q-D3:2408.16081v2,arXiv,Q-D3
REC-08937,ARX:FORMAL-ARXIV-V12-Q-D2:2407.19354v2,ARX:FORMAL-ARXIV-V12-Q-S0:2407.19354v2,arXiv,Q-S0
REC-08939,ARX:FORMAL-ARXIV-V12-Q-D2:2407.16362v1,ARX:FORMAL-ARXIV-V12-Q-S0:2407.16362v1,arXiv,Q-S0
REC-08943,ARX:FORMAL-ARXIV-V12-Q-D2:2406.08689v3,ARX:FORMAL-ARXIV-V12-Q-S0:2406.08689v3,arXiv,Q-S0
REC-08946,ARX:FORMAL-ARXIV-V12-Q-D2:2406.02630v2,ARX:FORMAL-ARXIV-V12-Q-S0:2406.02630v2,arXiv,Q-S0
REC-08954,ARX:FORMAL-ARXIV-V12-Q-D2:2406.07561v1,ARX:FORMAL-ARXIV-V12-Q-S0:2406.07561v1,arXiv,Q-S0
REC-08967,ARX:FORMAL-ARXIV-V12-Q-D2:2406.11852v2,ARX:FORMAL-ARXIV-V12-Q-D3:2406.11852v2,arXiv,Q-D3
REC-08971,ARX:FORMAL-ARXIV-V12-Q-D2:2403.08299v1,ARX:FORMAL-ARXIV-V12-Q-D3:2403.08299v1,arXiv,Q-D3
REC-08974,ARX:FORMAL-ARXIV-V12-Q-D2:2403.05307v1,ARX:FORMAL-ARXIV-V12-Q-D3:2403.05307v1,arXiv,Q-D3
REC-08998,ARX:FORMAL-ARXIV-V12-Q-D2:2310.13565v1,ARX:FORMAL-ARXIV-V12-Q-S0:2310.13565v1,arXiv,Q-S0
REC-09005,ARX:FORMAL-ARXIV-V12-Q-D2:2308.12503v2,ARX:FORMAL-ARXIV-V12-Q-D3:2308.12503v2,arXiv,Q-D3
REC-09015,ARX:FORMAL-ARXIV-V12-Q-D2:2306.06770v4,ARX:FORMAL-ARXIV-V12-Q-D3:2306.06770v4,arXiv,Q-D3
REC-09105,ARX:FORMAL-ARXIV-V12-Q-D3:2606.09461v1,ARX:FORMAL-ARXIV-V12-Q-S2:2606.09461v1,arXiv,Q-S2
REC-09112,ARX:FORMAL-ARXIV-V12-Q-D3:2606.05761v2,ARX:FORMAL-ARXIV-V12-Q-S2:2606.05761v2,arXiv,Q-S2
REC-09133,ARX:FORMAL-ARXIV-V12-Q-D3:2605.22154v1,ARX:FORMAL-ARXIV-V12-Q-S0:2605.22154v1,arXiv,Q-S0
REC-09135,ARX:FORMAL-ARXIV-V12-Q-D3:2606.00067v1,ARX:FORMAL-ARXIV-V12-Q-S0:2606.00067v1,arXiv,Q-S0
REC-09144,ARX:FORMAL-ARXIV-V12-Q-D3:2605.09163v3,ARX:FORMAL-ARXIV-V12-Q-S0:2605.09163v3,arXiv,Q-S0
REC-09165,ARX:FORMAL-ARXIV-V12-Q-D3:2604.20134v1,ARX:FORMAL-ARXIV-V12-Q-S0:2604.20134v1,arXiv,Q-S0
REC-09231,ARX:FORMAL-ARXIV-V12-Q-D3:2602.01317v5,ARX:FORMAL-ARXIV-V12-Q-S0:2602.01317v5,arXiv,Q-S0
REC-09323,ARX:FORMAL-ARXIV-V12-Q-D3:2506.04236v2,ARX:FORMAL-ARXIV-V12-Q-S0:2506.04236v2,arXiv,Q-S0
