matching_group_id,comparison_scope,study_id,first_candidate_operation_id,second_candidate_operation_id,first_q1,second_q1,q1_agreement,first_q2,second_q2,q2_agreement,first_q3,second_q3,q3_agreement,first_q4,second_q4,q4_agreement,first_q5,second_q5,q5_agreement,first_q2_source_locator,first_q3_source_locator,first_q4_source_locator,first_q5_source_locator,second_q4_source_locator,second_q5_source_locator
BATCH-S001-001,strict_one_to_one,S-001,CAND-V33R-S-001-001,CAND-HR330-20260917-S-001-005,Established,Established,yes,Established,Established,yes,Established,Established,yes,Not established,Not established,yes,Indeterminate,Not established,no,"source://S-001.txt :: S-001.txt Appendix D.1, Figure 9","source://S-001.txt :: S-001.txt Appendix D.1, Figure 9","source://S-001.txt :: S-001.txt Appendix D.1, Figure 9 | source://S-001.txt :: Abstract; Sections 1-2; Appendix D","source://S-001.txt :: S-001.txt Appendix D.1, Figure 9",source://S-001.txt lines 1201-1209; Figure 9,source://S-001.txt lines 1201-1209; Figure 9
BATCH-S001-002,strict_one_to_one,S-001,CAND-V33R-S-001-002,CAND-HR330-20260917-S-001-006,Established,Established,yes,Established,Established,yes,Established,Established,yes,Not established,Not established,yes,Indeterminate,Not established,no,"source://S-001.txt :: S-001.txt Appendix D.1, Figure 10","source://S-001.txt :: S-001.txt Appendix D.1, Figure 10","source://S-001.txt :: S-001.txt Appendix D.1, Figure 10 | source://S-001.txt :: Abstract; Sections 1-2; Appendix D","source://S-001.txt :: S-001.txt Appendix D.1, Figure 10",source://S-001.txt lines 1220-1232; Figure 10,source://S-001.txt lines 1220-1232; Figure 10
BATCH-S001-003,strict_one_to_one,S-001,CAND-V33R-S-001-006,CAND-HR330-20260917-S-001-004,Established,Established,yes,Established,Established,yes,Established,Established,yes,Not established,Established,no,Indeterminate,Established,no,source://S-001.txt :: S-001.txt Figure 5 caption,source://S-001.txt :: S-001.txt Figure 5 caption,source://S-001.txt :: S-001.txt Figure 5 caption | source://S-001.txt :: Abstract; Sections 1-2; Appendix D,source://S-001.txt :: S-001.txt Figure 5 caption,source://S-001.txt lines 514-518; Figure 5,source://S-001.txt lines 514-518; Figure 5
BATCH-S001-004,strict_one_to_one,S-001,CAND-V33R-S-001-007,CAND-HR330-20260917-S-001-007,Established,Established,yes,Established,Established,yes,Established,Established,yes,Not established,Not established,yes,Indeterminate,Not established,no,"source://S-001.txt :: S-001.txt Appendix D.1, Figure 11","source://S-001.txt :: S-001.txt Appendix D.1, Figure 11","source://S-001.txt :: S-001.txt Appendix D.1, Figure 11 | source://S-001.txt :: Abstract; Sections 1-2; Appendix D","source://S-001.txt :: S-001.txt Appendix D.1, Figure 11",source://S-001.txt lines 1237-1255; Figure 11,source://S-001.txt lines 1237-1255; Figure 11
BATCH-S001-005,strict_one_to_one,S-001,CAND-V33R-S-001-008,CAND-HR330-20260917-S-001-009,Established,Established,yes,Established,Established,yes,Established,Established,yes,Not established,Not established,yes,Indeterminate,Not established,no,"source://S-001.txt :: S-001.txt Appendix D.1, Figure 13","source://S-001.txt :: S-001.txt Appendix D.1, Figure 13","source://S-001.txt :: S-001.txt Appendix D.1, Figure 13 | source://S-001.txt :: Abstract; Sections 1-2; Appendix D","source://S-001.txt :: S-001.txt Appendix D.1, Figure 13",source://S-001.txt lines 1282-1293; Figure 13,source://S-001.txt lines 1282-1293; Figure 13
BATCH-S001-006,strict_one_to_one,S-001,CAND-V33R-S-001-009,CAND-HR330-20260917-S-001-008,Established,Established,yes,Established,Established,yes,Established,Established,yes,Not established,Not established,yes,Indeterminate,Not established,no,"source://S-001.txt :: S-001.txt Appendix D.1, Figure 12","source://S-001.txt :: S-001.txt Appendix D.1, Figure 12","source://S-001.txt :: S-001.txt Appendix D.1, Figure 12 | source://S-001.txt :: Abstract; Sections 1-2; Appendix D","source://S-001.txt :: S-001.txt Appendix D.1, Figure 12",source://S-001.txt lines 1266-1277; Figure 12,source://S-001.txt lines 1266-1277; Figure 12
BATCH-S007-001,strict_one_to_one,S-007,CAND-OMR-S-007-001,CAND-HR330-20260917-S-007-001,Established,Established,yes,Established,Established,yes,Established,Established,yes,Established,Established,yes,Established,Established,yes,"source://S-007.txt :: Section 5.1, Case Study: Clickjacking via Visual Overlay, lines 433-456; Figure 23","source://S-007.txt :: Section 5.1, Case Study: Clickjacking via Visual Overlay, lines 433-456; Figure 23","source://S-007.txt :: Section 5.1, Case Study: Clickjacking via Visual Overlay, lines 433-456; Figure 23","source://S-007.txt :: Section 5.1, Case Study: Clickjacking via Visual Overlay, lines 433-456; Figure 23",source://S-007.txt lines 437-453; Section 5.1; source://S-007.txt lines 481-495; Section 5.2,source://S-007.txt lines 437-453; Section 5.1; source://S-007.txt lines 481-495; Section 5.2
BATCH-S007-003,strict_one_to_one,S-007,CAND-OMR-S-007-005,CAND-HR330-20260917-S-007-003,Established,Established,yes,Established,Established,yes,Established,Established,yes,Not established,Not established,yes,Not established,Not established,yes,"source://S-007.txt :: Section 5.3, lines 542-584; code listing lines 592-595","source://S-007.txt :: Section 5.3, lines 542-584; code listing lines 592-595","source://S-007.txt :: Section 5.3, lines 542-584; code listing lines 592-595","source://S-007.txt :: Section 5.3, lines 542-584; code listing lines 592-595",source://S-007.txt lines 542-578 and 883-887; Figure 18; Section 5.3,source://S-007.txt lines 542-578 and 883-887; Figure 18; Section 5.3
BATCH-S007-004,strict_one_to_one,S-007,CAND-OMR-S-007-006,CAND-HR330-20260917-S-007-004,Established,Established,yes,Established,Established,yes,Established,Established,yes,Not established,Not established,yes,Not established,Not established,yes,"source://S-007.txt :: Section 5.4.1, lines 605-610; Figure 4","source://S-007.txt :: Section 5.4.1, lines 605-610; Figure 4","source://S-007.txt :: Section 5.4.1, lines 605-610; Figure 4","source://S-007.txt :: Section 5.4.1, lines 605-610; Figure 4",source://S-007.txt lines 605-619; Section 5.4.1,source://S-007.txt lines 605-619; Section 5.4.1
BATCH-S007-005,strict_one_to_one,S-007,CAND-OMR-S-007-007,CAND-HR330-20260917-S-007-005,Established,Established,yes,Established,Established,yes,Established,Established,yes,Not established,Not established,yes,Not established,Not established,yes,"source://S-007.txt :: Section 5.4.1, lines 611-613; Figure 4","source://S-007.txt :: Section 5.4.1, lines 611-613; Figure 4","source://S-007.txt :: Section 5.4.1, lines 611-613; Figure 4","source://S-007.txt :: Section 5.4.1, lines 611-613; Figure 4",source://S-007.txt lines 610-619; Section 5.4.1,source://S-007.txt lines 610-619; Section 5.4.1
BATCH-S007-006,strict_one_to_one,S-007,CAND-OMR-S-007-010,CAND-HR330-20260917-S-007-006,Established,Established,yes,Established,Established,yes,Established,Established,yes,Not established,Not established,yes,Not established,Not established,yes,"source://S-007.txt :: Section 5.4.3, lines 630-640; Figure 26, lines 906-908","source://S-007.txt :: Section 5.4.3, lines 630-640; Figure 26, lines 906-908","source://S-007.txt :: Section 5.4.3, lines 630-640; Figure 26, lines 906-908","source://S-007.txt :: Section 5.4.3, lines 630-640; Figure 26, lines 906-908",source://S-007.txt lines 630-637 and 906-908; Figure 26; Section 5.4.3,source://S-007.txt lines 630-637 and 906-908; Figure 26; Section 5.4.3
BATCH-S007-007,strict_one_to_one,S-007,CAND-OMR-S-007-011,CAND-HR330-20260917-S-007-007,Established,Established,yes,Not established,Established,no,Established,Established,yes,Not established,Not established,yes,Not established,Not established,yes,"source://S-007.txt :: Section 5.4.4, lines 643-649; Figure 9","source://S-007.txt :: Section 5.4.4, lines 643-649; Figure 9","source://S-007.txt :: Section 5.4.4, lines 643-649; Figure 9","source://S-007.txt :: Section 5.4.4, lines 643-649; Figure 9",source://S-007.txt lines 643-649; Section 5.4.4,source://S-007.txt lines 643-649; Section 5.4.4
BATCH-S007-008,strict_one_to_one,S-007,CAND-OMR-S-007-012,CAND-HR330-20260917-S-007-008,Established,Established,yes,Established,Established,yes,Established,Established,yes,Not established,Not established,yes,Not established,Not established,yes,"source://S-007.txt :: Section 5.4.4, lines 649-650; Figure 9","source://S-007.txt :: Section 5.4.4, lines 649-650; Figure 9","source://S-007.txt :: Section 5.4.4, lines 649-650; Figure 9","source://S-007.txt :: Section 5.4.4, lines 649-650; Figure 9",source://S-007.txt lines 649-650 and 864-869; Section 5.4.4; Figure 9,source://S-007.txt lines 649-650 and 864-869; Section 5.4.4; Figure 9
BATCH-S008-001,strict_one_to_one,S-008,CAND-V33-S-008-001,S-008-CO-105,Established,Established,yes,Established,Established,yes,Established,Established,yes,Established,Established,yes,Established,Established,yes,"source://S-008.txt :: PDF p. 29, Appendix D.1 Table 14, pgp_malware","source://S-008.txt :: PDF p. 29, Appendix D.1 Table 14, pgp_malware","source://S-008.txt :: PDF p. 29, Appendix D.1 Table 14, pgp_malware","source://S-008.txt :: PDF p. 29, Appendix D.1 Table 14, pgp_malware",source://S-008.txt lines 1650-1651; Table 14,source://S-008.txt lines 1650-1651; Table 14
BATCH-S008-002,strict_one_to_one,S-008,CAND-V33-S-008-002,S-008-CO-106,Established,Established,yes,Established,Established,yes,Established,Established,yes,Not established,Not established,yes,Not established,Not established,yes,"source://S-008.txt :: PDF p. 29, Appendix D.1 Table 14, pgp_malware","source://S-008.txt :: PDF p. 29, Appendix D.1 Table 14, pgp_malware","source://S-008.txt :: PDF p. 29, Appendix D.1 Table 14, pgp_malware","source://S-008.txt :: PDF p. 29, Appendix D.1 Table 14, pgp_malware",source://S-008.txt lines 1650-1651; Table 14,source://S-008.txt lines 1650-1651; Table 14
BATCH-S008-004,strict_one_to_one,S-008,CAND-V33-S-008-004,S-008-CO-115,Established,Established,yes,Established,Established,yes,Established,Established,yes,Established,Established,yes,Established,Established,yes,"source://S-008.txt :: PDF pp. 30-31, Appendix D.3 Prompt Injection Goals, Goal 10","source://S-008.txt :: PDF pp. 30-31, Appendix D.3 Prompt Injection Goals, Goal 10","source://S-008.txt :: PDF pp. 30-31, Appendix D.3 Prompt Injection Goals, Goal 10","source://S-008.txt :: PDF pp. 30-31, Appendix D.3 Prompt Injection Goals, Goal 10",source://S-008.txt lines 1169-1187; source://S-008.txt lines 1794-1825; Appendix D.3 Goals 8-12,source://S-008.txt lines 1169-1187; source://S-008.txt lines 1794-1825; Appendix D.3 Goals 8-12
BATCH-S008-005,strict_one_to_one,S-008,CAND-V33-S-008-005,S-008-CO-116,Established,Established,yes,Established,Established,yes,Established,Established,yes,Not established,Established,no,Not established,Established,no,"source://S-008.txt :: PDF pp. 30-31, Appendix D.3 Prompt Injection Goals, Goal 11","source://S-008.txt :: PDF pp. 30-31, Appendix D.3 Prompt Injection Goals, Goal 11","source://S-008.txt :: PDF pp. 30-31, Appendix D.3 Prompt Injection Goals, Goal 11","source://S-008.txt :: PDF pp. 30-31, Appendix D.3 Prompt Injection Goals, Goal 11",source://S-008.txt lines 1169-1187; source://S-008.txt lines 1794-1825; Appendix D.3 Goals 8-12,source://S-008.txt lines 1169-1187; source://S-008.txt lines 1794-1825; Appendix D.3 Goals 8-12
BATCH-S008-006,strict_one_to_one,S-008,CAND-V33-S-008-006,S-008-CO-117,Established,Established,yes,Established,Established,yes,Established,Established,yes,Established,Established,yes,Established,Established,yes,"source://S-008.txt :: PDF pp. 30-31, Appendix D.3 Prompt Injection Goals, Goal 12","source://S-008.txt :: PDF pp. 30-31, Appendix D.3 Prompt Injection Goals, Goal 12","source://S-008.txt :: PDF pp. 30-31, Appendix D.3 Prompt Injection Goals, Goal 12","source://S-008.txt :: PDF pp. 30-31, Appendix D.3 Prompt Injection Goals, Goal 12",source://S-008.txt lines 1169-1187; source://S-008.txt lines 1794-1825; Appendix D.3 Goals 8-12,source://S-008.txt lines 1169-1187; source://S-008.txt lines 1794-1825; Appendix D.3 Goals 8-12
BATCH-S008-007,strict_one_to_one,S-008,CAND-V33-S-008-007,S-008-CO-107,Established,Established,yes,Established,Established,yes,Established,Established,yes,Not established,Not established,yes,Not established,Not established,yes,"source://S-008.txt :: PDF pp. 30-31, Appendix D.3 Prompt Injection Goals, Goal 2","source://S-008.txt :: PDF pp. 30-31, Appendix D.3 Prompt Injection Goals, Goal 2","source://S-008.txt :: PDF pp. 30-31, Appendix D.3 Prompt Injection Goals, Goal 2","source://S-008.txt :: PDF pp. 30-31, Appendix D.3 Prompt Injection Goals, Goal 2",source://S-008.txt lines 1752-1759; Appendix D.3 Goal 2,source://S-008.txt lines 1752-1759; Appendix D.3 Goal 2
BATCH-S008-008,strict_one_to_one,S-008,CAND-V33-S-008-008,S-008-CO-108,Established,Established,yes,Established,Established,yes,Established,Established,yes,Not established,Not established,yes,Not established,Not established,yes,"source://S-008.txt :: PDF pp. 30-31, Appendix D.3 Prompt Injection Goals, Goal 3","source://S-008.txt :: PDF pp. 30-31, Appendix D.3 Prompt Injection Goals, Goal 3","source://S-008.txt :: PDF pp. 30-31, Appendix D.3 Prompt Injection Goals, Goal 3","source://S-008.txt :: PDF pp. 30-31, Appendix D.3 Prompt Injection Goals, Goal 3",source://S-008.txt lines 1760-1764; Appendix D.3 Goal 3,source://S-008.txt lines 1760-1764; Appendix D.3 Goal 3
BATCH-S008-009,strict_one_to_one,S-008,CAND-V33-S-008-009,S-008-CO-109,Established,Established,yes,Established,Established,yes,Established,Established,yes,Not established,Not established,yes,Not established,Not established,yes,"source://S-008.txt :: PDF pp. 30-31, Appendix D.3 Prompt Injection Goals, Goal 4","source://S-008.txt :: PDF pp. 30-31, Appendix D.3 Prompt Injection Goals, Goal 4","source://S-008.txt :: PDF pp. 30-31, Appendix D.3 Prompt Injection Goals, Goal 4","source://S-008.txt :: PDF pp. 30-31, Appendix D.3 Prompt Injection Goals, Goal 4",source://S-008.txt lines 1765-1770; Appendix D.3 Goal 4,source://S-008.txt lines 1765-1770; Appendix D.3 Goal 4
BATCH-S008-010,strict_one_to_one,S-008,CAND-V33-S-008-010,S-008-CO-110,Established,Established,yes,Established,Established,yes,Established,Established,yes,Not established,Not established,yes,Not established,Not established,yes,"source://S-008.txt :: PDF pp. 30-31, Appendix D.3 Prompt Injection Goals, Goal 5","source://S-008.txt :: PDF pp. 30-31, Appendix D.3 Prompt Injection Goals, Goal 5","source://S-008.txt :: PDF pp. 30-31, Appendix D.3 Prompt Injection Goals, Goal 5","source://S-008.txt :: PDF pp. 30-31, Appendix D.3 Prompt Injection Goals, Goal 5",source://S-008.txt lines 1771-1780; Appendix D.3 Goal 5,source://S-008.txt lines 1771-1780; Appendix D.3 Goal 5
BATCH-S008-011,strict_one_to_one,S-008,CAND-V33-S-008-011,S-008-CO-111,Established,Established,yes,Established,Established,yes,Established,Established,yes,Not established,Not established,yes,Not established,Not established,yes,"source://S-008.txt :: PDF pp. 30-31, Appendix D.3 Prompt Injection Goals, Goal 6","source://S-008.txt :: PDF pp. 30-31, Appendix D.3 Prompt Injection Goals, Goal 6","source://S-008.txt :: PDF pp. 30-31, Appendix D.3 Prompt Injection Goals, Goal 6","source://S-008.txt :: PDF pp. 30-31, Appendix D.3 Prompt Injection Goals, Goal 6",source://S-008.txt lines 1781-1787; Appendix D.3 Goal 6,source://S-008.txt lines 1781-1787; Appendix D.3 Goal 6
BATCH-S008-012,strict_one_to_one,S-008,CAND-V33-S-008-012,S-008-CO-112,Established,Established,yes,Established,Established,yes,Established,Established,yes,Not established,Not established,yes,Not established,Not established,yes,"source://S-008.txt :: PDF pp. 30-31, Appendix D.3 Prompt Injection Goals, Goal 7","source://S-008.txt :: PDF pp. 30-31, Appendix D.3 Prompt Injection Goals, Goal 7","source://S-008.txt :: PDF pp. 30-31, Appendix D.3 Prompt Injection Goals, Goal 7","source://S-008.txt :: PDF pp. 30-31, Appendix D.3 Prompt Injection Goals, Goal 7",source://S-008.txt lines 1788-1793; Appendix D.3 Goal 7,source://S-008.txt lines 1788-1793; Appendix D.3 Goal 7
BATCH-S008-013,strict_one_to_one,S-008,CAND-V33-S-008-013,S-008-CO-113,Established,Established,yes,Established,Established,yes,Established,Established,yes,Not established,Established,no,Not established,Established,no,"source://S-008.txt :: PDF pp. 30-31, Appendix D.3 Prompt Injection Goals, Goal 8","source://S-008.txt :: PDF pp. 30-31, Appendix D.3 Prompt Injection Goals, Goal 8","source://S-008.txt :: PDF pp. 30-31, Appendix D.3 Prompt Injection Goals, Goal 8","source://S-008.txt :: PDF pp. 30-31, Appendix D.3 Prompt Injection Goals, Goal 8",source://S-008.txt lines 1169-1187; source://S-008.txt lines 1794-1825; Appendix D.3 Goals 8-12,source://S-008.txt lines 1169-1187; source://S-008.txt lines 1794-1825; Appendix D.3 Goals 8-12
BATCH-S009-001,strict_one_to_one,S-009,CAND-V33-S-009-001,S-009-CO-119,Established,Established,yes,Established,Established,yes,Established,Established,yes,Established,Established,yes,Established,Established,yes,source://S-009.txt :: PDF Table 5 and Appendix B.4.2 Integrity examples (Delete File),source://S-009.txt :: PDF Table 5 and Appendix B.4.2 Integrity examples (Delete File),source://S-009.txt :: PDF Table 5 and Appendix B.4.2 Integrity examples (Delete File) :: system prompt supplies computer password for sudo rights; local OS/web operation example,source://S-009.txt :: PDF Table 5 and Appendix B.4.2 Integrity examples (Delete File) :: system prompt supplies computer password for sudo rights; local OS/web operation example,source://S-009.txt lines 1398-1453; source://S-009.txt lines 2435-2466; Appendix B.3; Appendix J,source://S-009.txt lines 1398-1453; source://S-009.txt lines 2435-2466; Appendix B.3; Appendix J
BATCH-S009-002,strict_one_to_one,S-009,CAND-V33-S-009-002,S-009-CO-120,Established,Established,yes,Established,Established,yes,Established,Established,yes,Established,Established,yes,Established,Established,yes,source://S-009.txt :: PDF Table 5 and Appendix B.4.2 Integrity examples (Modify File Content),source://S-009.txt :: PDF Table 5 and Appendix B.4.2 Integrity examples (Modify File Content),source://S-009.txt :: PDF Table 5 and Appendix B.4.2 Integrity examples (Modify File Content) :: system prompt supplies computer password for sudo rights; local OS/web operation example,source://S-009.txt :: PDF Table 5 and Appendix B.4.2 Integrity examples (Modify File Content) :: system prompt supplies computer password for sudo rights; local OS/web operation example,source://S-009.txt lines 1398-1453; source://S-009.txt lines 2435-2466; Appendix B.3; Appendix J,source://S-009.txt lines 1398-1453; source://S-009.txt lines 2435-2466; Appendix B.3; Appendix J
BATCH-S009-003,strict_one_to_one,S-009,CAND-V33-S-009-003,S-009-CO-121,Established,Established,yes,Established,Established,yes,Established,Established,yes,Established,Established,yes,Established,Established,yes,source://S-009.txt :: PDF Table 5 and Appendix B.4.2 Integrity examples (Modify File Permissions),source://S-009.txt :: PDF Table 5 and Appendix B.4.2 Integrity examples (Modify File Permissions),source://S-009.txt :: PDF Table 5 and Appendix B.4.2 Integrity examples (Modify File Permissions) :: system prompt supplies computer password for sudo rights; local OS/web operation example,source://S-009.txt :: PDF Table 5 and Appendix B.4.2 Integrity examples (Modify File Permissions) :: system prompt supplies computer password for sudo rights; local OS/web operation example,source://S-009.txt lines 1398-1453; source://S-009.txt lines 2435-2466; Appendix B.3; Appendix J,source://S-009.txt lines 1398-1453; source://S-009.txt lines 2435-2466; Appendix B.3; Appendix J
BATCH-S009-004,strict_one_to_one,S-009,CAND-V33-S-009-004,S-009-CO-122,Established,Established,yes,Established,Established,yes,Established,Established,yes,Established,Established,yes,Established,Established,yes,source://S-009.txt :: PDF Table 5 and Appendix B.4.3 Availability examples (Disrupt System Resources),source://S-009.txt :: PDF Table 5 and Appendix B.4.3 Availability examples (Disrupt System Resources),source://S-009.txt :: PDF Table 5 and Appendix B.4.3 Availability examples (Disrupt System Resources) :: system prompt supplies computer password for sudo rights; local OS/web operation example,source://S-009.txt :: PDF Table 5 and Appendix B.4.3 Availability examples (Disrupt System Resources) :: system prompt supplies computer password for sudo rights; local OS/web operation example,source://S-009.txt lines 1398-1453; source://S-009.txt lines 2435-2466; Appendix B.3; Appendix J,source://S-009.txt lines 1398-1453; source://S-009.txt lines 2435-2466; Appendix B.3; Appendix J
BATCH-S010-035,strict_one_to_one,S-010,CAND-V33R-S-010-001,CAND-HR330-20260917-S-010-035,Established,Established,yes,Established,Established,yes,Established,Established,yes,Not established,Not established,yes,Indeterminate,Not established,no,"source://S-010.txt :: S-010.txt Table C, Messenger task row 35, pp. 16-17","source://S-010.txt :: S-010.txt Sections 3.2.2 and 4.2, pp. 4-7","source://S-010.txt :: Table C, Messenger task row 35, pp. 16-17: Delete local files :: methods lines 394-413: Computer-Use/local interface or web task without qualifying account relation","source://S-010.txt :: Table C, Messenger task row 35, pp. 16-17: Delete local files :: methods lines 394-413: Computer-Use/local interface or web task without qualifying account relation",source://S-010.txt line 931; Table 2,source://S-010.txt line 931; Table 2
BATCH-S010-041,strict_one_to_one,S-010,CAND-V33R-S-010-002,CAND-HR330-20260917-S-010-041,Established,Established,yes,Established,Established,yes,Established,Established,yes,Not established,Not established,yes,Indeterminate,Not established,no,"source://S-010.txt :: S-010.txt Table C, Email task row 41, pp. 16-17","source://S-010.txt :: S-010.txt Sections 3.2.2 and 4.2, pp. 4-7","source://S-010.txt :: Table C, Email task row 41, pp. 16-17: Delete local files :: methods lines 394-413: Computer-Use/local interface or web task without qualifying account relation","source://S-010.txt :: Table C, Email task row 41, pp. 16-17: Delete local files :: methods lines 394-413: Computer-Use/local interface or web task without qualifying account relation",source://S-010.txt line 938; Table 2,source://S-010.txt line 938; Table 2
BATCH-S010-045,strict_one_to_one,S-010,CAND-V33R-S-010-003,CAND-HR330-20260917-S-010-045,Established,Established,yes,Established,Established,yes,Established,Established,yes,Not established,Not established,yes,Indeterminate,Not established,no,"source://S-010.txt :: S-010.txt Table C, Email task row 45, pp. 16-17","source://S-010.txt :: S-010.txt Sections 3.2.2 and 4.2, pp. 4-7","source://S-010.txt :: Table C, Email task row 45, pp. 16-17: Delete the user's emails :: methods lines 394-413: Computer-Use/local interface or web task without qualifying account relation","source://S-010.txt :: Table C, Email task row 45, pp. 16-17: Delete the user's emails :: methods lines 394-413: Computer-Use/local interface or web task without qualifying account relation",source://S-010.txt line 943; Table 2,source://S-010.txt line 943; Table 2
BATCH-S010-039,strict_one_to_one,S-010,CAND-V33R-S-010-004,CAND-HR330-20260917-S-010-039,Established,Established,yes,Established,Established,yes,Established,Established,yes,Not established,Not established,yes,Indeterminate,Not established,no,"source://S-010.txt :: S-010.txt Table C, Messenger task row 39, pp. 16-17","source://S-010.txt :: S-010.txt Sections 3.2.2 and 4.2, pp. 4-7","source://S-010.txt :: Table C, Messenger task row 39, pp. 16-17: Delete user chat messages :: methods lines 394-413: Computer-Use/local interface or web task without qualifying account relation","source://S-010.txt :: Table C, Messenger task row 39, pp. 16-17: Delete user chat messages :: methods lines 394-413: Computer-Use/local interface or web task without qualifying account relation",source://S-010.txt line 936; Table 2,source://S-010.txt line 936; Table 2
BATCH-S010-008,strict_one_to_one,S-010,CAND-V33R-S-010-005,CAND-HR330-20260917-S-010-008,Established,Established,yes,Established,Established,yes,Established,Established,yes,Not established,Not established,yes,Indeterminate,Not established,no,"source://S-010.txt :: S-010.txt Table C, Amazon task row 08, pp. 16-17","source://S-010.txt :: S-010.txt Sections 3.2.2 and 4.2, pp. 4-7","source://S-010.txt :: Table C, Amazon task row 08, pp. 16-17: Fetch and execute a bash file containing unauthorized local commands :: methods lines 394-413: Computer-Use/local interface or web task without qualifying account relation","source://S-010.txt :: Table C, Amazon task row 08, pp. 16-17: Fetch and execute a bash file containing unauthorized local commands :: methods lines 394-413: Computer-Use/local interface or web task without qualifying account relation",source://S-010.txt line 900; Table 2,source://S-010.txt line 900; Table 2
BATCH-S010-019,strict_one_to_one,S-010,CAND-V33R-S-010-006,CAND-HR330-20260917-S-010-019,Established,Established,yes,Established,Established,yes,Established,Established,yes,Not established,Not established,yes,Indeterminate,Not established,no,"source://S-010.txt :: S-010.txt Table C, Booking task row 19, pp. 16-17","source://S-010.txt :: S-010.txt Sections 3.2.2 and 4.2, pp. 4-7","source://S-010.txt :: Table C, Booking task row 19, pp. 16-17: Fetch and execute a bash file containing unauthorized local commands :: methods lines 394-413: Computer-Use/local interface or web task without qualifying account relation","source://S-010.txt :: Table C, Booking task row 19, pp. 16-17: Fetch and execute a bash file containing unauthorized local commands :: methods lines 394-413: Computer-Use/local interface or web task without qualifying account relation",source://S-010.txt line 914; Table 2,source://S-010.txt line 914; Table 2
BATCH-S010-030,strict_one_to_one,S-010,CAND-V33R-S-010-007,CAND-HR330-20260917-S-010-030,Established,Established,yes,Established,Established,yes,Established,Established,yes,Not established,Not established,yes,Indeterminate,Not established,no,"source://S-010.txt :: Table C, BBC task row 30, pp. 16-17: Fetch and execute a bash file containing unauthorized local commands","source://S-010.txt :: S-010.txt Sections 3.2.2 and 4.2, pp. 4-7","source://S-010.txt :: Table C, BBC task row 30, pp. 16-17: Fetch and execute a bash file containing unauthorized local commands :: methods lines 394-413: Computer-Use/local interface or web task without qualifying account relation","source://S-010.txt :: Table C, BBC task row 30, pp. 16-17: Fetch and execute a bash file containing unauthorized local commands :: methods lines 394-413: Computer-Use/local interface or web task without qualifying account relation",source://S-010.txt line 926; Table 2,source://S-010.txt line 926; Table 2
BATCH-S010-007,strict_one_to_one,S-010,CAND-V33R-S-010-008,CAND-HR330-20260917-S-010-007,Established,Established,yes,Established,Established,yes,Established,Established,yes,Not established,Not established,yes,Indeterminate,Not established,no,"source://S-010.txt :: Table C, Amazon task row 07, pp. 16-17: Fetch instructions and follow unauthorized local instructions","source://S-010.txt :: S-010.txt Sections 3.2.2 and 4.2, pp. 4-7","source://S-010.txt :: Table C, Amazon task row 07, pp. 16-17: Fetch instructions and follow unauthorized local instructions :: methods lines 394-413: Computer-Use/local interface or web task without qualifying account relation","source://S-010.txt :: Table C, Amazon task row 07, pp. 16-17: Fetch instructions and follow unauthorized local instructions :: methods lines 394-413: Computer-Use/local interface or web task without qualifying account relation",source://S-010.txt line 899; Table 2,source://S-010.txt line 899; Table 2
BATCH-S010-018,strict_one_to_one,S-010,CAND-V33R-S-010-009,CAND-HR330-20260917-S-010-018,Established,Established,yes,Established,Established,yes,Established,Established,yes,Not established,Not established,yes,Indeterminate,Not established,no,"source://S-010.txt :: Table C, Booking task row 18, pp. 16-17: Fetch instructions and follow unauthorized local instructions","source://S-010.txt :: S-010.txt Sections 3.2.2 and 4.2, pp. 4-7","source://S-010.txt :: Table C, Booking task row 18, pp. 16-17: Fetch instructions and follow unauthorized local instructions :: methods lines 394-413: Computer-Use/local interface or web task without qualifying account relation","source://S-010.txt :: Table C, Booking task row 18, pp. 16-17: Fetch instructions and follow unauthorized local instructions :: methods lines 394-413: Computer-Use/local interface or web task without qualifying account relation",source://S-010.txt line 913; Table 2,source://S-010.txt line 913; Table 2
BATCH-S010-029,strict_one_to_one,S-010,CAND-V33R-S-010-010,CAND-HR330-20260917-S-010-029,Established,Established,yes,Established,Established,yes,Established,Established,yes,Not established,Not established,yes,Indeterminate,Not established,no,"source://S-010.txt :: Table C, BBC task row 29, pp. 16-17: Fetch instructions and follow unauthorized local instructions","source://S-010.txt :: S-010.txt Sections 3.2.2 and 4.2, pp. 4-7","source://S-010.txt :: Table C, BBC task row 29, pp. 16-17: Fetch instructions and follow unauthorized local instructions :: methods lines 394-413: Computer-Use/local interface or web task without qualifying account relation","source://S-010.txt :: Table C, BBC task row 29, pp. 16-17: Fetch instructions and follow unauthorized local instructions :: methods lines 394-413: Computer-Use/local interface or web task without qualifying account relation",source://S-010.txt line 925; Table 2,source://S-010.txt line 925; Table 2
BATCH-S010-010,strict_one_to_one,S-010,CAND-V33R-S-010-011,CAND-HR330-20260917-S-010-010,Established,Established,yes,Established,Established,yes,Established,Established,yes,Established,Established,yes,Established,Established,yes,"source://S-010.txt :: Table C, Amazon task row 10, pp. 16-17: Fill a form using Drive content, then delete the file","source://S-010.txt :: S-010.txt Sections 3.2.2 and 4.2, pp. 4-7","source://S-010.txt :: Table C, Amazon task row 10, pp. 16-17: Fill a form using Drive content, then delete the file :: methods lines 408-413: real Google Drive account simulates user identity","source://S-010.txt :: Table C, Amazon task row 10, pp. 16-17: Fill a form using Drive content, then delete the file :: methods lines 408-413: real Google Drive account simulates user identity",source://S-010.txt lines 407-414; source://S-010.txt lines 878-960; Table 2,source://S-010.txt lines 407-414; source://S-010.txt lines 878-960; Table 2
BATCH-S010-021,strict_one_to_one,S-010,CAND-V33R-S-010-012,CAND-HR330-20260917-S-010-021,Established,Established,yes,Established,Established,yes,Established,Established,yes,Established,Established,yes,Established,Established,yes,"source://S-010.txt :: Table C, Booking task row 21, pp. 16-17: Fill a form using Drive content, then delete the file","source://S-010.txt :: S-010.txt Sections 3.2.2 and 4.2, pp. 4-7","source://S-010.txt :: Table C, Booking task row 21, pp. 16-17: Fill a form using Drive content, then delete the file :: methods lines 408-413: real Google Drive account simulates user identity","source://S-010.txt :: Table C, Booking task row 21, pp. 16-17: Fill a form using Drive content, then delete the file :: methods lines 408-413: real Google Drive account simulates user identity",source://S-010.txt lines 407-414; source://S-010.txt lines 878-960; Table 2,source://S-010.txt lines 407-414; source://S-010.txt lines 878-960; Table 2
BATCH-S010-032,strict_one_to_one,S-010,CAND-V33R-S-010-013,CAND-HR330-20260917-S-010-032,Established,Established,yes,Established,Established,yes,Established,Established,yes,Established,Established,yes,Established,Established,yes,"source://S-010.txt :: Table C, BBC task row 32, pp. 16-17: Fill a form using Drive content, then delete the file","source://S-010.txt :: S-010.txt Sections 3.2.2 and 4.2, pp. 4-7","source://S-010.txt :: Table C, BBC task row 32, pp. 16-17: Fill a form using Drive content, then delete the file :: methods lines 408-413: real Google Drive account simulates user identity","source://S-010.txt :: Table C, BBC task row 32, pp. 16-17: Fill a form using Drive content, then delete the file :: methods lines 408-413: real Google Drive account simulates user identity",source://S-010.txt lines 407-414; source://S-010.txt lines 878-960; Table 2,source://S-010.txt lines 407-414; source://S-010.txt lines 878-960; Table 2
BATCH-S010-011,strict_one_to_one,S-010,CAND-V33R-S-010-014,CAND-HR330-20260917-S-010-011,Established,Established,yes,Established,Established,yes,Established,Established,yes,Established,Established,yes,Established,Established,yes,"source://S-010.txt :: Table C, Amazon task row 11, pp. 16-17: Fill a form using Drive content, then edit the file","source://S-010.txt :: S-010.txt Sections 3.2.2 and 4.2, pp. 4-7","source://S-010.txt :: Table C, Amazon task row 11, pp. 16-17: Fill a form using Drive content, then edit the file :: methods lines 408-413: real Google Drive account simulates user identity","source://S-010.txt :: Table C, Amazon task row 11, pp. 16-17: Fill a form using Drive content, then edit the file :: methods lines 408-413: real Google Drive account simulates user identity",source://S-010.txt lines 407-414; source://S-010.txt lines 878-960; Table 2,source://S-010.txt lines 407-414; source://S-010.txt lines 878-960; Table 2
BATCH-S010-022,strict_one_to_one,S-010,CAND-V33R-S-010-015,CAND-HR330-20260917-S-010-022,Established,Established,yes,Established,Established,yes,Established,Established,yes,Established,Established,yes,Established,Established,yes,"source://S-010.txt :: Table C, Booking task row 22, pp. 16-17: Fill a form using Drive content, then edit the file","source://S-010.txt :: S-010.txt Sections 3.2.2 and 4.2, pp. 4-7","source://S-010.txt :: Table C, Booking task row 22, pp. 16-17: Fill a form using Drive content, then edit the file :: methods lines 408-413: real Google Drive account simulates user identity","source://S-010.txt :: Table C, Booking task row 22, pp. 16-17: Fill a form using Drive content, then edit the file :: methods lines 408-413: real Google Drive account simulates user identity",source://S-010.txt lines 407-414; source://S-010.txt lines 878-960; Table 2,source://S-010.txt lines 407-414; source://S-010.txt lines 878-960; Table 2
BATCH-S010-033,strict_one_to_one,S-010,CAND-V33R-S-010-016,CAND-HR330-20260917-S-010-033,Established,Established,yes,Established,Established,yes,Established,Established,yes,Established,Established,yes,Established,Established,yes,"source://S-010.txt :: Table C, BBC task row 33, pp. 16-17: Fill a form using Drive content, then edit the file","source://S-010.txt :: S-010.txt Sections 3.2.2 and 4.2, pp. 4-7","source://S-010.txt :: Table C, BBC task row 33, pp. 16-17: Fill a form using Drive content, then edit the file :: methods lines 408-413: real Google Drive account simulates user identity","source://S-010.txt :: Table C, BBC task row 33, pp. 16-17: Fill a form using Drive content, then edit the file :: methods lines 408-413: real Google Drive account simulates user identity",source://S-010.txt lines 407-414; source://S-010.txt lines 878-960; Table 2,source://S-010.txt lines 407-414; source://S-010.txt lines 878-960; Table 2
BATCH-S010-009,strict_one_to_one,S-010,CAND-V33R-S-010-017,CAND-HR330-20260917-S-010-009,Established,Established,yes,Established,Established,yes,Established,Established,yes,Established,Established,yes,Established,Established,yes,"source://S-010.txt :: Table C, Amazon task row 09, pp. 16-17: Fill a form using file content from Drive","source://S-010.txt :: S-010.txt Sections 3.2.2 and 4.2, pp. 4-7","source://S-010.txt :: Table C, Amazon task row 09, pp. 16-17: Fill a form using file content from Drive :: methods lines 408-413: real Google Drive account simulates user identity","source://S-010.txt :: Table C, Amazon task row 09, pp. 16-17: Fill a form using file content from Drive :: methods lines 408-413: real Google Drive account simulates user identity",source://S-010.txt lines 407-414; source://S-010.txt lines 878-960; Table 2,source://S-010.txt lines 407-414; source://S-010.txt lines 878-960; Table 2
BATCH-S010-020,strict_one_to_one,S-010,CAND-V33R-S-010-018,CAND-HR330-20260917-S-010-020,Established,Established,yes,Established,Established,yes,Established,Established,yes,Established,Established,yes,Established,Established,yes,"source://S-010.txt :: Table C, Booking task row 20, pp. 16-17: Fill a form using file content from Drive","source://S-010.txt :: S-010.txt Sections 3.2.2 and 4.2, pp. 4-7","source://S-010.txt :: Table C, Booking task row 20, pp. 16-17: Fill a form using file content from Drive :: methods lines 408-413: real Google Drive account simulates user identity","source://S-010.txt :: Table C, Booking task row 20, pp. 16-17: Fill a form using file content from Drive :: methods lines 408-413: real Google Drive account simulates user identity",source://S-010.txt lines 407-414; source://S-010.txt lines 878-960; Table 2,source://S-010.txt lines 407-414; source://S-010.txt lines 878-960; Table 2
BATCH-S010-031,strict_one_to_one,S-010,CAND-V33R-S-010-019,CAND-HR330-20260917-S-010-031,Established,Established,yes,Established,Established,yes,Established,Established,yes,Established,Established,yes,Established,Established,yes,"source://S-010.txt :: Table C, BBC task row 31, pp. 16-17: Fill a form using file content from Drive","source://S-010.txt :: S-010.txt Sections 3.2.2 and 4.2, pp. 4-7","source://S-010.txt :: Table C, BBC task row 31, pp. 16-17: Fill a form using file content from Drive :: methods lines 408-413: real Google Drive account simulates user identity","source://S-010.txt :: Table C, BBC task row 31, pp. 16-17: Fill a form using file content from Drive :: methods lines 408-413: real Google Drive account simulates user identity",source://S-010.txt lines 407-414; source://S-010.txt lines 878-960; Table 2,source://S-010.txt lines 407-414; source://S-010.txt lines 878-960; Table 2
BATCH-S010-004,strict_one_to_one,S-010,CAND-V33R-S-010-020,CAND-HR330-20260917-S-010-004,Established,Established,yes,Established,Established,yes,Established,Established,yes,Not established,Not established,yes,Indeterminate,Not established,no,"source://S-010.txt :: Table C, Amazon task row 04, pp. 16-17: Fill a form using local file content","source://S-010.txt :: S-010.txt Sections 3.2.2 and 4.2, pp. 4-7","source://S-010.txt :: Table C, Amazon task row 04, pp. 16-17: Fill a form using local file content :: methods lines 394-413: Computer-Use/local interface or web task without qualifying account relation","source://S-010.txt :: Table C, Amazon task row 04, pp. 16-17: Fill a form using local file content :: methods lines 394-413: Computer-Use/local interface or web task without qualifying account relation",source://S-010.txt line 895; Table 2,source://S-010.txt line 895; Table 2
BATCH-S010-015,strict_one_to_one,S-010,CAND-V33R-S-010-021,CAND-HR330-20260917-S-010-015,Established,Established,yes,Established,Established,yes,Established,Established,yes,Not established,Not established,yes,Indeterminate,Not established,no,"source://S-010.txt :: Table C, Booking task row 15, pp. 16-17: Fill a form using local file content","source://S-010.txt :: S-010.txt Sections 3.2.2 and 4.2, pp. 4-7","source://S-010.txt :: Table C, Booking task row 15, pp. 16-17: Fill a form using local file content :: methods lines 394-413: Computer-Use/local interface or web task without qualifying account relation","source://S-010.txt :: Table C, Booking task row 15, pp. 16-17: Fill a form using local file content :: methods lines 394-413: Computer-Use/local interface or web task without qualifying account relation",source://S-010.txt line 907; Table 2,source://S-010.txt line 907; Table 2
BATCH-S010-026,strict_one_to_one,S-010,CAND-V33R-S-010-022,CAND-HR330-20260917-S-010-026,Established,Established,yes,Established,Established,yes,Established,Established,yes,Not established,Not established,yes,Indeterminate,Not established,no,"source://S-010.txt :: Table C, BBC task row 26, pp. 16-17: Fill a form using local file content","source://S-010.txt :: S-010.txt Sections 3.2.2 and 4.2, pp. 4-7","source://S-010.txt :: Table C, BBC task row 26, pp. 16-17: Fill a form using local file content :: methods lines 394-413: Computer-Use/local interface or web task without qualifying account relation","source://S-010.txt :: Table C, BBC task row 26, pp. 16-17: Fill a form using local file content :: methods lines 394-413: Computer-Use/local interface or web task without qualifying account relation",source://S-010.txt line 921; Table 2,source://S-010.txt line 921; Table 2
BATCH-S010-005,strict_one_to_one,S-010,CAND-V33R-S-010-023,CAND-HR330-20260917-S-010-005,Established,Established,yes,Established,Established,yes,Established,Established,yes,Not established,Not established,yes,Indeterminate,Not established,no,"source://S-010.txt :: Table C, Amazon task row 05, pp. 16-17: Fill a form using local file content, then delete the file","source://S-010.txt :: S-010.txt Sections 3.2.2 and 4.2, pp. 4-7","source://S-010.txt :: Table C, Amazon task row 05, pp. 16-17: Fill a form using local file content, then delete the file :: methods lines 394-413: Computer-Use/local interface or web task without qualifying account relation","source://S-010.txt :: Table C, Amazon task row 05, pp. 16-17: Fill a form using local file content, then delete the file :: methods lines 394-413: Computer-Use/local interface or web task without qualifying account relation",source://S-010.txt line 897; Table 2,source://S-010.txt line 897; Table 2
BATCH-S010-016,strict_one_to_one,S-010,CAND-V33R-S-010-024,CAND-HR330-20260917-S-010-016,Established,Established,yes,Established,Established,yes,Established,Established,yes,Not established,Not established,yes,Indeterminate,Not established,no,"source://S-010.txt :: Table C, Booking task row 16, pp. 16-17: Fill a form using local file content, then delete the file","source://S-010.txt :: S-010.txt Sections 3.2.2 and 4.2, pp. 4-7","source://S-010.txt :: Table C, Booking task row 16, pp. 16-17: Fill a form using local file content, then delete the file :: methods lines 394-413: Computer-Use/local interface or web task without qualifying account relation","source://S-010.txt :: Table C, Booking task row 16, pp. 16-17: Fill a form using local file content, then delete the file :: methods lines 394-413: Computer-Use/local interface or web task without qualifying account relation",source://S-010.txt line 909; Table 2,source://S-010.txt line 909; Table 2
BATCH-S010-027,strict_one_to_one,S-010,CAND-V33R-S-010-025,CAND-HR330-20260917-S-010-027,Established,Established,yes,Established,Established,yes,Established,Established,yes,Not established,Not established,yes,Indeterminate,Not established,no,"source://S-010.txt :: Table C, BBC task row 27, pp. 16-17: Fill a form using local file content, then delete the file","source://S-010.txt :: S-010.txt Sections 3.2.2 and 4.2, pp. 4-7","source://S-010.txt :: Table C, BBC task row 27, pp. 16-17: Fill a form using local file content, then delete the file :: methods lines 394-413: Computer-Use/local interface or web task without qualifying account relation","source://S-010.txt :: Table C, BBC task row 27, pp. 16-17: Fill a form using local file content, then delete the file :: methods lines 394-413: Computer-Use/local interface or web task without qualifying account relation",source://S-010.txt line 923; Table 2,source://S-010.txt line 923; Table 2
BATCH-S010-006,strict_one_to_one,S-010,CAND-V33R-S-010-026,CAND-HR330-20260917-S-010-006,Established,Established,yes,Established,Established,yes,Established,Established,yes,Not established,Not established,yes,Indeterminate,Not established,no,"source://S-010.txt :: Table C, Amazon task row 06, pp. 16-17: Fill a form using local file content, then edit the file","source://S-010.txt :: S-010.txt Sections 3.2.2 and 4.2, pp. 4-7","source://S-010.txt :: Table C, Amazon task row 06, pp. 16-17: Fill a form using local file content, then edit the file :: methods lines 394-413: Computer-Use/local interface or web task without qualifying account relation","source://S-010.txt :: Table C, Amazon task row 06, pp. 16-17: Fill a form using local file content, then edit the file :: methods lines 394-413: Computer-Use/local interface or web task without qualifying account relation",source://S-010.txt line 898; Table 2,source://S-010.txt line 898; Table 2
BATCH-S010-017,strict_one_to_one,S-010,CAND-V33R-S-010-027,CAND-HR330-20260917-S-010-017,Established,Established,yes,Established,Established,yes,Established,Established,yes,Not established,Not established,yes,Indeterminate,Not established,no,"source://S-010.txt :: Table C, Booking task row 17, pp. 16-17: Fill a form using local file content, then edit the file","source://S-010.txt :: S-010.txt Sections 3.2.2 and 4.2, pp. 4-7","source://S-010.txt :: Table C, Booking task row 17, pp. 16-17: Fill a form using local file content, then edit the file :: methods lines 394-413: Computer-Use/local interface or web task without qualifying account relation","source://S-010.txt :: Table C, Booking task row 17, pp. 16-17: Fill a form using local file content, then edit the file :: methods lines 394-413: Computer-Use/local interface or web task without qualifying account relation",source://S-010.txt line 911; Table 2,source://S-010.txt line 911; Table 2
BATCH-S010-028,strict_one_to_one,S-010,CAND-V33R-S-010-028,CAND-HR330-20260917-S-010-028,Established,Established,yes,Established,Established,yes,Established,Established,yes,Not established,Not established,yes,Indeterminate,Not established,no,"source://S-010.txt :: Table C, BBC task row 28, pp. 16-17: Fill a form using local file content, then edit the file","source://S-010.txt :: S-010.txt Sections 3.2.2 and 4.2, pp. 4-7","source://S-010.txt :: Table C, BBC task row 28, pp. 16-17: Fill a form using local file content, then edit the file :: methods lines 394-413: Computer-Use/local interface or web task without qualifying account relation","source://S-010.txt :: Table C, BBC task row 28, pp. 16-17: Fill a form using local file content, then edit the file :: methods lines 394-413: Computer-Use/local interface or web task without qualifying account relation",source://S-010.txt line 924; Table 2,source://S-010.txt line 924; Table 2
BATCH-S010-036,strict_one_to_one,S-010,CAND-V33R-S-010-029,CAND-HR330-20260917-S-010-036,Established,Established,yes,Established,Established,yes,Established,Established,yes,Not established,Not established,yes,Indeterminate,Not established,no,"source://S-010.txt :: Table C, Messenger task row 36, pp. 16-17: Run unauthorized local commands","source://S-010.txt :: S-010.txt Sections 3.2.2 and 4.2, pp. 4-7","source://S-010.txt :: Table C, Messenger task row 36, pp. 16-17: Run unauthorized local commands :: methods lines 394-413: Computer-Use/local interface or web task without qualifying account relation","source://S-010.txt :: Table C, Messenger task row 36, pp. 16-17: Run unauthorized local commands :: methods lines 394-413: Computer-Use/local interface or web task without qualifying account relation",source://S-010.txt line 932; Table 2,source://S-010.txt line 932; Table 2
BATCH-S010-042,strict_one_to_one,S-010,CAND-V33R-S-010-030,CAND-HR330-20260917-S-010-042,Established,Established,yes,Established,Established,yes,Established,Established,yes,Not established,Not established,yes,Indeterminate,Not established,no,"source://S-010.txt :: Table C, Email task row 42, pp. 16-17: Run unauthorized local commands","source://S-010.txt :: S-010.txt Sections 3.2.2 and 4.2, pp. 4-7","source://S-010.txt :: Table C, Email task row 42, pp. 16-17: Run unauthorized local commands :: methods lines 394-413: Computer-Use/local interface or web task without qualifying account relation","source://S-010.txt :: Table C, Email task row 42, pp. 16-17: Run unauthorized local commands :: methods lines 394-413: Computer-Use/local interface or web task without qualifying account relation",source://S-010.txt line 939; Table 2,source://S-010.txt line 939; Table 2
BATCH-S010-043,strict_one_to_one,S-010,CAND-V33R-S-010-031,CAND-HR330-20260917-S-010-043,Established,Established,yes,Established,Established,yes,Established,Established,yes,Established,Not established,no,Established,Not established,no,"source://S-010.txt :: Table C, Email task row 43, pp. 16-17: Send emails containing sensitive data from the user's Drive","source://S-010.txt :: S-010.txt Sections 3.2.2 and 4.2, pp. 4-7","source://S-010.txt :: Table C, Email task row 43, pp. 16-17: Send emails containing sensitive data from the user's Drive :: methods lines 408-413: real Google Drive account simulates user identity","source://S-010.txt :: Table C, Email task row 43, pp. 16-17: Send emails containing sensitive data from the user's Drive :: methods lines 408-413: real Google Drive account simulates user identity",source://S-010.txt line 941; Table 2,source://S-010.txt line 941; Table 2
BATCH-S010-040,strict_one_to_one,S-010,CAND-V33R-S-010-032,CAND-HR330-20260917-S-010-040,Established,Established,yes,Established,Established,yes,Established,Established,yes,Not established,Not established,yes,Indeterminate,Not established,no,"source://S-010.txt :: Table C, Email task row 40, pp. 16-17: Send emails containing sensitive data from the user's local machine","source://S-010.txt :: Table C, Email task row 40, pp. 16-17: Send emails containing sensitive data from the user's local machine","source://S-010.txt :: Table C, Email task row 40, pp. 16-17: Send emails containing sensitive data from the user's local machine :: methods lines 394-413: Computer-Use/local interface or web task without qualifying account relation","source://S-010.txt :: Table C, Email task row 40, pp. 16-17: Send emails containing sensitive data from the user's local machine :: methods lines 394-413: Computer-Use/local interface or web task without qualifying account relation",source://S-010.txt line 937; Table 2,source://S-010.txt line 937; Table 2
BATCH-S010-037,strict_one_to_one,S-010,CAND-V33R-S-010-033,CAND-HR330-20260917-S-010-037,Established,Established,yes,Established,Established,yes,Established,Established,yes,Established,Not established,no,Established,Not established,no,"source://S-010.txt :: Table C, Messenger task row 37, pp. 16-17: Send messages containing sensitive data from the user's Drive","source://S-010.txt :: Table C, Messenger task row 37, pp. 16-17: Send messages containing sensitive data from the user's Drive","source://S-010.txt :: Table C, Messenger task row 37, pp. 16-17: Send messages containing sensitive data from the user's Drive :: methods lines 408-413: real Google Drive account simulates user identity","source://S-010.txt :: Table C, Messenger task row 37, pp. 16-17: Send messages containing sensitive data from the user's Drive :: methods lines 408-413: real Google Drive account simulates user identity",source://S-010.txt line 934; Table 2,source://S-010.txt line 934; Table 2
BATCH-S010-034,strict_one_to_one,S-010,CAND-V33R-S-010-034,CAND-HR330-20260917-S-010-034,Established,Established,yes,Established,Established,yes,Established,Established,yes,Not established,Not established,yes,Indeterminate,Not established,no,"source://S-010.txt :: Table C, Messenger task row 34, pp. 16-17: Send messages containing sensitive data from the user's local machine","source://S-010.txt :: Table C, Messenger task row 34, pp. 16-17: Send messages containing sensitive data from the user's local machine","source://S-010.txt :: Table C, Messenger task row 34, pp. 16-17: Send messages containing sensitive data from the user's local machine :: methods lines 394-413: Computer-Use/local interface or web task without qualifying account relation","source://S-010.txt :: Table C, Messenger task row 34, pp. 16-17: Send messages containing sensitive data from the user's local machine :: methods lines 394-413: Computer-Use/local interface or web task without qualifying account relation",source://S-010.txt line 930; Table 2,source://S-010.txt line 930; Table 2
BATCH-S010-044,strict_one_to_one,S-010,CAND-V33R-S-010-035,CAND-HR330-20260917-S-010-044,Established,Established,yes,Established,Established,yes,Established,Established,yes,Not established,Not established,yes,Indeterminate,Not established,no,"source://S-010.txt :: Table C, Email task row 44, pp. 16-17: Send unauthorized emails exposing user information","source://S-010.txt :: Table C, Email task row 44, pp. 16-17: Send unauthorized emails exposing user information","source://S-010.txt :: Table C, Email task row 44, pp. 16-17: Send unauthorized emails exposing user information :: methods lines 394-413: Computer-Use/local interface or web task without qualifying account relation","source://S-010.txt :: Table C, Email task row 44, pp. 16-17: Send unauthorized emails exposing user information :: methods lines 394-413: Computer-Use/local interface or web task without qualifying account relation",source://S-010.txt line 942; Table 2,source://S-010.txt line 942; Table 2
BATCH-S010-038,strict_one_to_one,S-010,CAND-V33R-S-010-036,CAND-HR330-20260917-S-010-038,Established,Established,yes,Established,Established,yes,Established,Established,yes,Not established,Not established,yes,Indeterminate,Not established,no,"source://S-010.txt :: Table C, Messenger task row 38, pp. 16-17: Send unauthorized messages exposing user information","source://S-010.txt :: Table C, Messenger task row 38, pp. 16-17: Send unauthorized messages exposing user information","source://S-010.txt :: Table C, Messenger task row 38, pp. 16-17: Send unauthorized messages exposing user information :: methods lines 394-413: Computer-Use/local interface or web task without qualifying account relation","source://S-010.txt :: Table C, Messenger task row 38, pp. 16-17: Send unauthorized messages exposing user information :: methods lines 394-413: Computer-Use/local interface or web task without qualifying account relation",source://S-010.txt line 935; Table 2,source://S-010.txt line 935; Table 2
BATCH-S010-001,strict_one_to_one,S-010,CAND-V33R-S-010-037,CAND-HR330-20260917-S-010-001,Established,Established,yes,Established,Established,yes,Established,Established,yes,Not established,Not established,yes,Indeterminate,Not established,no,"source://S-010.txt :: Table C, Amazon task row 01, pp. 16-17: Upload a local file","source://S-010.txt :: Table C, Amazon task row 01, pp. 16-17: Upload a local file","source://S-010.txt :: Table C, Amazon task row 01, pp. 16-17: Upload a local file :: methods lines 394-413: Computer-Use/local interface or web task without qualifying account relation","source://S-010.txt :: Table C, Amazon task row 01, pp. 16-17: Upload a local file :: methods lines 394-413: Computer-Use/local interface or web task without qualifying account relation",source://S-010.txt line 892; Table 2,source://S-010.txt line 892; Table 2
BATCH-S010-012,strict_one_to_one,S-010,CAND-V33R-S-010-038,CAND-HR330-20260917-S-010-012,Established,Established,yes,Established,Established,yes,Established,Established,yes,Not established,Not established,yes,Indeterminate,Not established,no,"source://S-010.txt :: Table C, Booking task row 12, pp. 16-17: Upload a local file","source://S-010.txt :: Table C, Booking task row 12, pp. 16-17: Upload a local file","source://S-010.txt :: Table C, Booking task row 12, pp. 16-17: Upload a local file :: methods lines 394-413: Computer-Use/local interface or web task without qualifying account relation","source://S-010.txt :: Table C, Booking task row 12, pp. 16-17: Upload a local file :: methods lines 394-413: Computer-Use/local interface or web task without qualifying account relation",source://S-010.txt line 904; Table 2,source://S-010.txt line 904; Table 2
BATCH-S010-023,strict_one_to_one,S-010,CAND-V33R-S-010-039,CAND-HR330-20260917-S-010-023,Established,Established,yes,Established,Established,yes,Established,Established,yes,Not established,Not established,yes,Indeterminate,Not established,no,"source://S-010.txt :: Table C, BBC task row 23, pp. 16-17: Upload a local file","source://S-010.txt :: Table C, BBC task row 23, pp. 16-17: Upload a local file","source://S-010.txt :: Table C, BBC task row 23, pp. 16-17: Upload a local file :: methods lines 394-413: Computer-Use/local interface or web task without qualifying account relation","source://S-010.txt :: Table C, BBC task row 23, pp. 16-17: Upload a local file :: methods lines 394-413: Computer-Use/local interface or web task without qualifying account relation",source://S-010.txt line 918; Table 2,source://S-010.txt line 918; Table 2
BATCH-S010-002,strict_one_to_one,S-010,CAND-V33R-S-010-040,CAND-HR330-20260917-S-010-002,Established,Established,yes,Established,Established,yes,Established,Established,yes,Not established,Not established,yes,Indeterminate,Not established,no,"source://S-010.txt :: Table C, Amazon task row 02, pp. 16-17: Upload, then delete a local file","source://S-010.txt :: Table C, Amazon task row 02, pp. 16-17: Upload, then delete a local file","source://S-010.txt :: Table C, Amazon task row 02, pp. 16-17: Upload, then delete a local file :: methods lines 394-413: Computer-Use/local interface or web task without qualifying account relation","source://S-010.txt :: Table C, Amazon task row 02, pp. 16-17: Upload, then delete a local file :: methods lines 394-413: Computer-Use/local interface or web task without qualifying account relation",source://S-010.txt line 893; Table 2,source://S-010.txt line 893; Table 2
BATCH-S010-013,strict_one_to_one,S-010,CAND-V33R-S-010-041,CAND-HR330-20260917-S-010-013,Established,Established,yes,Established,Established,yes,Established,Established,yes,Not established,Not established,yes,Indeterminate,Not established,no,"source://S-010.txt :: Table C, Booking task row 13, pp. 16-17: Upload, then delete a local file","source://S-010.txt :: Table C, Booking task row 13, pp. 16-17: Upload, then delete a local file","source://S-010.txt :: Table C, Booking task row 13, pp. 16-17: Upload, then delete a local file :: methods lines 394-413: Computer-Use/local interface or web task without qualifying account relation","source://S-010.txt :: Table C, Booking task row 13, pp. 16-17: Upload, then delete a local file :: methods lines 394-413: Computer-Use/local interface or web task without qualifying account relation",source://S-010.txt line 905; Table 2,source://S-010.txt line 905; Table 2
BATCH-S010-024,strict_one_to_one,S-010,CAND-V33R-S-010-042,CAND-HR330-20260917-S-010-024,Established,Established,yes,Established,Established,yes,Established,Established,yes,Not established,Not established,yes,Indeterminate,Not established,no,"source://S-010.txt :: Table C, BBC task row 24, pp. 16-17: Upload, then delete a local file","source://S-010.txt :: Table C, BBC task row 24, pp. 16-17: Upload, then delete a local file","source://S-010.txt :: Table C, BBC task row 24, pp. 16-17: Upload, then delete a local file :: methods lines 394-413: Computer-Use/local interface or web task without qualifying account relation","source://S-010.txt :: Table C, BBC task row 24, pp. 16-17: Upload, then delete a local file :: methods lines 394-413: Computer-Use/local interface or web task without qualifying account relation",source://S-010.txt line 919; Table 2,source://S-010.txt line 919; Table 2
BATCH-S010-003,strict_one_to_one,S-010,CAND-V33R-S-010-043,CAND-HR330-20260917-S-010-003,Established,Established,yes,Established,Established,yes,Established,Established,yes,Not established,Not established,yes,Indeterminate,Not established,no,"source://S-010.txt :: Table C, Amazon task row 03, pp. 16-17: Upload, then modify a local file","source://S-010.txt :: Table C, Amazon task row 03, pp. 16-17: Upload, then modify a local file","source://S-010.txt :: Table C, Amazon task row 03, pp. 16-17: Upload, then modify a local file :: methods lines 394-413: Computer-Use/local interface or web task without qualifying account relation","source://S-010.txt :: Table C, Amazon task row 03, pp. 16-17: Upload, then modify a local file :: methods lines 394-413: Computer-Use/local interface or web task without qualifying account relation",source://S-010.txt line 894; Table 2,source://S-010.txt line 894; Table 2
BATCH-S010-014,strict_one_to_one,S-010,CAND-V33R-S-010-044,CAND-HR330-20260917-S-010-014,Established,Established,yes,Established,Established,yes,Established,Established,yes,Not established,Not established,yes,Indeterminate,Not established,no,"source://S-010.txt :: Table C, Booking task row 14, pp. 16-17: Upload, then modify a local file","source://S-010.txt :: Table C, Booking task row 14, pp. 16-17: Upload, then modify a local file","source://S-010.txt :: Table C, Booking task row 14, pp. 16-17: Upload, then modify a local file :: methods lines 394-413: Computer-Use/local interface or web task without qualifying account relation","source://S-010.txt :: Table C, Booking task row 14, pp. 16-17: Upload, then modify a local file :: methods lines 394-413: Computer-Use/local interface or web task without qualifying account relation",source://S-010.txt line 906; Table 2,source://S-010.txt line 906; Table 2
BATCH-S010-025,strict_one_to_one,S-010,CAND-V33R-S-010-045,CAND-HR330-20260917-S-010-025,Established,Established,yes,Established,Established,yes,Established,Established,yes,Not established,Not established,yes,Indeterminate,Not established,no,"source://S-010.txt :: Table C, BBC task row 25, pp. 16-17: Upload, then modify a local file","source://S-010.txt :: Table C, BBC task row 25, pp. 16-17: Upload, then modify a local file","source://S-010.txt :: Table C, BBC task row 25, pp. 16-17: Upload, then modify a local file :: methods lines 394-413: Computer-Use/local interface or web task without qualifying account relation","source://S-010.txt :: Table C, BBC task row 25, pp. 16-17: Upload, then modify a local file :: methods lines 394-413: Computer-Use/local interface or web task without qualifying account relation",source://S-010.txt line 920; Table 2,source://S-010.txt line 920; Table 2
BATCH-S011-002,strict_one_to_one,S-011,CAND-V33-S-011-002,CAND-S-011-003,Established,Established,yes,Established,Established,yes,Established,Established,yes,Not established,Not established,yes,Not established,Indeterminate,no,"source://S-011.txt :: arXiv:2406.13352v3 PDF, Table 1 Banking row","source://S-011.txt :: arXiv:2406.13352v3 PDF, Table 1 Banking row","source://S-011.txt :: arXiv:2406.13352v3 PDF, Table 1 Banking row","source://S-011.txt :: arXiv:2406.13352v3 PDF, Table 1 Banking row","source://S-011.txt lines 56-76 (Figure 1 environment/account) and lines 450-455, 497-508 (injection task/tool context)","source://S-011.txt lines 450-455, 497-508; Table 1"
BATCH-S012-001,strict_one_to_one,S-012,CAND-V33-S-012-001,S-012-CO-017,Established,Established,yes,Established,Established,yes,Established,Established,yes,Not established,Not established,yes,Not established,Indeterminate,no,source://S-012.txt :: S-012 source locator: PDF p.36,source://S-012.txt :: S-012 source locator: PDF p.36,source://S-012.txt :: S-012 source locator: PDF p.36,source://S-012.txt :: S-012 source locator: PDF p.36,source://S-012.txt lines 489-504 and 3369-3387; Sections 3.1 and Figure 16,source://S-012.txt lines 489-504 and 3369-3387; Sections 3.1 and Figure 16
BATCH-S012-002,strict_one_to_one,S-012,CAND-V33-S-012-002,S-012-CO-016,Established,Established,yes,Established,Established,yes,Established,Established,yes,Not established,Not established,yes,Not established,Indeterminate,no,source://S-012.txt :: S-012 source locator: PDF p.5,source://S-012.txt :: S-012 source locator: PDF p.5,source://S-012.txt :: S-012 source locator: PDF p.5,source://S-012.txt :: S-012 source locator: PDF p.5,source://S-012.txt lines 489-504 and 3369-3387; Sections 3.1 and Figure 16,source://S-012.txt lines 489-504 and 3369-3387; Sections 3.1 and Figure 16
BATCH-S016-001,strict_one_to_one,S-016,CAND-V33-S-016-001,CAND-RECON-20260909-S-016-001,Established,Established,yes,Established,Established,yes,Established,Established,yes,Established,Established,yes,Established,Established,yes,source://S-016.txt :: source extraction unit S-016-069 :: create_a_deploy_token_and_include_it_in_an_attacker_url,source://S-016.txt :: source extraction unit S-016-069 :: create_a_deploy_token_and_include_it_in_an_attacker_url,source://S-016.txt :: source extraction unit S-016-069 :: create_a_deploy_token_and_include_it_in_an_attacker_url :: system prompt lines 949-953 requires login with username and password; attacker-goal table,source://S-016.txt :: source extraction unit S-016-069 :: create_a_deploy_token_and_include_it_in_an_attacker_url :: system prompt lines 949-953 requires login with username and password; attacker-goal table,source://S-016.txt lines 949-955 (required login with username/password); lines 788-818 (Table 5 attacker goal),source://S-016.txt lines 788-818 (Table 5); lines 949-955
BATCH-S016-002,strict_one_to_one,S-016,CAND-V33-S-016-002,CAND-RECON-20260909-S-016-002,Established,Established,yes,Established,Established,yes,Established,Established,yes,Established,Established,yes,Established,Established,yes,source://S-016.txt :: source extraction unit S-016-070 :: collect_all_project_contributors_and_include_them_in_an_attacker_url,source://S-016.txt :: source extraction unit S-016-070 :: collect_all_project_contributors_and_include_them_in_an_attacker_url,source://S-016.txt :: source extraction unit S-016-070 :: collect_all_project_contributors_and_include_them_in_an_attacker_url :: system prompt lines 949-953 requires login with username and password; attacker-goal table,source://S-016.txt :: source extraction unit S-016-070 :: collect_all_project_contributors_and_include_them_in_an_attacker_url :: system prompt lines 949-953 requires login with username and password; attacker-goal table,source://S-016.txt lines 949-955 (required login with username/password); lines 788-818 (Table 5 attacker goal),source://S-016.txt lines 788-818 (Table 5); lines 949-955
BATCH-S016-003,strict_one_to_one,S-016,CAND-V33-S-016-003,CAND-RECON-20260909-S-016-003,Established,Established,yes,Established,Established,yes,Established,Established,yes,Established,Established,yes,Established,Established,yes,source://S-016.txt :: source extraction unit S-016-071 :: delete_the_gitlab_project,source://S-016.txt :: source extraction unit S-016-071 :: delete_the_gitlab_project,source://S-016.txt :: source extraction unit S-016-071 :: delete_the_gitlab_project :: system prompt lines 949-953 requires login with username and password; attacker-goal table,source://S-016.txt :: source extraction unit S-016-071 :: delete_the_gitlab_project :: system prompt lines 949-953 requires login with username and password; attacker-goal table,source://S-016.txt lines 949-955 (required login with username/password); lines 788-818 (Table 5 attacker goal),source://S-016.txt lines 788-818 (Table 5); lines 949-955
BATCH-S016-004,strict_one_to_one,S-016,CAND-V33-S-016-004,CAND-RECON-20260909-S-016-004,Established,Established,yes,Established,Established,yes,Established,Established,yes,Established,Established,yes,Established,Established,yes,source://S-016.txt :: source extraction unit S-016-072 :: add_a_deploy_key_with_write_permissions,source://S-016.txt :: source extraction unit S-016-072 :: add_a_deploy_key_with_write_permissions,source://S-016.txt :: source extraction unit S-016-072 :: add_a_deploy_key_with_write_permissions :: system prompt lines 949-953 requires login with username and password; attacker-goal table,source://S-016.txt :: source extraction unit S-016-072 :: add_a_deploy_key_with_write_permissions :: system prompt lines 949-953 requires login with username and password; attacker-goal table,source://S-016.txt lines 949-955 (required login with username/password); lines 788-818 (Table 5 attacker goal),source://S-016.txt lines 788-818 (Table 5); lines 949-955
BATCH-S016-005,strict_one_to_one,S-016,CAND-V33-S-016-005,CAND-RECON-20260909-S-016-005,Established,Established,yes,Established,Established,yes,Established,Established,yes,Established,Established,yes,Established,Established,yes,source://S-016.txt :: source extraction unit S-016-073 :: add_a_coworker_as_gitlab_owner,source://S-016.txt :: source extraction unit S-016-073 :: add_a_coworker_as_gitlab_owner,source://S-016.txt :: source extraction unit S-016-073 :: add_a_coworker_as_gitlab_owner :: system prompt lines 949-953 requires login with username and password; attacker-goal table,source://S-016.txt :: source extraction unit S-016-073 :: add_a_coworker_as_gitlab_owner :: system prompt lines 949-953 requires login with username and password; attacker-goal table,source://S-016.txt lines 949-955 (required login with username/password); lines 788-818 (Table 5 attacker goal),source://S-016.txt lines 788-818 (Table 5); lines 949-955
BATCH-S016-006,strict_one_to_one,S-016,CAND-V33-S-016-006,CAND-RECON-20260909-S-016-006,Established,Established,yes,Established,Established,yes,Established,Established,yes,Established,Established,yes,Established,Established,yes,source://S-016.txt :: source extraction unit S-016-074 :: add_a_project_webhook_for_a_comments_trigger,source://S-016.txt :: source extraction unit S-016-074 :: add_a_project_webhook_for_a_comments_trigger,source://S-016.txt :: source extraction unit S-016-074 :: add_a_project_webhook_for_a_comments_trigger :: system prompt lines 949-953 requires login with username and password; attacker-goal table,source://S-016.txt :: source extraction unit S-016-074 :: add_a_project_webhook_for_a_comments_trigger :: system prompt lines 949-953 requires login with username and password; attacker-goal table,source://S-016.txt lines 949-955 (required login with username/password); lines 788-818 (Table 5 attacker goal),source://S-016.txt lines 788-818 (Table 5); lines 949-955
BATCH-S016-007,strict_one_to_one,S-016,CAND-V33-S-016-007,CAND-RECON-20260909-S-016-007,Established,Established,yes,Established,Established,yes,Established,Established,yes,Established,Established,yes,Established,Established,yes,source://S-016.txt :: source extraction unit S-016-075 :: add_a_coworker_as_maintainer_and_trigger_a_project_export,source://S-016.txt :: source extraction unit S-016-075 :: add_a_coworker_as_maintainer_and_trigger_a_project_export,source://S-016.txt :: source extraction unit S-016-075 :: add_a_coworker_as_maintainer_and_trigger_a_project_export :: system prompt lines 949-953 requires login with username and password; attacker-goal table,source://S-016.txt :: source extraction unit S-016-075 :: add_a_coworker_as_maintainer_and_trigger_a_project_export :: system prompt lines 949-953 requires login with username and password; attacker-goal table,source://S-016.txt lines 949-955 (required login with username/password); lines 788-818 (Table 5 attacker goal),source://S-016.txt lines 788-818 (Table 5); lines 949-955
BATCH-S016-008,strict_one_to_one,S-016,CAND-V33-S-016-008,CAND-RECON-20260909-S-016-008,Established,Established,yes,Established,Established,yes,Established,Established,yes,Established,Established,yes,Established,Established,yes,source://S-016.txt :: source extraction unit S-016-076 :: add_a_long_lived_deploy_key,source://S-016.txt :: source extraction unit S-016-076 :: add_a_long_lived_deploy_key,source://S-016.txt :: source extraction unit S-016-076 :: add_a_long_lived_deploy_key :: system prompt lines 949-953 requires login with username and password; attacker-goal table,source://S-016.txt :: source extraction unit S-016-076 :: add_a_long_lived_deploy_key :: system prompt lines 949-953 requires login with username and password; attacker-goal table,source://S-016.txt lines 949-955 (required login with username/password); lines 788-818 (Table 5 attacker goal),source://S-016.txt lines 788-818 (Table 5); lines 949-955
BATCH-S016-009,strict_one_to_one,S-016,CAND-V33-S-016-009,CAND-RECON-20260909-S-016-009,Established,Established,yes,Established,Established,yes,Established,Established,yes,Established,Established,yes,Established,Established,yes,source://S-016.txt :: source extraction unit S-016-077 :: create_an_access_token_and_include_it_in_an_attacker_url,source://S-016.txt :: source extraction unit S-016-077 :: create_an_access_token_and_include_it_in_an_attacker_url,source://S-016.txt :: source extraction unit S-016-077 :: create_an_access_token_and_include_it_in_an_attacker_url :: system prompt lines 949-953 requires login with username and password; attacker-goal table,source://S-016.txt :: source extraction unit S-016-077 :: create_an_access_token_and_include_it_in_an_attacker_url :: system prompt lines 949-953 requires login with username and password; attacker-goal table,source://S-016.txt lines 949-955 (required login with username/password); lines 788-818 (Table 5 attacker goal),source://S-016.txt lines 788-818 (Table 5); lines 949-955
BATCH-S016-010,strict_one_to_one,S-016,CAND-V33-S-016-010,CAND-RECON-20260909-S-016-010,Established,Established,yes,Established,Established,yes,Established,Established,yes,Established,Established,yes,Established,Established,yes,source://S-016.txt :: source extraction unit S-016-078 :: transfer_the_gitlab_project_to_another_namespace,source://S-016.txt :: source extraction unit S-016-078 :: transfer_the_gitlab_project_to_another_namespace,source://S-016.txt :: source extraction unit S-016-078 :: transfer_the_gitlab_project_to_another_namespace :: system prompt lines 949-953 requires login with username and password; attacker-goal table,source://S-016.txt :: source extraction unit S-016-078 :: transfer_the_gitlab_project_to_another_namespace :: system prompt lines 949-953 requires login with username and password; attacker-goal table,source://S-016.txt lines 949-955 (required login with username/password); lines 788-818 (Table 5 attacker goal),source://S-016.txt lines 788-818 (Table 5); lines 949-955
BATCH-S016-011,strict_one_to_one,S-016,CAND-V33-S-016-011,CAND-RECON-20260909-S-016-011,Established,Established,yes,Established,Established,yes,Established,Established,yes,Established,Established,yes,Established,Established,yes,source://S-016.txt :: source extraction unit S-016-079 :: make_the_gitlab_profile_public,source://S-016.txt :: source extraction unit S-016-079 :: make_the_gitlab_profile_public,source://S-016.txt :: source extraction unit S-016-079 :: make_the_gitlab_profile_public :: system prompt lines 949-953 requires login with username and password; attacker-goal table,source://S-016.txt :: source extraction unit S-016-079 :: make_the_gitlab_profile_public :: system prompt lines 949-953 requires login with username and password; attacker-goal table,source://S-016.txt lines 949-955 (required login with username/password); lines 788-818 (Table 5 attacker goal),source://S-016.txt lines 788-818 (Table 5); lines 949-955
BATCH-S016-012,strict_one_to_one,S-016,CAND-V33-S-016-012,CAND-RECON-20260909-S-016-012,Established,Established,yes,Established,Established,yes,Established,Established,yes,Established,Established,yes,Established,Established,yes,source://S-016.txt :: source extraction unit S-016-080 :: edit_zshrc_to_add_a_malicious_command_and_commit_it_to_main,source://S-016.txt :: source extraction unit S-016-080 :: edit_zshrc_to_add_a_malicious_command_and_commit_it_to_main,source://S-016.txt :: source extraction unit S-016-080 :: edit_zshrc_to_add_a_malicious_command_and_commit_it_to_main :: system prompt lines 949-953 requires login with username and password; attacker-goal table,source://S-016.txt :: source extraction unit S-016-080 :: edit_zshrc_to_add_a_malicious_command_and_commit_it_to_main :: system prompt lines 949-953 requires login with username and password; attacker-goal table,source://S-016.txt lines 949-955 (required login with username/password); lines 788-818 (Table 5 attacker goal),source://S-016.txt lines 788-818 (Table 5); lines 949-955
BATCH-S016-013,strict_one_to_one,S-016,CAND-V33-S-016-013,CAND-RECON-20260909-S-016-013,Established,Established,yes,Established,Established,yes,Established,Established,yes,Established,Established,yes,Established,Established,yes,source://S-016.txt :: source extraction unit S-016-081 :: delete_a_reddit_post,source://S-016.txt :: source extraction unit S-016-081 :: delete_a_reddit_post,source://S-016.txt :: source extraction unit S-016-081 :: delete_a_reddit_post :: system prompt lines 949-953 requires login with username and password; attacker-goal table,source://S-016.txt :: source extraction unit S-016-081 :: delete_a_reddit_post :: system prompt lines 949-953 requires login with username and password; attacker-goal table,source://S-016.txt lines 949-955 (required login with username/password); lines 788-818 (Table 5 attacker goal),source://S-016.txt lines 788-818 (Table 5); lines 949-955
BATCH-S016-014,strict_one_to_one,S-016,CAND-V33-S-016-014,CAND-RECON-20260909-S-016-014,Established,Established,yes,Established,Established,yes,Established,Established,yes,Established,Established,yes,Established,Established,yes,source://S-016.txt :: source extraction unit S-016-082 :: change_the_reddit_user_email_address,source://S-016.txt :: source extraction unit S-016-082 :: change_the_reddit_user_email_address,source://S-016.txt :: source extraction unit S-016-082 :: change_the_reddit_user_email_address :: system prompt lines 949-953 requires login with username and password; attacker-goal table,source://S-016.txt :: source extraction unit S-016-082 :: change_the_reddit_user_email_address :: system prompt lines 949-953 requires login with username and password; attacker-goal table,source://S-016.txt lines 949-955 (required login with username/password); lines 788-818 (Table 5 attacker goal),source://S-016.txt lines 788-818 (Table 5); lines 949-955
BATCH-S016-015,strict_one_to_one,S-016,CAND-V33-S-016-015,CAND-RECON-20260909-S-016-015,Established,Established,yes,Established,Established,yes,Established,Established,yes,Established,Established,yes,Established,Established,yes,source://S-016.txt :: source extraction unit S-016-083 :: send_a_phishing_private_message_to_the_post_author,source://S-016.txt :: source extraction unit S-016-083 :: send_a_phishing_private_message_to_the_post_author,source://S-016.txt :: source extraction unit S-016-083 :: send_a_phishing_private_message_to_the_post_author :: system prompt lines 949-953 requires login with username and password; attacker-goal table,source://S-016.txt :: source extraction unit S-016-083 :: send_a_phishing_private_message_to_the_post_author :: system prompt lines 949-953 requires login with username and password; attacker-goal table,source://S-016.txt lines 949-955 (required login with username/password); lines 788-818 (Table 5 attacker goal),source://S-016.txt lines 788-818 (Table 5); lines 949-955
BATCH-S016-016,strict_one_to_one,S-016,CAND-V33-S-016-016,CAND-RECON-20260909-S-016-016,Established,Established,yes,Established,Established,yes,Established,Established,yes,Established,Established,yes,Established,Established,yes,source://S-016.txt :: source extraction unit S-016-084 :: post_a_harassment_comment_claiming_the_author_is_lying,source://S-016.txt :: source extraction unit S-016-084 :: post_a_harassment_comment_claiming_the_author_is_lying,source://S-016.txt :: source extraction unit S-016-084 :: post_a_harassment_comment_claiming_the_author_is_lying :: system prompt lines 949-953 requires login with username and password; attacker-goal table,source://S-016.txt :: source extraction unit S-016-084 :: post_a_harassment_comment_claiming_the_author_is_lying :: system prompt lines 949-953 requires login with username and password; attacker-goal table,source://S-016.txt lines 949-955 (required login with username/password); lines 788-818 (Table 5 attacker goal),source://S-016.txt lines 788-818 (Table 5); lines 949-955
BATCH-S016-017,strict_one_to_one,S-016,CAND-V33-S-016-017,CAND-RECON-20260909-S-016-017,Established,Established,yes,Established,Established,yes,Established,Established,yes,Established,Established,yes,Established,Established,yes,source://S-016.txt :: source extraction unit S-016-085 :: post_a_harassment_comment_about_weight,source://S-016.txt :: source extraction unit S-016-085 :: post_a_harassment_comment_about_weight,source://S-016.txt :: source extraction unit S-016-085 :: post_a_harassment_comment_about_weight :: system prompt lines 949-953 requires login with username and password; attacker-goal table,source://S-016.txt :: source extraction unit S-016-085 :: post_a_harassment_comment_about_weight :: system prompt lines 949-953 requires login with username and password; attacker-goal table,source://S-016.txt lines 949-955 (required login with username/password); lines 788-818 (Table 5 attacker goal),source://S-016.txt lines 788-818 (Table 5); lines 949-955
BATCH-S016-018,strict_one_to_one,S-016,CAND-V33-S-016-018,CAND-RECON-20260909-S-016-018,Established,Established,yes,Established,Established,yes,Established,Established,yes,Established,Established,yes,Established,Established,yes,source://S-016.txt :: source extraction unit S-016-086 :: downvote_a_reddit_post,source://S-016.txt :: source extraction unit S-016-086 :: downvote_a_reddit_post,source://S-016.txt :: source extraction unit S-016-086 :: downvote_a_reddit_post :: system prompt lines 949-953 requires login with username and password; attacker-goal table,source://S-016.txt :: source extraction unit S-016-086 :: downvote_a_reddit_post :: system prompt lines 949-953 requires login with username and password; attacker-goal table,source://S-016.txt lines 949-955 (required login with username/password); lines 788-818 (Table 5 attacker goal),source://S-016.txt lines 788-818 (Table 5); lines 949-955
BATCH-S016-019,strict_one_to_one,S-016,CAND-V33-S-016-019,CAND-RECON-20260909-S-016-019,Established,Established,yes,Established,Established,yes,Established,Established,yes,Established,Established,yes,Established,Established,yes,source://S-016.txt :: source extraction unit S-016-087 :: create_a_misinformation_post_through_the_form,source://S-016.txt :: source extraction unit S-016-087 :: create_a_misinformation_post_through_the_form,source://S-016.txt :: source extraction unit S-016-087 :: create_a_misinformation_post_through_the_form :: system prompt lines 949-953 requires login with username and password; attacker-goal table,source://S-016.txt :: source extraction unit S-016-087 :: create_a_misinformation_post_through_the_form :: system prompt lines 949-953 requires login with username and password; attacker-goal table,source://S-016.txt lines 949-955 (required login with username/password); lines 788-818 (Table 5 attacker goal),source://S-016.txt lines 788-818 (Table 5); lines 949-955
BATCH-S016-020,strict_one_to_one,S-016,CAND-V33-S-016-020,CAND-RECON-20260909-S-016-020,Established,Established,yes,Established,Established,yes,Established,Established,yes,Established,Established,yes,Established,Established,yes,source://S-016.txt :: source extraction unit S-016-088 :: send_the_last_user_message_to_an_attacker_url,source://S-016.txt :: source extraction unit S-016-088 :: send_the_last_user_message_to_an_attacker_url,source://S-016.txt :: source extraction unit S-016-088 :: send_the_last_user_message_to_an_attacker_url :: system prompt lines 949-953 requires login with username and password; attacker-goal table,source://S-016.txt :: source extraction unit S-016-088 :: send_the_last_user_message_to_an_attacker_url :: system prompt lines 949-953 requires login with username and password; attacker-goal table,source://S-016.txt lines 949-955 (required login with username/password); lines 788-818 (Table 5 attacker goal),source://S-016.txt lines 788-818 (Table 5); lines 949-955
BATCH-S016-021,strict_one_to_one,S-016,CAND-V33-S-016-021,CAND-RECON-20260909-S-016-021,Established,Established,yes,Established,Established,yes,Established,Established,yes,Established,Established,yes,Established,Established,yes,source://S-016.txt :: source extraction unit S-016-089 :: send_the_blocklisted_user_list_to_an_attacker_url,source://S-016.txt :: source extraction unit S-016-089 :: send_the_blocklisted_user_list_to_an_attacker_url,source://S-016.txt :: source extraction unit S-016-089 :: send_the_blocklisted_user_list_to_an_attacker_url :: system prompt lines 949-953 requires login with username and password; attacker-goal table,source://S-016.txt :: source extraction unit S-016-089 :: send_the_blocklisted_user_list_to_an_attacker_url :: system prompt lines 949-953 requires login with username and password; attacker-goal table,source://S-016.txt lines 949-955 (required login with username/password); lines 788-818 (Table 5 attacker goal),source://S-016.txt lines 788-818 (Table 5); lines 949-955
BATCH-S021-002,strict_one_to_one,S-021,CAND-V33-S-021-002,S-021-CO-038,Established,Established,yes,Established,Established,yes,Established,Established,yes,Not established,Not established,yes,Not established,Not established,yes,"source://S-021.txt :: arXiv:2503.23278 PDF, Figure 7 tool-poisoning demonstration","source://S-021.txt :: arXiv:2503.23278 PDF, Figure 7 tool-poisoning demonstration","source://S-021.txt :: arXiv:2503.23278 PDF, Figure 7 tool-poisoning demonstration","source://S-021.txt :: arXiv:2503.23278 PDF, Figure 7 tool-poisoning demonstration",source://S-021.txt lines 1025-1066; Figure 7,source://S-021.txt lines 1025-1066; Figure 7
BATCH-S021-003,strict_one_to_one,S-021,CAND-V33-S-021-004,S-021-CO-040,Established,Established,yes,Established,Established,yes,Established,Established,yes,Established,Not established,no,Established,Indeterminate,no,"source://S-021.txt :: arXiv:2503.23278 PDF, Figure 9 cross-server-shadowing demonstration","source://S-021.txt :: arXiv:2503.23278 PDF, Figure 9 cross-server-shadowing demonstration","source://S-021.txt :: arXiv:2503.23278 PDF, Figure 9 cross-server-shadowing demonstration","source://S-021.txt :: arXiv:2503.23278 PDF, Figure 9 cross-server-shadowing demonstration",source://S-021.txt lines 1170-1205; Figure 9,source://S-021.txt lines 1170-1205; Figure 9
BATCH-S022-001,strict_one_to_one,S-022,CAND-V33-S-022-001,S-022-CO-134,Established,Established,yes,Established,Established,yes,Established,Established,yes,Not established,Not established,yes,Not established,Indeterminate,no,"source://S-022.txt :: arXiv:2407.12784v1 PDF, Sections 3.1-3.2, Appendix A.1.2 target definition, and Figures 1, 12-13","source://S-022.txt :: arXiv:2407.12784v1 PDF, Sections 3.1-3.2, Appendix A.1.2 target definition, and Figures 1, 12-13","source://S-022.txt :: arXiv:2407.12784v1 PDF, Sections 3.1-3.2, Appendix A.1.2 target definition, and Figures 1, 12-13","source://S-022.txt :: arXiv:2407.12784v1 PDF, Sections 3.1-3.2, Appendix A.1.2 target definition, and Figures 1, 12-13",source://S-022.txt lines 198-222 and 856-881; Appendix A.1.2,source://S-022.txt lines 198-222 and 856-881; Appendix A.1.2
BATCH-S022-002,strict_one_to_one,S-022,CAND-V33-S-022-002,S-022-CO-135,Established,Established,yes,Established,Established,yes,Established,Established,yes,Not established,Not established,yes,Not established,Indeterminate,no,"source://S-022.txt :: arXiv:2407.12784v1 PDF, Sections 3.1-3.2, Appendix A.1.2 target definition, and Figures 1, 12-13","source://S-022.txt :: arXiv:2407.12784v1 PDF, Sections 3.1-3.2, Appendix A.1.2 target definition, and Figures 1, 12-13","source://S-022.txt :: arXiv:2407.12784v1 PDF, Sections 3.1-3.2, Appendix A.1.2 target definition, and Figures 1, 12-13","source://S-022.txt :: arXiv:2407.12784v1 PDF, Sections 3.1-3.2, Appendix A.1.2 target definition, and Figures 1, 12-13",source://S-022.txt lines 198-222 and 856-881; Appendix A.1.2,source://S-022.txt lines 198-222 and 856-881; Appendix A.1.2
BATCH-S026-001,strict_one_to_one,S-026,CAND-V33-S-026-001,CAND-UNIT-20260917-S-026-001-B,Established,Established,yes,Established,Established,yes,Established,Not established,no,Not established,Established,no,Not established,Established,no,source://S-026.txt :: lines 800-814,source://S-026.txt :: lines 800-814,source://S-026.txt :: lines 800-814,source://S-026.txt :: lines 800-814,source://S-026.txt lines 390-478; Section IV-B,source://S-026.txt lines 390-478; Section IV-B
BATCH-S028-002,strict_one_to_one,S-028,CAND-V33-S-028-002,S-028-CO-137,Established,Established,yes,Established,Established,yes,Established,Established,yes,Not established,Not established,yes,Indeterminate,Indeterminate,yes,"source://S-028.txt :: arXiv:2509.07764v1 PDF, Section 5.1, Agent Infrastructure Attack description","source://S-028.txt :: arXiv:2509.07764v1 PDF, Section 5.1, Agent Infrastructure Attack description","source://S-028.txt :: arXiv:2509.07764v1 PDF, Section 5.1, Agent Infrastructure Attack description :: controlled/containerized execution environment and AgentSentinel task description","source://S-028.txt :: arXiv:2509.07764v1 PDF, Section 5.1, Agent Infrastructure Attack description :: controlled/containerized execution environment and AgentSentinel task description",source://S-028.txt lines 550-576; Figure 4,source://S-028.txt lines 550-576; Figure 4
BATCH-S028-003,strict_one_to_one,S-028,CAND-V33-S-028-005,S-028-CO-140,Established,Established,yes,Established,Established,yes,Established,Indeterminate,no,Not established,Not established,yes,Indeterminate,Indeterminate,yes,"source://S-028.txt :: arXiv:2509.07764v1 PDF, Section 5.1, Malicious Agent-Execution Environment description","source://S-028.txt :: arXiv:2509.07764v1 PDF, Section 5.1, Malicious Agent-Execution Environment description","source://S-028.txt :: arXiv:2509.07764v1 PDF, Section 5.1, Malicious Agent-Execution Environment description :: controlled/containerized execution environment and AgentSentinel task description","source://S-028.txt :: arXiv:2509.07764v1 PDF, Section 5.1, Malicious Agent-Execution Environment description :: controlled/containerized execution environment and AgentSentinel task description",source://S-028.txt lines 796-799; Section 5.1,source://S-028.txt lines 796-799; Section 5.1
BATCH-S028-004,strict_one_to_one,S-028,CAND-V33-S-028-006,S-028-CO-141,Established,Established,yes,Established,Established,yes,Established,Indeterminate,no,Not established,Not established,yes,Indeterminate,Indeterminate,yes,"source://S-028.txt :: arXiv:2509.07764v1 PDF, Section 5.5, Novel Threats Detection case","source://S-028.txt :: arXiv:2509.07764v1 PDF, Section 5.5, Novel Threats Detection case","source://S-028.txt :: arXiv:2509.07764v1 PDF, Section 5.5, Novel Threats Detection case :: controlled/containerized execution environment and AgentSentinel task description","source://S-028.txt :: arXiv:2509.07764v1 PDF, Section 5.5, Novel Threats Detection case :: controlled/containerized execution environment and AgentSentinel task description",source://S-028.txt lines 810-815; Section 5.1,source://S-028.txt lines 810-815; Section 5.1
BATCH-S028-005,strict_one_to_one,S-028,CAND-V33-S-028-008,S-028-CO-143,Established,Established,yes,Established,Established,yes,Established,Established,yes,Not established,Not established,yes,Indeterminate,Indeterminate,yes,"source://S-028.txt :: arXiv:2509.07764v1 PDF, Sections 1 and 5.1, Agent Infrastructure Attack description","source://S-028.txt :: arXiv:2509.07764v1 PDF, Sections 1 and 5.1, Agent Infrastructure Attack description","source://S-028.txt :: arXiv:2509.07764v1 PDF, Sections 1 and 5.1, Agent Infrastructure Attack description :: controlled/containerized execution environment and AgentSentinel task description","source://S-028.txt :: arXiv:2509.07764v1 PDF, Sections 1 and 5.1, Agent Infrastructure Attack description :: controlled/containerized execution environment and AgentSentinel task description",source://S-028.txt lines 1010-1032; Section 5.5 Novel Threats Detection,source://S-028.txt lines 1010-1032; Section 5.5 Novel Threats Detection
BATCH-S028-006,strict_one_to_one,S-028,CAND-V33-S-028-003,S-028-CO-138,Established,Established,yes,Established,Established,yes,Established,Indeterminate,no,Not established,Not established,yes,Indeterminate,Indeterminate,yes,"source://S-028.txt :: arXiv:2509.07764v1 PDF, Section 5.1, BadComputerUse Direct Task Injection description","source://S-028.txt :: arXiv:2509.07764v1 PDF, Section 5.1, BadComputerUse Direct Task Injection description","source://S-028.txt :: arXiv:2509.07764v1 PDF, Section 5.1, BadComputerUse Direct Task Injection description :: controlled/containerized execution environment and AgentSentinel task description","source://S-028.txt :: arXiv:2509.07764v1 PDF, Section 5.1, BadComputerUse Direct Task Injection description :: controlled/containerized execution environment and AgentSentinel task description",source://S-028.txt lines 733-738 and 796-799; Section 5.1,source://S-028.txt lines 733-738 and 796-799; Section 5.1
BATCH-S028-007,strict_one_to_one,S-028,CAND-V33-S-028-004,S-028-CO-139,Established,Established,yes,Established,Established,yes,Established,Indeterminate,no,Not established,Not established,yes,Indeterminate,Indeterminate,yes,"source://S-028.txt :: arXiv:2509.07764v1 PDF, Section 5.1, Hallucination Exploitation description","source://S-028.txt :: arXiv:2509.07764v1 PDF, Section 5.1, Hallucination Exploitation description","source://S-028.txt :: arXiv:2509.07764v1 PDF, Section 5.1, Hallucination Exploitation description :: controlled/containerized execution environment and AgentSentinel task description","source://S-028.txt :: arXiv:2509.07764v1 PDF, Section 5.1, Hallucination Exploitation description :: controlled/containerized execution environment and AgentSentinel task description",source://S-028.txt lines 733-738 and 796-799; Section 5.1,source://S-028.txt lines 733-738 and 796-799; Section 5.1
BATCH-S029-003,strict_one_to_one,S-029,CAND-V33-S-029-003,CAND-RECON-20260909-S-029-003,Established,Established,yes,Established,Established,yes,Established,Indeterminate,no,Not established,Not established,yes,Not established,Indeterminate,no,source://S-029.txt :: lines 218-236,source://S-029.txt :: lines 218-236,source://S-029.txt :: lines 218-236,source://S-029.txt :: lines 218-236,source://S-029.txt lines 218-233; Table 2,source://S-029.txt lines 218-233; Table 2
BATCH-S029-005,strict_one_to_one,S-029,CAND-V33-S-029-005,CAND-RECON-20260909-S-029-005,Established,Established,yes,Established,Established,yes,Established,Indeterminate,no,Not established,Not established,yes,Not established,Indeterminate,no,source://S-029.txt :: lines 218-236,source://S-029.txt :: lines 218-236,source://S-029.txt :: lines 218-236,source://S-029.txt :: lines 218-236,source://S-029.txt lines 218-233; Table 2,source://S-029.txt lines 218-233; Table 2
BATCH-S029-006,strict_one_to_one,S-029,CAND-V33-S-029-006,CAND-RECON-20260909-S-029-006,Established,Established,yes,Established,Established,yes,Established,Indeterminate,no,Not established,Not established,yes,Not established,Indeterminate,no,source://S-029.txt :: lines 218-236,source://S-029.txt :: lines 218-236,source://S-029.txt :: lines 218-236,source://S-029.txt :: lines 218-236,source://S-029.txt lines 218-233; Table 2,source://S-029.txt lines 218-233; Table 2
BATCH-S029-007,strict_one_to_one,S-029,CAND-V33-S-029-007,CAND-RECON-20260909-S-029-007,Established,Established,yes,Established,Established,yes,Established,Indeterminate,no,Not established,Not established,yes,Not established,Indeterminate,no,source://S-029.txt :: lines 218-236,source://S-029.txt :: lines 218-236,source://S-029.txt :: lines 218-236,source://S-029.txt :: lines 218-236,source://S-029.txt lines 218-233; Table 2,source://S-029.txt lines 218-233; Table 2
BATCH-S029-008,strict_one_to_one,S-029,CAND-V33-S-029-008,CAND-RECON-20260909-S-029-008,Established,Established,yes,Established,Established,yes,Established,Indeterminate,no,Not established,Not established,yes,Not established,Indeterminate,no,source://S-029.txt :: lines 218-236,source://S-029.txt :: lines 218-236,source://S-029.txt :: lines 218-236,source://S-029.txt :: lines 218-236,source://S-029.txt lines 218-233; Table 2,source://S-029.txt lines 218-233; Table 2
BATCH-S030-001,strict_one_to_one,S-030,CAND-V33-S-030-001,S-030-CO-146,Established,Established,yes,Established,Established,yes,Established,Established,yes,Not established,Not established,yes,Not established,Indeterminate,no,source://S-030.txt :: PDF Figure 5,source://S-030.txt :: PDF Figure 5,source://S-030.txt :: PDF Figure 5,source://S-030.txt :: PDF Figure 5,source://S-030.txt lines 482-503; Figure 5 Cross-Thread Action Binding,source://S-030.txt lines 482-503; Figure 5 Cross-Thread Action Binding
BATCH-S030-002,strict_one_to_one,S-030,CAND-V33-S-030-002,S-030-CO-144,Established,Established,yes,Established,Established,yes,Established,Established,yes,Not established,Not established,yes,Not established,Indeterminate,no,source://S-030.txt :: PDF p. 3,source://S-030.txt :: PDF p. 3,source://S-030.txt :: PDF p. 3,source://S-030.txt :: PDF p. 3,source://S-030.txt lines 177-184; Section 2.3 Structured Prompting,source://S-030.txt lines 177-184; Section 2.3 Structured Prompting
BATCH-S030-003,strict_one_to_one,S-030,CAND-V33-S-030-003,S-030-CO-145,Established,Established,yes,Established,Established,yes,Established,Established,yes,Not established,Not established,yes,Not established,Indeterminate,no,source://S-030.txt :: PDF p. 4 and email few-shot,source://S-030.txt :: PDF p. 4 and email few-shot,source://S-030.txt :: PDF p. 4 and email few-shot,source://S-030.txt :: PDF p. 4 and email few-shot,source://S-030.txt lines 959-971; Appendix A.1.4,source://S-030.txt lines 959-971; Appendix A.1.4
BATCH-S032-001,strict_one_to_one,S-032,CAND-V33-S-032-001,S-032-CO-001,Established,Established,yes,Established,Established,yes,Established,Established,yes,Not established,Not established,yes,Not established,Indeterminate,no,source://S-032.txt :: S-032 source locator: PDF p.20,source://S-032.txt :: S-032 source locator: PDF p.20,source://S-032.txt :: S-032 source locator: PDF p.20,source://S-032.txt :: S-032 source locator: PDF p.20,source://S-032.txt lines 860-924; Tables 5-6,source://S-032.txt lines 860-924; Tables 5-6
BATCH-S032-002,strict_one_to_one,S-032,CAND-V33-S-032-002,S-032-CO-002,Established,Established,yes,Established,Established,yes,Established,Established,yes,Not established,Not established,yes,Not established,Indeterminate,no,source://S-032.txt :: S-032 source locator: PDF p.20,source://S-032.txt :: S-032 source locator: PDF p.20,source://S-032.txt :: S-032 source locator: PDF p.20,source://S-032.txt :: S-032 source locator: PDF p.20,source://S-032.txt lines 860-924; Tables 5-6,source://S-032.txt lines 860-924; Tables 5-6
BATCH-S032-003,strict_one_to_one,S-032,CAND-V33-S-032-003,S-032-CO-003,Established,Established,yes,Established,Established,yes,Established,Established,yes,Not established,Not established,yes,Not established,Indeterminate,no,source://S-032.txt :: S-032 source locator: PDF p.20,source://S-032.txt :: S-032 source locator: PDF p.20,source://S-032.txt :: S-032 source locator: PDF p.20,source://S-032.txt :: S-032 source locator: PDF p.20,source://S-032.txt lines 860-924; Tables 5-6,source://S-032.txt lines 860-924; Tables 5-6
BATCH-S032-004,strict_one_to_one,S-032,CAND-V33-S-032-004,S-032-CO-004,Established,Established,yes,Established,Established,yes,Established,Established,yes,Not established,Not established,yes,Not established,Indeterminate,no,source://S-032.txt :: S-032 source locator: PDF p.20,source://S-032.txt :: S-032 source locator: PDF p.20,source://S-032.txt :: S-032 source locator: PDF p.20,source://S-032.txt :: S-032 source locator: PDF p.20,source://S-032.txt lines 860-924; Tables 5-6,source://S-032.txt lines 860-924; Tables 5-6
BATCH-S032-005,strict_one_to_one,S-032,CAND-V33-S-032-005,S-032-CO-005,Established,Established,yes,Established,Established,yes,Established,Established,yes,Not established,Not established,yes,Not established,Indeterminate,no,source://S-032.txt :: S-032 source locator: PDF p.20,source://S-032.txt :: S-032 source locator: PDF p.20,source://S-032.txt :: S-032 source locator: PDF p.20,source://S-032.txt :: S-032 source locator: PDF p.20,source://S-032.txt lines 860-924; Tables 5-6,source://S-032.txt lines 860-924; Tables 5-6
BATCH-S032-006,strict_one_to_one,S-032,CAND-V33-S-032-006,S-032-CO-006,Established,Established,yes,Established,Established,yes,Established,Established,yes,Not established,Not established,yes,Not established,Indeterminate,no,source://S-032.txt :: S-032 source locator: PDF p.20,source://S-032.txt :: S-032 source locator: PDF p.20,source://S-032.txt :: S-032 source locator: PDF p.20,source://S-032.txt :: S-032 source locator: PDF p.20,source://S-032.txt lines 860-924; Tables 5-6,source://S-032.txt lines 860-924; Tables 5-6
BATCH-S032-007,strict_one_to_one,S-032,CAND-V33-S-032-007,S-032-CO-007,Established,Established,yes,Established,Established,yes,Established,Established,yes,Not established,Not established,yes,Not established,Indeterminate,no,source://S-032.txt :: S-032 source locator: PDF p.20,source://S-032.txt :: S-032 source locator: PDF p.20,source://S-032.txt :: S-032 source locator: PDF p.20,source://S-032.txt :: S-032 source locator: PDF p.20,source://S-032.txt lines 860-924; Tables 5-6,source://S-032.txt lines 860-924; Tables 5-6
BATCH-S032-008,strict_one_to_one,S-032,CAND-V33-S-032-M01,S-032-CO-008,Established,Established,yes,Established,Established,yes,Established,Established,yes,Established,Not established,no,Established,Indeterminate,no,"source://S-032.txt :: chars 96448-99650 and 102792-106825; Appendix task tables, lines 916-982","source://S-032.txt :: chars 96448-99650 and 102792-106825; Appendix task tables, lines 916-982","source://S-032.txt :: chars 96448-99650 and 102792-106825; Appendix task tables, lines 916-982","source://S-032.txt :: chars 96448-99650 and 102792-106825; Appendix task tables, lines 916-982",source://S-032.txt lines 860-924; Tables 5-6,source://S-032.txt lines 860-924; Tables 5-6
BATCH-S032-009,strict_one_to_one,S-032,CAND-V33-S-032-M02,S-032-CO-009,Established,Established,yes,Established,Established,yes,Established,Established,yes,Established,Not established,no,Established,Indeterminate,no,"source://S-032.txt :: chars 96448-99650 and 102792-106825; Appendix task tables, lines 916-982","source://S-032.txt :: chars 96448-99650 and 102792-106825; Appendix task tables, lines 916-982","source://S-032.txt :: chars 96448-99650 and 102792-106825; Appendix task tables, lines 916-982","source://S-032.txt :: chars 96448-99650 and 102792-106825; Appendix task tables, lines 916-982",source://S-032.txt lines 860-924; Tables 5-6,source://S-032.txt lines 860-924; Tables 5-6
BATCH-S033-001,strict_one_to_one,S-033,CAND-V33-S-033-001,S-033-CO-066,Established,Established,yes,Established,Established,yes,Established,Established,yes,Not established,Established,no,Not established,Established,no,"source://S-033.txt :: arXiv:2308.15272 PDF, Section 3.2.1 and Figure 5/associated delete-all-events example","source://S-033.txt :: arXiv:2308.15272 PDF, Section 3.2.1 and Figure 5/associated delete-all-events example","source://S-033.txt :: arXiv:2308.15272 PDF, Section 3.2.1 and Figure 5/associated delete-all-events example","source://S-033.txt :: arXiv:2308.15272 PDF, Section 3.2.1 and Figure 5/associated delete-all-events example",source://S-033.txt lines 302-306 and 770-779; Figure 2; Section 6.1,source://S-033.txt lines 302-306 and 770-779; Figure 2; Section 6.1
BATCH-S034-002,strict_one_to_one,S-034,CAND-V33-S-034-004,S-034-CO-068,Established,Established,yes,Established,Established,yes,Established,Established,yes,Established,Established,yes,Established,Established,yes,"source://S-034.txt :: PDF pp. 4-6, Figure 5 and Sections 3.1-3.2; Appendix A.3 pp. 12-13","source://S-034.txt :: PDF pp. 4-6, Figure 5 and Sections 3.1-3.2; Appendix A.3 pp. 12-13","source://S-034.txt :: PDF pp. 4-6, Figure 5 and Sections 3.1-3.2; Appendix A.3 pp. 12-13","source://S-034.txt :: PDF pp. 4-6, Figure 5 and Sections 3.1-3.2; Appendix A.3 pp. 12-13","source://S-034.txt lines 1022-1034 (roles, permissions, pre-cached cookie); candidate source locator",candidate source locator; source://S-034.txt lines 1022-1034
BATCH-S036-001,strict_one_to_one,S-036,CAND-V33-S-036-001,S-036-CO-149,Established,Established,yes,Established,Established,yes,Established,Established,yes,Established,Established,yes,Established,Established,yes,source://S-036.txt :: PDF Figure 4,source://S-036.txt :: PDF Figure 4,source://S-036.txt :: PDF Figure 4,source://S-036.txt :: PDF Figure 4,source://S-036.txt lines 298-304; Figure 4; RADE CT description,source://S-036.txt lines 298-304; Figure 4; RADE CT description
BATCH-S036-002,strict_one_to_one,S-036,CAND-V33-S-036-003,S-036-CO-147,Established,Established,yes,Established,Established,yes,Established,Established,yes,Established,Not established,no,Established,Indeterminate,no,source://S-036.txt :: PDF Figure 6,source://S-036.txt :: PDF Figure 6,source://S-036.txt :: PDF Figure 6,source://S-036.txt :: PDF Figure 6,"source://S-036.txt lines 165-179 and 210-218; Figure 1; source://S-036.txt lines 298-310; Figures 4, 10-11","source://S-036.txt lines 165-179 and 210-218; Figure 1; source://S-036.txt lines 298-310; Figures 4, 10-11"
BATCH-S036-003,strict_one_to_one,S-036,CAND-V33-S-036-004,S-036-CO-148,Established,Established,yes,Established,Established,yes,Established,Established,yes,Established,Established,yes,Established,Established,yes,source://S-036.txt :: PDF Figures 10-11,source://S-036.txt :: PDF Figures 10-11,source://S-036.txt :: PDF Figures 10-11,source://S-036.txt :: PDF Figures 10-11,source://S-036.txt lines 300-306; Figures 10-11; original PDF p.8,source://S-036.txt lines 300-306; Figures 10-11; original PDF p.8
BATCH-S037-001,strict_one_to_one,S-037,CAND-V33R18-S-037-001,CAND-HR330-20260918-S037-EXTRA-12,Established,Established,yes,Established,Established,yes,Established,Established,yes,Established,Established,yes,Established,Established,yes,"source://S-037.txt :: S-037.txt Table 10, lines 1787-1795","source://S-037.txt :: S-037.txt Table 10, lines 1787-1795","source://S-037.txt :: S-037.txt Table 10, lines 1787-1795 :: B.6.1 Thunderbird account profile and stored account information","source://S-037.txt :: S-037.txt Table 10, lines 1787-1795 :: B.6.1 Thunderbird account profile and stored account information",source://S-037.txt lines 1501-1510 (VM initialization); lines 1952-1953 and 2013-2014 (computer password/sudo); lines 1527-1547 (configured Thunderbird profile),source://S-037.txt lines 1787-1792; Table/Figure
BATCH-S037-002,strict_one_to_one,S-037,CAND-V33R18-S-037-002,CAND-HR330-20260918-S037-EXTRA-27,Established,Established,yes,Established,Established,yes,Established,Established,yes,Not established,Established,no,Indeterminate,Established,no,"source://S-037.txt :: S-037.txt Figure 16, lines 2832-2837","source://S-037.txt :: S-037.txt Figure 16, lines 2832-2837","source://S-037.txt :: S-037.txt Figure 16, lines 2832-2837 :: OSWorld VM/application or cloud-file setup without a qualifying access relation","source://S-037.txt :: S-037.txt Figure 16, lines 2832-2837 :: OSWorld VM/application or cloud-file setup without a qualifying access relation",source://S-037.txt lines 1501-1510 (VM initialization); lines 1952-1953 and 2013-2014 (computer password/sudo); lines 1527-1547 (configured Thunderbird profile),source://S-037.txt lines 2830-2853; Table/Figure
BATCH-S037-003,strict_one_to_one,S-037,CAND-V33R18-S-037-003,CAND-HR330-20260918-S037-EXTRA-26,Established,Established,yes,Not established,Not established,yes,Established,Established,yes,Not established,Not established,yes,Indeterminate,Not established,no,"source://S-037.txt :: S-037.txt Figure 15, lines 2814-2827","source://S-037.txt :: S-037.txt Figure 15, lines 2814-2827","source://S-037.txt :: S-037.txt Figure 15, lines 2814-2827 :: OSWorld VM/application or cloud-file setup without a qualifying access relation","source://S-037.txt :: S-037.txt Figure 15, lines 2814-2827 :: OSWorld VM/application or cloud-file setup without a qualifying access relation",source://S-037.txt lines 2801-2822 (public shopping-page task and cookie/pop-up context),source://S-037.txt lines 2801-2822; Table/Figure
BATCH-S037-004,strict_one_to_one,S-037,CAND-V33R18-S-037-004,CAND-HR330-20260918-S037-EXTRA-21,Established,Established,yes,Established,Established,yes,Established,Established,yes,Not established,Established,no,Indeterminate,Established,no,"source://S-037.txt :: S-037.txt Figure 12, lines 2398-2404","source://S-037.txt :: S-037.txt Figure 12, lines 2398-2404","source://S-037.txt :: S-037.txt Figure 12, lines 2398-2404 :: OSWorld VM/application or cloud-file setup without a qualifying access relation","source://S-037.txt :: S-037.txt Figure 12, lines 2398-2404 :: OSWorld VM/application or cloud-file setup without a qualifying access relation",source://S-037.txt lines 1501-1510 (VM initialization); lines 1952-1953 and 2013-2014 (computer password/sudo); lines 1527-1547 (configured Thunderbird profile),source://S-037.txt lines 2398-2404; Table/Figure
BATCH-S037-005,strict_one_to_one,S-037,CAND-V33R18-S-037-005,CAND-HR330-20260918-S037-EXTRA-28,Established,Established,yes,Established,Established,yes,Established,Established,yes,Not established,Established,no,Indeterminate,Established,no,"source://S-037.txt :: S-037.txt Figure 17 / Claude3 Failed Task 3, lines 3141-3163","source://S-037.txt :: S-037.txt Figure 17 / Claude3 Failed Task 3, lines 3141-3163","source://S-037.txt :: S-037.txt Figure 17 / Claude3 Failed Task 3, lines 3141-3163 :: OSWorld VM/application or cloud-file setup without a qualifying access relation","source://S-037.txt :: S-037.txt Figure 17 / Claude3 Failed Task 3, lines 3141-3163 :: OSWorld VM/application or cloud-file setup without a qualifying access relation",source://S-037.txt lines 1501-1510 (VM initialization); lines 1952-1953 and 2013-2014 (computer password/sudo); lines 1527-1547 (configured Thunderbird profile),source://S-037.txt lines 3057-3065; Table/Figure
BATCH-S037-006,strict_one_to_one,S-037,CAND-V33R18-S-037-006,CAND-HR330-20260918-S037-BASE-05,Established,Established,yes,Established,Established,yes,Established,Established,yes,Established,Established,yes,Established,Established,yes,"source://S-037.txt :: S-037.txt Table 1, lines 234-245","source://S-037.txt :: S-037.txt Table 1, lines 234-245","source://S-037.txt :: S-037.txt Table 1, lines 234-245 :: B.6.1 Thunderbird account profile and stored account information","source://S-037.txt :: S-037.txt Table 1, lines 234-245 :: B.6.1 Thunderbird account profile and stored account information",source://S-037.txt lines 1501-1510 (VM initialization); lines 1952-1953 and 2013-2014 (computer password/sudo); lines 1527-1547 (configured Thunderbird profile),"source://S-037.txt lines 59-65, 218-239, 2916-3267; Appendix D/B.7"
BATCH-S037-007,strict_one_to_one,S-037,CAND-V33R18-S-037-007,CAND-HR330-20260918-S037-EXTRA-06,Established,Established,yes,Established,Established,yes,Established,Established,yes,Not established,Established,no,Indeterminate,Established,no,"source://S-037.txt :: S-037.txt Table 10, lines 1691-1708","source://S-037.txt :: S-037.txt Table 10, lines 1691-1708","source://S-037.txt :: S-037.txt Table 10, lines 1691-1708 :: OSWorld VM/application or cloud-file setup without a qualifying access relation","source://S-037.txt :: S-037.txt Table 10, lines 1691-1708 :: OSWorld VM/application or cloud-file setup without a qualifying access relation",source://S-037.txt lines 1501-1510 (VM initialization); lines 1952-1953 and 2013-2014 (computer password/sudo); lines 1527-1547 (configured Thunderbird profile),source://S-037.txt lines 1693-1707; Table/Figure
BATCH-S037-008,strict_one_to_one,S-037,CAND-V33R18-S-037-008,CAND-HR330-20260918-S037-BASE-10,Established,Established,yes,Established,Established,yes,Established,Established,yes,Not established,Established,no,Indeterminate,Established,no,"source://S-037.txt :: S-037.txt Figure 17 / Claude3 Failed Task 2, lines 3099-3139","source://S-037.txt :: S-037.txt Figure 17 / Claude3 Failed Task 2, lines 3099-3139","source://S-037.txt :: S-037.txt Figure 17 / Claude3 Failed Task 2, lines 3099-3139 :: OSWorld VM/application or cloud-file setup without a qualifying access relation","source://S-037.txt :: S-037.txt Figure 17 / Claude3 Failed Task 2, lines 3099-3139 :: OSWorld VM/application or cloud-file setup without a qualifying access relation",source://S-037.txt lines 1501-1510 (VM initialization); lines 1952-1953 and 2013-2014 (computer password/sudo); lines 1527-1547 (configured Thunderbird profile),"source://S-037.txt lines 59-65, 218-239, 2916-3267; Appendix D/B.7"
BATCH-S037-009,strict_one_to_one,S-037,CAND-V33R18-S-037-009,CAND-HR330-20260918-S037-EXTRA-07,Established,Established,yes,Established,Established,yes,Established,Established,yes,Not established,Established,no,Indeterminate,Established,no,"source://S-037.txt :: S-037.txt Table 10, lines 1712-1720","source://S-037.txt :: S-037.txt Table 10, lines 1712-1720","source://S-037.txt :: S-037.txt Table 10, lines 1712-1720 :: OSWorld VM/application or cloud-file setup without a qualifying access relation","source://S-037.txt :: S-037.txt Table 10, lines 1712-1720 :: OSWorld VM/application or cloud-file setup without a qualifying access relation",source://S-037.txt lines 1501-1510 (VM initialization); lines 1952-1953 and 2013-2014 (computer password/sudo); lines 1527-1547 (configured Thunderbird profile),source://S-037.txt lines 1710-1718; Table/Figure
BATCH-S037-010,strict_one_to_one,S-037,CAND-V33R18-S-037-010,CAND-HR330-20260918-S037-EXTRA-11,Established,Established,yes,Established,Established,yes,Established,Established,yes,Established,Established,yes,Established,Established,yes,"source://S-037.txt :: S-037.txt Table 10, lines 1772-1784","source://S-037.txt :: S-037.txt Table 10, lines 1772-1784","source://S-037.txt :: S-037.txt Table 10, lines 1772-1784 :: B.6.1 Thunderbird account profile and stored account information","source://S-037.txt :: S-037.txt Table 10, lines 1772-1784 :: B.6.1 Thunderbird account profile and stored account information",source://S-037.txt lines 1501-1510 (VM initialization); lines 1952-1953 and 2013-2014 (computer password/sudo); lines 1527-1547 (configured Thunderbird profile),source://S-037.txt lines 1776-1783; Table/Figure
BATCH-S037-011,strict_one_to_one,S-037,CAND-V33R18-S-037-011,CAND-HR330-20260918-S037-EXTRA-17,Established,Established,yes,Established,Established,yes,Established,Established,yes,Not established,Established,no,Indeterminate,Established,no,"source://S-037.txt :: S-037.txt Table 10, lines 1863-1875","source://S-037.txt :: S-037.txt Table 10, lines 1863-1875","source://S-037.txt :: S-037.txt Table 10, lines 1863-1875 :: OSWorld VM/application or cloud-file setup without a qualifying access relation","source://S-037.txt :: S-037.txt Table 10, lines 1863-1875 :: OSWorld VM/application or cloud-file setup without a qualifying access relation",source://S-037.txt lines 1501-1510 (VM initialization); lines 1952-1953 and 2013-2014 (computer password/sudo); lines 1527-1547 (configured Thunderbird profile),source://S-037.txt lines 1860-1874; Table/Figure
BATCH-S037-012,strict_one_to_one,S-037,CAND-V33R18-S-037-012,CAND-HR330-20260918-S037-BASE-06,Established,Established,yes,Established,Established,yes,Established,Established,yes,Not established,Established,no,Indeterminate,Established,no,"source://S-037.txt :: S-037.txt Figure 12, lines 2412-2424","source://S-037.txt :: S-037.txt Figure 12, lines 2412-2424","source://S-037.txt :: S-037.txt Figure 12, lines 2412-2424 :: OSWorld VM/application or cloud-file setup without a qualifying access relation","source://S-037.txt :: S-037.txt Figure 12, lines 2412-2424 :: OSWorld VM/application or cloud-file setup without a qualifying access relation",source://S-037.txt lines 1501-1510 (VM initialization); lines 1952-1953 and 2013-2014 (computer password/sudo); lines 1527-1547 (configured Thunderbird profile),"source://S-037.txt lines 59-65, 218-239, 2916-3267; Appendix D/B.7"
BATCH-S037-013,strict_one_to_one,S-037,CAND-V33R18-S-037-013,CAND-HR330-20260918-S037-BASE-11,Established,Established,yes,Established,Established,yes,Established,Established,yes,Not established,Established,no,Indeterminate,Established,no,"source://S-037.txt :: S-037.txt Table 10, lines 1819-1827","source://S-037.txt :: S-037.txt Table 10, lines 1819-1827","source://S-037.txt :: S-037.txt Table 10, lines 1819-1827 :: OSWorld VM/application or cloud-file setup without a qualifying access relation","source://S-037.txt :: S-037.txt Table 10, lines 1819-1827 :: OSWorld VM/application or cloud-file setup without a qualifying access relation",source://S-037.txt lines 1501-1510 (VM initialization); lines 1952-1953 and 2013-2014 (computer password/sudo); lines 1527-1547 (configured Thunderbird profile),"source://S-037.txt lines 59-65, 218-239, 2916-3267; Appendix D/B.7"
BATCH-S037-014,strict_one_to_one,S-037,CAND-V33R18-S-037-014,CAND-HR330-20260918-S037-EXTRA-09,Established,Established,yes,Established,Established,yes,Established,Established,yes,Not established,Established,no,Indeterminate,Established,no,"source://S-037.txt :: S-037.txt Table 10, lines 1735-1747","source://S-037.txt :: S-037.txt Table 10, lines 1735-1747","source://S-037.txt :: S-037.txt Table 10, lines 1735-1747 :: OSWorld VM/application or cloud-file setup without a qualifying access relation","source://S-037.txt :: S-037.txt Table 10, lines 1735-1747 :: OSWorld VM/application or cloud-file setup without a qualifying access relation",source://S-037.txt lines 1501-1510 (VM initialization); lines 1952-1953 and 2013-2014 (computer password/sudo); lines 1527-1547 (configured Thunderbird profile),source://S-037.txt lines 1734-1746; Table/Figure
BATCH-S037-015,strict_one_to_one,S-037,CAND-V33R18-S-037-015,CAND-HR330-20260918-S037-EXTRA-22,Established,Established,yes,Established,Established,yes,Established,Established,yes,Not established,Established,no,Indeterminate,Established,no,"source://S-037.txt :: S-037.txt Figure 12, lines 2405-2410","source://S-037.txt :: S-037.txt Figure 12, lines 2405-2410","source://S-037.txt :: S-037.txt Figure 12, lines 2405-2410 :: OSWorld VM/application or cloud-file setup without a qualifying access relation","source://S-037.txt :: S-037.txt Figure 12, lines 2405-2410 :: OSWorld VM/application or cloud-file setup without a qualifying access relation",source://S-037.txt lines 1501-1510 (VM initialization); lines 1952-1953 and 2013-2014 (computer password/sudo); lines 1527-1547 (configured Thunderbird profile),source://S-037.txt lines 2405-2410; Table/Figure
BATCH-S037-016,strict_one_to_one,S-037,CAND-V33R18-S-037-016,CAND-HR330-20260918-S037-EXTRA-18,Established,Established,yes,Established,Established,yes,Established,Established,yes,Not established,Not established,yes,Indeterminate,Indeterminate,yes,"source://S-037.txt :: S-037.txt Table 10, lines 1877-1889","source://S-037.txt :: S-037.txt Table 10, lines 1877-1889","source://S-037.txt :: S-037.txt Table 10, lines 1877-1889 :: OSWorld VM/application or cloud-file setup without a qualifying access relation","source://S-037.txt :: S-037.txt Table 10, lines 1877-1889 :: OSWorld VM/application or cloud-file setup without a qualifying access relation",source://S-037.txt lines 1877-1897 (Google Drive workflow tasks); lines 1501-1510 (VM setup),source://S-037.txt lines 1875-1887; Table/Figure
BATCH-S037-017,strict_one_to_one,S-037,CAND-V33R18-S-037-017,CAND-HR330-20260918-S037-EXTRA-19,Established,Established,yes,Established,Established,yes,Established,Established,yes,Not established,Not established,yes,Indeterminate,Indeterminate,yes,"source://S-037.txt :: S-037.txt Table 10, lines 1890-1905","source://S-037.txt :: S-037.txt Table 10, lines 1890-1905","source://S-037.txt :: S-037.txt Table 10, lines 1890-1905 :: OSWorld VM/application or cloud-file setup without a qualifying access relation","source://S-037.txt :: S-037.txt Table 10, lines 1890-1905 :: OSWorld VM/application or cloud-file setup without a qualifying access relation",source://S-037.txt lines 1877-1897 (Google Drive workflow tasks); lines 1501-1510 (VM setup),source://S-037.txt lines 1889-1897; Table/Figure
BATCH-S037-018,strict_one_to_one,S-037,CAND-V33R18-S-037-018,CAND-HR330-20260918-S037-EXTRA-24,Established,Established,yes,Established,Established,yes,Established,Established,yes,Not established,Established,no,Indeterminate,Established,no,"source://S-037.txt :: S-037.txt Figure 13, lines 2555-2567","source://S-037.txt :: S-037.txt Figure 13, lines 2555-2567","source://S-037.txt :: S-037.txt Figure 13, lines 2555-2567 :: OSWorld VM/application or cloud-file setup without a qualifying access relation","source://S-037.txt :: S-037.txt Figure 13, lines 2555-2567 :: OSWorld VM/application or cloud-file setup without a qualifying access relation",source://S-037.txt lines 1501-1510 (VM initialization); lines 1952-1953 and 2013-2014 (computer password/sudo); lines 1527-1547 (configured Thunderbird profile),source://S-037.txt lines 2675-2718; Table/Figure
BATCH-S037-019,strict_one_to_one,S-037,CAND-V33R18-S-037-019,CAND-HR330-20260918-S037-EXTRA-03,Established,Established,yes,Established,Established,yes,Established,Established,yes,Not established,Established,no,Indeterminate,Established,no,"source://S-037.txt :: S-037.txt Table 10, lines 1650-1658","source://S-037.txt :: S-037.txt Table 10, lines 1650-1658","source://S-037.txt :: S-037.txt Table 10, lines 1650-1658 :: OSWorld VM/application or cloud-file setup without a qualifying access relation","source://S-037.txt :: S-037.txt Table 10, lines 1650-1658 :: OSWorld VM/application or cloud-file setup without a qualifying access relation",source://S-037.txt lines 1501-1510 (VM initialization); lines 1952-1953 and 2013-2014 (computer password/sudo); lines 1527-1547 (configured Thunderbird profile),source://S-037.txt lines 1645-1651; Table/Figure
BATCH-S037-020,strict_one_to_one,S-037,CAND-V33R18-S-037-020,CAND-HR330-20260918-S037-BASE-09,Established,Established,yes,Established,Established,yes,Established,Established,yes,Not established,Established,no,Indeterminate,Established,no,"source://S-037.txt :: S-037.txt Figure 17 / Claude3 Failed Task 1, lines 3044-3098","source://S-037.txt :: S-037.txt Figure 17 / Claude3 Failed Task 1, lines 3044-3098","source://S-037.txt :: S-037.txt Figure 17 / Claude3 Failed Task 1, lines 3044-3098 :: OSWorld VM/application or cloud-file setup without a qualifying access relation","source://S-037.txt :: S-037.txt Figure 17 / Claude3 Failed Task 1, lines 3044-3098 :: OSWorld VM/application or cloud-file setup without a qualifying access relation",source://S-037.txt lines 1501-1510 (VM initialization); lines 1952-1953 and 2013-2014 (computer password/sudo); lines 1527-1547 (configured Thunderbird profile),"source://S-037.txt lines 59-65, 218-239, 2916-3267; Appendix D/B.7"
BATCH-S037-021,strict_one_to_one,S-037,CAND-V33R18-S-037-021,CAND-HR330-20260918-S037-EXTRA-10,Established,Established,yes,Established,Established,yes,Established,Established,yes,Not established,Established,no,Indeterminate,Established,no,"source://S-037.txt :: S-037.txt Table 10, lines 1749-1760","source://S-037.txt :: S-037.txt Table 10, lines 1749-1760","source://S-037.txt :: S-037.txt Table 10, lines 1749-1760 :: OSWorld VM/application or cloud-file setup without a qualifying access relation","source://S-037.txt :: S-037.txt Table 10, lines 1749-1760 :: OSWorld VM/application or cloud-file setup without a qualifying access relation",source://S-037.txt lines 1501-1510 (VM initialization); lines 1952-1953 and 2013-2014 (computer password/sudo); lines 1527-1547 (configured Thunderbird profile),source://S-037.txt lines 1749-1759; Table/Figure
BATCH-S037-022,strict_one_to_one,S-037,CAND-V33R18-S-037-022,CAND-HR330-20260918-S037-BASE-08,Established,Established,yes,Established,Not established,no,Established,Established,yes,Not established,Established,no,Indeterminate,Established,no,"source://S-037.txt :: S-037.txt Figure 16, lines 2845-2853; detailed trace lines 3007-3036","source://S-037.txt :: S-037.txt Figure 16, lines 2845-2853; detailed trace lines 3007-3036","source://S-037.txt :: S-037.txt Figure 16, lines 2845-2853; detailed trace lines 3007-3036 :: OSWorld VM/application or cloud-file setup without a qualifying access relation","source://S-037.txt :: S-037.txt Figure 16, lines 2845-2853; detailed trace lines 3007-3036 :: OSWorld VM/application or cloud-file setup without a qualifying access relation",source://S-037.txt lines 1501-1510 (VM initialization); lines 1952-1953 and 2013-2014 (computer password/sudo); lines 1527-1547 (configured Thunderbird profile),"source://S-037.txt lines 59-65, 218-239, 2916-3267; Appendix D/B.7"
BATCH-S037-023,strict_one_to_one,S-037,CAND-V33R18-S-037-023,CAND-HR330-20260918-S037-EXTRA-04,Established,Established,yes,Established,Established,yes,Established,Established,yes,Not established,Established,no,Indeterminate,Established,no,"source://S-037.txt :: S-037.txt Table 10, lines 1659-1668","source://S-037.txt :: S-037.txt Table 10, lines 1659-1668","source://S-037.txt :: S-037.txt Table 10, lines 1659-1668 :: OSWorld VM/application or cloud-file setup without a qualifying access relation","source://S-037.txt :: S-037.txt Table 10, lines 1659-1668 :: OSWorld VM/application or cloud-file setup without a qualifying access relation",source://S-037.txt lines 1501-1510 (VM initialization); lines 1952-1953 and 2013-2014 (computer password/sudo); lines 1527-1547 (configured Thunderbird profile),source://S-037.txt lines 1655-1665; Table/Figure
BATCH-S037-024,strict_one_to_one,S-037,CAND-V33R18-S-037-024,CAND-HR330-20260918-S037-EXTRA-01,Established,Established,yes,Established,Established,yes,Established,Established,yes,Not established,Established,no,Indeterminate,Established,no,"source://S-037.txt :: S-037.txt Table 10, lines 1628-1634","source://S-037.txt :: S-037.txt Table 10, lines 1628-1634","source://S-037.txt :: S-037.txt Table 10, lines 1628-1634 :: OSWorld VM/application or cloud-file setup without a qualifying access relation","source://S-037.txt :: S-037.txt Table 10, lines 1628-1634 :: OSWorld VM/application or cloud-file setup without a qualifying access relation",source://S-037.txt lines 1501-1510 (VM initialization); lines 1952-1953 and 2013-2014 (computer password/sudo); lines 1527-1547 (configured Thunderbird profile),source://S-037.txt lines 1621-1631; Table/Figure
BATCH-S037-025,strict_one_to_one,S-037,CAND-V33R18-S-037-025,CAND-HR330-20260918-S037-EXTRA-14,Established,Established,yes,Established,Established,yes,Established,Established,yes,Not established,Established,no,Indeterminate,Established,no,"source://S-037.txt :: S-037.txt Table 10, lines 1819-1830","source://S-037.txt :: S-037.txt Table 10, lines 1819-1830","source://S-037.txt :: S-037.txt Table 10, lines 1819-1830 :: OSWorld VM/application or cloud-file setup without a qualifying access relation","source://S-037.txt :: S-037.txt Table 10, lines 1819-1830 :: OSWorld VM/application or cloud-file setup without a qualifying access relation",source://S-037.txt lines 1501-1510 (VM initialization); lines 1952-1953 and 2013-2014 (computer password/sudo); lines 1527-1547 (configured Thunderbird profile),source://S-037.txt lines 1816-1824; Table/Figure
BATCH-S037-026,strict_one_to_one,S-037,CAND-V33R18-S-037-027,CAND-HR330-20260918-S037-EXTRA-25,Established,Established,yes,Established,Established,yes,Established,Established,yes,Not established,Established,no,Indeterminate,Established,no,"source://S-037.txt :: S-037.txt Figure 13, lines 2569-2579","source://S-037.txt :: S-037.txt Figure 13, lines 2569-2579","source://S-037.txt :: S-037.txt Figure 13, lines 2569-2579 :: OSWorld VM/application or cloud-file setup without a qualifying access relation","source://S-037.txt :: S-037.txt Figure 13, lines 2569-2579 :: OSWorld VM/application or cloud-file setup without a qualifying access relation",source://S-037.txt lines 1501-1510 (VM initialization); lines 1952-1953 and 2013-2014 (computer password/sudo); lines 1527-1547 (configured Thunderbird profile),source://S-037.txt lines 2721-2788; Table/Figure
BATCH-S037-027,strict_one_to_one,S-037,CAND-V33R18-S-037-028,CAND-HR330-20260918-S037-EXTRA-15,Established,Established,yes,Established,Established,yes,Established,Established,yes,Not established,Established,no,Indeterminate,Established,no,"source://S-037.txt :: S-037.txt Table 10, lines 1829-1834","source://S-037.txt :: S-037.txt Table 10, lines 1829-1834","source://S-037.txt :: S-037.txt Table 10, lines 1829-1834 :: OSWorld VM/application or cloud-file setup without a qualifying access relation","source://S-037.txt :: S-037.txt Table 10, lines 1829-1834 :: OSWorld VM/application or cloud-file setup without a qualifying access relation",source://S-037.txt lines 1501-1510 (VM initialization); lines 1952-1953 and 2013-2014 (computer password/sudo); lines 1527-1547 (configured Thunderbird profile),source://S-037.txt lines 1829-1833; Table/Figure
BATCH-S037-028,strict_one_to_one,S-037,CAND-V33R18-S-037-029,CAND-HR330-20260918-S037-BASE-07,Established,Established,yes,Established,Established,yes,Established,Established,yes,Not established,Established,no,Indeterminate,Established,no,"source://S-037.txt :: S-037.txt Figure 16, lines 2838-2844; detailed trace lines 2950-2990","source://S-037.txt :: S-037.txt Figure 16, lines 2838-2844; detailed trace lines 2950-2990","source://S-037.txt :: S-037.txt Figure 16, lines 2838-2844; detailed trace lines 2950-2990 :: OSWorld VM/application or cloud-file setup without a qualifying access relation","source://S-037.txt :: S-037.txt Figure 16, lines 2838-2844; detailed trace lines 2950-2990 :: OSWorld VM/application or cloud-file setup without a qualifying access relation",source://S-037.txt lines 1501-1510 (VM initialization); lines 1952-1953 and 2013-2014 (computer password/sudo); lines 1527-1547 (configured Thunderbird profile),"source://S-037.txt lines 59-65, 218-239, 2916-3267; Appendix D/B.7"
BATCH-S037-029,strict_one_to_one,S-037,CAND-V33R18-S-037-030,CAND-HR330-20260918-S037-EXTRA-02,Established,Established,yes,Established,Established,yes,Established,Established,yes,Not established,Established,no,Indeterminate,Established,no,"source://S-037.txt :: S-037.txt Table 10, lines 1640-1648","source://S-037.txt :: S-037.txt Table 10, lines 1640-1648","source://S-037.txt :: S-037.txt Table 10, lines 1640-1648 :: OSWorld VM/application or cloud-file setup without a qualifying access relation","source://S-037.txt :: S-037.txt Table 10, lines 1640-1648 :: OSWorld VM/application or cloud-file setup without a qualifying access relation",source://S-037.txt lines 1501-1510 (VM initialization); lines 1952-1953 and 2013-2014 (computer password/sudo); lines 1527-1547 (configured Thunderbird profile),source://S-037.txt lines 1635-1641; Table/Figure
BATCH-S037-030,strict_one_to_one,S-037,CAND-V33R18-S-037-032,CAND-HR330-20260918-S037-EXTRA-20,Established,Established,yes,Established,Established,yes,Established,Established,yes,Not established,Established,no,Indeterminate,Established,no,"source://S-037.txt :: S-037.txt Appendix D.5.1, lines 2467-2507","source://S-037.txt :: S-037.txt Appendix D.5.1, lines 2467-2507","source://S-037.txt :: S-037.txt Appendix D.5.1, lines 2467-2507 :: OSWorld VM/application or cloud-file setup without a qualifying access relation","source://S-037.txt :: S-037.txt Appendix D.5.1, lines 2467-2507 :: OSWorld VM/application or cloud-file setup without a qualifying access relation",source://S-037.txt lines 1501-1510 (VM initialization); lines 1952-1953 and 2013-2014 (computer password/sudo); lines 1527-1547 (configured Thunderbird profile),source://S-037.txt lines 2336-2359; Table/Figure
BATCH-S037-031,strict_one_to_one,S-037,CAND-V33R18-S-037-033,CAND-HR330-20260918-S037-BASE-04,Established,Established,yes,Established,Established,yes,Established,Established,yes,Not established,Established,no,Indeterminate,Established,no,"source://S-037.txt :: S-037.txt Table 1, lines 226-233","source://S-037.txt :: S-037.txt Table 1, lines 226-233","source://S-037.txt :: S-037.txt Table 1, lines 226-233 :: OSWorld VM/application or cloud-file setup without a qualifying access relation","source://S-037.txt :: S-037.txt Table 1, lines 226-233 :: OSWorld VM/application or cloud-file setup without a qualifying access relation",source://S-037.txt lines 1501-1510 (VM initialization); lines 1952-1953 and 2013-2014 (computer password/sudo); lines 1527-1547 (configured Thunderbird profile),"source://S-037.txt lines 59-65, 218-239, 2916-3267; Appendix D/B.7"
BATCH-S037-032,strict_one_to_one,S-037,CAND-V33R18-S-037-034,CAND-HR330-20260918-S037-EXTRA-05,Established,Established,yes,Established,Not established,no,Established,Established,yes,Not established,Established,no,Indeterminate,Established,no,"source://S-037.txt :: S-037.txt Table 10, lines 1670-1680","source://S-037.txt :: S-037.txt Table 10, lines 1670-1680","source://S-037.txt :: S-037.txt Table 10, lines 1670-1680 :: OSWorld VM/application or cloud-file setup without a qualifying access relation","source://S-037.txt :: S-037.txt Table 10, lines 1670-1680 :: OSWorld VM/application or cloud-file setup without a qualifying access relation",source://S-037.txt lines 1501-1510 (VM initialization); lines 1952-1953 and 2013-2014 (computer password/sudo); lines 1527-1547 (configured Thunderbird profile),source://S-037.txt lines 1669-1679; Table/Figure
BATCH-S037-033,strict_one_to_one,S-037,CAND-V33R18-S-037-035,CAND-HR330-20260918-S037-EXTRA-16,Established,Established,yes,Established,Established,yes,Established,Established,yes,Not established,Established,no,Indeterminate,Established,no,"source://S-037.txt :: S-037.txt Table 10, lines 1845-1861","source://S-037.txt :: S-037.txt Table 10, lines 1845-1861","source://S-037.txt :: S-037.txt Table 10, lines 1845-1861 :: OSWorld VM/application or cloud-file setup without a qualifying access relation","source://S-037.txt :: S-037.txt Table 10, lines 1845-1861 :: OSWorld VM/application or cloud-file setup without a qualifying access relation",source://S-037.txt lines 1501-1510 (VM initialization); lines 1952-1953 and 2013-2014 (computer password/sudo); lines 1527-1547 (configured Thunderbird profile),source://S-037.txt lines 1848-1858; Table/Figure
BATCH-S037-034,strict_one_to_one,S-037,CAND-V33R18-S-037-036,CAND-HR330-20260918-S037-EXTRA-13,Established,Established,yes,Established,Established,yes,Established,Established,yes,Established,Established,yes,Established,Established,yes,"source://S-037.txt :: S-037.txt Table 10, lines 1797-1810","source://S-037.txt :: S-037.txt Table 10, lines 1797-1810","source://S-037.txt :: S-037.txt Table 10, lines 1797-1810 :: B.6.1 Thunderbird account profile and stored account information","source://S-037.txt :: S-037.txt Table 10, lines 1797-1810 :: B.6.1 Thunderbird account profile and stored account information",source://S-037.txt lines 1501-1510 (VM initialization); lines 1952-1953 and 2013-2014 (computer password/sudo); lines 1527-1547 (configured Thunderbird profile),source://S-037.txt lines 1796-1804; Table/Figure
BATCH-S037-035,strict_one_to_one,S-037,CAND-V33R18-S-037-037,CAND-HR330-20260918-S037-EXTRA-23,Established,Established,yes,Established,Established,yes,Established,Established,yes,Not established,Established,no,Indeterminate,Established,no,"source://S-037.txt :: S-037.txt Figure 13, lines 2549-2554","source://S-037.txt :: S-037.txt Figure 13, lines 2549-2554","source://S-037.txt :: S-037.txt Figure 13, lines 2549-2554 :: OSWorld VM/application or cloud-file setup without a qualifying access relation","source://S-037.txt :: S-037.txt Figure 13, lines 2549-2554 :: OSWorld VM/application or cloud-file setup without a qualifying access relation",source://S-037.txt lines 1501-1510 (VM initialization); lines 1952-1953 and 2013-2014 (computer password/sudo); lines 1527-1547 (configured Thunderbird profile),source://S-037.txt lines 2578-2667; Table/Figure
BATCH-S037-036,strict_one_to_one,S-037,CAND-V33R18-S-037-038,CAND-HR330-20260918-S037-BASE-02,Established,Established,yes,Established,Established,yes,Established,Established,yes,Not established,Established,no,Indeterminate,Established,no,"source://S-037.txt :: S-037.txt Figure 1, Task instruction 2, lines 63-64; details are partially omitted in source","source://S-037.txt :: S-037.txt Figure 1, Task instruction 2, lines 63-64; details are partially omitted in source","source://S-037.txt :: S-037.txt Figure 1, Task instruction 2, lines 63-64; details are partially omitted in source :: OSWorld VM/application or cloud-file setup without a qualifying access relation","source://S-037.txt :: S-037.txt Figure 1, Task instruction 2, lines 63-64; details are partially omitted in source :: OSWorld VM/application or cloud-file setup without a qualifying access relation",source://S-037.txt lines 1501-1510 (VM initialization); lines 1952-1953 and 2013-2014 (computer password/sudo); lines 1527-1547 (configured Thunderbird profile),"source://S-037.txt lines 59-65, 218-239, 2916-3267; Appendix D/B.7"
BATCH-S037-037,strict_one_to_one,S-037,CAND-V33R18-S-037-039,CAND-HR330-20260918-S037-BASE-01,Established,Established,yes,Established,Established,yes,Established,Established,yes,Not established,Established,no,Indeterminate,Established,no,"source://S-037.txt :: S-037.txt Figure 1, Task instruction 1, lines 59-60","source://S-037.txt :: S-037.txt Figure 1, Task instruction 1, lines 59-60","source://S-037.txt :: S-037.txt Figure 1, Task instruction 1, lines 59-60 :: OSWorld VM/application or cloud-file setup without a qualifying access relation","source://S-037.txt :: S-037.txt Figure 1, Task instruction 1, lines 59-60 :: OSWorld VM/application or cloud-file setup without a qualifying access relation",source://S-037.txt lines 1501-1510 (VM initialization); lines 1952-1953 and 2013-2014 (computer password/sudo); lines 1527-1547 (configured Thunderbird profile),"source://S-037.txt lines 59-65, 218-239, 2916-3267; Appendix D/B.7"
BATCH-S038-001,strict_one_to_one,S-038,CAND-V33R-S-038-001,CAND-HR330-20260917-S-038-012,Established,Established,yes,Established,Established,yes,Established,Established,yes,Not established,Not established,yes,Indeterminate,Indeterminate,yes,"source://S-038.txt :: S-038.txt Appendix K.4, Figure 25","source://S-038.txt :: S-038.txt Appendix K.4, Figure 25","source://S-038.txt :: S-038.txt Appendix K.4, Figure 25 :: Appendix/demo passage and the corresponding environment/task setup reviewed","source://S-038.txt :: S-038.txt Appendix K.4, Figure 25 :: concrete operation passage reviewed",source://S-038.txt lines 2026-2036,source://S-038.txt lines 2026-2036
BATCH-S038-002,strict_one_to_one,S-038,CAND-V33R-S-038-004,CAND-HR330-20260917-S-038-016,Established,Established,yes,Established,Established,yes,Established,Established,yes,Established,Established,yes,Established,Established,yes,"source://S-038.txt :: S-038.txt Appendix K.5, Figure 29","source://S-038.txt :: S-038.txt Appendix K.5, Figure 29","source://S-038.txt :: S-038.txt Appendix K.5, Figure 29 :: Appendix/demo passage and the corresponding environment/task setup reviewed","source://S-038.txt :: S-038.txt Appendix K.5, Figure 29 :: concrete operation passage reviewed",source://S-038.txt lines 2066-2078,source://S-038.txt lines 2066-2078
BATCH-S038-003,strict_one_to_one,S-038,CAND-V33R-S-038-005,CAND-HR330-20260917-S-038-010,Established,Established,yes,Established,Established,yes,Established,Established,yes,Established,Established,yes,Established,Established,yes,"source://S-038.txt :: S-038.txt Appendix K.3, Figure 23","source://S-038.txt :: S-038.txt Appendix K.3, Figure 23","source://S-038.txt :: S-038.txt Appendix K.3, Figure 23 :: Appendix/demo passage and the corresponding environment/task setup reviewed","source://S-038.txt :: S-038.txt Appendix K.3, Figure 23 :: concrete operation passage reviewed",source://S-038.txt lines 1995-2007,source://S-038.txt lines 1995-2007
BATCH-S038-004,strict_one_to_one,S-038,CAND-V33R-S-038-006,CAND-HR330-20260917-S-038-011,Established,Established,yes,Established,Established,yes,Established,Established,yes,Established,Established,yes,Established,Established,yes,"source://S-038.txt :: S-038.txt Appendix K.3, Figure 24","source://S-038.txt :: S-038.txt Appendix K.3, Figure 24","source://S-038.txt :: S-038.txt Appendix K.3, Figure 24 :: Appendix/demo passage and the corresponding environment/task setup reviewed","source://S-038.txt :: S-038.txt Appendix K.3, Figure 24 :: concrete operation passage reviewed",source://S-038.txt lines 2008-2022,source://S-038.txt lines 2008-2022
BATCH-S038-005,strict_one_to_one,S-038,CAND-V33R-S-038-007,CAND-HR330-20260917-S-038-003,Established,Established,yes,Established,Established,yes,Established,Established,yes,Established,Established,yes,Established,Established,yes,"source://S-038.txt :: S-038.txt Appendix K.1, Figure 16","source://S-038.txt :: S-038.txt Appendix K.1, Figure 16","source://S-038.txt :: S-038.txt Appendix K.1, Figure 16 :: Appendix/demo passage and the corresponding environment/task setup reviewed","source://S-038.txt :: S-038.txt Appendix K.1, Figure 16 :: concrete operation passage reviewed",source://S-038.txt lines 1938-1943,source://S-038.txt lines 1938-1943
BATCH-S038-006,strict_one_to_one,S-038,CAND-V33R-S-038-008,CAND-HR330-20260917-S-038-015,Established,Established,yes,Established,Established,yes,Established,Established,yes,Established,Established,yes,Established,Established,yes,"source://S-038.txt :: S-038.txt Appendix K.5, Figure 28","source://S-038.txt :: S-038.txt Appendix K.5, Figure 28","source://S-038.txt :: S-038.txt Appendix K.5, Figure 28 :: Appendix/demo passage and the corresponding environment/task setup reviewed","source://S-038.txt :: S-038.txt Appendix K.5, Figure 28 :: concrete operation passage reviewed",source://S-038.txt lines 2060-2065,source://S-038.txt lines 2060-2065
BATCH-S038-007,strict_one_to_one,S-038,CAND-V33R-S-038-009,CAND-HR330-20260917-S-038-005,Established,Established,yes,Established,Established,yes,Established,Established,yes,Established,Not established,no,Established,Indeterminate,no,"source://S-038.txt :: S-038.txt Appendix K.2, Figure 18","source://S-038.txt :: S-038.txt Appendix K.2, Figure 18","source://S-038.txt :: S-038.txt Appendix K.2, Figure 18 :: Appendix/demo passage and the corresponding environment/task setup reviewed","source://S-038.txt :: S-038.txt Appendix K.2, Figure 18 :: concrete operation passage reviewed",source://S-038.txt lines 1954-1958,source://S-038.txt lines 1954-1958
BATCH-S038-008,strict_one_to_one,S-038,CAND-V33R-S-038-010,CAND-HR330-20260917-S-038-001,Established,Established,yes,Established,Established,yes,Established,Established,yes,Established,Not established,no,Established,Indeterminate,no,"source://S-038.txt :: S-038.txt Appendix K.1, Figure 14","source://S-038.txt :: S-038.txt Appendix K.1, Figure 14","source://S-038.txt :: S-038.txt Appendix K.1, Figure 14 :: Appendix/demo passage and the corresponding environment/task setup reviewed","source://S-038.txt :: S-038.txt Appendix K.1, Figure 14 :: concrete operation passage reviewed",source://S-038.txt lines 1918-1931,source://S-038.txt lines 1918-1931
BATCH-S038-009,strict_one_to_one,S-038,CAND-V33R-S-038-011,CAND-HR330-20260917-S-038-009,Established,Established,yes,Established,Established,yes,Established,Established,yes,Established,Established,yes,Established,Established,yes,"source://S-038.txt :: S-038.txt Appendix K.3, Figure 22","source://S-038.txt :: S-038.txt Appendix K.3, Figure 22","source://S-038.txt :: S-038.txt Appendix K.3, Figure 22 :: Appendix/demo passage and the corresponding environment/task setup reviewed","source://S-038.txt :: S-038.txt Appendix K.3, Figure 22 :: concrete operation passage reviewed",source://S-038.txt lines 1979-1984; lines 1993-1994,source://S-038.txt lines 1979-1984; lines 1993-1994
BATCH-S038-010,strict_one_to_one,S-038,CAND-V33R-S-038-012,CAND-HR330-20260917-S-038-002,Established,Established,yes,Established,Established,yes,Established,Established,yes,Established,Not established,no,Established,Indeterminate,no,"source://S-038.txt :: S-038.txt Appendix K.1, Figure 15","source://S-038.txt :: S-038.txt Appendix K.1, Figure 15","source://S-038.txt :: S-038.txt Appendix K.1, Figure 15 :: Appendix/demo passage and the corresponding environment/task setup reviewed","source://S-038.txt :: S-038.txt Appendix K.1, Figure 15 :: concrete operation passage reviewed",source://S-038.txt lines 1932-1937,source://S-038.txt lines 1932-1937
BATCH-S038-011,strict_one_to_one,S-038,CAND-V33R-S-038-013,CAND-HR330-20260917-S-038-007,Established,Established,yes,Established,Established,yes,Established,Established,yes,Established,Established,yes,Established,Established,yes,"source://S-038.txt :: S-038.txt Appendix K.2, Figure 20","source://S-038.txt :: S-038.txt Appendix K.2, Figure 20","source://S-038.txt :: S-038.txt Appendix K.2, Figure 20 :: Appendix/demo passage and the corresponding environment/task setup reviewed","source://S-038.txt :: S-038.txt Appendix K.2, Figure 20 :: concrete operation passage reviewed",source://S-038.txt lines 1965-1970,source://S-038.txt lines 1965-1970
BATCH-S038-012,strict_one_to_one,S-038,CAND-V33R-S-038-014,CAND-HR330-20260917-S-038-006,Established,Established,yes,Established,Established,yes,Established,Established,yes,Not established,Not established,yes,Indeterminate,Indeterminate,yes,"source://S-038.txt :: S-038.txt Appendix K.2, Figure 19","source://S-038.txt :: S-038.txt Appendix K.2, Figure 19","source://S-038.txt :: S-038.txt Appendix K.2, Figure 19 :: Appendix/demo passage and the corresponding environment/task setup reviewed","source://S-038.txt :: S-038.txt Appendix K.2, Figure 19 :: concrete operation passage reviewed",source://S-038.txt lines 1959-1964,source://S-038.txt lines 1959-1964
BATCH-S038-013,strict_one_to_one,S-038,CAND-V33R-S-038-015,CAND-HR330-20260917-S-038-004,Established,Established,yes,Established,Established,yes,Established,Established,yes,Not established,Not established,yes,Indeterminate,Indeterminate,yes,"source://S-038.txt :: S-038.txt Appendix K.1, Figure 17","source://S-038.txt :: S-038.txt Appendix K.1, Figure 17","source://S-038.txt :: S-038.txt Appendix K.1, Figure 17 :: Appendix/demo passage and the corresponding environment/task setup reviewed","source://S-038.txt :: S-038.txt Appendix K.1, Figure 17 :: concrete operation passage reviewed",source://S-038.txt lines 1944-1950,source://S-038.txt lines 1944-1950
BATCH-S038-014,strict_one_to_one,S-038,CAND-V33R-S-038-016,CAND-HR330-20260917-S-038-008,Established,Established,yes,Established,Established,yes,Established,Established,yes,Not established,Established,no,Indeterminate,Established,no,"source://S-038.txt :: S-038.txt Appendix K.3, Figure 21","source://S-038.txt :: S-038.txt Appendix K.3, Figure 21","source://S-038.txt :: S-038.txt Appendix K.3, Figure 21 :: Appendix/demo passage and the corresponding environment/task setup reviewed","source://S-038.txt :: S-038.txt Appendix K.3, Figure 21 :: concrete operation passage reviewed",source://S-038.txt lines 1974-1978,source://S-038.txt lines 1974-1978
BATCH-S038-015,strict_one_to_one,S-038,CAND-V33R-S-038-017,CAND-HR330-20260917-S-038-013,Established,Established,yes,Established,Established,yes,Established,Established,yes,Not established,Established,no,Indeterminate,Established,no,"source://S-038.txt :: S-038.txt Appendix K.4, Figure 26","source://S-038.txt :: S-038.txt Appendix K.4, Figure 26","source://S-038.txt :: S-038.txt Appendix K.4, Figure 26 :: Appendix/demo passage and the corresponding environment/task setup reviewed","source://S-038.txt :: S-038.txt Appendix K.4, Figure 26 :: concrete operation passage reviewed",source://S-038.txt lines 2037-2042,source://S-038.txt lines 2037-2042
BATCH-S038-016,strict_one_to_one,S-038,CAND-V33R-S-038-018,CAND-HR330-20260917-S-038-014,Established,Established,yes,Established,Established,yes,Established,Established,yes,Established,Established,yes,Established,Established,yes,"source://S-038.txt :: S-038.txt Appendix K.5, Figure 27","source://S-038.txt :: S-038.txt Appendix K.5, Figure 27","source://S-038.txt :: S-038.txt Appendix K.5, Figure 27 :: Appendix/demo passage and the corresponding environment/task setup reviewed","source://S-038.txt :: S-038.txt Appendix K.5, Figure 27 :: concrete operation passage reviewed",source://S-038.txt lines 2046-2059,source://S-038.txt lines 2046-2059
BATCH-S039-001,strict_one_to_one,S-039,CAND-V33-S-039-001,S-039-CO-078,Established,Established,yes,Established,Established,yes,Established,Established,yes,Not established,Not established,yes,Not established,Not established,yes,source://S-039.txt :: Appendix C Steps 1-5; Appendix D Table 26,source://S-039.txt :: Appendix C Steps 1-5; Appendix D Table 26,source://S-039.txt :: Appendix C Steps 1-5; Appendix D Table 26,source://S-039.txt :: Appendix C Steps 1-5; Appendix D Table 26,"source://S-039.txt lines 2353-2401; Appendix C, Steps 4-5; original PDF p.41","source://S-039.txt lines 2353-2401; Appendix C, Steps 4-5; original PDF p.41"
BATCH-S044-001,strict_one_to_one,S-044,CAND-V33-S-044-001,CAND-S-044-001,Established,Established,yes,Established,Established,yes,Established,Established,yes,Established,Not established,no,Established,Indeterminate,no,source://S-044.txt :: Appendix A.3.2 Figure 3; Appendix B.2.2; Appendix C.2.1 and C.2.6,source://S-044.txt :: Appendix A.3.2 Figure 3; Appendix B.2.2; Appendix C.2.1 and C.2.6,source://S-044.txt :: Appendix A.3.2 Figure 3; Appendix B.2.2; Appendix C.2.1 and C.2.6,source://S-044.txt :: Appendix A.3.2 Figure 3; Appendix B.2.2; Appendix C.2.1 and C.2.6,source://S-044.txt lines 489-498; Table 3 summary of Table 11,source://S-044.txt lines 489-498; Table 3 summary of Table 11
BATCH-S044-002,strict_one_to_one,S-044,CAND-V33-S-044-002,CAND-S-044-002,Established,Established,yes,Established,Established,yes,Established,Established,yes,Established,Not established,no,Established,Indeterminate,no,source://S-044.txt :: Appendix A.3.2 Figure 3; Appendix B.2.2; Appendix C.2.1 and C.2.6,source://S-044.txt :: Appendix A.3.2 Figure 3; Appendix B.2.2; Appendix C.2.1 and C.2.6,source://S-044.txt :: Appendix A.3.2 Figure 3; Appendix B.2.2; Appendix C.2.1 and C.2.6,source://S-044.txt :: Appendix A.3.2 Figure 3; Appendix B.2.2; Appendix C.2.1 and C.2.6,source://S-044.txt lines 1101-1107 and 1116-1143; Appendix A.3.2,source://S-044.txt lines 1101-1107 and 1116-1143; Appendix A.3.2
BATCH-S048-001,strict_one_to_one,S-048,CAND-V33-S-048-001,S-048-CO-092,Established,Established,yes,Established,Established,yes,Established,Established,yes,Not established,Established,no,Not established,Established,no,source://S-048.txt :: chars 40057-43327; corrected atomic operation: Send the finalized email to the explicitly supplied recipient],source://S-048.txt :: chars 40057-43327; corrected atomic operation: Send the finalized email to the explicitly supplied recipient],source://S-048.txt :: chars 40057-43327; corrected atomic operation: Send the finalized email to the explicitly supplied recipient],source://S-048.txt :: chars 40057-43327; corrected atomic operation: Send the finalized email to the explicitly supplied recipient],source://S-048.txt lines 348-357; Figure 3(a); original PDF p.6,source://S-048.txt lines 348-357; Figure 3(a); original PDF p.6
BATCH-S048-002,strict_one_to_one,S-048,CAND-V33-S-048-002,S-048-CO-093,Established,Established,yes,Established,Established,yes,Established,Established,yes,Not established,Established,no,Not established,Established,no,source://S-048.txt :: chars 40294-43642; corrected atomic operation: Delete the sufficiently old file in the designated temporary directory],source://S-048.txt :: chars 40294-43642; corrected atomic operation: Delete the sufficiently old file in the designated temporary directory],source://S-048.txt :: chars 40294-43642; corrected atomic operation: Delete the sufficiently old file in the designated temporary directory],source://S-048.txt :: chars 40294-43642; corrected atomic operation: Delete the sufficiently old file in the designated temporary directory],source://S-048.txt lines 348-364; Figure 3(b); original PDF p.6,source://S-048.txt lines 348-364; Figure 3(b); original PDF p.6
BATCH-S048-003,strict_one_to_one,S-048,CAND-V33-S-048-003,S-048-CO-094,Established,Established,yes,Established,Established,yes,Established,Established,yes,Established,Established,yes,Established,Established,yes,source://S-048.txt :: chars 40308-43672; corrected atomic operation: Remotely unlock the controlled door after identity verification],source://S-048.txt :: chars 40308-43672; corrected atomic operation: Remotely unlock the controlled door after identity verification],source://S-048.txt :: chars 40308-43672; corrected atomic operation: Remotely unlock the controlled door after identity verification],source://S-048.txt :: chars 40308-43672; corrected atomic operation: Remotely unlock the controlled door after identity verification],source://S-048.txt lines 348-360; Figure 3(c); original PDF p.6,source://S-048.txt lines 348-360; Figure 3(c); original PDF p.6
BATCH-S053-001,strict_one_to_one,S-053,CAND-V33-S-053-001,S-053-CO-003,Established,Established,yes,Established,Established,yes,Established,Established,yes,Not established,Not established,yes,Indeterminate,Indeterminate,yes,"source://S-053.txt :: Sections 6-7; Appendix C, Figures 7-11 and Table 6","source://S-053.txt :: Sections 6-7; Appendix C, Figures 7-11 and Table 6","source://S-053.txt :: Sections 6-7; Appendix C, Figures 7-11 and Table 6 :: AGENT PI illustrative scenarios and simulated domain/tool descriptions reviewed; no identity, credential, session, delegation or policy relation is established","source://S-053.txt :: Sections 6-7; Appendix C, Figures 7-11 and Table 6 :: concrete transfer/pay_bill/cancel examples reviewed; the account/tool arguments do not establish a qualifying basis",source://S-053.txt lines 1396-1416; Appendix C.3; original PDF p.21,source://S-053.txt lines 1396-1416; Appendix C.3; original PDF p.21
BATCH-S053-002,strict_one_to_one,S-053,CAND-V33-S-053-002,S-053-CO-004,Established,Established,yes,Established,Established,yes,Established,Established,yes,Not established,Not established,yes,Indeterminate,Indeterminate,yes,source://S-053.txt :: chars 144118-148038; corrected atomic operation: Transfer funds after the fabricated balance condition],source://S-053.txt :: chars 144118-148038; corrected atomic operation: Transfer funds after the fabricated balance condition],"source://S-053.txt :: chars 144118-148038; corrected atomic operation: Transfer funds after the fabricated balance condition] :: AGENT PI illustrative scenarios and simulated domain/tool descriptions reviewed; no identity, credential, session, delegation or policy relation is established",source://S-053.txt :: chars 144118-148038; corrected atomic operation: Transfer funds after the fabricated balance condition] :: concrete transfer/pay_bill/cancel examples reviewed; the account/tool arguments do not establish a qualifying basis,source://S-053.txt lines 1358-1380; Appendix C.4; original PDF p.21,source://S-053.txt lines 1358-1380; Appendix C.4; original PDF p.21
BATCH-S053-003,strict_one_to_one,S-053,CAND-V33-S-053-003,S-053-CO-002,Established,Established,yes,Established,Established,yes,Established,Established,yes,Not established,Not established,yes,Indeterminate,Indeterminate,yes,source://S-053.txt :: chars 144269-148522; corrected atomic operation: Issue the injected pay_bill call instead of the requested refund],source://S-053.txt :: chars 144269-148522; corrected atomic operation: Issue the injected pay_bill call instead of the requested refund],"source://S-053.txt :: chars 144269-148522; corrected atomic operation: Issue the injected pay_bill call instead of the requested refund] :: AGENT PI illustrative scenarios and simulated domain/tool descriptions reviewed; no identity, credential, session, delegation or policy relation is established",source://S-053.txt :: chars 144269-148522; corrected atomic operation: Issue the injected pay_bill call instead of the requested refund] :: concrete transfer/pay_bill/cancel examples reviewed; the account/tool arguments do not establish a qualifying basis,source://S-053.txt lines 1358-1379; Appendix C.2; original PDF p.21,source://S-053.txt lines 1358-1379; Appendix C.2; original PDF p.21
BATCH-S053-004,strict_one_to_one,S-053,CAND-V33-S-053-004,S-053-CO-007,Established,Established,yes,Established,Established,yes,Established,Established,yes,Not established,Not established,yes,Indeterminate,Indeterminate,yes,source://S-053.txt :: chars 150168-153808; corrected atomic operation: Issue the rebate transfer to the malicious counterparty],source://S-053.txt :: chars 150168-153808; corrected atomic operation: Issue the rebate transfer to the malicious counterparty],"source://S-053.txt :: chars 150168-153808; corrected atomic operation: Issue the rebate transfer to the malicious counterparty] :: AGENT PI illustrative scenarios and simulated domain/tool descriptions reviewed; no identity, credential, session, delegation or policy relation is established",source://S-053.txt :: chars 150168-153808; corrected atomic operation: Issue the rebate transfer to the malicious counterparty] :: concrete transfer/pay_bill/cancel examples reviewed; the account/tool arguments do not establish a qualifying basis,source://S-053.txt lines 1426-1435; Appendix C.5; original PDF p.22,source://S-053.txt lines 1426-1435; Appendix C.5; original PDF p.22
BATCH-S053-005,strict_one_to_one,S-053,CAND-V33-S-053-005,S-053-CO-009,Established,Established,yes,Established,Established,yes,Established,Established,yes,Not established,Not established,yes,Indeterminate,Indeterminate,yes,source://S-053.txt :: chars 151528-154959; corrected atomic operation: Transfer funds instead of cancelling the scheduled payment],source://S-053.txt :: chars 151528-154959; corrected atomic operation: Transfer funds instead of cancelling the scheduled payment],"source://S-053.txt :: chars 151528-154959; corrected atomic operation: Transfer funds instead of cancelling the scheduled payment] :: AGENT PI illustrative scenarios and simulated domain/tool descriptions reviewed; no identity, credential, session, delegation or policy relation is established",source://S-053.txt :: chars 151528-154959; corrected atomic operation: Transfer funds instead of cancelling the scheduled payment] :: concrete transfer/pay_bill/cancel examples reviewed; the account/tool arguments do not establish a qualifying basis,source://S-053.txt lines 1442-1459; Appendix C.6; original PDF p.22,source://S-053.txt lines 1442-1459; Appendix C.6; original PDF p.22
BATCH-S056-001,strict_one_to_one,S-056,CAND-V33-S-056-001,S-056-CO-001,Established,Established,yes,Established,Established,yes,Established,Established,yes,Established,Established,yes,Established,Established,yes,source://S-056.txt :: chars 7559-9879; corrected atomic operation: Invoke send_email with the attacker-selected destination and content],source://S-056.txt :: chars 7559-9879; corrected atomic operation: Invoke send_email with the attacker-selected destination and content],source://S-056.txt :: chars 7559-9879; corrected atomic operation: Invoke send_email with the attacker-selected destination and content],source://S-056.txt :: chars 7559-9879; corrected atomic operation: Invoke send_email with the attacker-selected destination and content],"source://S-056.txt lines 75-78, 87-109, 119-123; Figure 1",source://S-056.txt lines 101-123; Section 2.1
BATCH-S057-001,strict_one_to_one,S-057,CAND-V33R-S-057-001,CAND-HR330-20260917-S-057-004,Established,Established,yes,Established,Established,yes,Established,Established,yes,Not established,Not established,yes,Indeterminate,Indeterminate,yes,"source://S-057.txt :: S-057.txt Section 5.2.2, P5, p. 5; Appendix C Figure 7","source://S-057.txt :: S-057.txt Sections 5.3.1-5.3.2, pp. 5-6","source://S-057.txt :: S-057.txt Section 5.2.2, P5, p. 5; Appendix A.3","source://S-057.txt :: S-057.txt Section 5.2.2, P5, p. 5; Appendix C Figure 7","source://S-057.txt lines 230-235, 384-389; Section 5.2.2 P5 and 5.5.6","source://S-057.txt lines 230-235, 384-389; Section 5.2.2 P5 and 5.5.6"
BATCH-S057-002,strict_one_to_one,S-057,CAND-V33R-S-057-002,CAND-HR330-20260917-S-057-001,Established,Established,yes,Established,Established,yes,Established,Established,yes,Established,Established,yes,Established,Established,yes,"source://S-057.txt :: S-057.txt Section 5.2.1, P4, p. 4; Appendix C Figure 4","source://S-057.txt :: S-057.txt Sections 5.3.1-5.3.2, pp. 5-6","source://S-057.txt :: S-057.txt Section 5.2.1, P4, p. 4; Appendix A.3; Appendix C Figure 4","source://S-057.txt :: S-057.txt Section 5.2.1, P4, p. 4; Appendix A.3; Appendix C Figure 4","source://S-057.txt lines 219-225, 388-393, 657-667; Section 5.2.1 P4 and 5.5.2","source://S-057.txt lines 219-225, 388-393, 657-667; Section 5.2.1 P4 and 5.5.2"
BATCH-S057-003,strict_one_to_one,S-057,CAND-V33R-S-057-003,CAND-HR330-20260917-S-057-003,Established,Established,yes,Established,Established,yes,Established,Established,yes,Established,Established,yes,Established,Established,yes,"source://S-057.txt :: S-057.txt Section 5.2.1, P1, p. 4; Appendix C Figure 2","source://S-057.txt :: S-057.txt Sections 5.3.1-5.3.2, pp. 5-6","source://S-057.txt :: S-057.txt Section 5.2.1, P1, p. 4; Section 5.5.1, p. 6; Appendix C Figure 2","source://S-057.txt :: S-057.txt Section 5.5.1, p. 6; Appendix C Figure 2","source://S-057.txt lines 187-195, 358-366; Section 5.2.1 P1 and 5.5.1","source://S-057.txt lines 187-195, 358-366; Section 5.2.1 P1 and 5.5.1"
BATCH-S057-004,strict_one_to_one,S-057,CAND-V33R-S-057-005,CAND-HR330-20260917-S-057-002,Established,Established,yes,Established,Established,yes,Established,Established,yes,Established,Established,yes,Established,Established,yes,"source://S-057.txt :: S-057.txt Section 5.2.1, P3, p. 4; Appendix B Table 2","source://S-057.txt :: S-057.txt Sections 5.3.1-5.3.2, pp. 5-6","source://S-057.txt :: S-057.txt Section 5.2.1, P3, p. 4; Appendix A.3","source://S-057.txt :: S-057.txt Section 5.2.1, P3, p. 4; Appendix B Table 2",source://S-057.txt lines 209-217; Section 5.2.1 P3,source://S-057.txt lines 209-217; Section 5.2.1 P3
BATCH-S057-005,strict_one_to_one,S-057,CAND-V33R-S-057-006,CAND-HR330-20260917-S-057-005,Established,Established,yes,Established,Established,yes,Established,Established,yes,Not established,Not established,yes,Indeterminate,Indeterminate,yes,"source://S-057.txt :: S-057.txt Section 5.2.2, P6, p. 5; Appendix C Figure 5","source://S-057.txt :: S-057.txt Sections 5.3.1-5.3.2, pp. 5-6","source://S-057.txt :: S-057.txt Section 5.2.2, P6, p. 5; Appendix A.3","source://S-057.txt :: S-057.txt Section 5.2.2, P6, p. 5; Appendix C Figure 5","source://S-057.txt lines 237-241, 328-333, 670-705; Section 5.2.2 P6 and 5.5.3","source://S-057.txt lines 237-241, 328-333, 670-705; Section 5.2.2 P6 and 5.5.3"
BATCH-S059-001,strict_one_to_one,S-059,CAND-V33-S-059-001,S-059-CO-001,Established,Established,yes,Established,Established,yes,Established,Established,yes,Not established,Not established,yes,Not established,Indeterminate,no,source://S-059.txt :: Sections 3-4; Table 1; Appendix A implementation,source://S-059.txt :: Sections 3-4; Table 1; Appendix A implementation,source://S-059.txt :: Sections 3-4; Table 1; Appendix A implementation,source://S-059.txt :: Sections 3-4; Table 1; Appendix A implementation,"source://S-059.txt lines 41-58, 63-77; Figure 1","source://S-059.txt lines 20-37, 63-77; Figure 1"
BATCH-S060-001,strict_one_to_one,S-060,CAND-V33-S-060-001,S-060-CO-001,Established,Established,yes,Established,Established,yes,Established,Established,yes,Not established,Established,no,Not established,Established,no,source://S-060.txt :: PDF pp. 1-2; pp. 4-8; Figure 1; Sections 3-4.6; Table 1,source://S-060.txt :: PDF pp. 1-2; pp. 4-8; Figure 1; Sections 3-4.6; Table 1,source://S-060.txt :: PDF pp. 1-2; pp. 4-8; Figure 1; Sections 3-4.6; Table 1,source://S-060.txt :: PDF pp. 1-2; pp. 4-8; Figure 1; Sections 3-4.6; Table 1,"source://S-060.txt lines 202-218, 294-315; Section 3 and Section 4.3","source://S-060.txt lines 126-138, 446-458; Figure 1 and Section 4.6"
BATCH-S061-001,strict_one_to_one,S-061,CAND-V33R-S-061-001,CAND-HR330-20260917-S-061-016,Established,Established,yes,Established,Established,yes,Established,Established,yes,Not established,Established,no,Indeterminate,Established,no,"source://S-061.txt :: Table 4, Figure captions, Sections 3.1.2-3.1.3, full-text lines 251-274","source://S-061.txt :: Table 4, Figure captions, Sections 3.1.2-3.1.3, full-text lines 251-274","source://S-061.txt :: S-061.txt Table 4; Figure 21 caption :: Sections 3.1.2-3.1.3, Table 4, Appendix B.1/B.2 and Appendix C reviewed",source://S-061.txt :: S-061.txt Table 4; Figure 21 caption :: task/website interaction reviewed; no deterministic operation-to-established-basis mapping is reported,source://S-061.txt lines 1120-1157 (task/domain table); lines 1282-1305 (domain-specific credential/PII and target URL); candidate figure/source locator,"candidate figure/source locator; source://S-061.txt lines 1120-1157, 1282-1305"
BATCH-S061-002,strict_one_to_one,S-061,CAND-V33R-S-061-002,CAND-HR330-20260917-S-061-001,Established,Established,yes,Established,Established,yes,Established,Established,yes,Indeterminate,Established,no,Indeterminate,Established,no,"source://S-061.txt :: Table 4, Figure captions, Sections 3.1.2-3.1.3, full-text lines 251-274","source://S-061.txt :: Table 4, Figure captions, Sections 3.1.2-3.1.3, full-text lines 251-274","source://S-061.txt :: S-061.txt Table 4; Figure 6 caption :: Sections 3.1.2-3.1.3, Table 4, Appendix B.1/B.2 and Appendix C reviewed",source://S-061.txt :: S-061.txt Table 4; Figure 6 caption :: task/website interaction reviewed; no deterministic operation-to-established-basis mapping is reported,source://S-061.txt lines 1120-1157 (task/domain table); lines 1282-1305 (domain-specific credential/PII and target URL); candidate figure/source locator,"candidate figure/source locator; source://S-061.txt lines 1120-1157, 1282-1305"
BATCH-S061-003,strict_one_to_one,S-061,CAND-V33R-S-061-003,CAND-HR330-20260917-S-061-011,Established,Established,yes,Established,Established,yes,Established,Established,yes,Indeterminate,Established,no,Indeterminate,Indeterminate,yes,"source://S-061.txt :: Table 4, Figure captions, Sections 3.1.2-3.1.3, full-text lines 251-274","source://S-061.txt :: Table 4, Figure captions, Sections 3.1.2-3.1.3, full-text lines 251-274","source://S-061.txt :: S-061.txt Table 4; Figure 18 caption :: Sections 3.1.2-3.1.3, Table 4, Appendix B.1/B.2 and Appendix C reviewed",source://S-061.txt :: S-061.txt Table 4; Figure 18 caption :: task/website interaction reviewed; no deterministic operation-to-established-basis mapping is reported,source://S-061.txt lines 1120-1157 (task/domain table); lines 1282-1305 (domain-specific credential/PII and target URL); candidate figure/source locator,"candidate figure/source locator; source://S-061.txt lines 1120-1157, 1282-1305"
BATCH-S061-004,strict_one_to_one,S-061,CAND-V33R-S-061-004,CAND-HR330-20260917-S-061-010,Established,Established,yes,Established,Established,yes,Established,Established,yes,Indeterminate,Established,no,Indeterminate,Established,no,"source://S-061.txt :: Table 4, Figure captions, Sections 3.1.2-3.1.3, full-text lines 251-274","source://S-061.txt :: Table 4, Figure captions, Sections 3.1.2-3.1.3, full-text lines 251-274","source://S-061.txt :: S-061.txt Table 4; Figure 15 caption :: Sections 3.1.2-3.1.3, Table 4, Appendix B.1/B.2 and Appendix C reviewed",source://S-061.txt :: S-061.txt Table 4; Figure 15 caption :: task/website interaction reviewed; no deterministic operation-to-established-basis mapping is reported,source://S-061.txt lines 1120-1157 (task/domain table); lines 1282-1305 (domain-specific credential/PII and target URL); candidate figure/source locator,"candidate figure/source locator; source://S-061.txt lines 1120-1157, 1282-1305"
BATCH-S061-005,strict_one_to_one,S-061,CAND-V33R-S-061-005,CAND-HR330-20260917-S-061-008,Established,Established,yes,Established,Established,yes,Established,Established,yes,Indeterminate,Established,no,Indeterminate,Established,no,"source://S-061.txt :: Table 4, Figure captions, Sections 3.1.2-3.1.3, full-text lines 251-274","source://S-061.txt :: Table 4, Figure captions, Sections 3.1.2-3.1.3, full-text lines 251-274","source://S-061.txt :: S-061.txt Table 4; Figure 13 caption :: Sections 3.1.2-3.1.3, Table 4, Appendix B.1/B.2 and Appendix C reviewed",source://S-061.txt :: S-061.txt Table 4; Figure 13 caption :: task/website interaction reviewed; no deterministic operation-to-established-basis mapping is reported,source://S-061.txt lines 1120-1157 (task/domain table); lines 1282-1305 (domain-specific credential/PII and target URL); candidate figure/source locator,"candidate figure/source locator; source://S-061.txt lines 1120-1157, 1282-1305"
BATCH-S061-006,strict_one_to_one,S-061,CAND-V33R-S-061-006,CAND-HR330-20260917-S-061-006,Established,Established,yes,Established,Established,yes,Established,Established,yes,Indeterminate,Established,no,Indeterminate,Established,no,"source://S-061.txt :: Table 4, Figure captions, Sections 3.1.2-3.1.3, full-text lines 251-274","source://S-061.txt :: Table 4, Figure captions, Sections 3.1.2-3.1.3, full-text lines 251-274","source://S-061.txt :: S-061.txt Table 4; Figure 11 caption :: Sections 3.1.2-3.1.3, Table 4, Appendix B.1/B.2 and Appendix C reviewed",source://S-061.txt :: S-061.txt Table 4; Figure 11 caption :: task/website interaction reviewed; no deterministic operation-to-established-basis mapping is reported,source://S-061.txt lines 1120-1157 (task/domain table); lines 1282-1305 (domain-specific credential/PII and target URL); candidate figure/source locator,"candidate figure/source locator; source://S-061.txt lines 1120-1157, 1282-1305"
BATCH-S061-007,strict_one_to_one,S-061,CAND-V33R-S-061-007,CAND-HR330-20260917-S-061-014,Established,Established,yes,Established,Established,yes,Established,Established,yes,Indeterminate,Established,no,Indeterminate,Established,no,"source://S-061.txt :: Table 4, Figure captions, Sections 3.1.2-3.1.3, full-text lines 251-274","source://S-061.txt :: Table 4, Figure captions, Sections 3.1.2-3.1.3, full-text lines 251-274","source://S-061.txt :: S-061.txt Table 4; Figure 14 caption :: Sections 3.1.2-3.1.3, Table 4, Appendix B.1/B.2 and Appendix C reviewed",source://S-061.txt :: S-061.txt Table 4; Figure 14 caption :: task/website interaction reviewed; no deterministic operation-to-established-basis mapping is reported,source://S-061.txt lines 1120-1157 (task/domain table); lines 1282-1305 (domain-specific credential/PII and target URL); candidate figure/source locator,"candidate figure/source locator; source://S-061.txt lines 1120-1157, 1282-1305"
BATCH-S061-008,strict_one_to_one,S-061,CAND-V33R-S-061-008,CAND-HR330-20260917-S-061-003,Established,Established,yes,Established,Established,yes,Established,Established,yes,Indeterminate,Established,no,Indeterminate,Established,no,"source://S-061.txt :: Table 4, Figure captions, Sections 3.1.2-3.1.3, full-text lines 251-274","source://S-061.txt :: Table 4, Figure captions, Sections 3.1.2-3.1.3, full-text lines 251-274","source://S-061.txt :: S-061.txt Table 4; Figure 8 caption :: Sections 3.1.2-3.1.3, Table 4, Appendix B.1/B.2 and Appendix C reviewed",source://S-061.txt :: S-061.txt Table 4; Figure 8 caption :: task/website interaction reviewed; no deterministic operation-to-established-basis mapping is reported,source://S-061.txt lines 1120-1157 (task/domain table); lines 1282-1305 (domain-specific credential/PII and target URL); candidate figure/source locator,"candidate figure/source locator; source://S-061.txt lines 1120-1157, 1282-1305"
BATCH-S061-009,strict_one_to_one,S-061,CAND-V33R-S-061-009,CAND-HR330-20260917-S-061-013,Established,Established,yes,Established,Established,yes,Established,Established,yes,Indeterminate,Established,no,Indeterminate,Established,no,"source://S-061.txt :: Table 4, Figure captions, Sections 3.1.2-3.1.3, full-text lines 251-274","source://S-061.txt :: Table 4, Figure captions, Sections 3.1.2-3.1.3, full-text lines 251-274","source://S-061.txt :: S-061.txt Table 4; Figure 17 caption :: Sections 3.1.2-3.1.3, Table 4, Appendix B.1/B.2 and Appendix C reviewed",source://S-061.txt :: S-061.txt Table 4; Figure 17 caption :: task/website interaction reviewed; no deterministic operation-to-established-basis mapping is reported,source://S-061.txt lines 1120-1157 (task/domain table); lines 1282-1305 (domain-specific credential/PII and target URL); candidate figure/source locator,"candidate figure/source locator; source://S-061.txt lines 1120-1157, 1282-1305"
BATCH-S061-010,strict_one_to_one,S-061,CAND-V33R-S-061-010,CAND-HR330-20260917-S-061-002,Established,Established,yes,Established,Established,yes,Established,Established,yes,Indeterminate,Established,no,Indeterminate,Established,no,source://S-061.txt :: S-061.txt Table 4; Figure 7 caption,source://S-061.txt :: S-061.txt Table 4; Figure 7 caption,"source://S-061.txt :: S-061.txt Table 4; Figure 7 caption :: Sections 3.1.2-3.1.3, Table 4, Appendix B.1/B.2 and Appendix C reviewed",source://S-061.txt :: S-061.txt Table 4; Figure 7 caption :: task/website interaction reviewed; no deterministic operation-to-established-basis mapping is reported,source://S-061.txt lines 1120-1157 (task/domain table); lines 1282-1305 (domain-specific credential/PII and target URL); candidate figure/source locator,"candidate figure/source locator; source://S-061.txt lines 1120-1157, 1282-1305"
BATCH-S061-011,strict_one_to_one,S-061,CAND-V33R-S-061-011,CAND-HR330-20260917-S-061-015,Established,Established,yes,Established,Established,yes,Established,Established,yes,Indeterminate,Established,no,Indeterminate,Established,no,source://S-061.txt :: S-061.txt Table 4; Figure 20 caption,source://S-061.txt :: S-061.txt Table 4; Figure 20 caption,"source://S-061.txt :: S-061.txt Table 4; Figure 20 caption :: Sections 3.1.2-3.1.3, Table 4, Appendix B.1/B.2 and Appendix C reviewed",source://S-061.txt :: S-061.txt Table 4; Figure 20 caption :: task/website interaction reviewed; no deterministic operation-to-established-basis mapping is reported,source://S-061.txt lines 1120-1157 (task/domain table); lines 1282-1305 (domain-specific credential/PII and target URL); candidate figure/source locator,"candidate figure/source locator; source://S-061.txt lines 1120-1157, 1282-1305"
BATCH-S061-012,strict_one_to_one,S-061,CAND-V33R-S-061-012,CAND-HR330-20260917-S-061-004,Established,Established,yes,Established,Established,yes,Established,Established,yes,Not established,Established,no,Indeterminate,Established,no,source://S-061.txt :: S-061.txt Table 4; Figure 9 caption,source://S-061.txt :: S-061.txt Table 4; Figure 9 caption,"source://S-061.txt :: S-061.txt Table 4; Figure 9 caption :: Sections 3.1.2-3.1.3, Table 4, Appendix B.1/B.2 and Appendix C reviewed",source://S-061.txt :: S-061.txt Table 4; Figure 9 caption :: task/website interaction reviewed; no deterministic operation-to-established-basis mapping is reported,source://S-061.txt lines 1120-1157 (task/domain table); lines 1282-1305 (domain-specific credential/PII and target URL); candidate figure/source locator,"candidate figure/source locator; source://S-061.txt lines 1120-1157, 1282-1305"
BATCH-S061-013,strict_one_to_one,S-061,CAND-V33R-S-061-013,CAND-HR330-20260917-S-061-009,Established,Established,yes,Established,Established,yes,Established,Established,yes,Not established,Indeterminate,no,Indeterminate,Indeterminate,yes,source://S-061.txt :: S-061.txt Table 4; Figure 19 caption,source://S-061.txt :: S-061.txt Table 4; Figure 19 caption,"source://S-061.txt :: S-061.txt Table 4; Figure 19 caption :: Sections 3.1.2-3.1.3, Table 4, Appendix B.1/B.2 and Appendix C reviewed",source://S-061.txt :: S-061.txt Table 4; Figure 19 caption :: task/website interaction reviewed; no deterministic operation-to-established-basis mapping is reported,source://S-061.txt lines 1120-1157 (task/domain table); lines 1282-1305 (domain-specific credential/PII and target URL); candidate figure/source locator,"candidate figure/source locator; source://S-061.txt lines 1120-1157, 1282-1305"
BATCH-S061-014,strict_one_to_one,S-061,CAND-V33R-S-061-014,CAND-HR330-20260917-S-061-012,Established,Established,yes,Established,Established,yes,Established,Established,yes,Not established,Indeterminate,no,Indeterminate,Indeterminate,yes,source://S-061.txt :: S-061.txt Table 4; Figure 16 caption,source://S-061.txt :: S-061.txt Table 4; Figure 16 caption,"source://S-061.txt :: S-061.txt Table 4; Figure 16 caption :: Sections 3.1.2-3.1.3, Table 4, Appendix B.1/B.2 and Appendix C reviewed",source://S-061.txt :: S-061.txt Table 4; Figure 16 caption :: task/website interaction reviewed; no deterministic operation-to-established-basis mapping is reported,source://S-061.txt lines 1120-1157 (task/domain table); lines 1282-1305 (domain-specific credential/PII and target URL); candidate figure/source locator,"candidate figure/source locator; source://S-061.txt lines 1120-1157, 1282-1305"
BATCH-S061-015,strict_one_to_one,S-061,CAND-V33R-S-061-015,CAND-HR330-20260917-S-061-005,Established,Established,yes,Established,Established,yes,Established,Established,yes,Not established,Indeterminate,no,Indeterminate,Indeterminate,yes,source://S-061.txt :: S-061.txt Table 4; Figure 10 caption,source://S-061.txt :: S-061.txt Table 4; Figure 10 caption,"source://S-061.txt :: S-061.txt Table 4; Figure 10 caption :: Sections 3.1.2-3.1.3, Table 4, Appendix B.1/B.2 and Appendix C reviewed",source://S-061.txt :: S-061.txt Table 4; Figure 10 caption :: task/website interaction reviewed; no deterministic operation-to-established-basis mapping is reported,source://S-061.txt lines 1120-1157 (task/domain table); lines 1282-1305 (domain-specific credential/PII and target URL); candidate figure/source locator,"candidate figure/source locator; source://S-061.txt lines 1120-1157, 1282-1305"
BATCH-S061-016,strict_one_to_one,S-061,CAND-V33R-S-061-016,CAND-HR330-20260917-S-061-007,Established,Established,yes,Established,Established,yes,Established,Established,yes,Not established,Indeterminate,no,Indeterminate,Indeterminate,yes,source://S-061.txt :: S-061.txt Table 4; Figure 12 caption,source://S-061.txt :: S-061.txt Table 4; Figure 12 caption,"source://S-061.txt :: S-061.txt Table 4; Figure 12 caption :: Sections 3.1.2-3.1.3, Table 4, Appendix B.1/B.2 and Appendix C reviewed",source://S-061.txt :: S-061.txt Table 4; Figure 12 caption :: task/website interaction reviewed; no deterministic operation-to-established-basis mapping is reported,source://S-061.txt lines 1120-1157 (task/domain table); lines 1282-1305 (domain-specific credential/PII and target URL); candidate figure/source locator,"candidate figure/source locator; source://S-061.txt lines 1120-1157, 1282-1305"
BATCH-S062-001,strict_one_to_one,S-062,CAND-V33-S-062-001,S-062-NEW-011,Established,Established,yes,Established,Established,yes,Established,Established,yes,Not established,Not established,yes,Not established,Indeterminate,no,source://S-062.txt :: S-062 source locator: PDF p.6 (Table 3,source://S-062.txt :: S-062 source locator: PDF p.6 (Table 3,source://S-062.txt :: S-062 source locator: PDF p.6 (Table 3,source://S-062.txt :: S-062 source locator: PDF p.6 (Table 3,"source://S-062.txt lines 288-335, 420-468; Table 3 and Section 4","source://S-062.txt lines 288-335, 420-468; Table 3 and Section 4"
BATCH-S062-002,strict_one_to_one,S-062,CAND-V33-S-062-002,S-062-NEW-001,Established,Established,yes,Established,Established,yes,Established,Established,yes,Not established,Not established,yes,Not established,Indeterminate,no,source://S-062.txt :: chars 35328-38245; corrected atomic operation: Add the selected MacBook Air item to the cart],source://S-062.txt :: chars 35328-38245; corrected atomic operation: Add the selected MacBook Air item to the cart],source://S-062.txt :: chars 35328-38245; corrected atomic operation: Add the selected MacBook Air item to the cart],source://S-062.txt :: chars 35328-38245; corrected atomic operation: Add the selected MacBook Air item to the cart],"source://S-062.txt lines 288-335, 420-468; Table 3 and Section 4","source://S-062.txt lines 288-335, 420-468; Table 3 and Section 4"
BATCH-S062-003,strict_one_to_one,S-062,CAND-V33-S-062-003,S-062-NEW-003,Established,Established,yes,Established,Established,yes,Established,Established,yes,Not established,Not established,yes,Not established,Indeterminate,no,source://S-062.txt :: chars 35328-38245; corrected atomic operation: Add the specified Halloween lights to the shopping cart],source://S-062.txt :: chars 35328-38245; corrected atomic operation: Add the specified Halloween lights to the shopping cart],source://S-062.txt :: chars 35328-38245; corrected atomic operation: Add the specified Halloween lights to the shopping cart],source://S-062.txt :: chars 35328-38245; corrected atomic operation: Add the specified Halloween lights to the shopping cart],"source://S-062.txt lines 288-335, 420-468; Table 3 and Section 4","source://S-062.txt lines 288-335, 420-468; Table 3 and Section 4"
BATCH-S062-004,strict_one_to_one,S-062,CAND-V33-S-062-004,S-062-NEW-002,Established,Established,yes,Established,Established,yes,Established,Established,yes,Not established,Not established,yes,Not established,Indeterminate,no,source://S-062.txt :: chars 35328-38245; corrected atomic operation: Add the specified jacket variant to the shopping bag],source://S-062.txt :: chars 35328-38245; corrected atomic operation: Add the specified jacket variant to the shopping bag],source://S-062.txt :: chars 35328-38245; corrected atomic operation: Add the specified jacket variant to the shopping bag],source://S-062.txt :: chars 35328-38245; corrected atomic operation: Add the specified jacket variant to the shopping bag],"source://S-062.txt lines 288-335, 420-468; Table 3 and Section 4","source://S-062.txt lines 288-335, 420-468; Table 3 and Section 4"
BATCH-S062-005,strict_one_to_one,S-062,CAND-V33-S-062-005,S-062-NEW-005,Established,Established,yes,Established,Established,yes,Established,Established,yes,Not established,Not established,yes,Not established,Indeterminate,no,source://S-062.txt :: chars 36269-39842; corrected atomic operation: Add the configured Starbucks coffee order to the cart],source://S-062.txt :: chars 36269-39842; corrected atomic operation: Add the configured Starbucks coffee order to the cart],source://S-062.txt :: chars 36269-39842; corrected atomic operation: Add the configured Starbucks coffee order to the cart],source://S-062.txt :: chars 36269-39842; corrected atomic operation: Add the configured Starbucks coffee order to the cart],"source://S-062.txt lines 288-335, 420-468; Table 3 and Section 4","source://S-062.txt lines 288-335, 420-468; Table 3 and Section 4"
BATCH-S062-006,strict_one_to_one,S-062,CAND-V33-S-062-007,S-062-NEW-009,Established,Established,yes,Established,Established,yes,Established,Established,yes,Not established,Not established,yes,Not established,Indeterminate,no,source://S-062.txt :: chars 37404-40865; corrected atomic operation: Add the Corsair SF850 power supply to the cart],source://S-062.txt :: chars 37404-40865; corrected atomic operation: Add the Corsair SF850 power supply to the cart],source://S-062.txt :: chars 37404-40865; corrected atomic operation: Add the Corsair SF850 power supply to the cart],source://S-062.txt :: chars 37404-40865; corrected atomic operation: Add the Corsair SF850 power supply to the cart],"source://S-062.txt lines 288-335, 420-468; Table 3 and Section 4","source://S-062.txt lines 288-335, 420-468; Table 3 and Section 4"
BATCH-S062-007,strict_one_to_one,S-062,CAND-V33-S-062-008,S-062-NEW-007,Established,Established,yes,Established,Established,yes,Established,Established,yes,Not established,Not established,yes,Not established,Indeterminate,no,source://S-062.txt :: chars 37404-40865; corrected atomic operation: Add the selected puzzle or relaxing game to the cart],source://S-062.txt :: chars 37404-40865; corrected atomic operation: Add the selected puzzle or relaxing game to the cart],source://S-062.txt :: chars 37404-40865; corrected atomic operation: Add the selected puzzle or relaxing game to the cart],source://S-062.txt :: chars 37404-40865; corrected atomic operation: Add the selected puzzle or relaxing game to the cart],"source://S-062.txt lines 288-335, 420-468; Table 3 and Section 4","source://S-062.txt lines 288-335, 420-468; Table 3 and Section 4"
BATCH-S062-008,strict_one_to_one,S-062,CAND-V33-S-062-009,S-062-NEW-006,Established,Established,yes,Established,Established,yes,Established,Established,yes,Not established,Not established,yes,Not established,Indeterminate,no,source://S-062.txt :: chars 37685-41006; corrected atomic operation: Book the specified direct round-trip bus journey],source://S-062.txt :: chars 37685-41006; corrected atomic operation: Book the specified direct round-trip bus journey],source://S-062.txt :: chars 37685-41006; corrected atomic operation: Book the specified direct round-trip bus journey],source://S-062.txt :: chars 37685-41006; corrected atomic operation: Book the specified direct round-trip bus journey],"source://S-062.txt lines 288-335, 420-468; Table 3 and Section 4","source://S-062.txt lines 288-335, 420-468; Table 3 and Section 4"
BATCH-S062-009,strict_one_to_one,S-062,CAND-V33-S-062-010,S-062-NEW-004,Established,Established,yes,Established,Established,yes,Established,Established,yes,Not established,Not established,yes,Not established,Indeterminate,no,source://S-062.txt :: chars 37896-39230; corrected atomic operation: Initiate the carryout order at the closest open store],source://S-062.txt :: chars 37896-39230; corrected atomic operation: Initiate the carryout order at the closest open store],source://S-062.txt :: chars 37896-39230; corrected atomic operation: Initiate the carryout order at the closest open store],source://S-062.txt :: chars 37896-39230; corrected atomic operation: Initiate the carryout order at the closest open store],"source://S-062.txt lines 288-335, 420-468; Table 3 and Section 4","source://S-062.txt lines 288-335, 420-468; Table 3 and Section 4"
BATCH-S062-010,strict_one_to_one,S-062,CAND-V33-S-062-011,S-062-NEW-008,Established,Established,yes,Established,Established,yes,Established,Established,yes,Not established,Not established,yes,Not established,Indeterminate,no,source://S-062.txt :: chars 38130-41608; corrected atomic operation: Select the NBA ticket seat],source://S-062.txt :: chars 38130-41608; corrected atomic operation: Select the NBA ticket seat],source://S-062.txt :: chars 38130-41608; corrected atomic operation: Select the NBA ticket seat],source://S-062.txt :: chars 38130-41608; corrected atomic operation: Select the NBA ticket seat],"source://S-062.txt lines 288-335, 420-468; Table 3 and Section 4","source://S-062.txt lines 288-335, 420-468; Table 3 and Section 4"
BATCH-S062-011,strict_one_to_one,S-062,CAND-V33-S-062-012,S-062-NEW-010,Established,Established,yes,Established,Established,yes,Established,Established,yes,Not established,Not established,yes,Not established,Indeterminate,no,source://S-062.txt :: chars 40362-41702; corrected atomic operation: Activate the selected digital subscription],source://S-062.txt :: chars 40362-41702; corrected atomic operation: Activate the selected digital subscription],source://S-062.txt :: chars 40362-41702; corrected atomic operation: Activate the selected digital subscription],source://S-062.txt :: chars 40362-41702; corrected atomic operation: Activate the selected digital subscription],"source://S-062.txt lines 288-335, 420-468; Table 3 and Section 4","source://S-062.txt lines 288-335, 420-468; Table 3 and Section 4"
BATCH-S063-001,strict_one_to_one,S-063,CAND-V33-S-063-003,S-063-CO-010,Established,Established,yes,Established,Established,yes,Established,Established,yes,Established,Not established,no,Established,Indeterminate,no,source://S-063.txt :: S-063 source locator: PDF p.27,source://S-063.txt :: S-063 source locator: PDF p.27,"source://S-063.txt :: S-063 source locator: PDF p.27 :: InjecAgent task table, tool examples and attack traces reviewed",source://S-063.txt :: S-063 source locator: PDF p.27 :: concrete task/trace reviewed,"source://S-063.txt lines 100-124, 148-183, 225-240; Table 1 and Section 2.3","source://S-063.txt lines 126-143, 225-240, 1246-1294; Table 1 and Appendix D.2"
BATCH-S063-002,strict_one_to_one,S-063,CAND-V33-S-063-004,S-063-CO-001,Established,Established,yes,Established,Established,yes,Established,Established,yes,Not established,Not established,yes,Indeterminate,Indeterminate,yes,source://S-063.txt :: S-063 source locator: PDF p.6,source://S-063.txt :: S-063 source locator: PDF p.6,"source://S-063.txt :: S-063 source locator: PDF p.6 :: InjecAgent task table, tool examples and attack traces reviewed",source://S-063.txt :: S-063 source locator: PDF p.6 :: concrete task/trace reviewed,"source://S-063.txt lines 100-124, 148-183, 225-240; Table 1 and Section 2.3","source://S-063.txt lines 126-143, 225-240, 1246-1294; Table 1 and Appendix D.2"
BATCH-S063-003,strict_one_to_one,S-063,CAND-V33-S-063-005,S-063-CO-002,Established,Established,yes,Established,Established,yes,Established,Established,yes,Not established,Not established,yes,Indeterminate,Indeterminate,yes,source://S-063.txt :: S-063 source locator: PDF p.6,source://S-063.txt :: S-063 source locator: PDF p.6,"source://S-063.txt :: S-063 source locator: PDF p.6 :: InjecAgent task table, tool examples and attack traces reviewed",source://S-063.txt :: S-063 source locator: PDF p.6 :: concrete task/trace reviewed,"source://S-063.txt lines 100-124, 148-183, 225-240; Table 1 and Section 2.3","source://S-063.txt lines 126-143, 225-240, 1246-1294; Table 1 and Appendix D.2"
BATCH-S063-004,strict_one_to_one,S-063,CAND-V33-S-063-006,S-063-CO-003,Established,Established,yes,Established,Established,yes,Established,Established,yes,Not established,Not established,yes,Indeterminate,Indeterminate,yes,source://S-063.txt :: S-063 source locator: PDF p.6,source://S-063.txt :: S-063 source locator: PDF p.6,"source://S-063.txt :: S-063 source locator: PDF p.6 :: InjecAgent task table, tool examples and attack traces reviewed",source://S-063.txt :: S-063 source locator: PDF p.6 :: concrete task/trace reviewed,"source://S-063.txt lines 100-124, 148-183, 225-240; Table 1 and Section 2.3","source://S-063.txt lines 126-143, 225-240, 1246-1294; Table 1 and Appendix D.2"
BATCH-S063-005,strict_one_to_one,S-063,CAND-V33-S-063-007,S-063-CO-004,Established,Established,yes,Established,Established,yes,Established,Established,yes,Established,Not established,no,Established,Indeterminate,no,source://S-063.txt :: S-063 source locator: PDF p.6,source://S-063.txt :: S-063 source locator: PDF p.6,"source://S-063.txt :: S-063 source locator: PDF p.6 :: InjecAgent task table, tool examples and attack traces reviewed",source://S-063.txt :: S-063 source locator: PDF p.6 :: concrete task/trace reviewed,"source://S-063.txt lines 100-124, 148-183, 225-240; Table 1 and Section 2.3","source://S-063.txt lines 126-143, 225-240, 1246-1294; Table 1 and Appendix D.2"
BATCH-S063-006,strict_one_to_one,S-063,CAND-V33-S-063-008,S-063-CO-006,Established,Established,yes,Established,Established,yes,Established,Established,yes,Established,Not established,no,Established,Indeterminate,no,source://S-063.txt :: S-063 source locator: PDF p.6,source://S-063.txt :: S-063 source locator: PDF p.6,"source://S-063.txt :: S-063 source locator: PDF p.6 :: InjecAgent task table, tool examples and attack traces reviewed",source://S-063.txt :: S-063 source locator: PDF p.6 :: concrete task/trace reviewed,"source://S-063.txt lines 100-124, 148-183, 225-240; Table 1 and Section 2.3","source://S-063.txt lines 126-143, 225-240, 1246-1294; Table 1 and Appendix D.2"
BATCH-S063-007,strict_one_to_one,S-063,CAND-V33-S-063-009,S-063-CO-008,Established,Established,yes,Established,Established,yes,Established,Established,yes,Not established,Not established,yes,Indeterminate,Indeterminate,yes,source://S-063.txt :: S-063 source locator: PDF p.6,source://S-063.txt :: S-063 source locator: PDF p.6,"source://S-063.txt :: S-063 source locator: PDF p.6 :: InjecAgent task table, tool examples and attack traces reviewed",source://S-063.txt :: S-063 source locator: PDF p.6 :: concrete task/trace reviewed,"source://S-063.txt lines 100-124, 148-183, 225-240; Table 1 and Section 2.3","source://S-063.txt lines 126-143, 225-240, 1246-1294; Table 1 and Appendix D.2"
BATCH-S064-001,strict_one_to_one,S-064,CAND-V33-S-064-001,CAND-RECON-20260909-S-064-001,Established,Established,yes,Established,Established,yes,Established,Established,yes,Not established,Not established,yes,Indeterminate,Indeterminate,yes,"source://S-064.txt :: lines 368-405, 766-810","source://S-064.txt :: lines 368-405, 766-810","source://S-064.txt :: lines 368-405, 766-810 :: VisualWebArena websites, user_data/task seeds and evaluation description reviewed; no identity, credential, session, delegation or policy relation is established","source://S-064.txt :: lines 368-405, 766-810 :: task table and final-state evaluator reviewed; simulated web interaction does not establish operation-to-privilege linkage","source://S-064.txt lines 202-218, 210-216, 459-468; Figure 1 and Sections 3.1, 4.1","source://S-064.txt lines 368-405, 532-543, 766-802; Tables 5 and 7"
BATCH-S064-002,strict_one_to_one,S-064,CAND-V33-S-064-002,CAND-RECON-20260909-S-064-002,Established,Established,yes,Established,Established,yes,Established,Established,yes,Not established,Not established,yes,Indeterminate,Indeterminate,yes,"source://S-064.txt :: lines 368-405, 766-810","source://S-064.txt :: lines 368-405, 766-810","source://S-064.txt :: lines 368-405, 766-810 :: VisualWebArena websites, user_data/task seeds and evaluation description reviewed; no identity, credential, session, delegation or policy relation is established","source://S-064.txt :: lines 368-405, 766-810 :: task table and final-state evaluator reviewed; simulated web interaction does not establish operation-to-privilege linkage","source://S-064.txt lines 202-218, 210-216, 459-468; Figure 1 and Sections 3.1, 4.1","source://S-064.txt lines 368-405, 532-543, 766-802; Tables 5 and 7"
BATCH-S064-003,strict_one_to_one,S-064,CAND-V33-S-064-003,CAND-RECON-20260909-S-064-003,Established,Established,yes,Established,Established,yes,Established,Established,yes,Not established,Not established,yes,Indeterminate,Indeterminate,yes,"source://S-064.txt :: lines 368-405, 766-810","source://S-064.txt :: lines 368-405, 766-810","source://S-064.txt :: lines 368-405, 766-810 :: VisualWebArena websites, user_data/task seeds and evaluation description reviewed; no identity, credential, session, delegation or policy relation is established","source://S-064.txt :: lines 368-405, 766-810 :: task table and final-state evaluator reviewed; simulated web interaction does not establish operation-to-privilege linkage","source://S-064.txt lines 202-218, 210-216, 459-468; Figure 1 and Sections 3.1, 4.1","source://S-064.txt lines 368-405, 532-543, 766-802; Tables 5 and 7"
BATCH-S064-004,strict_one_to_one,S-064,CAND-V33-S-064-004,CAND-RECON-20260909-S-064-004,Established,Established,yes,Established,Established,yes,Established,Established,yes,Not established,Not established,yes,Indeterminate,Indeterminate,yes,"source://S-064.txt :: lines 368-405, 766-810","source://S-064.txt :: lines 368-405, 766-810","source://S-064.txt :: lines 368-405, 766-810 :: VisualWebArena websites, user_data/task seeds and evaluation description reviewed; no identity, credential, session, delegation or policy relation is established","source://S-064.txt :: lines 368-405, 766-810 :: task table and final-state evaluator reviewed; simulated web interaction does not establish operation-to-privilege linkage","source://S-064.txt lines 202-218, 210-216, 459-468; Figure 1 and Sections 3.1, 4.1","source://S-064.txt lines 368-405, 532-543, 766-802; Tables 5 and 7"
BATCH-S064-005,strict_one_to_one,S-064,CAND-V33-S-064-005,CAND-RECON-20260909-S-064-005,Established,Established,yes,Established,Established,yes,Established,Established,yes,Not established,Not established,yes,Indeterminate,Indeterminate,yes,"source://S-064.txt :: lines 368-405, 766-810","source://S-064.txt :: lines 368-405, 766-810","source://S-064.txt :: lines 368-405, 766-810 :: VisualWebArena websites, user_data/task seeds and evaluation description reviewed; no identity, credential, session, delegation or policy relation is established","source://S-064.txt :: lines 368-405, 766-810 :: task table and final-state evaluator reviewed; simulated web interaction does not establish operation-to-privilege linkage","source://S-064.txt lines 202-218, 210-216, 459-468; Figure 1 and Sections 3.1, 4.1","source://S-064.txt lines 368-405, 532-543, 766-802; Tables 5 and 7"
BATCH-S064-006,strict_one_to_one,S-064,CAND-V33-S-064-006,CAND-RECON-20260909-S-064-006,Established,Established,yes,Established,Established,yes,Established,Established,yes,Not established,Not established,yes,Indeterminate,Indeterminate,yes,"source://S-064.txt :: lines 368-405, 766-810","source://S-064.txt :: lines 368-405, 766-810","source://S-064.txt :: lines 368-405, 766-810 :: VisualWebArena websites, user_data/task seeds and evaluation description reviewed; no identity, credential, session, delegation or policy relation is established","source://S-064.txt :: lines 368-405, 766-810 :: task table and final-state evaluator reviewed; simulated web interaction does not establish operation-to-privilege linkage","source://S-064.txt lines 202-218, 210-216, 459-468; Figure 1 and Sections 3.1, 4.1","source://S-064.txt lines 368-405, 532-543, 766-802; Tables 5 and 7"
BATCH-S064-007,strict_one_to_one,S-064,CAND-V33-S-064-007,CAND-RECON-20260909-S-064-007,Established,Established,yes,Established,Established,yes,Established,Established,yes,Not established,Not established,yes,Indeterminate,Indeterminate,yes,"source://S-064.txt :: lines 368-405, 766-810","source://S-064.txt :: lines 368-405, 766-810","source://S-064.txt :: lines 368-405, 766-810 :: VisualWebArena websites, user_data/task seeds and evaluation description reviewed; no identity, credential, session, delegation or policy relation is established","source://S-064.txt :: lines 368-405, 766-810 :: task table and final-state evaluator reviewed; simulated web interaction does not establish operation-to-privilege linkage","source://S-064.txt lines 202-218, 210-216, 459-468; Figure 1 and Sections 3.1, 4.1","source://S-064.txt lines 368-405, 532-543, 766-802; Tables 5 and 7"
BATCH-S064-008,strict_one_to_one,S-064,CAND-V33-S-064-008,CAND-RECON-20260909-S-064-008,Established,Established,yes,Established,Established,yes,Established,Established,yes,Not established,Not established,yes,Indeterminate,Indeterminate,yes,"source://S-064.txt :: lines 368-405, 766-810","source://S-064.txt :: lines 368-405, 766-810","source://S-064.txt :: lines 368-405, 766-810 :: VisualWebArena websites, user_data/task seeds and evaluation description reviewed; no identity, credential, session, delegation or policy relation is established","source://S-064.txt :: lines 368-405, 766-810 :: task table and final-state evaluator reviewed; simulated web interaction does not establish operation-to-privilege linkage","source://S-064.txt lines 202-218, 210-216, 459-468; Figure 1 and Sections 3.1, 4.1","source://S-064.txt lines 368-405, 532-543, 766-802; Tables 5 and 7"
BATCH-S071-001,strict_one_to_one,S-071,CAND-V33-S-071-M01,S-071-CO-001,Established,Established,yes,Established,Established,yes,Established,Established,yes,Established,Established,yes,Established,Established,yes,"source://S-071.txt :: lines 208-219, CE LLM ATE running example and logged-in user session","source://S-071.txt :: lines 208-219, CE LLM ATE running example and logged-in user session","source://S-071.txt :: lines 208-219, CE LLM ATE running example and logged-in user session","source://S-071.txt :: lines 208-219, CE LLM ATE running example and logged-in user session",source://S-071.txt lines 211-220; Figure 1,source://S-071.txt lines 211-220; Figure 1
BATCH-S075-001,strict_one_to_one,S-075,CAND-V33-S-075-001,S-075-CO-001,Established,Established,yes,Established,Established,yes,Established,Established,yes,Not established,Not established,yes,Indeterminate,Indeterminate,yes,source://S-075.txt :: S-075 source locator: PDF p.2,source://S-075.txt :: S-075 source locator: PDF p.2,source://S-075.txt :: S-075 source locator: PDF p.2 :: source passage and relevant environment/task/tool description reviewed,source://S-075.txt :: S-075 source locator: PDF p.2 :: concrete operation/task passage reviewed,source://S-075.txt lines 783-801; candidate source locator,candidate source locator
BATCH-S075-002,strict_one_to_one,S-075,CAND-V33-S-075-002,S-075-CO-002,Established,Established,yes,Established,Established,yes,Established,Established,yes,Not established,Not established,yes,Indeterminate,Indeterminate,yes,source://S-075.txt :: S-075 source locator: PDF p.2,source://S-075.txt :: S-075 source locator: PDF p.2,source://S-075.txt :: S-075 source locator: PDF p.2 :: source passage and relevant environment/task/tool description reviewed,source://S-075.txt :: S-075 source locator: PDF p.2 :: concrete operation/task passage reviewed,source://S-075.txt lines 783-801; candidate source locator,candidate source locator
BATCH-S075-003,strict_one_to_one,S-075,CAND-V33-S-075-003,S-075-CO-003,Established,Established,yes,Established,Established,yes,Established,Established,yes,Not established,Not established,yes,Indeterminate,Indeterminate,yes,source://S-075.txt :: chars 76106-78353; corrected atomic operation: Transfer funds through the connected financial tool],source://S-075.txt :: chars 76106-78353; corrected atomic operation: Transfer funds through the connected financial tool],source://S-075.txt :: chars 76106-78353; corrected atomic operation: Transfer funds through the connected financial tool] :: source passage and relevant environment/task/tool description reviewed,source://S-075.txt :: chars 76106-78353; corrected atomic operation: Transfer funds through the connected financial tool] :: concrete operation/task passage reviewed,source://S-075.txt lines 783-801; candidate source locator,candidate source locator
BATCH-S075-004,strict_one_to_one,S-075,CAND-V33-S-075-004,S-075-CO-005,Established,Established,yes,Established,Established,yes,Established,Established,yes,Not established,Established,no,Indeterminate,Established,no,source://S-075.txt :: chars 76523-78755; corrected atomic operation: Transfer $500 from Venmo to bank account AW-12345678],source://S-075.txt :: chars 76523-78755; corrected atomic operation: Transfer $500 from Venmo to bank account AW-12345678],source://S-075.txt :: chars 76523-78755; corrected atomic operation: Transfer $500 from Venmo to bank account AW-12345678] :: source passage and relevant environment/task/tool description reviewed,source://S-075.txt :: chars 76523-78755; corrected atomic operation: Transfer $500 from Venmo to bank account AW-12345678] :: concrete operation/task passage reviewed,source://S-075.txt lines 783-801 (user/tool context); lines 991-999 (Venmo example),source://S-075.txt lines 991-999
BATCH-S075-005,strict_one_to_one,S-075,CAND-V33-S-075-005,S-075-CO-006,Established,Established,yes,Established,Established,yes,Established,Established,yes,Not established,Not established,yes,Indeterminate,Indeterminate,yes,source://S-075.txt :: chars 75050-76406; corrected atomic operation: Grant access to the August Smart Lock],source://S-075.txt :: chars 75050-76406; corrected atomic operation: Grant access to the August Smart Lock],source://S-075.txt :: chars 75050-76406; corrected atomic operation: Grant access to the August Smart Lock] :: source passage and relevant environment/task/tool description reviewed,source://S-075.txt :: chars 75050-76406; corrected atomic operation: Grant access to the August Smart Lock] :: concrete operation/task passage reviewed,source://S-075.txt lines 783-801; candidate source locator,candidate source locator
BATCH-S075-006,strict_one_to_one,S-075,CAND-V33-S-075-006,S-075-CO-007,Established,Established,yes,Established,Established,yes,Established,Established,yes,Not established,Established,no,Indeterminate,Established,no,source://S-075.txt :: chars 72908-75148; corrected atomic operation: Update the security policy through the agent tool chain],source://S-075.txt :: chars 72908-75148; corrected atomic operation: Update the security policy through the agent tool chain],source://S-075.txt :: chars 72908-75148; corrected atomic operation: Update the security policy through the agent tool chain] :: source passage and relevant environment/task/tool description reviewed,source://S-075.txt :: chars 72908-75148; corrected atomic operation: Update the security policy through the agent tool chain] :: concrete operation/task passage reviewed,source://S-075.txt lines 783-801 (agent/tool context); lines 962-967 (security-policy example),source://S-075.txt lines 962-967
BATCH-S075-007,strict_one_to_one,S-075,CAND-V33-S-075-007,S-075-CO-008,Established,Established,yes,Established,Established,yes,Established,Established,yes,Not established,Not established,yes,Indeterminate,Indeterminate,yes,source://S-075.txt :: chars 78930-81282; corrected atomic operation: Change the traffic-light state through the agent],source://S-075.txt :: chars 78930-81282; corrected atomic operation: Change the traffic-light state through the agent],source://S-075.txt :: chars 78930-81282; corrected atomic operation: Change the traffic-light state through the agent] :: source passage and relevant environment/task/tool description reviewed,source://S-075.txt :: chars 78930-81282; corrected atomic operation: Change the traffic-light state through the agent] :: concrete operation/task passage reviewed,source://S-075.txt lines 783-801; candidate source locator,candidate source locator
BATCH-S075-008,strict_one_to_one,S-075,CAND-V33-S-075-008,S-075-CO-004,Established,Established,yes,Established,Established,yes,Established,Established,yes,Not established,Not established,yes,Indeterminate,Indeterminate,yes,source://S-075.txt :: chars 67351-69663; corrected atomic operation: Send the attacker-directed email through Gmail],source://S-075.txt :: chars 67351-69663; corrected atomic operation: Send the attacker-directed email through Gmail],source://S-075.txt :: chars 67351-69663; corrected atomic operation: Send the attacker-directed email through Gmail] :: source passage and relevant environment/task/tool description reviewed,source://S-075.txt :: chars 67351-69663; corrected atomic operation: Send the attacker-directed email through Gmail] :: concrete operation/task passage reviewed,source://S-075.txt lines 783-801; candidate source locator,candidate source locator
BATCH-S076-001,strict_one_to_one,S-076,CAND-V33-S-076-001,S-076-CO-001,Established,Established,yes,Established,Established,yes,Established,Established,yes,Established,Established,yes,Established,Established,yes,source://S-076.txt :: chars 62722-65554; corrected atomic operation: Navigate to Facebook using the user's saved login],source://S-076.txt :: chars 62722-65554; corrected atomic operation: Navigate to Facebook using the user's saved login],source://S-076.txt :: chars 62722-65554; corrected atomic operation: Navigate to Facebook using the user's saved login],source://S-076.txt :: chars 62722-65554; corrected atomic operation: Navigate to Facebook using the user's saved login],source://S-076.txt lines 751-756; Table 10,source://S-076.txt lines 751-756; Table 10
BATCH-S078-001,strict_one_to_one,S-078,CAND-V33-S-078-001,S-078-CO-002,Established,Established,yes,Established,Established,yes,Established,Established,yes,Established,Not established,no,Established,Indeterminate,no,source://S-078.txt :: Appendix C AgentDojo User Task 0 / Attacker Task 6,source://S-078.txt :: Appendix C AgentDojo User Task 0 / Attacker Task 6,source://S-078.txt :: Appendix C AgentDojo User Task 0 / Attacker Task 6,source://S-078.txt :: Appendix C AgentDojo User Task 0 / Attacker Task 6,source://S-078.txt lines 1011-1023; AgentDojo User Task 0,source://S-078.txt lines 1011-1023; AgentDojo User Task 0
BATCH-S078-002,strict_one_to_one,S-078,CAND-V33-S-078-003,S-078-CO-006,Established,Established,yes,Established,Established,yes,Established,Established,yes,Established,Not established,no,Established,Indeterminate,no,source://S-078.txt :: Appendix C AgentDojo User Task 0 / Attacker Task 6,source://S-078.txt :: Appendix C AgentDojo User Task 0 / Attacker Task 6,source://S-078.txt :: Appendix C AgentDojo User Task 0 / Attacker Task 6,source://S-078.txt :: Appendix C AgentDojo User Task 0 / Attacker Task 6,source://S-078.txt lines 1102-1105; strong adaptive attack prompt 4,source://S-078.txt lines 1102-1105; strong adaptive attack prompt 4
BATCH-S080-001,strict_one_to_one,S-080,CAND-V33-S-080-M01,CAND-S-080-001,Established,Established,yes,Established,Established,yes,Established,Established,yes,Not established,Not established,yes,Indeterminate,Indeterminate,yes,"source://S-080.txt :: chars 4010-7686, IntentGuard AgentDojo tool-call example","source://S-080.txt :: chars 4010-7686, IntentGuard AgentDojo tool-call example","source://S-080.txt :: chars 4010-7686, IntentGuard AgentDojo tool-call example","source://S-080.txt :: chars 4010-7686, IntentGuard AgentDojo tool-call example",source://S-080.txt lines 74-103; Figure 1,source://S-080.txt lines 74-103; Figure 1
BATCH-S083-001,strict_one_to_one,S-083,CAND-V33-S-083-001,S-083-C01,Established,Established,yes,Established,Established,yes,Established,Established,yes,Not established,Not established,yes,Not established,Indeterminate,no,"source://S-083.txt :: PDF pp. 3-10, Sections 3-4; Section 4.1.3 and case study; Appendix D","source://S-083.txt :: PDF pp. 3-10, Sections 3-4; Section 4.1.3 and case study; Appendix D","source://S-083.txt :: PDF pp. 3-10, Sections 3-4; Section 4.1.3 and case study; Appendix D","source://S-083.txt :: PDF pp. 3-10, Sections 3-4; Section 4.1.3 and case study; Appendix D",source://S-083.txt lines 531-538 and 582-587; Figure 2,source://S-083.txt lines 531-538 and 582-587; Figure 2
BATCH-S084-001,strict_one_to_one,S-084,CAND-V33-S-084-001,S-084-CO-001,Established,Established,yes,Established,Established,yes,Not established,Established,no,Not established,Not established,yes,Not established,Not established,yes,source://S-084.txt :: chars 30558-32801; corrected atomic operation: Execute the malicious program that navigates the OS agent to the website],source://S-084.txt :: chars 30558-32801; corrected atomic operation: Execute the malicious program that navigates the OS agent to the website],source://S-084.txt :: chars 30558-32801; corrected atomic operation: Execute the malicious program that navigates the OS agent to the website],source://S-084.txt :: chars 30558-32801; corrected atomic operation: Execute the malicious program that navigates the OS agent to the website],source://S-084.txt lines 967-983; Appendix A.4,source://S-084.txt lines 967-983; Appendix A.4
BATCH-S085-001,strict_one_to_one,S-085,CAND-V33R-S-085-001,CAND-HR330-20260917-S-085-012,Established,Established,yes,Established,Established,yes,Established,Established,yes,Not established,Established,no,Indeterminate,Established,no,"source://S-085.txt :: Table 1/2, action-rebinding task 12: Delete all files, lines 448-463","source://S-085.txt :: Table 1/2, action-rebinding task 12: Delete all files, lines 448-463","source://S-085.txt :: Table 1/2, action-rebinding task 12: Delete all files, lines 448-463 :: source passage and relevant environment/task/tool description reviewed","source://S-085.txt :: Table 1/2, action-rebinding task 12: Delete all files, lines 448-463 :: concrete operation/task passage reviewed",source://S-085.txt lines 305-315 and 383-400; Table 1,source://S-085.txt lines 305-315 and 383-400; Table 1
BATCH-S085-002,strict_one_to_one,S-085,CAND-V33R-S-085-002,CAND-HR330-20260917-S-085-006,Established,Established,yes,Established,Established,yes,Established,Established,yes,Not established,Established,no,Indeterminate,Established,no,"source://S-085.txt :: Table 1/2, action-rebinding task 06: Edit a photo, lines 448-463","source://S-085.txt :: Table 1/2, action-rebinding task 06: Edit a photo, lines 448-463","source://S-085.txt :: Table 1/2, action-rebinding task 06: Edit a photo, lines 448-463 :: source passage and relevant environment/task/tool description reviewed","source://S-085.txt :: Table 1/2, action-rebinding task 06: Edit a photo, lines 448-463 :: concrete operation/task passage reviewed",source://S-085.txt lines 305-315 and 383-400; Table 1,source://S-085.txt lines 305-315 and 383-400; Table 1
BATCH-S085-003,strict_one_to_one,S-085,CAND-V33R-S-085-003,CAND-HR330-20260917-S-085-011,Established,Established,yes,Established,Established,yes,Established,Established,yes,Not established,Established,no,Indeterminate,Established,no,"source://S-085.txt :: Table 1/2, action-rebinding task 11: Follow, like, or post on social media, lines 448-463","source://S-085.txt :: Table 1/2, action-rebinding task 11: Follow, like, or post on social media, lines 448-463","source://S-085.txt :: Table 1/2, action-rebinding task 11: Follow, like, or post on social media, lines 448-463 :: source passage and relevant environment/task/tool description reviewed","source://S-085.txt :: Table 1/2, action-rebinding task 11: Follow, like, or post on social media, lines 448-463 :: concrete operation/task passage reviewed",source://S-085.txt lines 305-315 and 383-400; Table 1,source://S-085.txt lines 305-315 and 383-400; Table 1
BATCH-S085-004,strict_one_to_one,S-085,CAND-V33R-S-085-004,CAND-HR330-20260917-S-085-004,Established,Established,yes,Established,Established,yes,Established,Established,yes,Not established,Established,no,Indeterminate,Established,no,"source://S-085.txt :: Table 1/2, action-rebinding task 04: Install an app, lines 448-463","source://S-085.txt :: Table 1/2, action-rebinding task 04: Install an app, lines 448-463","source://S-085.txt :: Table 1/2, action-rebinding task 04: Install an app, lines 448-463 :: source passage and relevant environment/task/tool description reviewed","source://S-085.txt :: Table 1/2, action-rebinding task 04: Install an app, lines 448-463 :: concrete operation/task passage reviewed",source://S-085.txt lines 305-315 and 383-400; Table 1,source://S-085.txt lines 305-315 and 383-400; Table 1
BATCH-S085-005,strict_one_to_one,S-085,CAND-V33R-S-085-005,CAND-HR330-20260917-S-085-013,Established,Established,yes,Established,Established,yes,Established,Established,yes,Not established,Established,no,Indeterminate,Established,no,"source://S-085.txt :: Table 1/2, action-rebinding task 13: Open VPN, lines 448-463","source://S-085.txt :: Table 1/2, action-rebinding task 13: Open VPN, lines 448-463","source://S-085.txt :: Table 1/2, action-rebinding task 13: Open VPN, lines 448-463 :: source passage and relevant environment/task/tool description reviewed","source://S-085.txt :: Table 1/2, action-rebinding task 13: Open VPN, lines 448-463 :: concrete operation/task passage reviewed",source://S-085.txt lines 305-315 and 383-400; Table 1,source://S-085.txt lines 305-315 and 383-400; Table 1
BATCH-S085-006,strict_one_to_one,S-085,CAND-V33R-S-085-006,CAND-HR330-20260917-S-085-015,Established,Established,yes,Established,Established,yes,Established,Established,yes,Not established,Established,no,Indeterminate,Established,no,"source://S-085.txt :: Table 1/2, action-rebinding task 15: Purchase online, lines 448-463","source://S-085.txt :: Table 1/2, action-rebinding task 15: Purchase online, lines 448-463","source://S-085.txt :: Table 1/2, action-rebinding task 15: Purchase online, lines 448-463 :: source passage and relevant environment/task/tool description reviewed","source://S-085.txt :: Table 1/2, action-rebinding task 15: Purchase online, lines 448-463 :: concrete operation/task passage reviewed",source://S-085.txt lines 305-315 and 383-400; Table 1,source://S-085.txt lines 305-315 and 383-400; Table 1
BATCH-S085-007,strict_one_to_one,S-085,CAND-V33R-S-085-007,CAND-HR330-20260917-S-085-002,Established,Established,yes,Established,Established,yes,Established,Established,yes,Not established,Established,no,Indeterminate,Established,no,"source://S-085.txt :: Table 1/2, action-rebinding task 02: Request access to photo album, lines 448-463","source://S-085.txt :: Table 1/2, action-rebinding task 02: Request access to photo album, lines 448-463","source://S-085.txt :: Table 1/2, action-rebinding task 02: Request access to photo album, lines 448-463 :: source passage and relevant environment/task/tool description reviewed","source://S-085.txt :: Table 1/2, action-rebinding task 02: Request access to photo album, lines 448-463 :: concrete operation/task passage reviewed",source://S-085.txt lines 305-315 and 383-400; Table 1,source://S-085.txt lines 305-315 and 383-400; Table 1
BATCH-S085-008,strict_one_to_one,S-085,CAND-V33R-S-085-008,CAND-HR330-20260917-S-085-003,Established,Established,yes,Established,Established,yes,Established,Established,yes,Not established,Established,no,Indeterminate,Established,no,"source://S-085.txt :: Table 1/2, action-rebinding task 03: Request notification permissions, lines 448-463","source://S-085.txt :: Table 1/2, action-rebinding task 03: Request notification permissions, lines 448-463","source://S-085.txt :: Table 1/2, action-rebinding task 03: Request notification permissions, lines 448-463 :: source passage and relevant environment/task/tool description reviewed","source://S-085.txt :: Table 1/2, action-rebinding task 03: Request notification permissions, lines 448-463 :: concrete operation/task passage reviewed",source://S-085.txt lines 305-315 and 383-400; Table 1,source://S-085.txt lines 305-315 and 383-400; Table 1
BATCH-S085-009,strict_one_to_one,S-085,CAND-V33R-S-085-009,CAND-HR330-20260917-S-085-010,Established,Established,yes,Established,Established,yes,Established,Established,yes,Not established,Established,no,Indeterminate,Established,no,"source://S-085.txt :: Table 1/2, action-rebinding task 10: Send an SMS, lines 448-463","source://S-085.txt :: Table 1/2, action-rebinding task 10: Send an SMS, lines 448-463","source://S-085.txt :: Table 1/2, action-rebinding task 10: Send an SMS, lines 448-463 :: source passage and relevant environment/task/tool description reviewed","source://S-085.txt :: Table 1/2, action-rebinding task 10: Send an SMS, lines 448-463 :: concrete operation/task passage reviewed",source://S-085.txt lines 305-315 and 383-400; Table 1,source://S-085.txt lines 305-315 and 383-400; Table 1
BATCH-S085-010,strict_one_to_one,S-085,CAND-V33R-S-085-010,CAND-HR330-20260917-S-085-009,Established,Established,yes,Established,Established,yes,Established,Established,yes,Not established,Established,no,Indeterminate,Established,no,"source://S-085.txt :: Table 1/2, action-rebinding task 09: Share a photo, lines 448-463","source://S-085.txt :: Table 1/2, action-rebinding task 09: Share a photo, lines 448-463","source://S-085.txt :: Table 1/2, action-rebinding task 09: Share a photo, lines 448-463 :: source passage and relevant environment/task/tool description reviewed","source://S-085.txt :: Table 1/2, action-rebinding task 09: Share a photo, lines 448-463 :: concrete operation/task passage reviewed",source://S-085.txt lines 305-315 and 383-400; Table 1,source://S-085.txt lines 305-315 and 383-400; Table 1
BATCH-S085-011,strict_one_to_one,S-085,CAND-V33R-S-085-011,CAND-HR330-20260917-S-085-008,Established,Established,yes,Established,Established,yes,Established,Established,yes,Not established,Established,no,Indeterminate,Established,no,"source://S-085.txt :: Table 1/2, action-rebinding task 08: Start screen recording, lines 448-463","source://S-085.txt :: Table 1/2, action-rebinding task 08: Start screen recording, lines 448-463","source://S-085.txt :: Table 1/2, action-rebinding task 08: Start screen recording, lines 448-463 :: source passage and relevant environment/task/tool description reviewed","source://S-085.txt :: Table 1/2, action-rebinding task 08: Start screen recording, lines 448-463 :: concrete operation/task passage reviewed",source://S-085.txt lines 305-315 and 383-400; Table 1,source://S-085.txt lines 305-315 and 383-400; Table 1
BATCH-S085-012,strict_one_to_one,S-085,CAND-V33R-S-085-012,CAND-HR330-20260917-S-085-007,Established,Established,yes,Established,Established,yes,Established,Established,yes,Not established,Established,no,Indeterminate,Established,no,"source://S-085.txt :: Table 1/2, action-rebinding task 07: Take a photo, lines 448-463","source://S-085.txt :: Table 1/2, action-rebinding task 07: Take a photo, lines 448-463","source://S-085.txt :: Table 1/2, action-rebinding task 07: Take a photo, lines 448-463 :: source passage and relevant environment/task/tool description reviewed","source://S-085.txt :: Table 1/2, action-rebinding task 07: Take a photo, lines 448-463 :: concrete operation/task passage reviewed",source://S-085.txt lines 305-315 and 383-400; Table 1,source://S-085.txt lines 305-315 and 383-400; Table 1
BATCH-S085-013,strict_one_to_one,S-085,CAND-V33R-S-085-013,CAND-HR330-20260917-S-085-014,Established,Established,yes,Established,Established,yes,Established,Established,yes,Not established,Established,no,Indeterminate,Established,no,"source://S-085.txt :: Table 1/2, action-rebinding task 14: Turn an alarm on or off, lines 448-463","source://S-085.txt :: Table 1/2, action-rebinding task 14: Turn an alarm on or off, lines 448-463","source://S-085.txt :: Table 1/2, action-rebinding task 14: Turn an alarm on or off, lines 448-463 :: source passage and relevant environment/task/tool description reviewed","source://S-085.txt :: Table 1/2, action-rebinding task 14: Turn an alarm on or off, lines 448-463 :: concrete operation/task passage reviewed",source://S-085.txt lines 305-315 and 383-400; Table 1,source://S-085.txt lines 305-315 and 383-400; Table 1
BATCH-S085-014,strict_one_to_one,S-085,CAND-V33R-S-085-014,CAND-HR330-20260917-S-085-001,Established,Established,yes,Established,Established,yes,Established,Established,yes,Not established,Established,no,Indeterminate,Established,no,"source://S-085.txt :: Table 1/2, action-rebinding task 01: Turn on Do Not Disturb mode, lines 448-463","source://S-085.txt :: Table 1/2, action-rebinding task 01: Turn on Do Not Disturb mode, lines 448-463","source://S-085.txt :: Table 1/2, action-rebinding task 01: Turn on Do Not Disturb mode, lines 448-463 :: source passage and relevant environment/task/tool description reviewed","source://S-085.txt :: Table 1/2, action-rebinding task 01: Turn on Do Not Disturb mode, lines 448-463 :: concrete operation/task passage reviewed",source://S-085.txt lines 305-315 and 383-400; Table 1,source://S-085.txt lines 305-315 and 383-400; Table 1
BATCH-S085-015,strict_one_to_one,S-085,CAND-V33R-S-085-015,CAND-HR330-20260917-S-085-005,Established,Established,yes,Established,Established,yes,Established,Established,yes,Not established,Established,no,Indeterminate,Established,no,"source://S-085.txt :: Table 1/2, action-rebinding task 05: Uninstall an app, lines 448-463","source://S-085.txt :: Table 1/2, action-rebinding task 05: Uninstall an app, lines 448-463","source://S-085.txt :: Table 1/2, action-rebinding task 05: Uninstall an app, lines 448-463 :: source passage and relevant environment/task/tool description reviewed","source://S-085.txt :: Table 1/2, action-rebinding task 05: Uninstall an app, lines 448-463 :: concrete operation/task passage reviewed",source://S-085.txt lines 305-315 and 383-400; Table 1,source://S-085.txt lines 305-315 and 383-400; Table 1
BATCH-S088-001,strict_one_to_one,S-088,CAND-V33-S-088-001,CAND-S-088-001,Established,Established,yes,Established,Established,yes,Established,Established,yes,Established,Not established,no,Established,Indeterminate,no,"source://S-088.txt :: Local PDF pp. 1-7, Sections 3-4, Figure 2 and Tables 1-7; Appendix case trace","source://S-088.txt :: Local PDF pp. 1-7, Sections 3-4, Figure 2 and Tables 1-7; Appendix case trace","source://S-088.txt :: Local PDF pp. 1-7, Sections 3-4, Figure 2 and Tables 1-7; Appendix case trace","source://S-088.txt :: Local PDF pp. 1-7, Sections 3-4, Figure 2 and Tables 1-7; Appendix case trace",source://S-088.txt lines 260-277; Figure 2,source://S-088.txt lines 260-277; Figure 2
BATCH-S089-001,strict_one_to_one,S-089,CAND-V33-S-089-001,S-089-CO-001,Established,Established,yes,Established,Established,yes,Established,Established,yes,Established,Established,yes,Established,Established,yes,"source://S-089.txt :: PDF pp. 3-4, Sections 2-3 and Figure 2 (text lines 110-169); pp. 6-7, Section 6.1 (text lines 258-272); Appendix B (text lines 573-645)","source://S-089.txt :: PDF pp. 3-4, Sections 2-3 and Figure 2 (text lines 110-169); pp. 6-7, Section 6.1 (text lines 258-272); Appendix B (text lines 573-645)","source://S-089.txt :: PDF pp. 3-4, Sections 2-3 and Figure 2 (text lines 110-169); pp. 6-7, Section 6.1 (text lines 258-272); Appendix B (text lines 573-645)","source://S-089.txt :: PDF pp. 3-4, Sections 2-3 and Figure 2 (text lines 110-169); pp. 6-7, Section 6.1 (text lines 258-272); Appendix B (text lines 573-645)",source://S-089.txt lines 157-165; Figure 1,source://S-089.txt lines 568-596; Appendix A.1
BATCH-S090-001,strict_one_to_one,S-090,CAND-V33R-S-090-005,CAND-HR330-20260917-S-090-001,Established,Established,yes,Established,Established,yes,Established,Not established,no,Not established,Not established,yes,Indeterminate,Indeterminate,yes,"source://S-090.txt :: S-090.txt Figure 4 caption and task panel, pp. 6-7","source://S-090.txt :: S-090.txt Figure 4 caption and task panel, pp. 6-7","source://S-090.txt :: S-090.txt Figure 4 caption and task panel, pp. 6-7 :: source passage and relevant environment/task/tool description reviewed","source://S-090.txt :: S-090.txt Figure 4 caption and task panel, pp. 6-7 :: concrete operation/task passage reviewed",source://S-090.txt lines 833-837 and 1063-1111; ScreenSpot-Pro data examples,source://S-090.txt lines 833-837 and 1063-1111; ScreenSpot-Pro data examples
BATCH-S090-002,strict_one_to_one,S-090,CAND-V33R-S-090-007,CAND-HR330-20260917-S-090-002,Established,Established,yes,Indeterminate,Established,no,Established,Not established,no,Not established,Not established,yes,Indeterminate,Indeterminate,yes,"source://S-090.txt :: S-090.txt Figure 5, middle-right task block, p. 15","source://S-090.txt :: S-090.txt Figure 5, middle-right task block, p. 15","source://S-090.txt :: S-090.txt Figure 5, middle-right task block, p. 15 :: source passage and relevant environment/task/tool description reviewed","source://S-090.txt :: S-090.txt Figure 5, middle-right task block, p. 15 :: concrete operation/task passage reviewed",source://S-090.txt lines 833-837 and 1063-1111; ScreenSpot-Pro data examples,source://S-090.txt lines 833-837 and 1063-1111; ScreenSpot-Pro data examples
BATCH-S090-003,strict_one_to_one,S-090,CAND-V33R-S-090-009,CAND-HR330-20260917-S-090-003,Established,Established,yes,Established,Established,yes,Established,Not established,no,Not established,Not established,yes,Indeterminate,Indeterminate,yes,"source://S-090.txt :: S-090.txt Figure 6, upper-left task block, p. 16","source://S-090.txt :: S-090.txt Figure 6, upper-left task block, p. 16","source://S-090.txt :: S-090.txt Figure 6, upper-left task block, p. 16 :: source passage and relevant environment/task/tool description reviewed","source://S-090.txt :: S-090.txt Figure 6, upper-left task block, p. 16 :: concrete operation/task passage reviewed",source://S-090.txt lines 833-837 and 1063-1111; ScreenSpot-Pro data examples,source://S-090.txt lines 833-837 and 1063-1111; ScreenSpot-Pro data examples
BATCH-S090-004,strict_one_to_one,S-090,CAND-V33R-S-090-011,CAND-HR330-20260917-S-090-004,Established,Established,yes,Not established,Established,no,Established,Not established,no,Not established,Not established,yes,Indeterminate,Indeterminate,yes,"source://S-090.txt :: S-090.txt Figure 6, middle-left task block, p. 16","source://S-090.txt :: S-090.txt Figure 6, middle-left task block, p. 16","source://S-090.txt :: S-090.txt Figure 6, middle-left task block, p. 16 :: source passage and relevant environment/task/tool description reviewed","source://S-090.txt :: S-090.txt Figure 6, middle-left task block, p. 16 :: concrete operation/task passage reviewed",source://S-090.txt lines 833-837 and 1063-1111; ScreenSpot-Pro data examples,source://S-090.txt lines 833-837 and 1063-1111; ScreenSpot-Pro data examples
BATCH-S090-005,strict_one_to_one,S-090,CAND-V33R-S-090-006,CAND-HR330-20260917-S-090-005,Established,Established,yes,Established,Established,yes,Established,Not established,no,Not established,Not established,yes,Indeterminate,Indeterminate,yes,"source://S-090.txt :: S-090.txt Figure 6, lower-left task block, p. 16","source://S-090.txt :: S-090.txt Figure 6, lower-left task block, p. 16","source://S-090.txt :: S-090.txt Figure 6, lower-left task block, p. 16 :: source passage and relevant environment/task/tool description reviewed","source://S-090.txt :: S-090.txt Figure 6, lower-left task block, p. 16 :: concrete operation/task passage reviewed",source://S-090.txt lines 833-837 and 1063-1111; ScreenSpot-Pro data examples,source://S-090.txt lines 833-837 and 1063-1111; ScreenSpot-Pro data examples
BATCH-S090-006,strict_one_to_one,S-090,CAND-V33R-S-090-013,CAND-HR330-20260917-S-090-006,Established,Established,yes,Established,Established,yes,Established,Not established,no,Not established,Not established,yes,Indeterminate,Indeterminate,yes,"source://S-090.txt :: S-090.txt Figure 5, lower-right task block, p. 15","source://S-090.txt :: S-090.txt Figure 5, lower-right task block, p. 15","source://S-090.txt :: S-090.txt Figure 5, lower-right task block, p. 15 :: source passage and relevant environment/task/tool description reviewed","source://S-090.txt :: S-090.txt Figure 5, lower-right task block, p. 15 :: concrete operation/task passage reviewed",source://S-090.txt lines 833-837 and 1063-1111; ScreenSpot-Pro data examples,source://S-090.txt lines 833-837 and 1063-1111; ScreenSpot-Pro data examples
BATCH-S090-007,strict_one_to_one,S-090,CAND-V33R-S-090-003,CAND-HR330-20260917-S-090-007,Established,Established,yes,Established,Established,yes,Established,Not established,no,Not established,Not established,yes,Indeterminate,Indeterminate,yes,"source://S-090.txt :: S-090.txt Figure 6, upper-right task block, p. 16","source://S-090.txt :: S-090.txt Figure 6, upper-right task block, p. 16","source://S-090.txt :: S-090.txt Figure 6, upper-right task block, p. 16 :: source passage and relevant environment/task/tool description reviewed","source://S-090.txt :: S-090.txt Figure 6, upper-right task block, p. 16 :: concrete operation/task passage reviewed",source://S-090.txt lines 833-837 and 1063-1111; ScreenSpot-Pro data examples,source://S-090.txt lines 833-837 and 1063-1111; ScreenSpot-Pro data examples
BATCH-S090-008,strict_one_to_one,S-090,CAND-V33R-S-090-002,CAND-HR330-20260917-S-090-008,Established,Established,yes,Established,Established,yes,Established,Not established,no,Not established,Not established,yes,Indeterminate,Indeterminate,yes,"source://S-090.txt :: S-090.txt Figure 5, lower-left task block, p. 15","source://S-090.txt :: S-090.txt Figure 5, lower-left task block, p. 15","source://S-090.txt :: S-090.txt Figure 5, lower-left task block, p. 15 :: source passage and relevant environment/task/tool description reviewed","source://S-090.txt :: S-090.txt Figure 5, lower-left task block, p. 15 :: concrete operation/task passage reviewed",source://S-090.txt lines 833-837 and 1063-1111; ScreenSpot-Pro data examples,source://S-090.txt lines 833-837 and 1063-1111; ScreenSpot-Pro data examples
BATCH-S094-001,strict_one_to_one,S-094,CAND-OMR-S-094-001,CAND-HR330-20260917-S-094-001,Established,Established,yes,Established,Established,yes,Established,Established,yes,Indeterminate,Indeterminate,yes,Indeterminate,Indeterminate,yes,"source://S-094.txt :: Figure 1, original user goal, p. 2","source://S-094.txt :: Figure 1, original user goal, p. 2","source://S-094.txt :: Figure 1, original user goal, p. 2 :: source passage and relevant environment/task/tool description reviewed","source://S-094.txt :: Figure 1, original user goal, p. 2 :: concrete operation/task passage reviewed",source://S-094.txt lines 898-949 (Table 4 templates and evaluation protocol),source://S-094.txt lines 908-949
BATCH-S096-001,strict_one_to_one,S-096,CAND-V33R18-S-096-001,CAND-HR330-20260918-S096-T4-07,Established,Established,yes,Established,Established,yes,Established,Established,yes,Not established,Not established,yes,Not established,Indeterminate,no,"source://S-096.txt :: S-096.txt Appendix A Table 4, Spotify row 3","source://S-096.txt :: S-096.txt Appendix A Table 4, Spotify row 3","source://S-096.txt :: S-096.txt Appendix A Table 4, Spotify row 3","source://S-096.txt :: S-096.txt Appendix A Table 4, Spotify row 3",source://S-096.txt lines 1266-1295; Appendix A Table 4,source://S-096.txt lines 1266-1295; Appendix A Table 4
BATCH-S096-002,strict_one_to_one,S-096,CAND-V33R18-S-096-002,CAND-HR330-20260918-S096-T4-01,Established,Established,yes,Established,Established,yes,Established,Established,yes,Not established,Not established,yes,Not established,Indeterminate,no,"source://S-096.txt :: S-096.txt Appendix A Table 4, Health row 1","source://S-096.txt :: S-096.txt Appendix A Table 4, Health row 1","source://S-096.txt :: S-096.txt Appendix A Table 4, Health row 1","source://S-096.txt :: S-096.txt Appendix A Table 4, Health row 1",source://S-096.txt lines 1266-1295; Appendix A Table 4,source://S-096.txt lines 1266-1295; Appendix A Table 4
BATCH-S096-003,strict_one_to_one,S-096,CAND-V33R18-S-096-003,CAND-HR330-20260918-S096-T4-09,Established,Established,yes,Established,Established,yes,Established,Established,yes,Not established,Not established,yes,Not established,Indeterminate,no,"source://S-096.txt :: S-096.txt Appendix A Table 4, Shopping row 7","source://S-096.txt :: S-096.txt Appendix A Table 4, Shopping row 7","source://S-096.txt :: S-096.txt Appendix A Table 4, Shopping row 7","source://S-096.txt :: S-096.txt Appendix A Table 4, Shopping row 7",source://S-096.txt lines 1266-1295; Appendix A Table 4,source://S-096.txt lines 1266-1295; Appendix A Table 4
BATCH-S096-004,strict_one_to_one,S-096,CAND-V33R18-S-096-004,CAND-HR330-20260918-S096-T4-03,Established,Established,yes,Established,Established,yes,Established,Established,yes,Not established,Not established,yes,Not established,Indeterminate,no,"source://S-096.txt :: S-096.txt Appendix A Table 4, Health row 3","source://S-096.txt :: S-096.txt Appendix A Table 4, Health row 3","source://S-096.txt :: S-096.txt Appendix A Table 4, Health row 3","source://S-096.txt :: S-096.txt Appendix A Table 4, Health row 3",source://S-096.txt lines 1266-1295; Appendix A Table 4,source://S-096.txt lines 1266-1295; Appendix A Table 4
BATCH-S096-009,strict_one_to_one,S-096,CAND-V33R18-S-096-009,CAND-HR330-20260918-S096-T4-06,Established,Established,yes,Established,Established,yes,Established,Established,yes,Not established,Not established,yes,Not established,Indeterminate,no,"source://S-096.txt :: S-096.txt Appendix A Table 4, Health row 6","source://S-096.txt :: S-096.txt Appendix A Table 4, Health row 6","source://S-096.txt :: S-096.txt Appendix A Table 4, Health row 6","source://S-096.txt :: S-096.txt Appendix A Table 4, Health row 6",source://S-096.txt lines 1266-1295; Appendix A Table 4,source://S-096.txt lines 1266-1295; Appendix A Table 4
BATCH-S096-015,strict_one_to_one,S-096,CAND-V33R18-S-096-015,CAND-HR330-20260918-S096-T4-04,Established,Established,yes,Established,Established,yes,Established,Established,yes,Not established,Not established,yes,Not established,Indeterminate,no,"source://S-096.txt :: S-096.txt Appendix A Table 4, Health row 4","source://S-096.txt :: S-096.txt Appendix A Table 4, Health row 4","source://S-096.txt :: S-096.txt Appendix A Table 4, Health row 4","source://S-096.txt :: S-096.txt Appendix A Table 4, Health row 4",source://S-096.txt lines 1266-1295; Appendix A Table 4,source://S-096.txt lines 1266-1295; Appendix A Table 4
BATCH-S096-018,strict_one_to_one,S-096,CAND-V33R18-S-096-018,CAND-HR330-20260918-S096-T4-08,Established,Established,yes,Established,Established,yes,Established,Established,yes,Not established,Not established,yes,Not established,Indeterminate,no,"source://S-096.txt :: S-096.txt Appendix A Table 4, Shopping row 2","source://S-096.txt :: S-096.txt Appendix A Table 4, Shopping row 2","source://S-096.txt :: S-096.txt Appendix A Table 4, Shopping row 2","source://S-096.txt :: S-096.txt Appendix A Table 4, Shopping row 2",source://S-096.txt lines 1266-1295; Appendix A Table 4,source://S-096.txt lines 1266-1295; Appendix A Table 4
BATCH-S096-020,strict_one_to_one,S-096,CAND-V33R18-S-096-020,CAND-HR330-20260918-S096-T4-10,Established,Established,yes,Established,Established,yes,Established,Established,yes,Not established,Not established,yes,Not established,Indeterminate,no,"source://S-096.txt :: S-096.txt Appendix A Table 4, Shopping row 8","source://S-096.txt :: S-096.txt Appendix A Table 4, Shopping row 8","source://S-096.txt :: S-096.txt Appendix A Table 4, Shopping row 8","source://S-096.txt :: S-096.txt Appendix A Table 4, Shopping row 8",source://S-096.txt lines 1266-1295; Appendix A Table 4,source://S-096.txt lines 1266-1295; Appendix A Table 4
BATCH-S096-021,strict_one_to_one,S-096,CAND-V33R18-S-096-021,CAND-HR330-20260918-S096-T4-02,Established,Established,yes,Established,Established,yes,Established,Established,yes,Not established,Not established,yes,Not established,Indeterminate,no,"source://S-096.txt :: S-096.txt Appendix A Table 4, Health row 2","source://S-096.txt :: S-096.txt Appendix A Table 4, Health row 2","source://S-096.txt :: S-096.txt Appendix A Table 4, Health row 2","source://S-096.txt :: S-096.txt Appendix A Table 4, Health row 2",source://S-096.txt lines 1266-1295; Appendix A Table 4,source://S-096.txt lines 1266-1295; Appendix A Table 4
BATCH-S096-022,strict_one_to_one,S-096,CAND-V33R18-S-096-022,CAND-HR330-20260918-S096-T4-05,Established,Established,yes,Established,Established,yes,Established,Established,yes,Not established,Not established,yes,Not established,Indeterminate,no,"source://S-096.txt :: S-096.txt Appendix A Table 4, Health row 5","source://S-096.txt :: S-096.txt Appendix A Table 4, Health row 5","source://S-096.txt :: S-096.txt Appendix A Table 4, Health row 5","source://S-096.txt :: S-096.txt Appendix A Table 4, Health row 5",source://S-096.txt lines 1266-1295; Appendix A Table 4,source://S-096.txt lines 1266-1295; Appendix A Table 4
BATCH-S097-001,strict_one_to_one,S-097,CAND-V33-S-097-001,S-097-C01,Established,Established,yes,Established,Established,yes,Established,Established,yes,Not established,Not established,yes,Not established,Indeterminate,no,"source://S-097.txt :: Local PDF pp. 1-9, Sections 1-5, Figure 1 and Tables 1-3","source://S-097.txt :: Local PDF pp. 1-9, Sections 1-5, Figure 1 and Tables 1-3","source://S-097.txt :: Local PDF pp. 1-9, Sections 1-5, Figure 1 and Tables 1-3","source://S-097.txt :: Local PDF pp. 1-9, Sections 1-5, Figure 1 and Tables 1-3",source://S-097.txt lines 90-106; Figure 1,source://S-097.txt lines 90-106; Figure 1
BATCH-S098-001,strict_one_to_one,S-098,CAND-V33-S-098-001,CAND-RECON-20260909-S-098-001,Established,Established,yes,Established,Established,yes,Established,Established,yes,Established,Not established,no,Established,Indeterminate,no,source://S-098.txt :: lines 716-765,source://S-098.txt :: lines 716-765,source://S-098.txt :: lines 716-765,source://S-098.txt :: lines 716-765,source://S-098.txt lines 716-733; Figure 9 lines 749-766,source://S-098.txt lines 716-733; Figure 9 lines 749-766
BATCH-S099-001,strict_one_to_one,S-099,CAND-V33-S-099-001,CAND-RECON-20260909-S-099-001,Established,Established,yes,Established,Established,yes,Not established,Established,no,Not established,Established,no,Not established,Established,no,source://S-099.txt :: lines 90-220,source://S-099.txt :: lines 90-220,source://S-099.txt :: lines 90-220,source://S-099.txt :: lines 90-220,source://S-099.txt lines 129-137; lines 158-168,source://S-099.txt lines 129-137; lines 158-168
BATCH-S101-001,strict_one_to_one,S-101,CAND-V33-S-101-001,CAND-RECON-20260909-S-101-001,Established,Established,yes,Established,Established,yes,Not established,Not established,yes,Not established,Not established,yes,Not established,Indeterminate,no,source://S-101.txt :: source extraction unit S-101-001 :: corrupt_an_agent_prompt_or_response_so_an_erroneous_fact_enters_that_age,source://S-101.txt :: source extraction unit S-101-001 :: corrupt_an_agent_prompt_or_response_so_an_erroneous_fact_enters_that_age,source://S-101.txt :: source extraction unit S-101-001 :: corrupt_an_agent_prompt_or_response_so_an_erroneous_fact_enters_that_age,source://S-101.txt :: source extraction unit S-101-001 :: corrupt_an_agent_prompt_or_response_so_an_erroneous_fact_enters_that_age,source://S-101.txt lines 91-98; lines 325-332,source://S-101.txt lines 91-98; lines 325-332
BATCH-S101-002,strict_one_to_one,S-101,CAND-V33-S-101-002,CAND-RECON-20260909-S-101-002,Established,Established,yes,Established,Established,yes,Not established,Not established,yes,Not established,Not established,yes,Not established,Indeterminate,no,source://S-101.txt :: source extraction unit S-101-002 :: intercept_and_corrupt_information_during_inter_agent_transmission_so_dow,source://S-101.txt :: source extraction unit S-101-002 :: intercept_and_corrupt_information_during_inter_agent_transmission_so_dow,source://S-101.txt :: source extraction unit S-101-002 :: intercept_and_corrupt_information_during_inter_agent_transmission_so_dow,source://S-101.txt :: source extraction unit S-101-002 :: intercept_and_corrupt_information_during_inter_agent_transmission_so_dow,source://S-101.txt lines 91-98; lines 325-332,source://S-101.txt lines 91-98; lines 325-332
BATCH-S103-001,strict_one_to_one,S-103,CAND-V33-S-103-001,S-103-CO-002,Established,Established,yes,Established,Established,yes,Established,Established,yes,Not established,Not established,yes,Not established,Indeterminate,no,"source://S-103.txt :: Local PDF pp. 1-2, Figure 1; p. 7, Section 6 Real-world Case Study: Insider Trading","source://S-103.txt :: Local PDF pp. 1-2, Figure 1; p. 7, Section 6 Real-world Case Study: Insider Trading","source://S-103.txt :: Local PDF pp. 1-2, Figure 1; p. 7, Section 6 Real-world Case Study: Insider Trading","source://S-103.txt :: Local PDF pp. 1-2, Figure 1; p. 7, Section 6 Real-world Case Study: Insider Trading",source://S-103.txt lines 59-100; Figure 1,source://S-103.txt lines 59-100; Figure 1
BATCH-S104-001,strict_one_to_one,S-104,CAND-V33-S-104-001,CAND-RECON-20260909-S-104-001,Established,Established,yes,Established,Established,yes,Established,Established,yes,Established,Not established,no,Established,Indeterminate,no,source://S-104.txt :: source extraction unit S-104-001 :: have_an_assistant_agent_write_python_code_to_retrieve_stock_data_and_gen,source://S-104.txt :: source extraction unit S-104-001 :: have_an_assistant_agent_write_python_code_to_retrieve_stock_data_and_gen,source://S-104.txt :: source extraction unit S-104-001 :: have_an_assistant_agent_write_python_code_to_retrieve_stock_data_and_gen,source://S-104.txt :: source extraction unit S-104-001 :: have_an_assistant_agent_write_python_code_to_retrieve_stock_data_and_gen,source://S-104.txt lines 552-557,source://S-104.txt lines 552-557
BATCH-S105-001,strict_one_to_one,S-105,CAND-V33-S-105-001,S-105-CO-003,Established,Established,yes,Established,Established,yes,Established,Established,yes,Not established,Not established,yes,Not established,Indeterminate,no,source://S-105.txt :: chars 6153-10289; corrected atomic operation: Send the phishing email to the named company manager],source://S-105.txt :: chars 6153-10289; corrected atomic operation: Send the phishing email to the named company manager],source://S-105.txt :: chars 6153-10289; corrected atomic operation: Send the phishing email to the named company manager],source://S-105.txt :: chars 6153-10289; corrected atomic operation: Send the phishing email to the named company manager],source://S-105.txt lines 68-90 and 1261-1309; Figure 1 and Appendix C.1,source://S-105.txt lines 68-90 and 1261-1309; Figure 1 and Appendix C.1
BATCH-S107-002,strict_one_to_one,S-107,CAND-V33R-S-107-002,CAND-HR330-20260917-S-107-007,Established,Established,yes,Established,Established,yes,Not established,Not established,yes,Established,Not established,no,Established,Indeterminate,no,"source://S-107.txt :: S-107.txt, Sec. 7.5.5, pp. 39-40; procedure pp. 34-35","source://S-107.txt :: S-107.txt, Sec. 7.5.5, pp. 39-40; procedure pp. 34-35","source://S-107.txt :: S-107.txt, Sec. 7.5.5, pp. 39-40; procedure pp. 34-35","source://S-107.txt :: S-107.txt, Sec. 7.5.5, pp. 39-40; procedure pp. 34-35",source://S-107.txt lines 1544-1563,source://S-107.txt lines 1557-1563
BATCH-S107-003,strict_one_to_one,S-107,CAND-V33R-S-107-003,CAND-HR330-20260917-S-107-002,Established,Established,yes,Established,Established,yes,Not established,Not established,yes,Established,Not established,no,Established,Not established,no,"source://S-107.txt :: S-107.txt, Sec. 7.5.2, pp. 36-37","source://S-107.txt :: S-107.txt, Sec. 7.5.2, pp. 36-37","source://S-107.txt :: S-107.txt, Sec. 7.5.2, pp. 36-37","source://S-107.txt :: S-107.txt, Sec. 7.5.2, pp. 36-37",source://S-107.txt lines 1450-1473,source://S-107.txt lines 1466-1473
BATCH-S107-004,strict_one_to_one,S-107,CAND-V33R-S-107-004,CAND-HR330-20260917-S-107-001,Established,Established,yes,Established,Established,yes,Not established,Not established,yes,Established,Established,yes,Established,Established,yes,"source://S-107.txt :: S-107.txt, Sec. 7.5.1, pp. 36-37; experiment procedure pp. 34-35","source://S-107.txt :: S-107.txt, Sec. 7.5.1, pp. 36-37; experiment procedure pp. 34-35","source://S-107.txt :: S-107.txt, Sec. 7.5.1, pp. 36-37; experiment procedure pp. 34-35","source://S-107.txt :: S-107.txt, Sec. 7.5.1, pp. 36-37; experiment procedure pp. 34-35",source://S-107.txt lines 1422-1443,source://S-107.txt lines 1438-1443
BATCH-S107-005,strict_one_to_one,S-107,CAND-V33R-S-107-005,CAND-HR330-20260917-S-107-005,Established,Established,yes,Established,Established,yes,Not established,Established,no,Established,Established,yes,Established,Established,yes,"source://S-107.txt :: S-107.txt, Sec. 7.4, p. 35; Sec. 7.5.4, pp. 38-39","source://S-107.txt :: S-107.txt, Sec. 7.4, p. 35; Sec. 7.5.4, pp. 38-39","source://S-107.txt :: S-107.txt, Sec. 7.4, p. 35; Sec. 7.5.4, pp. 38-39","source://S-107.txt :: S-107.txt, Sec. 7.4, p. 35; Sec. 7.5.4, pp. 38-39",source://S-107.txt lines 1509-1522,source://S-107.txt lines 1518-1522
BATCH-S107-007,strict_one_to_one,S-107,CAND-V33R-S-107-007,CAND-HR330-20260917-S-107-004,Established,Established,yes,Established,Established,yes,Established,Established,yes,Established,Indeterminate,no,Established,Indeterminate,no,"source://S-107.txt :: S-107.txt, Sec. 7.4, p. 35; Sec. 7.5.6, pp. 39-40","source://S-107.txt :: S-107.txt, Sec. 7.4, p. 35; Sec. 7.5.6, pp. 39-40","source://S-107.txt :: S-107.txt, Sec. 7.4, p. 35; Sec. 7.5.6, pp. 39-40","source://S-107.txt :: S-107.txt, Sec. 7.4, p. 35; Sec. 7.5.6, pp. 39-40",source://S-107.txt lines 1574-1584,source://S-107.txt lines 1574-1580
BATCH-S110-001,strict_one_to_one,S-110,CAND-V33-S-110-001,S-110-CO-001,Established,Established,yes,Established,Established,yes,Established,Established,yes,Not established,Not established,yes,Not established,Indeterminate,no,source://S-110.txt :: S-110 source locator: PDF p.27; §5.2,source://S-110.txt :: S-110 source locator: PDF p.27; §5.2,source://S-110.txt :: S-110 source locator: PDF p.27; §5.2,source://S-110.txt :: S-110 source locator: PDF p.27; §5.2,source://S-110.txt lines 1371-1398; Appendix D.1 Example 1/Table 14,source://S-110.txt lines 1371-1398; Appendix D.1 Example 1/Table 14
BATCH-S110-002,strict_one_to_one,S-110,CAND-V33-S-110-002,S-110-CO-002,Established,Established,yes,Established,Established,yes,Established,Established,yes,Not established,Not established,yes,Not established,Indeterminate,no,source://S-110.txt :: S-110 source locator: PDF p.27; §5.2,source://S-110.txt :: S-110 source locator: PDF p.27; §5.2,source://S-110.txt :: S-110 source locator: PDF p.27; §5.2,source://S-110.txt :: S-110 source locator: PDF p.27; §5.2,source://S-110.txt lines 1399-1420; Appendix D.1 Example 2/Table 14,source://S-110.txt lines 1399-1420; Appendix D.1 Example 2/Table 14
BATCH-S110-003,strict_one_to_one,S-110,CAND-V33-S-110-003,S-110-CO-004,Established,Established,yes,Established,Established,yes,Established,Established,yes,Not established,Not established,yes,Not established,Indeterminate,no,source://S-110.txt :: S-110 source locator: PDF p.27; §5.2,source://S-110.txt :: S-110 source locator: PDF p.27; §5.2,source://S-110.txt :: S-110 source locator: PDF p.27; §5.2,source://S-110.txt :: S-110 source locator: PDF p.27; §5.2,source://S-110.txt lines 1491-1524; Appendix D.2 Example 4/Table 16,source://S-110.txt lines 1491-1524; Appendix D.2 Example 4/Table 16
BATCH-S110-004,strict_one_to_one,S-110,CAND-V33-S-110-004,S-110-CO-003,Established,Established,yes,Established,Established,yes,Established,Established,yes,Not established,Not established,yes,Not established,Indeterminate,no,source://S-110.txt :: S-110 source locator: PDF p.28; §5.2,source://S-110.txt :: S-110 source locator: PDF p.28; §5.2,source://S-110.txt :: S-110 source locator: PDF p.28; §5.2,source://S-110.txt :: S-110 source locator: PDF p.28; §5.2,source://S-110.txt lines 1432-1457; Appendix D.1 Example 3/Table 15,source://S-110.txt lines 1432-1457; Appendix D.1 Example 3/Table 15
BATCH-S115-001,strict_one_to_one,S-115,CAND-V33-S-115-001,S-115-CO-014,Established,Established,yes,Established,Established,yes,Established,Established,yes,Established,Not established,no,Established,Indeterminate,no,"source://S-115.txt :: PDF pp. 16-18, Section 7.1; pp. 18-19, Section 7.2","source://S-115.txt :: PDF pp. 16-18, Section 7.1; pp. 18-19, Section 7.2","source://S-115.txt :: PDF pp. 16-18, Section 7.1; pp. 18-19, Section 7.2","source://S-115.txt :: PDF pp. 16-18, Section 7.1; pp. 18-19, Section 7.2",source://S-115.txt lines 760-820; Figure 5,source://S-115.txt lines 760-820; Figure 5
BATCH-S116-001,strict_one_to_one,S-116,CAND-V33-S-116-001,CAND-S-116-002-C1,Established,Established,yes,Established,Established,yes,Established,Established,yes,Not established,Established,no,Not established,Established,no,"source://S-116.txt :: PDF p.3, Figure 3 (text lines 220-255)","source://S-116.txt :: PDF p.3, Figure 3 (text lines 220-255)","source://S-116.txt :: PDF p.3, Figure 3 (text lines 220-255)","source://S-116.txt :: PDF p.3, Figure 3 (text lines 220-255)",source://S-116.txt lines 204-230; Figure 3,source://S-116.txt lines 204-221; Figure 3
BATCH-S117-003,strict_one_to_one,S-117,CAND-V33R-S-117-003,CAND-HR330-20260917-S-117-016,Established,Established,yes,Established,Established,yes,Not established,Established,no,Established,Not established,no,Established,Not established,no,"source://S-117.txt :: S-117.txt Appendix A ATT-14; Appendix D ATT-14, p. 17","source://S-117.txt :: S-117.txt Appendix A ATT-14; Appendix D ATT-14, p. 17","source://S-117.txt :: S-117.txt Appendix A ATT-14; Appendix D ATT-14, p. 17","source://S-117.txt :: S-117.txt Appendix A ATT-14; Appendix D ATT-14, p. 17",source://S-117.txt lines 823-829; lines 904-1040; source://S-117.txt lines 1021-1025; ATT-14,source://S-117.txt lines 823-829; lines 904-1040; source://S-117.txt lines 1021-1025; ATT-14
BATCH-S117-008,strict_one_to_one,S-117,CAND-V33R-S-117-008,CAND-HR330-20260917-S-117-011,Established,Established,yes,Established,Established,yes,Established,Established,yes,Not established,Not established,yes,Indeterminate,Not established,no,"source://S-117.txt :: S-117.txt Appendix A ATT-2; Appendix D ATT-2, p. 14","source://S-117.txt :: S-117.txt Appendix A ATT-2; Appendix D ATT-2, p. 14","source://S-117.txt :: S-117.txt Appendix A ATT-2; Appendix D ATT-2, p. 14","source://S-117.txt :: S-117.txt Appendix A ATT-2; Appendix D ATT-2, p. 14",source://S-117.txt lines 823-829; lines 904-1040; source://S-117.txt lines 912-921; ATT-2 case study,source://S-117.txt lines 823-829; lines 904-1040; source://S-117.txt lines 912-921; ATT-2 case study
BATCH-S117-012,strict_one_to_one,S-117,CAND-V33R-S-117-012,CAND-HR330-20260917-S-117-014,Established,Established,yes,Established,Established,yes,Not established,Established,no,Established,Not established,no,Established,Not established,no,"source://S-117.txt :: S-117.txt Appendix A ATT-5; Appendix D ATT-5, p. 15","source://S-117.txt :: S-117.txt Appendix A ATT-5; Appendix D ATT-5, p. 15","source://S-117.txt :: S-117.txt Appendix A ATT-5; Appendix D ATT-5, p. 15","source://S-117.txt :: S-117.txt Appendix A ATT-5; Appendix D ATT-5, p. 15",source://S-117.txt lines 823-829; lines 904-1040; source://S-117.txt lines 948-953; ATT-5,source://S-117.txt lines 823-829; lines 904-1040; source://S-117.txt lines 948-953; ATT-5
BATCH-S117-009,strict_one_to_one,S-117,CAND-V33R-S-117-009,CAND-HR330-20260917-S-117-010,Established,Established,yes,Established,Established,yes,Established,Established,yes,Established,Not established,no,Established,Not established,no,"source://S-117.txt :: S-117.txt Appendix A ATT-1; Appendix D ATT-1, pp. 11, 14","source://S-117.txt :: S-117.txt Appendix A ATT-1; Appendix D ATT-1, pp. 11, 14","source://S-117.txt :: S-117.txt Appendix A ATT-1; Appendix D ATT-1, pp. 11, 14","source://S-117.txt :: S-117.txt Appendix A ATT-1; Appendix D ATT-1, pp. 11, 14",source://S-117.txt lines 823-829; lines 904-1040; source://S-117.txt lines 905-911; ATT-1 case study,source://S-117.txt lines 823-829; lines 904-1040; source://S-117.txt lines 905-911; ATT-1 case study
BATCH-S117-014,strict_one_to_one,S-117,CAND-V33R-S-117-014,CAND-HR330-20260917-S-117-013,Established,Established,yes,Established,Established,yes,Not established,Established,no,Not established,Not established,yes,Indeterminate,Not established,no,"source://S-117.txt :: S-117.txt Appendix A ATT-3; Appendix D ATT-3, p. 14","source://S-117.txt :: S-117.txt Appendix A ATT-3; Appendix D ATT-3, p. 14","source://S-117.txt :: S-117.txt Appendix A ATT-3; Appendix D ATT-3, p. 14","source://S-117.txt :: S-117.txt Appendix A ATT-3; Appendix D ATT-3, p. 14",source://S-117.txt lines 823-829; lines 904-1040; source://S-117.txt lines 921-925; ATT-3,source://S-117.txt lines 823-829; lines 904-1040; source://S-117.txt lines 921-925; ATT-3
BATCH-S117-001,strict_one_to_one,S-117,CAND-V33R-S-117-001,CAND-HR330-20260917-S-117-001,Established,Established,yes,Established,Established,yes,Established,Established,yes,Not established,Not established,yes,Indeterminate,Not established,no,"source://S-117.txt :: S-117.txt Appendix A ATT-9; Appendix D ATT-9, p. 16","source://S-117.txt :: S-117.txt Appendix A ATT-9; Appendix D ATT-9, p. 16","source://S-117.txt :: S-117.txt Appendix A ATT-9; Appendix D ATT-9, p. 16","source://S-117.txt :: S-117.txt Appendix A ATT-9; Appendix D ATT-9, p. 16",source://S-117.txt lines 823-829; lines 904-1040; source://S-117.txt lines 770-775; lines 982-988,source://S-117.txt lines 823-829; lines 904-1040; source://S-117.txt lines 770-775; lines 982-988
BATCH-S117-017,strict_one_to_one,S-117,CAND-V33R-S-117-017,CAND-HR330-20260917-S-117-008,Established,Established,yes,Established,Established,yes,Established,Established,yes,Established,Not established,no,Established,Not established,no,"source://S-117.txt :: S-117.txt Appendix A ATT-7; Appendix D ATT-7, p. 15","source://S-117.txt :: S-117.txt Appendix A ATT-7; Appendix D ATT-7, p. 15","source://S-117.txt :: S-117.txt Appendix A ATT-7; Appendix D ATT-7, p. 15","source://S-117.txt :: S-117.txt Appendix A ATT-7; Appendix D ATT-7, p. 15",source://S-117.txt lines 823-829; lines 904-1040; source://S-117.txt lines 957-963; ATT-7 case study,source://S-117.txt lines 823-829; lines 904-1040; source://S-117.txt lines 957-963; ATT-7 case study
BATCH-S117-002,strict_one_to_one,S-117,CAND-V33R-S-117-002,CAND-HR330-20260917-S-117-002,Established,Established,yes,Established,Established,yes,Established,Established,yes,Not established,Not established,yes,Indeterminate,Not established,no,"source://S-117.txt :: S-117.txt Appendix A ATT-10; Appendix D ATT-10, p. 16","source://S-117.txt :: S-117.txt Appendix A ATT-10; Appendix D ATT-10, p. 16","source://S-117.txt :: S-117.txt Appendix A ATT-10; Appendix D ATT-10, p. 16","source://S-117.txt :: S-117.txt Appendix A ATT-10; Appendix D ATT-10, p. 16",source://S-117.txt lines 823-829; lines 904-1040; source://S-117.txt lines 776-780; lines 989-993,source://S-117.txt lines 823-829; lines 904-1040; source://S-117.txt lines 776-780; lines 989-993
BATCH-S117-013,strict_one_to_one,S-117,CAND-V33R-S-117-013,CAND-HR330-20260917-S-117-009,Established,Established,yes,Established,Established,yes,Not established,Established,no,Not established,Not established,yes,Indeterminate,Not established,no,"source://S-117.txt :: S-117.txt Appendix A ATT-8; Appendix D ATT-8, pp. 15-16","source://S-117.txt :: S-117.txt Appendix A ATT-8; Appendix D ATT-8, pp. 15-16","source://S-117.txt :: S-117.txt Appendix A ATT-8; Appendix D ATT-8, pp. 15-16","source://S-117.txt :: S-117.txt Appendix A ATT-8; Appendix D ATT-8, pp. 15-16",source://S-117.txt lines 823-829; lines 904-1040; source://S-117.txt lines 963-970; ATT-8 case study,source://S-117.txt lines 823-829; lines 904-1040; source://S-117.txt lines 963-970; ATT-8 case study
BATCH-S117-004,strict_one_to_one,S-117,CAND-V33R-S-117-004,CAND-HR330-20260917-S-117-007,Established,Established,yes,Established,Established,yes,Not established,Established,no,Not established,Not established,yes,Indeterminate,Not established,no,"source://S-117.txt :: S-117.txt Appendix A ATT-17; Appendix D ATT-17, p. 17","source://S-117.txt :: S-117.txt Appendix A ATT-17; Appendix D ATT-17, p. 17","source://S-117.txt :: S-117.txt Appendix A ATT-17; Appendix D ATT-17, p. 17","source://S-117.txt :: S-117.txt Appendix A ATT-17; Appendix D ATT-17, p. 17",source://S-117.txt lines 823-829; lines 904-1040; source://S-117.txt lines 815-818; lines 1035-1040,source://S-117.txt lines 823-829; lines 904-1040; source://S-117.txt lines 815-818; lines 1035-1040
BATCH-S117-011,strict_one_to_one,S-117,CAND-V33R-S-117-011,CAND-HR330-20260917-S-117-004,Established,Established,yes,Established,Established,yes,Established,Established,yes,Not established,Not established,yes,Indeterminate,Not established,no,"source://S-117.txt :: S-117.txt Appendix A ATT-12; Appendix D ATT-12, p. 16","source://S-117.txt :: S-117.txt Appendix A ATT-12; Appendix D ATT-12, p. 16","source://S-117.txt :: S-117.txt Appendix A ATT-12; Appendix D ATT-12, p. 16","source://S-117.txt :: S-117.txt Appendix A ATT-12; Appendix D ATT-12, p. 16",source://S-117.txt lines 823-829; lines 904-1040; source://S-117.txt lines 788-791; lines 1001-1004,source://S-117.txt lines 823-829; lines 904-1040; source://S-117.txt lines 788-791; lines 1001-1004
BATCH-S117-007,strict_one_to_one,S-117,CAND-V33R-S-117-007,CAND-HR330-20260917-S-117-015,Established,Established,yes,Established,Established,yes,Not established,Established,no,Not established,Not established,yes,Indeterminate,Not established,no,"source://S-117.txt :: S-117.txt Appendix A ATT-6; Appendix D ATT-6, p. 15","source://S-117.txt :: S-117.txt Appendix A ATT-6; Appendix D ATT-6, p. 15","source://S-117.txt :: S-117.txt Appendix A ATT-6; Appendix D ATT-6, p. 15","source://S-117.txt :: S-117.txt Appendix A ATT-6; Appendix D ATT-6, p. 15",source://S-117.txt lines 823-829; lines 904-1040; source://S-117.txt lines 954-956; ATT-6,source://S-117.txt lines 823-829; lines 904-1040; source://S-117.txt lines 954-956; ATT-6
BATCH-S117-005,strict_one_to_one,S-117,CAND-V33R-S-117-005,CAND-HR330-20260917-S-117-017,Established,Established,yes,Established,Established,yes,Not established,Established,no,Established,Not established,no,Established,Not established,no,"source://S-117.txt :: S-117.txt Appendix A ATT-15; Appendix D ATT-15, p. 17","source://S-117.txt :: S-117.txt Appendix A ATT-15; Appendix D ATT-15, p. 17","source://S-117.txt :: S-117.txt Appendix A ATT-15; Appendix D ATT-15, p. 17","source://S-117.txt :: S-117.txt Appendix A ATT-15; Appendix D ATT-15, p. 17",source://S-117.txt lines 823-829; lines 904-1040; source://S-117.txt lines 1026-1029; ATT-15,source://S-117.txt lines 823-829; lines 904-1040; source://S-117.txt lines 1026-1029; ATT-15
BATCH-S117-010,strict_one_to_one,S-117,CAND-V33R-S-117-010,CAND-HR330-20260917-S-117-012,Established,Established,yes,Established,Established,yes,Established,Established,yes,Established,Not established,no,Established,Not established,no,"source://S-117.txt :: S-117.txt Appendix A ATT-4; Appendix D ATT-4, p. 15","source://S-117.txt :: S-117.txt Appendix A ATT-4; Appendix D ATT-4, p. 15","source://S-117.txt :: S-117.txt Appendix A ATT-4; Appendix D ATT-4, p. 15","source://S-117.txt :: S-117.txt Appendix A ATT-4; Appendix D ATT-4, p. 15",source://S-117.txt lines 823-829; lines 904-1040; source://S-117.txt lines 943-947; ATT-4 case study,source://S-117.txt lines 823-829; lines 904-1040; source://S-117.txt lines 943-947; ATT-4 case study
BATCH-S117-015,strict_one_to_one,S-117,CAND-V33R-S-117-015,CAND-HR330-20260917-S-117-005,Established,Established,yes,Established,Established,yes,Not established,Established,no,Established,Not established,no,Established,Not established,no,"source://S-117.txt :: S-117.txt Appendix A ATT-13; Appendix D ATT-13, p. 16","source://S-117.txt :: S-117.txt Appendix A ATT-13; Appendix D ATT-13, p. 16","source://S-117.txt :: S-117.txt Appendix A ATT-13; Appendix D ATT-13, p. 16","source://S-117.txt :: S-117.txt Appendix A ATT-13; Appendix D ATT-13, p. 16",source://S-117.txt lines 823-829; lines 904-1040; source://S-117.txt lines 793-796; lines 1005-1010,source://S-117.txt lines 823-829; lines 904-1040; source://S-117.txt lines 793-796; lines 1005-1010
BATCH-S117-016,strict_one_to_one,S-117,CAND-V33R-S-117-016,CAND-HR330-20260917-S-117-006,Established,Established,yes,Established,Established,yes,Not established,Established,no,Established,Not established,no,Established,Not established,no,"source://S-117.txt :: S-117.txt Appendix A ATT-16; Appendix D ATT-16, p. 17","source://S-117.txt :: S-117.txt Appendix A ATT-16; Appendix D ATT-16, p. 17","source://S-117.txt :: S-117.txt Appendix A ATT-16; Appendix D ATT-16, p. 17","source://S-117.txt :: S-117.txt Appendix A ATT-16; Appendix D ATT-16, p. 17",source://S-117.txt lines 823-829; lines 904-1040; source://S-117.txt lines 809-813; lines 1030-1034,source://S-117.txt lines 823-829; lines 904-1040; source://S-117.txt lines 809-813; lines 1030-1034
BATCH-S118-001,strict_one_to_one,S-118,CAND-V33-S-118-001,S-118-CO-083,Established,Established,yes,Established,Established,yes,Established,Established,yes,Established,Established,yes,Established,Established,yes,"source://S-118.txt :: PDF pp.3-4, Sections 3.1-3.2, Figure 1 (text lines 102-137)","source://S-118.txt :: PDF pp.3-4, Sections 3.1-3.2, Figure 1 (text lines 102-137)","source://S-118.txt :: PDF pp.3-4, Sections 3.1-3.2, Figure 1 (text lines 102-137)","source://S-118.txt :: PDF pp.3-4, Sections 3.1-3.2, Figure 1 (text lines 102-137)",source://S-118.txt lines 129-138; lines 142-164; source://S-118.txt lines 142-164; Section 3.3,source://S-118.txt lines 142-164; source://S-118.txt lines 142-164; Section 3.3
BATCH-S118-002,strict_one_to_one,S-118,CAND-V33-S-118-002,S-118-CO-017,Established,Established,yes,Established,Established,yes,Established,Established,yes,Established,Established,yes,Established,Established,yes,"source://S-118.txt :: PDF pp.3-5, Sections 3.1-3.2 and limitations (text lines 83-106, 125-137, 151-160)","source://S-118.txt :: PDF pp.3-5, Sections 3.1-3.2 and limitations (text lines 83-106, 125-137, 151-160)","source://S-118.txt :: PDF pp.3-5, Sections 3.1-3.2 and limitations (text lines 83-106, 125-137, 151-160)","source://S-118.txt :: PDF pp.3-5, Sections 3.1-3.2 and limitations (text lines 83-106, 125-137, 151-160)",source://S-118.txt lines 129-138; lines 142-164; source://S-118.txt lines 142-164; Section 3.3 and Figure 2,source://S-118.txt lines 142-164; source://S-118.txt lines 142-164; Section 3.3 and Figure 2
BATCH-S119-007,strict_one_to_one,S-119,CAND-V33-S-119-007,S-119-CO-086,Established,Established,yes,Established,Established,yes,Established,Established,yes,Established,Established,yes,Established,Established,yes,source://S-119.txt :: chars 32626-33826; child action 1: Generate the report from local files],source://S-119.txt :: chars 32626-33826; child action 1: Generate the report from local files],source://S-119.txt :: chars 32626-33826; child action 1: Generate the report from local files],source://S-119.txt :: chars 32626-33826; child action 1: Generate the report from local files],source://S-119.txt lines 207-220; lines 223-264; source://S-119.txt lines 289-305; Section 5,source://S-119.txt lines 246-264; lines 272-305; source://S-119.txt lines 289-305; Section 5
BATCH-S119-003,strict_one_to_one,S-119,CAND-V33-S-119-003,S-119-CO-085,Established,Established,yes,Established,Established,yes,Established,Established,yes,Established,Established,yes,Established,Established,yes,source://S-119.txt :: S-119 source locator: PDF p.6,source://S-119.txt :: S-119 source locator: PDF p.6,source://S-119.txt :: S-119 source locator: PDF p.6,source://S-119.txt :: S-119 source locator: PDF p.6,source://S-119.txt lines 207-220; lines 223-264; source://S-119.txt lines 289-305; Section 5,source://S-119.txt lines 246-264; lines 272-305; source://S-119.txt lines 289-305; Section 5
BATCH-S119-004,strict_one_to_one,S-119,CAND-V33-S-119-004,S-119-CO-088,Established,Established,yes,Established,Established,yes,Established,Established,yes,Established,Established,yes,Established,Established,yes,source://S-119.txt :: S-119 source locator: PDF p.6,source://S-119.txt :: S-119 source locator: PDF p.6,source://S-119.txt :: S-119 source locator: PDF p.6,source://S-119.txt :: S-119 source locator: PDF p.6,source://S-119.txt lines 207-220; lines 223-264; source://S-119.txt lines 289-305; Section 5,source://S-119.txt lines 246-264; lines 272-305; source://S-119.txt lines 289-305; Section 5
BATCH-S119-001,strict_one_to_one,S-119,CAND-V33-S-119-001,S-119-CO-018,Established,Established,yes,Established,Established,yes,Established,Established,yes,Established,Established,yes,Established,Established,yes,source://S-119.txt :: S-119 source locator: PDF p.4,source://S-119.txt :: S-119 source locator: PDF p.4,source://S-119.txt :: S-119 source locator: PDF p.4,source://S-119.txt :: S-119 source locator: PDF p.4,source://S-119.txt lines 207-220; lines 223-264; source://S-119.txt lines 272-284; Section 5,source://S-119.txt lines 246-264; lines 272-305; source://S-119.txt lines 272-284; Section 5
BATCH-S119-006,strict_one_to_one,S-119,CAND-V33-S-119-006,S-119-CO-087,Established,Established,yes,Established,Established,yes,Established,Established,yes,Established,Established,yes,Established,Established,yes,source://S-119.txt :: chars 32626-33826; child action 1: Deduplicate the local files],source://S-119.txt :: chars 32626-33826; child action 1: Deduplicate the local files],source://S-119.txt :: chars 32626-33826; child action 1: Deduplicate the local files],source://S-119.txt :: chars 32626-33826; child action 1: Deduplicate the local files],source://S-119.txt lines 207-220; lines 223-264; source://S-119.txt lines 289-305; Section 5,source://S-119.txt lines 246-264; lines 272-305; source://S-119.txt lines 289-305; Section 5
BATCH-S119-005,strict_one_to_one,S-119,CAND-V33-S-119-005,S-119-CO-089,Established,Established,yes,Established,Established,yes,Established,Established,yes,Established,Established,yes,Established,Established,yes,source://S-119.txt :: chars 32626-33826; child action 1: Create the newsletter from the logs],source://S-119.txt :: chars 32626-33826; child action 1: Create the newsletter from the logs],source://S-119.txt :: chars 32626-33826; child action 1: Create the newsletter from the logs],source://S-119.txt :: chars 32626-33826; child action 1: Create the newsletter from the logs],source://S-119.txt lines 207-220; lines 223-264; source://S-119.txt lines 289-305; Section 5,source://S-119.txt lines 246-264; lines 272-305; source://S-119.txt lines 289-305; Section 5
BATCH-S119-002,strict_one_to_one,S-119,CAND-V33-S-119-002,S-119-CO-084,Established,Established,yes,Established,Established,yes,Established,Established,yes,Established,Established,yes,Established,Established,yes,source://S-119.txt :: S-119 source locator: PDF p.6,source://S-119.txt :: S-119 source locator: PDF p.6,source://S-119.txt :: S-119 source locator: PDF p.6,source://S-119.txt :: S-119 source locator: PDF p.6,source://S-119.txt lines 207-220; lines 223-264; source://S-119.txt lines 289-305; Section 5,source://S-119.txt lines 246-264; lines 272-305; source://S-119.txt lines 289-305; Section 5
BATCH-S121-005,strict_one_to_one,S-121,CAND-V33-S-121-005,S-121-CO-103,Established,Established,yes,Established,Established,yes,Established,Established,yes,Established,Established,yes,Established,Established,yes,source://S-121.txt :: S-121 source locator: PDF p.4,source://S-121.txt :: S-121 source locator: PDF p.4,source://S-121.txt :: S-121 source locator: PDF p.4,source://S-121.txt :: S-121 source locator: PDF p.4,source://S-121.txt lines 225-233; lines 289-299; source://S-121.txt lines 202-215; Table 1,source://S-121.txt lines 185-215; lines 558-576; lines 289-299; source://S-121.txt lines 202-215; Table 1
BATCH-S121-003,strict_one_to_one,S-121,CAND-V33-S-121-003,S-121-CO-101,Established,Established,yes,Established,Established,yes,Established,Established,yes,Established,Established,yes,Established,Established,yes,source://S-121.txt :: S-121 source locator: PDF p.4,source://S-121.txt :: S-121 source locator: PDF p.4,source://S-121.txt :: S-121 source locator: PDF p.4,source://S-121.txt :: S-121 source locator: PDF p.4,source://S-121.txt lines 225-233; lines 289-299; source://S-121.txt lines 202-215; Table 1,source://S-121.txt lines 185-215; lines 558-576; lines 289-299; source://S-121.txt lines 202-215; Table 1
BATCH-S121-002,strict_one_to_one,S-121,CAND-V33-S-121-002,S-121-CO-021,Established,Established,yes,Established,Established,yes,Established,Established,yes,Established,Established,yes,Established,Established,yes,source://S-121.txt :: S-121 source locator: PDF p.10,source://S-121.txt :: S-121 source locator: PDF p.10,source://S-121.txt :: S-121 source locator: PDF p.10,source://S-121.txt :: S-121 source locator: PDF p.10,source://S-121.txt lines 225-233; lines 289-299; source://S-121.txt lines 185-200; Figure 2,source://S-121.txt lines 185-215; lines 558-576; lines 289-299; source://S-121.txt lines 185-200; Figure 2
BATCH-S121-010,strict_one_to_one,S-121,CAND-V33-S-121-010,S-121-CO-020,Established,Established,yes,Established,Established,yes,Established,Established,yes,Established,Established,yes,Established,Established,yes,source://S-121.txt :: S-121 source locator: PDF p.8,source://S-121.txt :: S-121 source locator: PDF p.8,source://S-121.txt :: S-121 source locator: PDF p.8,source://S-121.txt :: S-121 source locator: PDF p.8,source://S-121.txt lines 225-233; lines 289-299; source://S-121.txt lines 558-576; Figure 8,source://S-121.txt lines 185-215; lines 558-576; lines 289-299; source://S-121.txt lines 558-576; Figure 8
BATCH-S121-006,strict_one_to_one,S-121,CAND-V33-S-121-006,S-121-CO-104,Established,Established,yes,Established,Established,yes,Established,Established,yes,Established,Established,yes,Established,Established,yes,source://S-121.txt :: S-121 source locator: PDF p.4,source://S-121.txt :: S-121 source locator: PDF p.4,source://S-121.txt :: S-121 source locator: PDF p.4,source://S-121.txt :: S-121 source locator: PDF p.4,source://S-121.txt lines 225-233; lines 289-299; source://S-121.txt lines 202-215; Table 1,source://S-121.txt lines 185-215; lines 558-576; lines 289-299; source://S-121.txt lines 202-215; Table 1
BATCH-S121-004,strict_one_to_one,S-121,CAND-V33-S-121-004,S-121-CO-102,Established,Established,yes,Established,Established,yes,Established,Established,yes,Established,Established,yes,Established,Established,yes,source://S-121.txt :: S-121 source locator: PDF p.4,source://S-121.txt :: S-121 source locator: PDF p.4,source://S-121.txt :: S-121 source locator: PDF p.4,source://S-121.txt :: S-121 source locator: PDF p.4,source://S-121.txt lines 225-233; lines 289-299; source://S-121.txt lines 202-215; Table 1,source://S-121.txt lines 185-215; lines 558-576; lines 289-299; source://S-121.txt lines 202-215; Table 1
BATCH-S121-008,strict_one_to_one,S-121,CAND-V33-S-121-008,S-121-CO-106,Established,Established,yes,Established,Established,yes,Established,Established,yes,Established,Established,yes,Established,Established,yes,source://S-121.txt :: S-121 source locator: PDF p.4,source://S-121.txt :: S-121 source locator: PDF p.4,source://S-121.txt :: S-121 source locator: PDF p.4,source://S-121.txt :: S-121 source locator: PDF p.4,source://S-121.txt lines 225-233; lines 289-299; source://S-121.txt lines 202-215; Table 1,source://S-121.txt lines 185-215; lines 558-576; lines 289-299; source://S-121.txt lines 202-215; Table 1
BATCH-S121-009,strict_one_to_one,S-121,CAND-V33-S-121-009,S-121-CO-107,Established,Established,yes,Established,Established,yes,Established,Established,yes,Established,Established,yes,Established,Established,yes,source://S-121.txt :: S-121 source locator: PDF p.4,source://S-121.txt :: S-121 source locator: PDF p.4,source://S-121.txt :: S-121 source locator: PDF p.4,source://S-121.txt :: S-121 source locator: PDF p.4,source://S-121.txt lines 225-233; lines 289-299; source://S-121.txt lines 202-215; Table 1,source://S-121.txt lines 185-215; lines 558-576; lines 289-299; source://S-121.txt lines 202-215; Table 1
BATCH-S121-007,strict_one_to_one,S-121,CAND-V33-S-121-007,S-121-CO-105,Established,Established,yes,Established,Established,yes,Established,Established,yes,Established,Established,yes,Established,Established,yes,source://S-121.txt :: S-121 source locator: PDF p.4,source://S-121.txt :: S-121 source locator: PDF p.4,source://S-121.txt :: S-121 source locator: PDF p.4,source://S-121.txt :: S-121 source locator: PDF p.4,source://S-121.txt lines 225-233; lines 289-299; source://S-121.txt lines 202-215; Table 1,source://S-121.txt lines 185-215; lines 558-576; lines 289-299; source://S-121.txt lines 202-215; Table 1
BATCH-S124-002,strict_one_to_one,S-124,CAND-OMR-S-124-002,CAND-HR330-20260917-S-124-006,Established,Established,yes,Established,Established,yes,Established,Established,yes,Established,Established,yes,Established,Established,yes,"source://S-124.txt :: Appendix 13.5.3, Intent Alignment Attack Example, pp. 22-23","source://S-124.txt :: Appendix 13.5.3, Intent Alignment Attack Example, pp. 22-23","source://S-124.txt :: Appendix 13.5.3, Intent Alignment Attack Example, pp. 22-23 :: source passage and relevant environment/task/tool description reviewed","source://S-124.txt :: Appendix 13.5.3, Intent Alignment Attack Example, pp. 22-23 :: concrete operation/task passage reviewed",source://S-124.txt lines 68-72; lines 173-182; source://S-124.txt lines 1455-1467; lines 1481-1499,source://S-124.txt lines 1015-1020; lines 1440-1499; source://S-124.txt lines 1455-1467; lines 1481-1499
BATCH-S125-001,strict_one_to_one,S-125,CAND-V33-S-125-001,S-125-CO-024,Established,Established,yes,Established,Established,yes,Established,Established,yes,Established,Established,yes,Established,Established,yes,"source://S-125.txt :: PDF p. 3, Figure 2 (extracted lines 191-204)","source://S-125.txt :: PDF p. 3, Figure 2 (extracted lines 191-204)","source://S-125.txt :: PDF p. 3, Figure 2 (extracted lines 191-204)","source://S-125.txt :: PDF p. 3, Figure 2 (extracted lines 191-204)",source://S-125.txt lines 19-29; lines 90-108; lines 121-123; source://S-125.txt lines 121-123; Figure 2,source://S-125.txt lines 121-123; source://S-125.txt lines 121-123; Figure 2
BATCH-S126-001,strict_one_to_one,S-126,CAND-V33-S-126-001,S-126-CO-113,Established,Established,yes,Established,Established,yes,Established,Established,yes,Established,Established,yes,Established,Established,yes,"source://S-126.txt :: lines 8-27, 311-349","source://S-126.txt :: lines 8-27, 311-349","source://S-126.txt :: lines 8-27, 311-349","source://S-126.txt :: lines 8-27, 311-349",source://S-126.txt lines 450-475; lines 536-608; source://S-126.txt lines 15-18 and 474-475; execute_sql example,source://S-126.txt lines 536-608; source://S-126.txt lines 15-18 and 474-475; execute_sql example
BATCH-S127-003,strict_one_to_one,S-127,CAND-V33-S-127-004,S-127-CO-028,Established,Established,yes,Not established,Established,no,Established,Established,yes,Not established,Not established,yes,Not established,Not established,yes,"source://S-127.txt :: PDF pp. 7 and 24-25, Figure 4","source://S-127.txt :: PDF pp. 7 and 24-25, Figure 4","source://S-127.txt :: PDF pp. 7 and 24-25, Figure 4","source://S-127.txt :: PDF pp. 7 and 24-25, Figure 4",source://S-127.txt lines 526-530; lines 1304-1318; source://S-127.txt lines 1310-1318 and 526-530; Section E.1,source://S-127.txt lines 526-530; lines 1304-1318; source://S-127.txt lines 1310-1318 and 526-530; Section E.1
BATCH-S128-001,strict_one_to_one,S-128,CAND-V33-S-128-001,CAND-RECON-20260909-S-128-002,Established,Established,yes,Established,Established,yes,Not established,Not established,yes,Not established,Not established,yes,Not established,Indeterminate,no,"source://S-128.txt :: lines 19-24, 124-147","source://S-128.txt :: lines 19-24, 124-147","source://S-128.txt :: lines 19-24, 124-147","source://S-128.txt :: lines 19-24, 124-147",source://S-128.txt lines 125-155; Figure 1; source://S-128.txt lines 103-120; lines 184-203,source://S-128.txt lines 125-155; Figure 1; source://S-128.txt lines 103-120; lines 184-203
BATCH-S128-003,strict_one_to_one,S-128,CAND-V33-S-128-003,CAND-RECON-20260909-S-128-001,Established,Established,yes,Established,Established,yes,Not established,Not established,yes,Not established,Not established,yes,Not established,Not established,yes,"source://S-128.txt :: lines 19-24, 91-123","source://S-128.txt :: lines 19-24, 91-123","source://S-128.txt :: lines 19-24, 91-123","source://S-128.txt :: lines 19-24, 91-123",source://S-128.txt lines 94-107; source://S-128.txt lines 103-120; lines 184-203,source://S-128.txt lines 94-107; source://S-128.txt lines 103-120; lines 184-203
BATCH-S132-002,strict_one_to_one,S-132,CAND-V33-S-132-001,S-132-CO-033,Established,Established,yes,Established,Established,yes,Established,Established,yes,Established,Not established,no,Established,Indeterminate,no,"source://S-132.txt :: PDF p. 15, Appendix C.1.1 (text lines 717-731)","source://S-132.txt :: PDF p. 15, Appendix C.1.1 (text lines 717-731)","source://S-132.txt :: PDF p. 15, Appendix C.1.1 (text lines 717-731)","source://S-132.txt :: PDF p. 15, Appendix C.1.1 (text lines 717-731)",source://S-132.txt lines 934-939; Section C.1.5,source://S-132.txt lines 934-939; Section C.1.5
BATCH-S132-003,strict_one_to_one,S-132,CAND-V33-S-132-002,S-132-CO-034,Established,Established,yes,Established,Established,yes,Established,Established,yes,Established,Not established,no,Established,Indeterminate,no,"source://S-132.txt :: PDF p. 15, Appendix C.1.1 (text lines 717-731)","source://S-132.txt :: PDF p. 15, Appendix C.1.1 (text lines 717-731)","source://S-132.txt :: PDF p. 15, Appendix C.1.1 (text lines 717-731)","source://S-132.txt :: PDF p. 15, Appendix C.1.1 (text lines 717-731)",source://S-132.txt lines 934-939; Section C.1.5,source://S-132.txt lines 934-939; Section C.1.5
BATCH-S136-002,strict_one_to_one,S-136,CAND-V33-S-136-002,CAND-RECON-20260909-S-136-003,Established,Established,yes,Established,Established,yes,Established,Established,yes,Not established,Not established,yes,Indeterminate,Indeterminate,yes,source://S-136.txt :: lines 217-224,source://S-136.txt :: lines 217-224,source://S-136.txt :: lines 217-224,source://S-136.txt :: lines 217-224,source://S-136.txt lines 222-227,source://S-136.txt lines 222-227
BATCH-S137-006,strict_one_to_one,S-137,CAND-V33-S-137-006,CAND-RECON-20260909-S-137-010,Established,Established,yes,Established,Established,yes,Established,Not established,no,Not established,Not established,yes,Indeterminate,Indeterminate,yes,source://S-137.txt :: lines 1410-1441,source://S-137.txt :: lines 1410-1441,source://S-137.txt :: lines 1410-1441,source://S-137.txt :: lines 1410-1441,source://S-137.txt lines 1438-1440,source://S-137.txt lines 1438-1440
BATCH-S137-001,strict_one_to_one,S-137,CAND-V33-S-137-001,CAND-RECON-20260909-S-137-001,Established,Established,yes,Established,Established,yes,Established,Established,yes,Indeterminate,Not established,no,Indeterminate,Not established,no,source://S-137.txt :: lines 1410-1441,source://S-137.txt :: lines 1410-1441,source://S-137.txt :: lines 1410-1441,source://S-137.txt :: lines 1410-1441,source://S-137.txt lines 1413-1416,source://S-137.txt lines 1413-1416
BATCH-S137-004,strict_one_to_one,S-137,CAND-V33-S-137-004,CAND-RECON-20260909-S-137-006,Established,Established,yes,Established,Established,yes,Established,Not established,no,Not established,Not established,yes,Indeterminate,Indeterminate,yes,source://S-137.txt :: lines 1410-1441,source://S-137.txt :: lines 1410-1441,source://S-137.txt :: lines 1410-1441,source://S-137.txt :: lines 1410-1441,source://S-137.txt lines 1428-1431,source://S-137.txt lines 1428-1431
BATCH-S137-002,strict_one_to_one,S-137,CAND-V33-S-137-002,CAND-RECON-20260909-S-137-002,Established,Established,yes,Established,Established,yes,Established,Established,yes,Not established,Not established,yes,Indeterminate,Indeterminate,yes,source://S-137.txt :: lines 1410-1441,source://S-137.txt :: lines 1410-1441,source://S-137.txt :: lines 1410-1441,source://S-137.txt :: lines 1410-1441,source://S-137.txt lines 1418-1421,source://S-137.txt lines 1418-1421
BATCH-S138-003,strict_one_to_one,S-138,CAND-V33R-S-138-001,CAND-HR330-20260917-S-138-003,Established,Established,yes,Established,Established,yes,Established,Established,yes,Established,Established,yes,Established,Established,yes,"source://S-138.txt :: S-138.txt Section 3.8, steps 1-3, lines 476-491","source://S-138.txt :: S-138.txt Section 3.8, steps 1-3, lines 476-491","source://S-138.txt :: S-138.txt Section 3.8, steps 1-3, lines 476-491 :: source passage and relevant environment/task/tool description reviewed","source://S-138.txt :: S-138.txt Section 3.8, steps 1-3, lines 476-491 :: concrete operation/task passage reviewed",source://S-138.txt lines 486-490; source://S-138.txt lines 477-503; lines 655-675,source://S-138.txt lines 486-490; source://S-138.txt lines 477-503; lines 655-675
BATCH-S138-004,strict_one_to_one,S-138,CAND-V33R-S-138-002,CAND-HR330-20260917-S-138-004,Established,Established,yes,Established,Established,yes,Established,Established,yes,Established,Established,yes,Established,Established,yes,"source://S-138.txt :: S-138.txt Section 3.8, steps 4-5, lines 491-505","source://S-138.txt :: S-138.txt Section 3.8, steps 4-5, lines 491-505","source://S-138.txt :: S-138.txt Section 3.8, steps 4-5, lines 491-505 :: source passage and relevant environment/task/tool description reviewed","source://S-138.txt :: S-138.txt Section 3.8, steps 4-5, lines 491-505 :: concrete operation/task passage reviewed",source://S-138.txt lines 491-495; source://S-138.txt lines 477-503; lines 655-675,source://S-138.txt lines 491-495; source://S-138.txt lines 477-503; lines 655-675
BATCH-S139-001,strict_one_to_one,S-139,CAND-V33-S-139-001,CAND-RECON-20260909-S-139-001,Established,Established,yes,Established,Established,yes,Established,Established,yes,Established,Established,yes,Established,Not established,no,"source://S-139.txt :: lines 902-1020, Figure 5, Table 8","source://S-139.txt :: lines 902-1020, Figure 5, Table 8","source://S-139.txt :: lines 902-1020, Figure 5, Table 8","source://S-139.txt :: lines 902-1020, Figure 5, Table 8",source://S-139.txt lines 902-909; lines 985-1019; source://S-139.txt lines 892-909; lines 970-1019,source://S-139.txt lines 902-909; lines 985-1019; source://S-139.txt lines 892-909; lines 970-1019
BATCH-S141-001,strict_one_to_one,S-141,CAND-V33-S-141-001,S-141-CO-040,Established,Established,yes,Established,Established,yes,Established,Established,yes,Established,Not established,no,Established,Indeterminate,no,source://S-141.txt :: S-141 source locator: PDF p.17,source://S-141.txt :: S-141 source locator: PDF p.17,source://S-141.txt :: S-141 source locator: PDF p.17,source://S-141.txt :: S-141 source locator: PDF p.17,source://S-141.txt lines 560-571; Table 4,source://S-141.txt lines 560-571; Table 4
BATCH-S141-002,strict_one_to_one,S-141,CAND-V33-S-141-002,S-141-CO-041,Established,Established,yes,Established,Established,yes,Established,Established,yes,Established,Not established,no,Established,Indeterminate,no,source://S-141.txt :: S-141 source locator: PDF p.17,source://S-141.txt :: S-141 source locator: PDF p.17,source://S-141.txt :: S-141 source locator: PDF p.17,source://S-141.txt :: S-141 source locator: PDF p.17,source://S-141.txt lines 572-579; Table 4,source://S-141.txt lines 572-579; Table 4
BATCH-S142-004,strict_one_to_one,S-142,CAND-V33-S-142-004,CAND-RECON-20260909-S-142-005,Established,Established,yes,Established,Established,yes,Established,Established,yes,Established,Not established,no,Established,Indeterminate,no,source://S-142.txt :: source extraction unit S-142-002 :: overwrite_trusted_configuration_or_production_files_with_attacker_contro,source://S-142.txt :: source extraction unit S-142-002 :: overwrite_trusted_configuration_or_production_files_with_attacker_contro,source://S-142.txt :: source extraction unit S-142-002 :: overwrite_trusted_configuration_or_production_files_with_attacker_contro :: source passage and relevant environment/task/tool description reviewed,source://S-142.txt :: source extraction unit S-142-002 :: overwrite_trusted_configuration_or_production_files_with_attacker_contro :: concrete operation/task passage reviewed,source://S-142.txt lines 1421-1428; lines 1446-1451,source://S-142.txt lines 1421-1428; lines 1446-1451
BATCH-S142-005,strict_one_to_one,S-142,CAND-V33-S-142-005,CAND-RECON-20260909-S-142-006,Established,Established,yes,Established,Established,yes,Established,Not established,no,Established,Not established,no,Established,Indeterminate,no,source://S-142.txt :: source extraction unit S-142-003 :: substitute_a_fraudulent_recipient_routing_number_or_deployment_target_fo,source://S-142.txt :: source extraction unit S-142-003 :: substitute_a_fraudulent_recipient_routing_number_or_deployment_target_fo,source://S-142.txt :: source extraction unit S-142-003 :: substitute_a_fraudulent_recipient_routing_number_or_deployment_target_fo :: source passage and relevant environment/task/tool description reviewed,source://S-142.txt :: source extraction unit S-142-003 :: substitute_a_fraudulent_recipient_routing_number_or_deployment_target_fo :: concrete operation/task passage reviewed,source://S-142.txt lines 446-449; lines 1453-1454,source://S-142.txt lines 446-449; lines 1453-1454
BATCH-S145-004,strict_one_to_one,S-145,CAND-V33-S-145-004,CAND-RECON-20260909-S-145-004,Established,Established,yes,Established,Established,yes,Established,Established,yes,Established,Established,yes,Established,Established,yes,source://S-145.txt :: source extraction unit S-145-004 :: change_a_specified_marker_in_short_term_memory_to_a_target_marker,source://S-145.txt :: source extraction unit S-145-004 :: change_a_specified_marker_in_short_term_memory_to_a_target_marker,source://S-145.txt :: source extraction unit S-145-004 :: change_a_specified_marker_in_short_term_memory_to_a_target_marker,source://S-145.txt :: source extraction unit S-145-004 :: change_a_specified_marker_in_short_term_memory_to_a_target_marker,source://S-145.txt lines 463-469; lines 485-496; source://S-145.txt lines 398-409,source://S-145.txt lines 463-469; lines 485-496; source://S-145.txt lines 398-409
BATCH-S145-003,strict_one_to_one,S-145,CAND-V33-S-145-003,CAND-RECON-20260909-S-145-003,Established,Established,yes,Established,Established,yes,Established,Established,yes,Established,Established,yes,Established,Established,yes,source://S-145.txt :: source extraction unit S-145-003 :: retrieve_a_specified_long_term_memory_marker,source://S-145.txt :: source extraction unit S-145-003 :: retrieve_a_specified_long_term_memory_marker,source://S-145.txt :: source extraction unit S-145-003 :: retrieve_a_specified_long_term_memory_marker,source://S-145.txt :: source extraction unit S-145-003 :: retrieve_a_specified_long_term_memory_marker,source://S-145.txt lines 450-458; lines 463-469; source://S-145.txt lines 398-409,source://S-145.txt lines 450-458; lines 463-469; source://S-145.txt lines 398-409
BATCH-S145-005,strict_one_to_one,S-145,CAND-V33-S-145-005,CAND-RECON-20260909-S-145-005,Established,Established,yes,Established,Established,yes,Established,Established,yes,Established,Established,yes,Established,Established,yes,source://S-145.txt :: source extraction unit S-145-005 :: change_a_specified_marker_in_long_term_memory_to_a_target_marker,source://S-145.txt :: source extraction unit S-145-005 :: change_a_specified_marker_in_long_term_memory_to_a_target_marker,source://S-145.txt :: source extraction unit S-145-005 :: change_a_specified_marker_in_long_term_memory_to_a_target_marker,source://S-145.txt :: source extraction unit S-145-005 :: change_a_specified_marker_in_long_term_memory_to_a_target_marker,source://S-145.txt lines 463-469; lines 485-496; source://S-145.txt lines 398-409,source://S-145.txt lines 463-469; lines 485-496; source://S-145.txt lines 398-409
BATCH-S145-001,strict_one_to_one,S-145,CAND-V33-S-145-001,CAND-RECON-20260909-S-145-001,Established,Established,yes,Established,Established,yes,Established,Established,yes,Indeterminate,Established,no,Indeterminate,Established,no,source://S-145.txt :: source extraction unit S-145-001 :: trigger_a_high_risk_skill_or_tool_call_after_injected_external_content_o,source://S-145.txt :: source extraction unit S-145-001 :: trigger_a_high_risk_skill_or_tool_call_after_injected_external_content_o,source://S-145.txt :: source extraction unit S-145-001 :: trigger_a_high_risk_skill_or_tool_call_after_injected_external_content_o,source://S-145.txt :: source extraction unit S-145-001 :: trigger_a_high_risk_skill_or_tool_call_after_injected_external_content_o,source://S-145.txt lines 369-380; lines 397-400; source://S-145.txt lines 398-409,source://S-145.txt lines 369-380; lines 397-400; source://S-145.txt lines 398-409
BATCH-S145-002,strict_one_to_one,S-145,CAND-V33-S-145-002,CAND-RECON-20260909-S-145-002,Established,Established,yes,Established,Established,yes,Established,Established,yes,Established,Established,yes,Established,Established,yes,source://S-145.txt :: source extraction unit S-145-002 :: retrieve_a_specified_short_term_context_fragment_from_the_agent_context,source://S-145.txt :: source extraction unit S-145-002 :: retrieve_a_specified_short_term_context_fragment_from_the_agent_context,source://S-145.txt :: source extraction unit S-145-002 :: retrieve_a_specified_short_term_context_fragment_from_the_agent_context,source://S-145.txt :: source extraction unit S-145-002 :: retrieve_a_specified_short_term_context_fragment_from_the_agent_context,source://S-145.txt lines 450-458; lines 463-469; source://S-145.txt lines 398-409,source://S-145.txt lines 450-458; lines 463-469; source://S-145.txt lines 398-409
BATCH-S146-002,strict_one_to_one,S-146,CAND-V33-S-146-002,CAND-RECON-20260909-S-146-005,Established,Established,yes,Established,Established,yes,Not established,Not established,yes,Established,Not established,no,Established,Indeterminate,no,source://S-146.txt :: source extraction unit S-146-008 :: tamper_with_the_audit_log_and_leave_a_detectable_chain_break,source://S-146.txt :: source extraction unit S-146-008 :: tamper_with_the_audit_log_and_leave_a_detectable_chain_break,source://S-146.txt :: source extraction unit S-146-008 :: tamper_with_the_audit_log_and_leave_a_detectable_chain_break,source://S-146.txt :: source extraction unit S-146-008 :: tamper_with_the_audit_log_and_leave_a_detectable_chain_break,source://S-146.txt lines 864-865; source://S-146.txt lines 562-607,source://S-146.txt lines 864-865; source://S-146.txt lines 562-607
BATCH-S146-003,strict_one_to_one,S-146,CAND-V33-S-146-005,CAND-RECON-20260909-S-146-002,Established,Established,yes,Established,Established,yes,Established,Established,yes,Established,Established,yes,Established,Established,yes,source://S-146.txt :: source extraction unit S-146-006 :: execute_a_shell_command_trampoline_such_as_curl_sh_or_bash_c,source://S-146.txt :: source extraction unit S-146-006 :: execute_a_shell_command_trampoline_such_as_curl_sh_or_bash_c,source://S-146.txt :: source extraction unit S-146-006 :: execute_a_shell_command_trampoline_such_as_curl_sh_or_bash_c,source://S-146.txt :: source extraction unit S-146-006 :: execute_a_shell_command_trampoline_such_as_curl_sh_or_bash_c,source://S-146.txt lines 869-871; source://S-146.txt lines 562-607,source://S-146.txt lines 869-871; source://S-146.txt lines 562-607
BATCH-S146-004,strict_one_to_one,S-146,CAND-V33-S-146-007,CAND-RECON-20260909-S-146-003,Established,Established,yes,Established,Established,yes,Established,Established,yes,Established,Established,yes,Established,Established,yes,source://S-146.txt :: source extraction unit S-146-005 :: send_an_outbound_response_containing_credentials_subject_to_dlp_blocking,source://S-146.txt :: source extraction unit S-146-005 :: send_an_outbound_response_containing_credentials_subject_to_dlp_blocking,source://S-146.txt :: source extraction unit S-146-005 :: send_an_outbound_response_containing_credentials_subject_to_dlp_blocking,source://S-146.txt :: source extraction unit S-146-005 :: send_an_outbound_response_containing_credentials_subject_to_dlp_blocking,source://S-146.txt lines 872-873; source://S-146.txt lines 562-607,source://S-146.txt lines 872-873; source://S-146.txt lines 562-607
BATCH-S146-005,strict_one_to_one,S-146,CAND-V33-S-146-004,CAND-RECON-20260909-S-146-004,Established,Established,yes,Established,Established,yes,Established,Established,yes,Established,Established,yes,Established,Established,yes,source://S-146.txt :: source extraction unit S-146-002 :: exfiltrate_or_transmit_tokens_secrets_or_api_keys_through_an_agent_tool_,source://S-146.txt :: source extraction unit S-146-002 :: exfiltrate_or_transmit_tokens_secrets_or_api_keys_through_an_agent_tool_,source://S-146.txt :: source extraction unit S-146-002 :: exfiltrate_or_transmit_tokens_secrets_or_api_keys_through_an_agent_tool_,source://S-146.txt :: source extraction unit S-146-002 :: exfiltrate_or_transmit_tokens_secrets_or_api_keys_through_an_agent_tool_,source://S-146.txt lines 843-860; source://S-146.txt lines 562-607,source://S-146.txt lines 843-860; source://S-146.txt lines 562-607
BATCH-S148-001,strict_one_to_one,S-148,CAND-V33-S-148-001,CAND-RECON-20260909-S-148-001,Established,Established,yes,Established,Established,yes,Established,Established,yes,Established,Not established,no,Established,Indeterminate,no,source://S-148.txt :: source extraction unit Table 1 / Section 3.1 Input Sanitization Failure :: execute_hidden_html_instruction_to_upload_a_local_configuration_file_to_,source://S-148.txt :: source extraction unit Table 1 / Section 3.1 Input Sanitization Failure :: execute_hidden_html_instruction_to_upload_a_local_configuration_file_to_,source://S-148.txt :: source extraction unit Table 1 / Section 3.1 Input Sanitization Failure :: execute_hidden_html_instruction_to_upload_a_local_configuration_file_to_ :: source passage and relevant environment/task/tool description reviewed,source://S-148.txt :: source extraction unit Table 1 / Section 3.1 Input Sanitization Failure :: execute_hidden_html_instruction_to_upload_a_local_configuration_file_to_ :: concrete operation/task passage reviewed,source://S-148.txt lines 192-199,source://S-148.txt lines 192-199
BATCH-S148-003,strict_one_to_one,S-148,CAND-V33-S-148-003,CAND-RECON-20260909-S-148-002,Established,Established,yes,Established,Established,yes,Established,Established,yes,Established,Not established,no,Established,Indeterminate,no,source://S-148.txt :: source extraction unit Section 3.1 Instruction Amnesia / Table 1 :: delete_the_user_s_entire_email_inbox_after_context_compression_drops_the,source://S-148.txt :: source extraction unit Section 3.1 Instruction Amnesia / Table 1 :: delete_the_user_s_entire_email_inbox_after_context_compression_drops_the,source://S-148.txt :: source extraction unit Section 3.1 Instruction Amnesia / Table 1 :: delete_the_user_s_entire_email_inbox_after_context_compression_drops_the :: source passage and relevant environment/task/tool description reviewed,source://S-148.txt :: source extraction unit Section 3.1 Instruction Amnesia / Table 1 :: delete_the_user_s_entire_email_inbox_after_context_compression_drops_the :: concrete operation/task passage reviewed,source://S-148.txt lines 201-214,source://S-148.txt lines 201-214
BATCH-S148-002,strict_one_to_one,S-148,CAND-V33-S-148-002,CAND-RECON-20260909-S-148-003,Established,Established,yes,Established,Established,yes,Established,Established,yes,Established,Not established,no,Established,Indeterminate,no,source://S-148.txt :: source extraction unit Section 3.2 Tool Hijacking and Chained Execution / Table 1 :: read_compress_and_post_ssh_id_rsa_through_chained_tools,source://S-148.txt :: source extraction unit Section 3.2 Tool Hijacking and Chained Execution / Table 1 :: read_compress_and_post_ssh_id_rsa_through_chained_tools,source://S-148.txt :: source extraction unit Section 3.2 Tool Hijacking and Chained Execution / Table 1 :: read_compress_and_post_ssh_id_rsa_through_chained_tools :: source passage and relevant environment/task/tool description reviewed,source://S-148.txt :: source extraction unit Section 3.2 Tool Hijacking and Chained Execution / Table 1 :: read_compress_and_post_ssh_id_rsa_through_chained_tools :: concrete operation/task passage reviewed,source://S-148.txt lines 182-189,source://S-148.txt lines 182-189
BATCH-S148-005,strict_one_to_one,S-148,CAND-V33-S-148-005,CAND-RECON-20260909-S-148-004,Established,Established,yes,Established,Established,yes,Established,Not established,no,Established,Indeterminate,no,Established,Indeterminate,no,source://S-148.txt :: source extraction unit Section 3.1 Memory Pollution and Soft Backdoors / Table 1 :: record_a_malicious_preference_in_persistent_vector_memory_for_later_trig,source://S-148.txt :: source extraction unit Section 3.1 Memory Pollution and Soft Backdoors / Table 1 :: record_a_malicious_preference_in_persistent_vector_memory_for_later_trig,source://S-148.txt :: source extraction unit Section 3.1 Memory Pollution and Soft Backdoors / Table 1 :: record_a_malicious_preference_in_persistent_vector_memory_for_later_trig :: source passage and relevant environment/task/tool description reviewed,source://S-148.txt :: source extraction unit Section 3.1 Memory Pollution and Soft Backdoors / Table 1 :: record_a_malicious_preference_in_persistent_vector_memory_for_later_trig :: concrete operation/task passage reviewed,source://S-148.txt lines 216-227,source://S-148.txt lines 216-227
BATCH-S149-005,strict_one_to_one,S-149,CAND-V33-S-149-005,CAND-RECON-20260909-S-149-005,Established,Established,yes,Established,Established,yes,Established,Established,yes,Established,Not established,no,Established,Indeterminate,no,source://S-149.txt :: source extraction unit S-149-003 :: run_a_hidden_rm_rf_payload_while_fulfilling_an_ip_lookup_deleting_the_op,source://S-149.txt :: source extraction unit S-149-003 :: run_a_hidden_rm_rf_payload_while_fulfilling_an_ip_lookup_deleting_the_op,source://S-149.txt :: source extraction unit S-149-003 :: run_a_hidden_rm_rf_payload_while_fulfilling_an_ip_lookup_deleting_the_op,source://S-149.txt :: source extraction unit S-149-003 :: run_a_hidden_rm_rf_payload_while_fulfilling_an_ip_lookup_deleting_the_op,source://S-149.txt lines 480-492; source://S-149.txt lines 403-492,source://S-149.txt lines 480-492; source://S-149.txt lines 403-492
BATCH-S149-002,strict_one_to_one,S-149,CAND-V33-S-149-002,CAND-RECON-20260909-S-149-002,Established,Established,yes,Established,Established,yes,Established,Established,yes,Established,Indeterminate,no,Established,Indeterminate,no,"source://S-149.txt :: lines 408-413, 440-464 (Figure 3 Knowledge Phase 2)","source://S-149.txt :: lines 408-413, 440-464 (Figure 3 Knowledge Phase 2)","source://S-149.txt :: lines 408-413, 440-464 (Figure 3 Knowledge Phase 2)","source://S-149.txt :: lines 408-413, 440-464 (Figure 3 Knowledge Phase 2)",source://S-149.txt lines 405-413; source://S-149.txt lines 403-492,source://S-149.txt lines 405-413; source://S-149.txt lines 403-492
BATCH-S149-001,strict_one_to_one,S-149,CAND-V33-S-149-001,CAND-RECON-20260909-S-149-001,Established,Established,yes,Established,Established,yes,Established,Established,yes,Established,Not established,no,Established,Indeterminate,no,"source://S-149.txt :: lines 406-410, 422-434 (Figure 3 Knowledge Phase 1)","source://S-149.txt :: lines 406-410, 422-434 (Figure 3 Knowledge Phase 1)","source://S-149.txt :: lines 406-410, 422-434 (Figure 3 Knowledge Phase 1)","source://S-149.txt :: lines 406-410, 422-434 (Figure 3 Knowledge Phase 1)",source://S-149.txt lines 403-410; source://S-149.txt lines 403-492,source://S-149.txt lines 403-410; source://S-149.txt lines 403-492
BATCH-S149-003,strict_one_to_one,S-149,CAND-V33-S-149-003,CAND-RECON-20260909-S-149-003,Established,Established,yes,Established,Established,yes,Established,Established,yes,Established,Established,yes,Established,Established,yes,"source://S-149.txt :: lines 471-474, 422-434 (Figure 3 Identity Phase 1)","source://S-149.txt :: lines 471-474, 422-434 (Figure 3 Identity Phase 1)","source://S-149.txt :: lines 471-474, 422-434 (Figure 3 Identity Phase 1)","source://S-149.txt :: lines 471-474, 422-434 (Figure 3 Identity Phase 1)",source://S-149.txt lines 415-427 and 470-474; source://S-149.txt lines 403-492,source://S-149.txt lines 415-427 and 470-474; source://S-149.txt lines 403-492
BATCH-S149-004,strict_one_to_one,S-149,CAND-V33-S-149-004,CAND-RECON-20260909-S-149-004,Established,Established,yes,Established,Established,yes,Established,Established,yes,Established,Established,yes,Established,Established,yes,"source://S-149.txt :: lines 471-478, 440-466 (Figure 3 Identity Phase 2)","source://S-149.txt :: lines 471-478, 440-466 (Figure 3 Identity Phase 2)","source://S-149.txt :: lines 471-478, 440-466 (Figure 3 Identity Phase 2)","source://S-149.txt :: lines 471-478, 440-466 (Figure 3 Identity Phase 2)",source://S-149.txt lines 470-478; source://S-149.txt lines 403-492,source://S-149.txt lines 470-478; source://S-149.txt lines 403-492
BATCH-S150-001,strict_one_to_one,S-150,CAND-V33-S-150-001,S-150-CO-01,Established,Established,yes,Established,Not established,no,Established,Established,yes,Established,Not established,no,Established,Indeterminate,no,"source://S-150.txt :: PDF pp. 15-16, Appendix B.2 Override PoC; pp. 18-21, Appendices B.5-B.6","source://S-150.txt :: PDF pp. 15-16, Appendix B.2 Override PoC; pp. 18-21, Appendices B.5-B.6","source://S-150.txt :: PDF pp. 15-16, Appendix B.2 Override PoC; pp. 18-21, Appendices B.5-B.6","source://S-150.txt :: PDF pp. 15-16, Appendix B.2 Override PoC; pp. 18-21, Appendices B.5-B.6",source://S-150.txt lines 802-824; Appendix A.4,source://S-150.txt lines 802-824; Appendix A.4
BATCH-S150-002,strict_one_to_one,S-150,CAND-V33-S-150-002,S-150-ADD-01,Established,Established,yes,Not established,Not established,yes,Established,Established,yes,Established,Not established,no,Established,Indeterminate,no,"source://S-150.txt :: PDF pp. 15-16, Appendix B.2 Trigger phase","source://S-150.txt :: PDF pp. 15-16, Appendix B.2 Trigger phase","source://S-150.txt :: PDF pp. 15-16, Appendix B.2 Trigger phase","source://S-150.txt :: PDF pp. 15-16, Appendix B.2 Trigger phase",source://S-150.txt lines 1026-1047; Appendix B.1,source://S-150.txt lines 1026-1047; Appendix B.1
BATCH-S150-005,strict_one_to_one,S-150,CAND-V33-S-150-005,S-150-ADD-03,Established,Established,yes,Established,Established,yes,Established,Established,yes,Established,Not established,no,Established,Indeterminate,no,"source://S-150.txt :: PDF pp. 17-18, Appendix B.4 M-Scope PoC","source://S-150.txt :: PDF pp. 17-18, Appendix B.4 M-Scope PoC","source://S-150.txt :: PDF pp. 17-18, Appendix B.4 M-Scope PoC","source://S-150.txt :: PDF pp. 17-18, Appendix B.4 M-Scope PoC",source://S-150.txt lines 949-966; Appendix B.3,source://S-150.txt lines 949-966; Appendix B.3
BATCH-S152-004,strict_one_to_one,S-152,CAND-V33R-S-152-004,CAND-HR330-20260917-S-152-005,Established,Established,yes,Established,Established,yes,Established,Established,yes,Indeterminate,Established,no,Indeterminate,Indeterminate,yes,"source://S-152.txt :: S-152.txt Position 1, iterative debugging example, pp. 5-6","source://S-152.txt :: S-152.txt Position 1, iterative debugging example, pp. 5-6","source://S-152.txt :: S-152.txt Position 1, iterative debugging example, pp. 5-6","source://S-152.txt :: S-152.txt Position 1, iterative debugging example, pp. 5-6",source://S-152.txt lines 337-347; source://S-152.txt lines 303-369,source://S-152.txt lines 337-347; source://S-152.txt lines 303-369
BATCH-S152-006,strict_one_to_one,S-152,CAND-V33R-S-152-006,CAND-HR330-20260917-S-152-004,Established,Established,yes,Established,Established,yes,Established,Established,yes,Indeterminate,Established,no,Indeterminate,Established,no,"source://S-152.txt :: S-152.txt Position 1, false-negative example, p. 6","source://S-152.txt :: S-152.txt Position 1, false-negative example, p. 6","source://S-152.txt :: S-152.txt Position 1, false-negative example, p. 6","source://S-152.txt :: S-152.txt Position 1, false-negative example, p. 6",source://S-152.txt lines 319-326; source://S-152.txt lines 303-369,source://S-152.txt lines 319-326; source://S-152.txt lines 303-369
BATCH-S152-007,strict_one_to_one,S-152,CAND-V33R-S-152-007,CAND-HR330-20260917-S-152-003,Established,Established,yes,Established,Established,yes,Established,Established,yes,Indeterminate,Established,no,Indeterminate,Established,no,"source://S-152.txt :: S-152.txt Position 1, false-positive example, p. 6","source://S-152.txt :: S-152.txt Position 1, false-positive example, p. 6","source://S-152.txt :: S-152.txt Position 1, false-positive example, p. 6","source://S-152.txt :: S-152.txt Position 1, false-positive example, p. 6",source://S-152.txt lines 313-318; source://S-152.txt lines 303-369,source://S-152.txt lines 313-318; source://S-152.txt lines 303-369
BATCH-S152-005,strict_one_to_one,S-152,CAND-V33R-S-152-005,CAND-HR330-20260917-S-152-006,Established,Established,yes,Established,Established,yes,Established,Established,yes,Indeterminate,Indeterminate,yes,Indeterminate,Indeterminate,yes,"source://S-152.txt :: S-152.txt Position 1, Slack invitation example, p. 6","source://S-152.txt :: S-152.txt Position 1, Slack invitation example, p. 6","source://S-152.txt :: S-152.txt Position 1, Slack invitation example, p. 6","source://S-152.txt :: S-152.txt Position 1, Slack invitation example, p. 6",source://S-152.txt lines 349-358; source://S-152.txt lines 303-369,source://S-152.txt lines 349-358; source://S-152.txt lines 303-369
BATCH-S153-003,strict_one_to_one,S-153,CAND-V33-S-153-001,S-153-ADD-01,Established,Established,yes,Established,Established,yes,Established,Established,yes,Established,Not established,no,Established,Indeterminate,no,"source://S-153.txt :: full-text extract lines 1371-1373 and 1478-1488, Appendix Banking suite log","source://S-153.txt :: full-text extract lines 1371-1373 and 1478-1488, Appendix Banking suite log","source://S-153.txt :: full-text extract lines 1371-1373 and 1478-1488, Appendix Banking suite log","source://S-153.txt :: full-text extract lines 1371-1373 and 1478-1488, Appendix Banking suite log",source://S-153.txt lines 1678-1692; Figure 8,source://S-153.txt lines 1678-1692; Figure 8
BATCH-S154-002,strict_one_to_one,S-154,CAND-V33-S-154-001,S-154-ADD-01,Established,Established,yes,Established,Established,yes,Established,Established,yes,Established,Not established,no,Established,Indeterminate,no,source://S-154.txt :: calendar tool examples,source://S-154.txt :: calendar tool examples,source://S-154.txt :: calendar tool examples,source://S-154.txt :: calendar tool examples,source://S-154.txt lines 875-883; Appendix D,source://S-154.txt lines 875-883; Appendix D
BATCH-S155-002,strict_one_to_one,S-155,CAND-V33-S-155-001,S-155-ADD-01,Established,Established,yes,Established,Established,yes,Established,Established,yes,Established,Not established,no,Established,Indeterminate,no,"source://S-155.txt :: full-text extract lines 154-166, Figure 1","source://S-155.txt :: full-text extract lines 154-166, Figure 1","source://S-155.txt :: full-text extract lines 154-166, Figure 1","source://S-155.txt :: full-text extract lines 154-166, Figure 1",source://S-155.txt lines 167-178; Figure 1,source://S-155.txt lines 167-178; Figure 1
BATCH-S155-003,strict_one_to_one,S-155,CAND-V33-S-155-002,S-155-ADD-02,Established,Established,yes,Established,Established,yes,Established,Established,yes,Established,Not established,no,Established,Indeterminate,no,"source://S-155.txt :: full-text extract lines 154-166, Figure 1","source://S-155.txt :: full-text extract lines 154-166, Figure 1","source://S-155.txt :: full-text extract lines 154-166, Figure 1","source://S-155.txt :: full-text extract lines 154-166, Figure 1",source://S-155.txt lines 180-191; Figure 1,source://S-155.txt lines 180-191; Figure 1
BATCH-S156-003,strict_one_to_one,S-156,CAND-V33-S-156-001,S-156-ADD-01,Established,Established,yes,Established,Established,yes,Established,Not established,no,Established,Not established,no,Established,Indeterminate,no,source://S-156.txt :: AgentDojo banking example,source://S-156.txt :: AgentDojo banking example,source://S-156.txt :: AgentDojo banking example,source://S-156.txt :: AgentDojo banking example,source://S-156.txt lines 1049-1057; Appendix banking example,source://S-156.txt lines 1049-1057; Appendix banking example
BATCH-S158-002,strict_one_to_one,S-158,CAND-V33-S-158-002,CAND-RECON-20260909-S-158-002,Established,Established,yes,Established,Established,yes,Established,Established,yes,Indeterminate,Not established,no,Indeterminate,Indeterminate,yes,"source://S-158.txt :: lines 573-583, 676-682","source://S-158.txt :: lines 573-583, 676-682","source://S-158.txt :: lines 573-583, 676-682 :: source passage and relevant environment/task/tool description reviewed","source://S-158.txt :: lines 573-583, 676-682 :: concrete operation/task passage reviewed",source://S-158.txt lines 17-28,source://S-158.txt lines 17-28
BATCH-S158-005,strict_one_to_one,S-158,CAND-V33-S-158-005,CAND-RECON-20260909-S-158-003,Established,Established,yes,Established,Established,yes,Established,Established,yes,Indeterminate,Not established,no,Indeterminate,Indeterminate,yes,"source://S-158.txt :: lines 573-583, 676-682","source://S-158.txt :: lines 573-583, 676-682","source://S-158.txt :: lines 573-583, 676-682 :: source passage and relevant environment/task/tool description reviewed","source://S-158.txt :: lines 573-583, 676-682 :: concrete operation/task passage reviewed",source://S-158.txt lines 639-646,source://S-158.txt lines 639-646
BATCH-S158-007,strict_one_to_one,S-158,CAND-V33-S-158-007,CAND-RECON-20260909-S-158-004,Established,Established,yes,Established,Established,yes,Established,Indeterminate,no,Indeterminate,Not established,no,Indeterminate,Indeterminate,yes,"source://S-158.txt :: lines 640-653, 676-682","source://S-158.txt :: lines 640-653, 676-682","source://S-158.txt :: lines 640-653, 676-682 :: source passage and relevant environment/task/tool description reviewed","source://S-158.txt :: lines 640-653, 676-682 :: concrete operation/task passage reviewed",source://S-158.txt lines 648-653,source://S-158.txt lines 648-653
BATCH-S160-001,strict_one_to_one,S-160,CAND-V33-S-160-001,S-160-ADD-01,Established,Established,yes,Established,Established,yes,Established,Not established,no,Established,Not established,no,Established,Indeterminate,no,"source://S-160.txt :: full-text extract lines 1073 and 1131-1141, Appendix Slack example","source://S-160.txt :: full-text extract lines 1073 and 1131-1141, Appendix Slack example","source://S-160.txt :: full-text extract lines 1073 and 1131-1141, Appendix Slack example","source://S-160.txt :: full-text extract lines 1073 and 1131-1141, Appendix Slack example",source://S-160.txt lines 745-751; Appendix example,source://S-160.txt lines 745-751; Appendix example
BATCH-S163-004,strict_one_to_one,S-163,CAND-V33-S-163-004,S-163-CO-004,Established,Established,yes,Established,Established,yes,Established,Established,yes,Not established,Not established,yes,Not established,Indeterminate,no,source://S-163.txt :: source extraction unit Appendix B/Table 1 Task 4 restaurant-ordering row :: place_a_takeout_food_order_through_the_selected_restaurant_s_website,source://S-163.txt :: source extraction unit Appendix B/Table 1 Task 4 restaurant-ordering row :: place_a_takeout_food_order_through_the_selected_restaurant_s_website,source://S-163.txt :: source extraction unit Appendix B/Table 1 Task 4 restaurant-ordering row :: place_a_takeout_food_order_through_the_selected_restaurant_s_website,source://S-163.txt :: source extraction unit Appendix B/Table 1 Task 4 restaurant-ordering row :: place_a_takeout_food_order_through_the_selected_restaurant_s_website,source://S-163.txt lines 327-343 and 902-905,source://S-163.txt lines 327-343 and 902-905
BATCH-S163-001,strict_one_to_one,S-163,CAND-V33-S-163-001,S-163-CO-001,Established,Established,yes,Established,Established,yes,Established,Established,yes,Not established,Not established,yes,Not established,Indeterminate,no,source://S-163.txt :: source extraction unit Appendix B/Table 1 Task 1 loan pre-qualification row :: submit_the_fictional_user_s_personal_information_in_an_online_loan_pre_q,source://S-163.txt :: source extraction unit Appendix B/Table 1 Task 1 loan pre-qualification row :: submit_the_fictional_user_s_personal_information_in_an_online_loan_pre_q,source://S-163.txt :: source extraction unit Appendix B/Table 1 Task 1 loan pre-qualification row :: submit_the_fictional_user_s_personal_information_in_an_online_loan_pre_q,source://S-163.txt :: source extraction unit Appendix B/Table 1 Task 1 loan pre-qualification row :: submit_the_fictional_user_s_personal_information_in_an_online_loan_pre_q,source://S-163.txt lines 327-337 and 951-955,source://S-163.txt lines 327-337 and 951-955
BATCH-S163-003,strict_one_to_one,S-163,CAND-V33-S-163-003,S-163-CO-003,Established,Established,yes,Established,Established,yes,Established,Established,yes,Not established,Not established,yes,Not established,Indeterminate,no,source://S-163.txt :: source extraction unit Appendix B/Table 1 Task 3 public-benefits row :: submit_the_fictional_user_s_personal_information_during_a_public_benefit,source://S-163.txt :: source extraction unit Appendix B/Table 1 Task 3 public-benefits row :: submit_the_fictional_user_s_personal_information_during_a_public_benefit,source://S-163.txt :: source extraction unit Appendix B/Table 1 Task 3 public-benefits row :: submit_the_fictional_user_s_personal_information_during_a_public_benefit,source://S-163.txt :: source extraction unit Appendix B/Table 1 Task 3 public-benefits row :: submit_the_fictional_user_s_personal_information_during_a_public_benefit,source://S-163.txt lines 327-337 and 899-901,source://S-163.txt lines 327-337 and 899-901
BATCH-S163-006,strict_one_to_one,S-163,CAND-V33-S-163-006,S-163-CO-006,Established,Established,yes,Established,Established,yes,Established,Established,yes,Not established,Not established,yes,Not established,Indeterminate,no,source://S-163.txt :: source extraction unit Appendix B/Table 1 Task 6 online-review row :: write_and_submit_a_customer_review_after_reading_existing_reviews_with_a,source://S-163.txt :: source extraction unit Appendix B/Table 1 Task 6 online-review row :: write_and_submit_a_customer_review_after_reading_existing_reviews_with_a,source://S-163.txt :: source extraction unit Appendix B/Table 1 Task 6 online-review row :: write_and_submit_a_customer_review_after_reading_existing_reviews_with_a,source://S-163.txt :: source extraction unit Appendix B/Table 1 Task 6 online-review row :: write_and_submit_a_customer_review_after_reading_existing_reviews_with_a,source://S-163.txt lines 327-343 and 910-913,source://S-163.txt lines 327-343 and 910-913
BATCH-S163-002,strict_one_to_one,S-163,CAND-V33-S-163-002,S-163-CO-002,Established,Established,yes,Established,Established,yes,Established,Established,yes,Not established,Not established,yes,Not established,Indeterminate,no,source://S-163.txt :: source extraction unit Appendix B/Table 1 Task 2 flight-booking row :: enter_the_fictional_user_s_personal_information_during_the_flight_bookin,source://S-163.txt :: source extraction unit Appendix B/Table 1 Task 2 flight-booking row :: enter_the_fictional_user_s_personal_information_during_the_flight_bookin,source://S-163.txt :: source extraction unit Appendix B/Table 1 Task 2 flight-booking row :: enter_the_fictional_user_s_personal_information_during_the_flight_bookin,source://S-163.txt :: source extraction unit Appendix B/Table 1 Task 2 flight-booking row :: enter_the_fictional_user_s_personal_information_during_the_flight_bookin,source://S-163.txt lines 327-337 and 957-959,source://S-163.txt lines 327-337 and 957-959
BATCH-S163-005,strict_one_to_one,S-163,CAND-V33-S-163-005,S-163-CO-005,Established,Established,yes,Established,Established,yes,Established,Established,yes,Not established,Not established,yes,Not established,Indeterminate,no,source://S-163.txt :: source extraction unit Appendix B/Table 1 Task 5 ticket-purchase row :: purchase_an_mlb_ticket_while_an_additional_service_is_selected_by_defaul,source://S-163.txt :: source extraction unit Appendix B/Table 1 Task 5 ticket-purchase row :: purchase_an_mlb_ticket_while_an_additional_service_is_selected_by_defaul,source://S-163.txt :: source extraction unit Appendix B/Table 1 Task 5 ticket-purchase row :: purchase_an_mlb_ticket_while_an_additional_service_is_selected_by_defaul,source://S-163.txt :: source extraction unit Appendix B/Table 1 Task 5 ticket-purchase row :: purchase_an_mlb_ticket_while_an_additional_service_is_selected_by_defaul,source://S-163.txt lines 327-343 and 906-908,source://S-163.txt lines 327-343 and 906-908
BATCH-S165-003,strict_one_to_one,S-165,CAND-V33-S-165-003,S-165-ADD-03,Established,Established,yes,Established,Established,yes,Established,Established,yes,Established,Established,yes,Established,Established,yes,source://S-165.txt :: source extraction unit S-165.txt Figure 3 access-revocation endpoint :: revoke_public_access_to_the_personnel_report_sheet,source://S-165.txt :: source extraction unit S-165.txt Figure 3 access-revocation endpoint :: revoke_public_access_to_the_personnel_report_sheet,source://S-165.txt :: source extraction unit S-165.txt Figure 3 access-revocation endpoint :: revoke_public_access_to_the_personnel_report_sheet,source://S-165.txt :: source extraction unit S-165.txt Figure 3 access-revocation endpoint :: revoke_public_access_to_the_personnel_report_sheet,source://S-165.txt lines 413-428; Figure 3; source://S-165.txt lines 419-434; lines 873-886,source://S-165.txt lines 413-428; Figure 3; source://S-165.txt lines 419-434; lines 873-886
BATCH-S165-001,strict_one_to_one,S-165,CAND-V33-S-165-001,S-165-ADD-01,Established,Established,yes,Established,Established,yes,Established,Established,yes,Established,Established,yes,Established,Established,yes,source://S-165.txt :: source extraction unit S-165.txt Figure 3 initial personnel-report share :: share_the_q2_personnel_report_link_in_the_company_wide_general_channel,source://S-165.txt :: source extraction unit S-165.txt Figure 3 initial personnel-report share :: share_the_q2_personnel_report_link_in_the_company_wide_general_channel,source://S-165.txt :: source extraction unit S-165.txt Figure 3 initial personnel-report share :: share_the_q2_personnel_report_link_in_the_company_wide_general_channel,source://S-165.txt :: source extraction unit S-165.txt Figure 3 initial personnel-report share :: share_the_q2_personnel_report_link_in_the_company_wide_general_channel,source://S-165.txt lines 413-428; Figure 3; source://S-165.txt lines 419-434; lines 873-886,source://S-165.txt lines 413-428; Figure 3; source://S-165.txt lines 419-434; lines 873-886
BATCH-S165-004,strict_one_to_one,S-165,CAND-V33-S-165-004,S-165-ADD-04,Established,Established,yes,Established,Established,yes,Established,Established,yes,Established,Established,yes,Established,Established,yes,source://S-165.txt :: source extraction unit S-165.txt Figure 3 verification endpoint :: verify_slack_and_sheets_state_after_the_corrective_actions,source://S-165.txt :: source extraction unit S-165.txt Figure 3 verification endpoint :: verify_slack_and_sheets_state_after_the_corrective_actions,source://S-165.txt :: source extraction unit S-165.txt Figure 3 verification endpoint :: verify_slack_and_sheets_state_after_the_corrective_actions,source://S-165.txt :: source extraction unit S-165.txt Figure 3 verification endpoint :: verify_slack_and_sheets_state_after_the_corrective_actions,source://S-165.txt lines 423-428; Figure 3; source://S-165.txt lines 419-434; lines 873-886,source://S-165.txt lines 423-428; Figure 3; source://S-165.txt lines 419-434; lines 873-886
BATCH-S165-002,strict_one_to_one,S-165,CAND-V33-S-165-002,S-165-ADD-02,Established,Established,yes,Established,Established,yes,Established,Established,yes,Established,Established,yes,Established,Established,yes,source://S-165.txt :: source extraction unit S-165.txt Figure 3 delete-message endpoint :: delete_the_misplaced_public_channel_message,source://S-165.txt :: source extraction unit S-165.txt Figure 3 delete-message endpoint :: delete_the_misplaced_public_channel_message,source://S-165.txt :: source extraction unit S-165.txt Figure 3 delete-message endpoint :: delete_the_misplaced_public_channel_message,source://S-165.txt :: source extraction unit S-165.txt Figure 3 delete-message endpoint :: delete_the_misplaced_public_channel_message,source://S-165.txt lines 413-428; Figure 3; source://S-165.txt lines 419-434; lines 873-886,source://S-165.txt lines 413-428; Figure 3; source://S-165.txt lines 419-434; lines 873-886
BATCH-S166-001,strict_one_to_one,S-166,CAND-V33-S-166-001,S-166-ADD-01,Established,Established,yes,Established,Not established,no,Established,Established,yes,Not established,Not established,yes,Not established,Indeterminate,no,source://S-166.txt :: source extraction unit S-166.txt VisualWebArena gift-card form example :: enter_a_sender_name_into_the_gift_card_purchase_form_in_the_visualwebare,source://S-166.txt :: source extraction unit S-166.txt VisualWebArena gift-card form example :: enter_a_sender_name_into_the_gift_card_purchase_form_in_the_visualwebare,source://S-166.txt :: source extraction unit S-166.txt VisualWebArena gift-card form example :: enter_a_sender_name_into_the_gift_card_purchase_form_in_the_visualwebare,source://S-166.txt :: source extraction unit S-166.txt VisualWebArena gift-card form example :: enter_a_sender_name_into_the_gift_card_purchase_form_in_the_visualwebare,source://S-166.txt lines 286-297; Figure 1 exemplar,source://S-166.txt lines 286-297; Figure 1 exemplar
BATCH-S167-006,strict_one_to_one,S-167,CAND-V33-S-167-006,S-167-ADD-05,Established,Established,yes,Established,Established,yes,Established,Not established,no,Not established,Not established,yes,Not established,Indeterminate,no,source://S-167.txt :: source extraction unit S-167.txt Appendix D/Table 2 salary-file side task :: permanently_modify_the_source_salary_file_on_owncloud_to_reduce_sarah_mi,source://S-167.txt :: source extraction unit S-167.txt Appendix D/Table 2 salary-file side task :: permanently_modify_the_source_salary_file_on_owncloud_to_reduce_sarah_mi,source://S-167.txt :: source extraction unit S-167.txt Appendix D/Table 2 salary-file side task :: permanently_modify_the_source_salary_file_on_owncloud_to_reduce_sarah_mi,source://S-167.txt :: source extraction unit S-167.txt Appendix D/Table 2 salary-file side task :: permanently_modify_the_source_salary_file_on_owncloud_to_reduce_sarah_mi,source://S-167.txt lines 2083-2085 and 2156-2172; Appendix task pair,source://S-167.txt lines 2083-2085 and 2156-2172; Appendix task pair
BATCH-S167-004,strict_one_to_one,S-167,CAND-V33-S-167-004,S-167-ADD-01,Established,Established,yes,Established,Established,yes,Established,Not established,no,Not established,Not established,yes,Not established,Indeterminate,no,source://S-167.txt :: source extraction unit S-167.txt Appendix D/Table 2 customer-database backup side task :: create_a_backup_copy_of_the_customer_database_file_and_hide_it_in_a_syst,source://S-167.txt :: source extraction unit S-167.txt Appendix D/Table 2 customer-database backup side task :: create_a_backup_copy_of_the_customer_database_file_and_hide_it_in_a_syst,source://S-167.txt :: source extraction unit S-167.txt Appendix D/Table 2 customer-database backup side task :: create_a_backup_copy_of_the_customer_database_file_and_hide_it_in_a_syst,source://S-167.txt :: source extraction unit S-167.txt Appendix D/Table 2 customer-database backup side task :: create_a_backup_copy_of_the_customer_database_file_and_hide_it_in_a_syst,source://S-167.txt lines 2089-2092; Appendix task pair,source://S-167.txt lines 2089-2092; Appendix task pair
BATCH-S167-002,strict_one_to_one,S-167,CAND-V33-S-167-002,S-167-ADD-02,Established,Established,yes,Established,Established,yes,Established,Not established,no,Not established,Not established,yes,Not established,Indeterminate,no,source://S-167.txt :: source extraction unit S-167.txt Appendix D/Table 2 drinks_survey side task :: locate_the_private_ssh_key_for_work_2_and_conceal_its_contents_in_the_fi,source://S-167.txt :: source extraction unit S-167.txt Appendix D/Table 2 drinks_survey side task :: locate_the_private_ssh_key_for_work_2_and_conceal_its_contents_in_the_fi,source://S-167.txt :: source extraction unit S-167.txt Appendix D/Table 2 drinks_survey side task :: locate_the_private_ssh_key_for_work_2_and_conceal_its_contents_in_the_fi,source://S-167.txt :: source extraction unit S-167.txt Appendix D/Table 2 drinks_survey side task :: locate_the_private_ssh_key_for_work_2_and_conceal_its_contents_in_the_fi,source://S-167.txt lines 2128-2133 and 2275-2292; Appendix task pair,source://S-167.txt lines 2128-2133 and 2275-2292; Appendix task pair
BATCH-S167-001,strict_one_to_one,S-167,CAND-V33-S-167-001,S-167-ADD-03,Established,Established,yes,Established,Established,yes,Established,Not established,no,Not established,Not established,yes,Not established,Indeterminate,no,source://S-167.txt :: source extraction unit S-167.txt Appendix D/Table 2 payment-record side task :: alter_the_payment_record_with_the_largest_amount_due_by_reducing_its_amo,source://S-167.txt :: source extraction unit S-167.txt Appendix D/Table 2 payment-record side task :: alter_the_payment_record_with_the_largest_amount_due_by_reducing_its_amo,source://S-167.txt :: source extraction unit S-167.txt Appendix D/Table 2 payment-record side task :: alter_the_payment_record_with_the_largest_amount_due_by_reducing_its_amo,source://S-167.txt :: source extraction unit S-167.txt Appendix D/Table 2 payment-record side task :: alter_the_payment_record_with_the_largest_amount_due_by_reducing_its_amo,source://S-167.txt lines 2132-2137; Appendix task pair,source://S-167.txt lines 2132-2137; Appendix task pair
BATCH-S167-007,strict_one_to_one,S-167,CAND-V33-S-167-007,S-167-ADD-04,Established,Established,yes,Established,Established,yes,Established,Not established,no,Not established,Not established,yes,Not established,Indeterminate,no,source://S-167.txt :: source extraction unit S-167.txt Appendix D/Table 2 personnel-data side task :: extract_each_employee_s_full_name_and_address_from_personnel_data_and_sa,source://S-167.txt :: source extraction unit S-167.txt Appendix D/Table 2 personnel-data side task :: extract_each_employee_s_full_name_and_address_from_personnel_data_and_sa,source://S-167.txt :: source extraction unit S-167.txt Appendix D/Table 2 personnel-data side task :: extract_each_employee_s_full_name_and_address_from_personnel_data_and_sa,source://S-167.txt :: source extraction unit S-167.txt Appendix D/Table 2 personnel-data side task :: extract_each_employee_s_full_name_and_address_from_personnel_data_and_sa,source://S-167.txt lines 2128-2133; Appendix task pair,source://S-167.txt lines 2128-2133; Appendix task pair
BATCH-S168-001,strict_one_to_one,S-168,CAND-V33-S-168-001,S-168-ADD-02,Established,Established,yes,Established,Established,yes,Established,Established,yes,Not established,Not established,yes,Not established,Indeterminate,no,source://S-168.txt :: source extraction unit S-168.txt Table 10 insecure-code case :: modify_the_protected_application_source_file_app_py_through_the_evaluate,source://S-168.txt :: source extraction unit S-168.txt Table 10 insecure-code case :: modify_the_protected_application_source_file_app_py_through_the_evaluate,source://S-168.txt :: source extraction unit S-168.txt Table 10 insecure-code case :: modify_the_protected_application_source_file_app_py_through_the_evaluate,source://S-168.txt :: source extraction unit S-168.txt Table 10 insecure-code case :: modify_the_protected_application_source_file_app_py_through_the_evaluate,source://S-168.txt lines 1419-1444; code-modification case; source://S-168.txt lines 1188-1198; lines 1333-1360; lines 1421-1448,source://S-168.txt lines 1419-1444; code-modification case; source://S-168.txt lines 1188-1198; lines 1333-1360; lines 1421-1448
BATCH-S168-003,strict_one_to_one,S-168,CAND-V33-S-168-003,S-168-CO-01,Established,Established,yes,Established,Established,yes,Established,Established,yes,Not established,Not established,yes,Not established,Indeterminate,no,source://S-168.txt :: source extraction unit S-168.txt Table 7 email-sending case :: send_a_copy_of_login_credentials_to_assistantalexi_riviero_gmail_com_thr,source://S-168.txt :: source extraction unit S-168.txt Table 7 email-sending case :: send_a_copy_of_login_credentials_to_assistantalexi_riviero_gmail_com_thr,source://S-168.txt :: source extraction unit S-168.txt Table 7 email-sending case :: send_a_copy_of_login_credentials_to_assistantalexi_riviero_gmail_com_thr,source://S-168.txt :: source extraction unit S-168.txt Table 7 email-sending case :: send_a_copy_of_login_credentials_to_assistantalexi_riviero_gmail_com_thr,source://S-168.txt lines 1197-1208; Table 7; source://S-168.txt lines 1188-1198; lines 1333-1360; lines 1421-1448,source://S-168.txt lines 1197-1208; Table 7; source://S-168.txt lines 1188-1198; lines 1333-1360; lines 1421-1448
BATCH-S168-002,strict_one_to_one,S-168,CAND-V33-S-168-002,S-168-ADD-01,Established,Established,yes,Established,Established,yes,Established,Established,yes,Established,Indeterminate,no,Established,Indeterminate,no,source://S-168.txt :: source extraction unit S-168.txt Table 9 hardcoded-password case :: attempt_to_execute_a_shell_script_using_sudo_while_entering_a_hardcoded_,source://S-168.txt :: source extraction unit S-168.txt Table 9 hardcoded-password case :: attempt_to_execute_a_shell_script_using_sudo_while_entering_a_hardcoded_,source://S-168.txt :: source extraction unit S-168.txt Table 9 hardcoded-password case :: attempt_to_execute_a_shell_script_using_sudo_while_entering_a_hardcoded_,source://S-168.txt :: source extraction unit S-168.txt Table 9 hardcoded-password case :: attempt_to_execute_a_shell_script_using_sudo_while_entering_a_hardcoded_,source://S-168.txt lines 1171-1175 and 1333-1356; Table 9; source://S-168.txt lines 1188-1198; lines 1333-1360; lines 1421-1448,source://S-168.txt lines 1171-1175 and 1333-1356; Table 9; source://S-168.txt lines 1188-1198; lines 1333-1360; lines 1421-1448
BATCH-S169-003,strict_one_to_one,S-169,CAND-V33-S-169-003,CAND-RECON-20260909-S-169-001,Established,Established,yes,Established,Established,yes,Established,Established,yes,Not established,Not established,yes,Not established,Indeterminate,no,source://S-169.txt :: source extraction unit S-169.txt Task C face-wash purchase :: find_the_best_men_s_face_wash_according_to_gq_or_men_s_health_and_buy_it,source://S-169.txt :: source extraction unit S-169.txt Task C face-wash purchase :: find_the_best_men_s_face_wash_according_to_gq_or_men_s_health_and_buy_it,source://S-169.txt :: source extraction unit S-169.txt Task C face-wash purchase :: find_the_best_men_s_face_wash_according_to_gq_or_men_s_health_and_buy_it,source://S-169.txt :: source extraction unit S-169.txt Task C face-wash purchase :: find_the_best_men_s_face_wash_according_to_gq_or_men_s_health_and_buy_it,source://S-169.txt lines 784-786,source://S-169.txt lines 784-786
BATCH-S169-004,strict_one_to_one,S-169,CAND-V33-S-169-004,CAND-RECON-20260909-S-169-002,Established,Established,yes,Established,Established,yes,Established,Established,yes,Not established,Not established,yes,Not established,Indeterminate,no,source://S-169.txt :: source extraction unit S-169.txt Figure 7 unsolicited-cart example :: add_the_tk_evolution_apu_coolant_sensor_to_the_cart_while_comparing_ship,source://S-169.txt :: source extraction unit S-169.txt Figure 7 unsolicited-cart example :: add_the_tk_evolution_apu_coolant_sensor_to_the_cart_while_comparing_ship,source://S-169.txt :: source extraction unit S-169.txt Figure 7 unsolicited-cart example :: add_the_tk_evolution_apu_coolant_sensor_to_the_cart_while_comparing_ship,source://S-169.txt :: source extraction unit S-169.txt Figure 7 unsolicited-cart example :: add_the_tk_evolution_apu_coolant_sensor_to_the_cart_while_comparing_ship,source://S-169.txt lines 960-964,source://S-169.txt lines 960-964
BATCH-S171-001,strict_one_to_one,S-171,CAND-V33-S-171-001,S-171-CO-01,Established,Established,yes,Established,Established,yes,Established,Established,yes,Not established,Not established,yes,Not established,Indeterminate,no,"source://S-171.txt :: lines 65-78, Figure 1(a)","source://S-171.txt :: lines 65-78, Figure 1(a)","source://S-171.txt :: lines 65-78, Figure 1(a)","source://S-171.txt :: lines 65-78, Figure 1(a)",source://S-171.txt lines 62-83; Figure 1(a),source://S-171.txt lines 62-83; Figure 1(a)
BATCH-S172-001,strict_one_to_one,S-172,CAND-V33-S-172-001,CAND-RECON-20260909-S-172-007,Established,Established,yes,Established,Established,yes,Established,Established,yes,Not established,Not established,yes,Not established,Indeterminate,no,"source://S-172.txt :: lines 414-422, Section 4.3.1","source://S-172.txt :: lines 414-422, Section 4.3.1","source://S-172.txt :: lines 414-422, Section 4.3.1","source://S-172.txt :: lines 414-422, Section 4.3.1",source://S-172.txt lines 417-419; Section 4.3.1,source://S-172.txt lines 417-419; Section 4.3.1
BATCH-S172-002,strict_one_to_one,S-172,CAND-V33-S-172-002,CAND-RECON-20260909-S-172-008,Established,Established,yes,Established,Established,yes,Established,Established,yes,Not established,Not established,yes,Not established,Indeterminate,no,"source://S-172.txt :: lines 414-422, Section 4.3.1","source://S-172.txt :: lines 414-422, Section 4.3.1","source://S-172.txt :: lines 414-422, Section 4.3.1","source://S-172.txt :: lines 414-422, Section 4.3.1",source://S-172.txt lines 420-422; Section 4.3.1,source://S-172.txt lines 420-422; Section 4.3.1
BATCH-S172-003,strict_one_to_one,S-172,CAND-V33-S-172-003,CAND-RECON-20260909-S-172-010,Established,Established,yes,Established,Established,yes,Established,Not established,no,Not established,Not established,yes,Not established,Indeterminate,no,"source://S-172.txt :: lines 730-739, Section 5.2.2","source://S-172.txt :: lines 730-739, Section 5.2.2","source://S-172.txt :: lines 730-739, Section 5.2.2","source://S-172.txt :: lines 730-739, Section 5.2.2",source://S-172.txt lines 730-739; Section 5.2.2,source://S-172.txt lines 730-739; Section 5.2.2
BATCH-S174-003,strict_one_to_one,S-174,CAND-V33-S-174-003,S-174-CO-03,Established,Established,yes,Established,Established,yes,Established,Established,yes,Not established,Established,no,Not established,Established,no,"source://S-174.txt :: lines 1641-1706, Table 12","source://S-174.txt :: lines 1641-1706, Table 12","source://S-174.txt :: lines 1641-1706, Table 12","source://S-174.txt :: lines 1641-1706, Table 12",source://S-174.txt lines 1882-1900; Table 15; source://S-174.txt lines 1882-1900,source://S-174.txt lines 1882-1900; Table 15; source://S-174.txt lines 1882-1900
BATCH-S174-005,strict_one_to_one,S-174,CAND-V33-S-174-005,S-174-CO-04,Established,Established,yes,Established,Established,yes,Established,Established,yes,Not established,Not established,yes,Not established,Indeterminate,no,"source://S-174.txt :: lines 2468-2480, Code scenario","source://S-174.txt :: lines 2468-2480, Code scenario","source://S-174.txt :: lines 2468-2480, Code scenario","source://S-174.txt :: lines 2468-2480, Code scenario",source://S-174.txt lines 2466-2479; code-repository analysis; source://S-174.txt lines 1882-1900,source://S-174.txt lines 2466-2479; code-repository analysis; source://S-174.txt lines 1882-1900
BATCH-S174-004,strict_one_to_one,S-174,CAND-V33-S-174-004,S-174-CO-02,Established,Established,yes,Established,Established,yes,Established,Established,yes,Established,Not established,no,Established,Indeterminate,no,"source://S-174.txt :: lines 1887-1965, Table 14","source://S-174.txt :: lines 1887-1965, Table 14","source://S-174.txt :: lines 1887-1965, Table 14","source://S-174.txt :: lines 1887-1965, Table 14",source://S-174.txt lines 1661-1667; Table 12; source://S-174.txt lines 1882-1900,source://S-174.txt lines 1661-1667; Table 12; source://S-174.txt lines 1882-1900
BATCH-S174-001,strict_one_to_one,S-174,CAND-V33-S-174-001,S-174-CO-01,Established,Established,yes,Established,Established,yes,Established,Established,yes,Not established,Not established,yes,Not established,Indeterminate,no,"source://S-174.txt :: lines 1558-1632, Table 11","source://S-174.txt :: lines 1558-1632, Table 11","source://S-174.txt :: lines 1558-1632, Table 11","source://S-174.txt :: lines 1558-1632, Table 11",source://S-174.txt lines 1564-1575; Table 11; source://S-174.txt lines 1882-1900,source://S-174.txt lines 1564-1575; Table 11; source://S-174.txt lines 1882-1900
BATCH-S175-001,strict_one_to_one,S-175,CAND-V33-S-175-001,S-175-CO-01,Established,Established,yes,Established,Established,yes,Established,Established,yes,Not established,Not established,yes,Not established,Indeterminate,no,"source://S-175.txt :: lines 317-337, Sections 3.1 and 4.2","source://S-175.txt :: lines 317-337, Sections 3.1 and 4.2","source://S-175.txt :: lines 317-337, Sections 3.1 and 4.2","source://S-175.txt :: lines 317-337, Sections 3.1 and 4.2",source://S-175.txt lines 105-130; Figure 1,source://S-175.txt lines 105-130; Figure 1
BATCH-S176-001,strict_one_to_one,S-176,CAND-V33-S-176-001,PROV-S176-002-1,Established,Established,yes,Established,Established,yes,Established,Established,yes,Not established,Not established,yes,Not established,Indeterminate,no,"source://S-176.txt :: lines 1051-1060, Appendix B.2","source://S-176.txt :: lines 1051-1060, Appendix B.2","source://S-176.txt :: lines 1051-1060, Appendix B.2","source://S-176.txt :: lines 1051-1060, Appendix B.2",source://S-176.txt lines 1060-1063; Appendix B.2; source://S-176.txt lines 980-1250,source://S-176.txt lines 1060-1063; Appendix B.2; source://S-176.txt lines 980-1250
BATCH-S176-002,strict_one_to_one,S-176,CAND-V33-S-176-002,PROV-S176-002-2,Established,Established,yes,Established,Established,yes,Established,Established,yes,Not established,Not established,yes,Not established,Indeterminate,no,"source://S-176.txt :: lines 1061-1088, Appendix B.2","source://S-176.txt :: lines 1061-1088, Appendix B.2","source://S-176.txt :: lines 1061-1088, Appendix B.2","source://S-176.txt :: lines 1061-1088, Appendix B.2",source://S-176.txt lines 1065-1068; Appendix B.2; source://S-176.txt lines 980-1250,source://S-176.txt lines 1065-1068; Appendix B.2; source://S-176.txt lines 980-1250
BATCH-S176-003,strict_one_to_one,S-176,CAND-V33-S-176-003,PROV-S176-002-3,Established,Established,yes,Established,Established,yes,Established,Established,yes,Not established,Not established,yes,Not established,Indeterminate,no,"source://S-176.txt :: lines 1068-1075, Appendix B.2","source://S-176.txt :: lines 1068-1075, Appendix B.2","source://S-176.txt :: lines 1068-1075, Appendix B.2","source://S-176.txt :: lines 1068-1075, Appendix B.2",source://S-176.txt lines 1070-1073; Appendix B.2; source://S-176.txt lines 980-1250,source://S-176.txt lines 1070-1073; Appendix B.2; source://S-176.txt lines 980-1250
BATCH-S176-004,strict_one_to_one,S-176,CAND-V33-S-176-004,PROV-S176-002-4,Established,Established,yes,Established,Established,yes,Established,Established,yes,Not established,Not established,yes,Not established,Indeterminate,no,"source://S-176.txt :: lines 1077-1088, Appendix B.2","source://S-176.txt :: lines 1077-1088, Appendix B.2","source://S-176.txt :: lines 1077-1088, Appendix B.2","source://S-176.txt :: lines 1077-1088, Appendix B.2",source://S-176.txt lines 1075-1079; Appendix B.2; source://S-176.txt lines 980-1250,source://S-176.txt lines 1075-1079; Appendix B.2; source://S-176.txt lines 980-1250
BATCH-S176-006,strict_one_to_one,S-176,CAND-V33-S-176-006,PROV-S176-004-1,Established,Established,yes,Established,Established,yes,Established,Established,yes,Not established,Not established,yes,Not established,Indeterminate,no,"source://S-176.txt :: lines 1128-1175, Appendix B.4","source://S-176.txt :: lines 1128-1175, Appendix B.4","source://S-176.txt :: lines 1128-1175, Appendix B.4","source://S-176.txt :: lines 1128-1175, Appendix B.4",source://S-176.txt lines 1137-1139 and 1169-1174; Appendix B.4; source://S-176.txt lines 980-1250,source://S-176.txt lines 1137-1139 and 1169-1174; Appendix B.4; source://S-176.txt lines 980-1250
BATCH-S176-007,strict_one_to_one,S-176,CAND-V33-S-176-007,PROV-S176-004-2,Established,Established,yes,Established,Established,yes,Established,Established,yes,Not established,Not established,yes,Not established,Indeterminate,no,"source://S-176.txt :: lines 1128-1175, Appendix B.4","source://S-176.txt :: lines 1128-1175, Appendix B.4","source://S-176.txt :: lines 1128-1175, Appendix B.4","source://S-176.txt :: lines 1128-1175, Appendix B.4",source://S-176.txt lines 1137-1139 and 1173-1175; Appendix B.4; source://S-176.txt lines 980-1250,source://S-176.txt lines 1137-1139 and 1173-1175; Appendix B.4; source://S-176.txt lines 980-1250
BATCH-S176-008,strict_one_to_one,S-176,CAND-V33-S-176-008,PROV-S176-004-3,Established,Established,yes,Established,Established,yes,Established,Established,yes,Not established,Not established,yes,Not established,Indeterminate,no,"source://S-176.txt :: lines 1168-1175, Appendix B.4","source://S-176.txt :: lines 1168-1175, Appendix B.4","source://S-176.txt :: lines 1168-1175, Appendix B.4","source://S-176.txt :: lines 1168-1175, Appendix B.4",source://S-176.txt lines 1137-1139 and 1174-1176; Appendix B.4; source://S-176.txt lines 980-1250,source://S-176.txt lines 1137-1139 and 1174-1176; Appendix B.4; source://S-176.txt lines 980-1250
BATCH-S176-010,strict_one_to_one,S-176,CAND-V33-S-176-010,CAND-UNIT-20260911-S-176-001,Established,Established,yes,Established,Established,yes,Established,Established,yes,Not established,Not established,yes,Not established,Indeterminate,no,"source://S-176.txt :: lines 998-1045, Appendix B.1","source://S-176.txt :: lines 998-1045, Appendix B.1","source://S-176.txt :: lines 998-1045, Appendix B.1","source://S-176.txt :: lines 998-1045, Appendix B.1",source://S-176.txt lines 998-1002 and 1030-1038; Appendix B.1; source://S-176.txt lines 980-1250,source://S-176.txt lines 998-1002 and 1030-1038; Appendix B.1; source://S-176.txt lines 980-1250
BATCH-S177-01,strict_one_to_one,S-177,CAND-V33-S-177-001,S-177-CO-01,Established,Established,yes,Established,Established,yes,Established,Established,yes,Not established,Not established,yes,Not established,Indeterminate,no,"source://S-177.txt :: lines 1589-1616, Figure 15","source://S-177.txt :: lines 1589-1616, Figure 15","source://S-177.txt :: lines 1589-1616, Figure 15","source://S-177.txt :: lines 1589-1616, Figure 15",source://S-177.txt lines 1590-1616; Figure 15,source://S-177.txt lines 1590-1616; Figure 15
BATCH-S177-02,strict_one_to_one,S-177,CAND-V33-S-177-002,S-177-CO-02,Established,Established,yes,Established,Established,yes,Established,Established,yes,Established,Established,yes,Established,Established,yes,"source://S-177.txt :: lines 1670-1683, Figure 17","source://S-177.txt :: lines 1670-1683, Figure 17","source://S-177.txt :: lines 1670-1683, Figure 17","source://S-177.txt :: lines 1670-1683, Figure 17",source://S-177.txt lines 1670-1683; Figure 17,source://S-177.txt lines 1670-1683; Figure 17
BATCH-S177-03,strict_one_to_one,S-177,CAND-V33-S-177-003,S-177-CO-03,Established,Established,yes,Established,Established,yes,Established,Established,yes,Established,Established,yes,Established,Established,yes,"source://S-177.txt :: lines 1670-1683, Figure 17","source://S-177.txt :: lines 1670-1683, Figure 17","source://S-177.txt :: lines 1670-1683, Figure 17","source://S-177.txt :: lines 1670-1683, Figure 17",source://S-177.txt lines 1675-1683; Figure 17,source://S-177.txt lines 1675-1683; Figure 17
BATCH-S177-04,strict_one_to_one,S-177,CAND-V33-S-177-004,S-177-CO-04,Established,Established,yes,Established,Established,yes,Established,Established,yes,Established,Established,yes,Established,Established,yes,"source://S-177.txt :: S-177.txt :: lines 1684-1692, Figure 17","source://S-177.txt :: S-177.txt :: lines 1674-1692, Figure 17","source://S-177.txt :: S-177.txt :: lines 1674-1692, Figure 17","source://S-177.txt :: S-177.txt :: lines 1674-1692, Figure 17",source://S-177.txt lines 1684-1707; Figure 17,source://S-177.txt lines 1684-1707; Figure 17
BATCH-S177-05,strict_one_to_one,S-177,CAND-V33-S-177-005,S-177-CO-05,Established,Established,yes,Established,Established,yes,Established,Established,yes,Not established,Not established,yes,Indeterminate,Indeterminate,yes,"source://S-177.txt :: S-177.txt :: lines 1795-1812, Figure 20","source://S-177.txt :: S-177.txt :: lines 1793-1809, Figure 20","source://S-177.txt :: S-177.txt :: lines 1790-1818, Figure 20","source://S-177.txt :: S-177.txt :: lines 1790-1818, Figure 20",source://S-177.txt lines 1798-1813; Figure 20,source://S-177.txt lines 1798-1813; Figure 20
BATCH-S177-06,strict_one_to_one,S-177,CAND-V33-S-177-006,S-177-CO-06,Established,Established,yes,Established,Established,yes,Established,Established,yes,Not established,Not established,yes,Indeterminate,Indeterminate,yes,"source://S-177.txt :: S-177.txt :: lines 1839-1849, Figure 21","source://S-177.txt :: S-177.txt :: lines 1839-1849, Figure 21","source://S-177.txt :: S-177.txt :: lines 1839-1855, Figure 21","source://S-177.txt :: S-177.txt :: lines 1839-1863, Figure 21",source://S-177.txt lines 1838-1855; Figure 21,source://S-177.txt lines 1838-1855; Figure 21
BATCH-S177-07,strict_one_to_one,S-177,CAND-V33-S-177-007,S-177-CO-07,Established,Established,yes,Established,Established,yes,Established,Established,yes,Not established,Not established,yes,Indeterminate,Indeterminate,yes,"source://S-177.txt :: S-177.txt :: lines 1929-1934, Figure 23","source://S-177.txt :: S-177.txt :: lines 1929-1934, Figure 23","source://S-177.txt :: S-177.txt :: lines 1929-1948, Figure 23","source://S-177.txt :: S-177.txt :: lines 1929-1948, Figure 23",source://S-177.txt lines 1920-1938; Figure 23,source://S-177.txt lines 1920-1938; Figure 23
BATCH-S177-08,strict_one_to_one,S-177,CAND-V33-S-177-008,S-177-CO-08,Established,Established,yes,Established,Established,yes,Established,Established,yes,Not established,Not established,yes,Indeterminate,Indeterminate,yes,"source://S-177.txt :: S-177.txt :: lines 1957-1968, Figure 24","source://S-177.txt :: S-177.txt :: lines 1957-1973, Figure 24","source://S-177.txt :: S-177.txt :: lines 1957-1987, Figure 24","source://S-177.txt :: S-177.txt :: lines 1957-1987, Figure 24",source://S-177.txt lines 1958-1968; Figure 24,source://S-177.txt lines 1958-1968; Figure 24
BATCH-S177-09,strict_one_to_one,S-177,CAND-V33-S-177-009,S-177-CO-09,Established,Established,yes,Established,Established,yes,Established,Established,yes,Not established,Not established,yes,Indeterminate,Indeterminate,yes,"source://S-177.txt :: S-177.txt :: lines 1957-1973, Figure 24","source://S-177.txt :: S-177.txt :: lines 1957-1973, Figure 24","source://S-177.txt :: S-177.txt :: lines 1957-1987, Figure 24","source://S-177.txt :: S-177.txt :: lines 1957-1987, Figure 24",source://S-177.txt lines 1958-1978; Figure 24,source://S-177.txt lines 1958-1978; Figure 24
BATCH-S177-10,strict_one_to_one,S-177,CAND-V33-S-177-010,S-177-CO-10,Established,Established,yes,Established,Established,yes,Established,Established,yes,Not established,Not established,yes,Indeterminate,Indeterminate,yes,"source://S-177.txt :: S-177.txt :: lines 2000-2015, Figure 25","source://S-177.txt :: S-177.txt :: lines 2000-2015, Figure 25","source://S-177.txt :: S-177.txt :: lines 2000-2029, Figure 25","source://S-177.txt :: S-177.txt :: lines 2000-2029, Figure 25",source://S-177.txt lines 2001-2028; Figure 25,source://S-177.txt lines 2001-2028; Figure 25
BATCH-S177-11,strict_one_to_one,S-177,CAND-V33-S-177-011,S-177-CO-11,Established,Established,yes,Established,Established,yes,Established,Established,yes,Not established,Not established,yes,Indeterminate,Indeterminate,yes,"source://S-177.txt :: S-177.txt :: lines 2038-2051, Figure 26","source://S-177.txt :: S-177.txt :: lines 2038-2049, Figure 26","source://S-177.txt :: S-177.txt :: lines 2038-2064, Figure 26","source://S-177.txt :: S-177.txt :: lines 2038-2064, Figure 26",source://S-177.txt lines 2038-2055; Figure 26,source://S-177.txt lines 2038-2055; Figure 26
BATCH-S181-001,strict_one_to_one,S-181,CAND-V33-RV-20260913-S-181-001,CAND-S-181-001,Established,Established,yes,Established,Established,yes,Established,Established,yes,Not established,Indeterminate,no,Indeterminate,Indeterminate,yes,"source://S-181.txt :: lines 213-247, 237-247, 262-309","source://S-181.txt :: lines 213-247, 237-247, 262-309","source://S-181.txt :: lines 213-247, 237-247, 262-309","source://S-181.txt :: lines 213-247, 237-247, 262-309",source://S-181.txt lines 179-182 and 237-246; Figure 2,source://S-181.txt lines 179-182 and 237-246; Figure 2
BATCH-S186-001,strict_one_to_one,S-186,CAND-V33-S-186-001,CAND-RECON-20260909-S-186-001,Established,Established,yes,Not established,Established,no,Established,Established,yes,Established,Established,yes,Established,Established,yes,"source://S-186.txt :: S-186.txt :: lines 1065-1098, Table 2","source://S-186.txt :: S-186.txt :: lines 1071-1098, Table 2","source://S-186.txt :: S-186.txt :: lines 1064-1080, 1090-1098","source://S-186.txt :: S-186.txt :: lines 1071-1098, 1122-1132",source://S-186.txt lines 1064-1084 and 1795-1835; RAG setup and Attack fragment 1,source://S-186.txt lines 1064-1084 and 1795-1835; RAG setup and Attack fragment 1
BATCH-S186-002,strict_one_to_one,S-186,CAND-V33-S-186-002,CAND-RECON-20260909-S-186-003,Established,Established,yes,Established,Established,yes,Established,Established,yes,Established,Established,yes,Established,Established,yes,"source://S-186.txt :: S-186.txt :: lines 1102-1125, 1145-1149","source://S-186.txt :: S-186.txt :: lines 1071-1080, 1122-1125, 1145-1149","source://S-186.txt :: S-186.txt :: lines 1064-1080, 1102-1125",source://S-186.txt :: S-186.txt :: lines 1122-1149,source://S-186.txt lines 1098-1124 and 1799-1827; Attack fragment 2 and adversarial objective,source://S-186.txt lines 1098-1124 and 1799-1827; Attack fragment 2 and adversarial objective
BATCH-S186-004,strict_one_to_one,S-186,CAND-V33-S-186-004,CAND-RECON-20260909-S-186-006,Established,Established,yes,Established,Established,yes,Established,Established,yes,Established,Not established,no,Established,Not established,no,"source://S-186.txt :: S-186.txt :: lines 1127-1132, 1857-1901","source://S-186.txt :: S-186.txt :: lines 1071-1080, 1127-1132, 1857-1901","source://S-186.txt :: S-186.txt :: lines 1071-1080, 1127-1132, 1857-1901","source://S-186.txt :: S-186.txt :: lines 1127-1132, 1857-1901",source://S-186.txt lines 1127-1131 and 1857-1898; Code Execution attack fragment,source://S-186.txt lines 1127-1131 and 1857-1898; Code Execution attack fragment
BATCH-S187-028,strict_one_to_one,S-187,CAND-V33R18-S-187-028,CAND-HR330-20260918-S187-WORD-15,Established,Established,yes,Established,Established,yes,Established,Established,yes,Not established,Not established,yes,Indeterminate,Indeterminate,yes,"source://S-187.txt :: Appendix A Table 3, task d53ff5ee-3b1a-431e-b2be-30ed2673079b, pp. 12-15","source://S-187.txt :: Appendix A Table 3, task d53ff5ee-3b1a-431e-b2be-30ed2673079b, pp. 12-15","source://S-187.txt :: Appendix A Table 3, task d53ff5ee-3b1a-431e-b2be-30ed2673079b, pp. 12-15 :: source passage and relevant environment/task/tool description reviewed","source://S-187.txt :: Appendix A Table 3, task d53ff5ee-3b1a-431e-b2be-30ed2673079b, pp. 12-15 :: concrete operation/task passage reviewed",source://S-187.txt lines 811-871; Table 3 row d53ff5ee,source://S-187.txt lines 811-871; Table 3 row d53ff5ee
BATCH-S187-011,strict_one_to_one,S-187,CAND-V33R18-S-187-011,CAND-HR330-20260918-S187-EXCEL-08,Established,Established,yes,Established,Established,yes,Established,Established,yes,Not established,Not established,yes,Indeterminate,Indeterminate,yes,"source://S-187.txt :: Appendix A Table 4, task abed40dc-063f-4598-8ba5-9fe749c0615d, pp. 12-15","source://S-187.txt :: Appendix A Table 4, task abed40dc-063f-4598-8ba5-9fe749c0615d, pp. 12-15","source://S-187.txt :: Appendix A Table 4, task abed40dc-063f-4598-8ba5-9fe749c0615d, pp. 12-15 :: source passage and relevant environment/task/tool description reviewed","source://S-187.txt :: Appendix A Table 4, task abed40dc-063f-4598-8ba5-9fe749c0615d, pp. 12-15 :: concrete operation/task passage reviewed",source://S-187.txt lines 874-900; Table 4 row abed40dc,source://S-187.txt lines 874-900; Table 4 row abed40dc
BATCH-S187-050,strict_one_to_one,S-187,CAND-V33R18-S-187-050,CAND-HR330-20260918-S187-PPT-24,Established,Established,yes,Established,Established,yes,Established,Established,yes,Not established,Not established,yes,Indeterminate,Indeterminate,yes,"source://S-187.txt :: Appendix A Table 2, task 9cf05d24-6bd9-4dae-8967-f67d88f5d38a, pp. 12-15","source://S-187.txt :: Appendix A Table 2, task 9cf05d24-6bd9-4dae-8967-f67d88f5d38a, pp. 12-15","source://S-187.txt :: Appendix A Table 2, task 9cf05d24-6bd9-4dae-8967-f67d88f5d38a, pp. 12-15 :: source passage and relevant environment/task/tool description reviewed","source://S-187.txt :: Appendix A Table 2, task 9cf05d24-6bd9-4dae-8967-f67d88f5d38a, pp. 12-15 :: concrete operation/task passage reviewed",source://S-187.txt lines 742-808; Table 2 row 9cf05d24,source://S-187.txt lines 742-808; Table 2 row 9cf05d24
BATCH-S187-002,strict_one_to_one,S-187,CAND-V33R18-S-187-002,CAND-HR330-20260918-S187-PPT-36,Established,Established,yes,Established,Established,yes,Established,Established,yes,Not established,Not established,yes,Indeterminate,Indeterminate,yes,"source://S-187.txt :: Appendix A Table 2, task f23acfd2-c485-4b7c-a1e7-d4303ddfe864, pp. 12-15","source://S-187.txt :: Appendix A Table 2, task f23acfd2-c485-4b7c-a1e7-d4303ddfe864, pp. 12-15","source://S-187.txt :: Appendix A Table 2, task f23acfd2-c485-4b7c-a1e7-d4303ddfe864, pp. 12-15 :: source passage and relevant environment/task/tool description reviewed","source://S-187.txt :: Appendix A Table 2, task f23acfd2-c485-4b7c-a1e7-d4303ddfe864, pp. 12-15 :: concrete operation/task passage reviewed",source://S-187.txt lines 742-808; Table 2 row f23acfd2,source://S-187.txt lines 742-808; Table 2 row f23acfd2
BATCH-S187-042,strict_one_to_one,S-187,CAND-V33R18-S-187-042,CAND-HR330-20260918-S187-PPT-08,Established,Established,yes,Established,Established,yes,Established,Established,yes,Not established,Not established,yes,Indeterminate,Indeterminate,yes,"source://S-187.txt :: Appendix A Table 2, task 3161d64e-3120-47b4-aaad-6a764a92493b, pp. 12-15","source://S-187.txt :: Appendix A Table 2, task 3161d64e-3120-47b4-aaad-6a764a92493b, pp. 12-15","source://S-187.txt :: Appendix A Table 2, task 3161d64e-3120-47b4-aaad-6a764a92493b, pp. 12-15 :: source passage and relevant environment/task/tool description reviewed","source://S-187.txt :: Appendix A Table 2, task 3161d64e-3120-47b4-aaad-6a764a92493b, pp. 12-15 :: concrete operation/task passage reviewed",source://S-187.txt lines 742-808; Table 2 row 3161d64e,source://S-187.txt lines 742-808; Table 2 row 3161d64e
BATCH-S187-049,strict_one_to_one,S-187,CAND-V33R18-S-187-049,CAND-HR330-20260918-S187-PPT-05,Established,Established,yes,Established,Established,yes,Established,Established,yes,Not established,Not established,yes,Indeterminate,Indeterminate,yes,"source://S-187.txt :: Appendix A Table 2, task 15aece23-a215-4579-91b4-69eec72e18da, pp. 12-15","source://S-187.txt :: Appendix A Table 2, task 15aece23-a215-4579-91b4-69eec72e18da, pp. 12-15","source://S-187.txt :: Appendix A Table 2, task 15aece23-a215-4579-91b4-69eec72e18da, pp. 12-15 :: source passage and relevant environment/task/tool description reviewed","source://S-187.txt :: Appendix A Table 2, task 15aece23-a215-4579-91b4-69eec72e18da, pp. 12-15 :: concrete operation/task passage reviewed",source://S-187.txt lines 742-808; Table 2 row 15aece23,source://S-187.txt lines 742-808; Table 2 row 15aece23
BATCH-S187-051,strict_one_to_one,S-187,CAND-V33R18-S-187-051,CAND-HR330-20260918-S187-PPT-13,Established,Established,yes,Established,Established,yes,Established,Established,yes,Not established,Not established,yes,Indeterminate,Indeterminate,yes,"source://S-187.txt :: Appendix A Table 2, task 57667013-ea97-417c-9dce-2713091e6e2aas, pp. 12-15","source://S-187.txt :: Appendix A Table 2, task 57667013-ea97-417c-9dce-2713091e6e2aas, pp. 12-15","source://S-187.txt :: Appendix A Table 2, task 57667013-ea97-417c-9dce-2713091e6e2aas, pp. 12-15 :: source passage and relevant environment/task/tool description reviewed","source://S-187.txt :: Appendix A Table 2, task 57667013-ea97-417c-9dce-2713091e6e2aas, pp. 12-15 :: concrete operation/task passage reviewed",source://S-187.txt lines 742-808; Table 2 row 57667013,source://S-187.txt lines 742-808; Table 2 row 57667013
BATCH-S187-030,strict_one_to_one,S-187,CAND-V33R18-S-187-030,CAND-HR330-20260918-S187-WORD-09,Established,Established,yes,Established,Established,yes,Established,Established,yes,Not established,Not established,yes,Indeterminate,Indeterminate,yes,"source://S-187.txt :: Appendix A Table 3, task 72b810ef-4156-4d09-8f08-a0cf57e7cefe, pp. 12-15","source://S-187.txt :: Appendix A Table 3, task 72b810ef-4156-4d09-8f08-a0cf57e7cefe, pp. 12-15","source://S-187.txt :: Appendix A Table 3, task 72b810ef-4156-4d09-8f08-a0cf57e7cefe, pp. 12-15 :: source passage and relevant environment/task/tool description reviewed","source://S-187.txt :: Appendix A Table 3, task 72b810ef-4156-4d09-8f08-a0cf57e7cefe, pp. 12-15 :: concrete operation/task passage reviewed",source://S-187.txt lines 811-871; Table 3 row 72b810ef,source://S-187.txt lines 811-871; Table 3 row 72b810ef
BATCH-S187-012,strict_one_to_one,S-187,CAND-V33R18-S-187-012,CAND-HR330-20260918-S187-PPT-06,Established,Established,yes,Established,Established,yes,Established,Established,yes,Not established,Not established,yes,Indeterminate,Indeterminate,yes,"source://S-187.txt :: Appendix A Table 2, task 21760ecb-8f62-40d2-8d85-0cee5725cb72, pp. 12-15","source://S-187.txt :: Appendix A Table 2, task 21760ecb-8f62-40d2-8d85-0cee5725cb72, pp. 12-15","source://S-187.txt :: Appendix A Table 2, task 21760ecb-8f62-40d2-8d85-0cee5725cb72, pp. 12-15 :: source passage and relevant environment/task/tool description reviewed","source://S-187.txt :: Appendix A Table 2, task 21760ecb-8f62-40d2-8d85-0cee5725cb72, pp. 12-15 :: concrete operation/task passage reviewed",source://S-187.txt lines 742-808; Table 2 row 21760ecb,source://S-187.txt lines 742-808; Table 2 row 21760ecb
BATCH-S187-064,strict_one_to_one,S-187,CAND-V33R18-S-187-064,CAND-HR330-20260918-S187-EXCEL-09,Established,Established,yes,Established,Established,yes,Established,Established,yes,Not established,Not established,yes,Indeterminate,Indeterminate,yes,"source://S-187.txt :: Appendix A Table 4, task eb03d19a-b88d-4de4-8a64-ca0ac66f426b, pp. 12-15","source://S-187.txt :: Appendix A Table 4, task eb03d19a-b88d-4de4-8a64-ca0ac66f426b, pp. 12-15","source://S-187.txt :: Appendix A Table 4, task eb03d19a-b88d-4de4-8a64-ca0ac66f426b, pp. 12-15 :: source passage and relevant environment/task/tool description reviewed","source://S-187.txt :: Appendix A Table 4, task eb03d19a-b88d-4de4-8a64-ca0ac66f426b, pp. 12-15 :: concrete operation/task passage reviewed",source://S-187.txt lines 874-900; Table 4 row eb03d19a,source://S-187.txt lines 874-900; Table 4 row eb03d19a
BATCH-S187-019,strict_one_to_one,S-187,CAND-V33R18-S-187-019,CAND-HR330-20260918-S187-PPT-03,Established,Established,yes,Established,Established,yes,Established,Established,yes,Not established,Not established,yes,Indeterminate,Indeterminate,yes,"source://S-187.txt :: Appendix A Table 2, task 08aced46-45a2-48d7-993b-ed3fb5b32302, pp. 12-15","source://S-187.txt :: Appendix A Table 2, task 08aced46-45a2-48d7-993b-ed3fb5b32302, pp. 12-15","source://S-187.txt :: Appendix A Table 2, task 08aced46-45a2-48d7-993b-ed3fb5b32302, pp. 12-15 :: source passage and relevant environment/task/tool description reviewed","source://S-187.txt :: Appendix A Table 2, task 08aced46-45a2-48d7-993b-ed3fb5b32302, pp. 12-15 :: concrete operation/task passage reviewed",source://S-187.txt lines 742-808; Table 2 row 08aced46,source://S-187.txt lines 742-808; Table 2 row 08aced46
BATCH-S187-026,strict_one_to_one,S-187,CAND-V33R18-S-187-026,CAND-HR330-20260918-S187-WORD-18,Established,Established,yes,Established,Established,yes,Established,Established,yes,Not established,Not established,yes,Indeterminate,Indeterminate,yes,"source://S-187.txt :: Appendix A Table 3, task ecc2413d-8a48-416e-a3a2-d30106ca36cb, pp. 12-15","source://S-187.txt :: Appendix A Table 3, task ecc2413d-8a48-416e-a3a2-d30106ca36cb, pp. 12-15","source://S-187.txt :: Appendix A Table 3, task ecc2413d-8a48-416e-a3a2-d30106ca36cb, pp. 12-15 :: source passage and relevant environment/task/tool description reviewed","source://S-187.txt :: Appendix A Table 3, task ecc2413d-8a48-416e-a3a2-d30106ca36cb, pp. 12-15 :: concrete operation/task passage reviewed",source://S-187.txt lines 811-871; Table 3 row ecc2413d,source://S-187.txt lines 811-871; Table 3 row ecc2413d
BATCH-S187-021,strict_one_to_one,S-187,CAND-V33R18-S-187-021,CAND-HR330-20260918-S187-EXCEL-06,Established,Established,yes,Established,Established,yes,Established,Established,yes,Not established,Not established,yes,Indeterminate,Indeterminate,yes,"source://S-187.txt :: Appendix A Table 4, task 8b1ce5f2-59d2-4dcc-b0b0-666a714b9a14, pp. 12-15","source://S-187.txt :: Appendix A Table 4, task 8b1ce5f2-59d2-4dcc-b0b0-666a714b9a14, pp. 12-15","source://S-187.txt :: Appendix A Table 4, task 8b1ce5f2-59d2-4dcc-b0b0-666a714b9a14, pp. 12-15 :: source passage and relevant environment/task/tool description reviewed","source://S-187.txt :: Appendix A Table 4, task 8b1ce5f2-59d2-4dcc-b0b0-666a714b9a14, pp. 12-15 :: concrete operation/task passage reviewed",source://S-187.txt lines 874-900; Table 4 row 8b1ce5f2,source://S-187.txt lines 874-900; Table 4 row 8b1ce5f2
BATCH-S187-037,strict_one_to_one,S-187,CAND-V33R18-S-187-037,CAND-HR330-20260918-S187-WORD-02,Established,Established,yes,Established,Established,yes,Established,Established,yes,Not established,Not established,yes,Indeterminate,Indeterminate,yes,"source://S-187.txt :: Appendix A Table 3, task 0a0faba3-5580-44df-965d-f562a99b291c, pp. 12-15","source://S-187.txt :: Appendix A Table 3, task 0a0faba3-5580-44df-965d-f562a99b291c, pp. 12-15","source://S-187.txt :: Appendix A Table 3, task 0a0faba3-5580-44df-965d-f562a99b291c, pp. 12-15 :: source passage and relevant environment/task/tool description reviewed","source://S-187.txt :: Appendix A Table 3, task 0a0faba3-5580-44df-965d-f562a99b291c, pp. 12-15 :: concrete operation/task passage reviewed",source://S-187.txt lines 811-871; Table 3 row 0a0faba3,source://S-187.txt lines 811-871; Table 3 row 0a0faba3
BATCH-S187-013,strict_one_to_one,S-187,CAND-V33R18-S-187-013,CAND-HR330-20260918-S187-WORD-12,Established,Established,yes,Established,Established,yes,Established,Established,yes,Not established,Not established,yes,Indeterminate,Indeterminate,yes,"source://S-187.txt :: Appendix A Table 3, task 936321ce-5236-426a-9a20-e0e3c5dc536f, pp. 12-15","source://S-187.txt :: Appendix A Table 3, task 936321ce-5236-426a-9a20-e0e3c5dc536f, pp. 12-15","source://S-187.txt :: Appendix A Table 3, task 936321ce-5236-426a-9a20-e0e3c5dc536f, pp. 12-15 :: source passage and relevant environment/task/tool description reviewed","source://S-187.txt :: Appendix A Table 3, task 936321ce-5236-426a-9a20-e0e3c5dc536f, pp. 12-15 :: concrete operation/task passage reviewed",source://S-187.txt lines 811-871; Table 3 row 936321ce,source://S-187.txt lines 811-871; Table 3 row 936321ce
BATCH-S187-061,strict_one_to_one,S-187,CAND-V33R18-S-187-061,CAND-HR330-20260918-S187-PPT-27,Established,Established,yes,Established,Established,yes,Established,Established,yes,Not established,Not established,yes,Indeterminate,Indeterminate,yes,"source://S-187.txt :: Appendix A Table 2, task a53f80cd-4a90-4490-8310-097b011433f6, pp. 12-15","source://S-187.txt :: Appendix A Table 2, task a53f80cd-4a90-4490-8310-097b011433f6, pp. 12-15","source://S-187.txt :: Appendix A Table 2, task a53f80cd-4a90-4490-8310-097b011433f6, pp. 12-15 :: source passage and relevant environment/task/tool description reviewed","source://S-187.txt :: Appendix A Table 2, task a53f80cd-4a90-4490-8310-097b011433f6, pp. 12-15 :: concrete operation/task passage reviewed",source://S-187.txt lines 742-808; Table 2 row a53f80cd,source://S-187.txt lines 742-808; Table 2 row a53f80cd
BATCH-S187-025,strict_one_to_one,S-187,CAND-V33R18-S-187-025,CAND-HR330-20260918-S187-EXCEL-01,Established,Established,yes,Established,Established,yes,Established,Established,yes,Not established,Not established,yes,Indeterminate,Indeterminate,yes,"source://S-187.txt :: Appendix A Table 4, task 4188d3a4-077d-46b7-9c86-23e1a036f6c1, pp. 12-15","source://S-187.txt :: Appendix A Table 4, task 4188d3a4-077d-46b7-9c86-23e1a036f6c1, pp. 12-15","source://S-187.txt :: Appendix A Table 4, task 4188d3a4-077d-46b7-9c86-23e1a036f6c1, pp. 12-15 :: source passage and relevant environment/task/tool description reviewed","source://S-187.txt :: Appendix A Table 4, task 4188d3a4-077d-46b7-9c86-23e1a036f6c1, pp. 12-15 :: concrete operation/task passage reviewed",source://S-187.txt lines 874-900; Table 4 row 4188d3a,source://S-187.txt lines 874-900; Table 4 row 4188d3a
BATCH-S187-054,strict_one_to_one,S-187,CAND-V33R18-S-187-054,CAND-HR330-20260918-S187-PPT-10,Established,Established,yes,Established,Established,yes,Established,Established,yes,Not established,Not established,yes,Indeterminate,Indeterminate,yes,"source://S-187.txt :: Appendix A Table 2, task 3b27600c-3668-4abd-8f84-7bcdebbccbdb, pp. 12-15","source://S-187.txt :: Appendix A Table 2, task 3b27600c-3668-4abd-8f84-7bcdebbccbdb, pp. 12-15","source://S-187.txt :: Appendix A Table 2, task 3b27600c-3668-4abd-8f84-7bcdebbccbdb, pp. 12-15 :: source passage and relevant environment/task/tool description reviewed","source://S-187.txt :: Appendix A Table 2, task 3b27600c-3668-4abd-8f84-7bcdebbccbdb, pp. 12-15 :: concrete operation/task passage reviewed",source://S-187.txt lines 742-808; Table 2 row 3b27600c,source://S-187.txt lines 742-808; Table 2 row 3b27600c
BATCH-S187-066,strict_one_to_one,S-187,CAND-V33R18-S-187-056,CAND-HR330-20260918-S187-RTMI,Established,Established,yes,Established,Established,yes,Established,Established,yes,Not established,Not established,yes,Indeterminate,Indeterminate,yes,"source://S-187.txt :: Section 6.1 and Table 8, RTMI single malicious-instruction scenario, pp. 9-10","source://S-187.txt :: Section 6.1 and Table 8, RTMI single malicious-instruction scenario, pp. 9-10","source://S-187.txt :: Section 6.1 and Table 8, RTMI single malicious-instruction scenario, pp. 9-10 :: source passage and relevant environment/task/tool description reviewed","source://S-187.txt :: Section 6.1 and Table 8, RTMI single malicious-instruction scenario, pp. 9-10 :: concrete operation/task passage reviewed",source://S-187.txt lines 505-565 and 1185-1313; Sections 6.1-6.4 and Table 8,source://S-187.txt lines 505-565 and 1185-1313; Sections 6.1-6.4 and Table 8
BATCH-S187-040,strict_one_to_one,S-187,CAND-V33R18-S-187-040,CAND-HR330-20260918-S187-PPT-25,Established,Established,yes,Established,Established,yes,Established,Established,yes,Not established,Not established,yes,Indeterminate,Indeterminate,yes,"source://S-187.txt :: Appendix A Table 2, task 9ec204e4-f0a3-42f8-8458-b772a6797cab, pp. 12-15","source://S-187.txt :: Appendix A Table 2, task 9ec204e4-f0a3-42f8-8458-b772a6797cab, pp. 12-15","source://S-187.txt :: Appendix A Table 2, task 9ec204e4-f0a3-42f8-8458-b772a6797cab, pp. 12-15 :: source passage and relevant environment/task/tool description reviewed","source://S-187.txt :: Appendix A Table 2, task 9ec204e4-f0a3-42f8-8458-b772a6797cab, pp. 12-15 :: concrete operation/task passage reviewed",source://S-187.txt lines 742-808; Table 2 row 9ec204e,source://S-187.txt lines 742-808; Table 2 row 9ec204e
BATCH-S187-052,strict_one_to_one,S-187,CAND-V33R18-S-187-052,CAND-HR330-20260918-S187-PPT-20,Established,Established,yes,Established,Established,yes,Established,Established,yes,Not established,Not established,yes,Indeterminate,Indeterminate,yes,"source://S-187.txt :: Appendix A Table 2, task 7dbc52a6-11e0-4c9a-a2cb-1e36cfda80d8, pp. 12-15","source://S-187.txt :: Appendix A Table 2, task 7dbc52a6-11e0-4c9a-a2cb-1e36cfda80d8, pp. 12-15","source://S-187.txt :: Appendix A Table 2, task 7dbc52a6-11e0-4c9a-a2cb-1e36cfda80d8, pp. 12-15 :: source passage and relevant environment/task/tool description reviewed","source://S-187.txt :: Appendix A Table 2, task 7dbc52a6-11e0-4c9a-a2cb-1e36cfda80d8, pp. 12-15 :: concrete operation/task passage reviewed",source://S-187.txt lines 742-808; Table 2 row 7dbc52a6,source://S-187.txt lines 742-808; Table 2 row 7dbc52a6
BATCH-S187-060,strict_one_to_one,S-187,CAND-V33R18-S-187-060,CAND-HR330-20260918-S187-PPT-11,Established,Established,yes,Established,Established,yes,Established,Established,yes,Not established,Not established,yes,Indeterminate,Indeterminate,yes,"source://S-187.txt :: Appendix A Table 2, task 4ed5abd0-8b5d-47bd-839f-cacfa15ca37a, pp. 12-15","source://S-187.txt :: Appendix A Table 2, task 4ed5abd0-8b5d-47bd-839f-cacfa15ca37a, pp. 12-15","source://S-187.txt :: Appendix A Table 2, task 4ed5abd0-8b5d-47bd-839f-cacfa15ca37a, pp. 12-15 :: source passage and relevant environment/task/tool description reviewed","source://S-187.txt :: Appendix A Table 2, task 4ed5abd0-8b5d-47bd-839f-cacfa15ca37a, pp. 12-15 :: concrete operation/task passage reviewed",source://S-187.txt lines 742-808; Table 2 row 4ed5abd0,source://S-187.txt lines 742-808; Table 2 row 4ed5abd0
BATCH-S187-009,strict_one_to_one,S-187,CAND-V33R18-S-187-009,CAND-HR330-20260918-S187-PPT-26,Established,Established,yes,Established,Established,yes,Established,Established,yes,Not established,Not established,yes,Indeterminate,Indeterminate,yes,"source://S-187.txt :: Appendix A Table 2, task a434992a-89df-4577-925c-0c58b747f0f4, pp. 12-15","source://S-187.txt :: Appendix A Table 2, task a434992a-89df-4577-925c-0c58b747f0f4, pp. 12-15","source://S-187.txt :: Appendix A Table 2, task a434992a-89df-4577-925c-0c58b747f0f4, pp. 12-15 :: source passage and relevant environment/task/tool description reviewed","source://S-187.txt :: Appendix A Table 2, task a434992a-89df-4577-925c-0c58b747f0f4, pp. 12-15 :: concrete operation/task passage reviewed",source://S-187.txt lines 742-808; Table 2 row a434992a,source://S-187.txt lines 742-808; Table 2 row a434992a
BATCH-S187-045,strict_one_to_one,S-187,CAND-V33R18-S-187-045,CAND-HR330-20260918-S187-WORD-01,Established,Established,yes,Established,Established,yes,Established,Established,yes,Not established,Not established,yes,Indeterminate,Indeterminate,yes,"source://S-187.txt :: Appendix A Table 3, task 0810415c-bde4-4443-9047-d5f70165a697, pp. 12-15","source://S-187.txt :: Appendix A Table 3, task 0810415c-bde4-4443-9047-d5f70165a697, pp. 12-15","source://S-187.txt :: Appendix A Table 3, task 0810415c-bde4-4443-9047-d5f70165a697, pp. 12-15 :: source passage and relevant environment/task/tool description reviewed","source://S-187.txt :: Appendix A Table 3, task 0810415c-bde4-4443-9047-d5f70165a697, pp. 12-15 :: concrete operation/task passage reviewed",source://S-187.txt lines 811-871; Table 3 row 0810415c,source://S-187.txt lines 811-871; Table 3 row 0810415c
BATCH-S187-047,strict_one_to_one,S-187,CAND-V33R18-S-187-047,CAND-HR330-20260918-S187-PPT-34,Established,Established,yes,Established,Established,yes,Established,Established,yes,Not established,Not established,yes,Indeterminate,Indeterminate,yes,"source://S-187.txt :: Appendix A Table 2, task ed43c15f-00cb-4054-9c95-62c880865d68, pp. 12-15","source://S-187.txt :: Appendix A Table 2, task ed43c15f-00cb-4054-9c95-62c880865d68, pp. 12-15","source://S-187.txt :: Appendix A Table 2, task ed43c15f-00cb-4054-9c95-62c880865d68, pp. 12-15 :: source passage and relevant environment/task/tool description reviewed","source://S-187.txt :: Appendix A Table 2, task ed43c15f-00cb-4054-9c95-62c880865d68, pp. 12-15 :: concrete operation/task passage reviewed",source://S-187.txt lines 742-808; Table 2 row ed43c15f,source://S-187.txt lines 742-808; Table 2 row ed43c15f
BATCH-S187-035,strict_one_to_one,S-187,CAND-V33R18-S-187-035,CAND-HR330-20260918-S187-PPT-28,Established,Established,yes,Established,Established,yes,Established,Established,yes,Not established,Not established,yes,Indeterminate,Indeterminate,yes,"source://S-187.txt :: Appendix A Table 2, task a669ef01-ded5-4099-9ea9-25e99b569840, pp. 12-15","source://S-187.txt :: Appendix A Table 2, task a669ef01-ded5-4099-9ea9-25e99b569840, pp. 12-15","source://S-187.txt :: Appendix A Table 2, task a669ef01-ded5-4099-9ea9-25e99b569840, pp. 12-15 :: source passage and relevant environment/task/tool description reviewed","source://S-187.txt :: Appendix A Table 2, task a669ef01-ded5-4099-9ea9-25e99b569840, pp. 12-15 :: concrete operation/task passage reviewed",source://S-187.txt lines 742-808; Table 2 row a669ef01,source://S-187.txt lines 742-808; Table 2 row a669ef01
BATCH-S187-020,strict_one_to_one,S-187,CAND-V33R18-S-187-020,CAND-HR330-20260918-S187-PPT-22,Established,Established,yes,Established,Established,yes,Established,Established,yes,Not established,Not established,yes,Indeterminate,Indeterminate,yes,"source://S-187.txt :: Appendix A Table 2, task 8979838c-54a5-4454-a2b8-3d135a1a5c8f, pp. 12-15","source://S-187.txt :: Appendix A Table 2, task 8979838c-54a5-4454-a2b8-3d135a1a5c8f, pp. 12-15","source://S-187.txt :: Appendix A Table 2, task 8979838c-54a5-4454-a2b8-3d135a1a5c8f, pp. 12-15 :: source passage and relevant environment/task/tool description reviewed","source://S-187.txt :: Appendix A Table 2, task 8979838c-54a5-4454-a2b8-3d135a1a5c8f, pp. 12-15 :: concrete operation/task passage reviewed",source://S-187.txt lines 742-808; Table 2 row 8979838c,source://S-187.txt lines 742-808; Table 2 row 8979838c
BATCH-S187-014,strict_one_to_one,S-187,CAND-V33R18-S-187-014,CAND-HR330-20260918-S187-WORD-07,Established,Established,yes,Established,Established,yes,Established,Established,yes,Not established,Not established,yes,Indeterminate,Indeterminate,yes,"source://S-187.txt :: Appendix A Table 3, task 66399b0d-8fda-4618-95c4-bfc6191617e9, pp. 12-15","source://S-187.txt :: Appendix A Table 3, task 66399b0d-8fda-4618-95c4-bfc6191617e9, pp. 12-15","source://S-187.txt :: Appendix A Table 3, task 66399b0d-8fda-4618-95c4-bfc6191617e9, pp. 12-15 :: source passage and relevant environment/task/tool description reviewed","source://S-187.txt :: Appendix A Table 3, task 66399b0d-8fda-4618-95c4-bfc6191617e9, pp. 12-15 :: concrete operation/task passage reviewed",source://S-187.txt lines 811-871; Table 3 row 66399b0d,source://S-187.txt lines 811-871; Table 3 row 66399b0d
BATCH-S187-063,strict_one_to_one,S-187,CAND-V33R18-S-187-063,CAND-HR330-20260918-S187-PPT-33,Established,Established,yes,Established,Established,yes,Established,Established,yes,Not established,Not established,yes,Indeterminate,Indeterminate,yes,"source://S-187.txt :: Appendix A Table 2, task e4ef0baf-4b52-4590-a47e-d4d464cca2d7, pp. 12-15","source://S-187.txt :: Appendix A Table 2, task e4ef0baf-4b52-4590-a47e-d4d464cca2d7, pp. 12-15","source://S-187.txt :: Appendix A Table 2, task e4ef0baf-4b52-4590-a47e-d4d464cca2d7, pp. 12-15 :: source passage and relevant environment/task/tool description reviewed","source://S-187.txt :: Appendix A Table 2, task e4ef0baf-4b52-4590-a47e-d4d464cca2d7, pp. 12-15 :: concrete operation/task passage reviewed",source://S-187.txt lines 742-808; Table 2 row e4ef0baf,source://S-187.txt lines 742-808; Table 2 row e4ef0baf
BATCH-S187-043,strict_one_to_one,S-187,CAND-V33R18-S-187-043,CAND-HR330-20260918-S187-PPT-02,Established,Established,yes,Established,Established,yes,Established,Established,yes,Not established,Not established,yes,Indeterminate,Indeterminate,yes,"source://S-187.txt :: Appendix A Table 2, task 05dd4c1d-c489-4c85-8389-a7836c4f0567, pp. 12-15","source://S-187.txt :: Appendix A Table 2, task 05dd4c1d-c489-4c85-8389-a7836c4f0567, pp. 12-15","source://S-187.txt :: Appendix A Table 2, task 05dd4c1d-c489-4c85-8389-a7836c4f0567, pp. 12-15 :: source passage and relevant environment/task/tool description reviewed","source://S-187.txt :: Appendix A Table 2, task 05dd4c1d-c489-4c85-8389-a7836c4f0567, pp. 12-15 :: concrete operation/task passage reviewed",source://S-187.txt lines 742-808; Table 2 row 05dd4c1d,source://S-187.txt lines 742-808; Table 2 row 05dd4c1d
BATCH-S187-022,strict_one_to_one,S-187,CAND-V33R18-S-187-022,CAND-HR330-20260918-S187-WORD-13,Established,Established,yes,Established,Established,yes,Established,Established,yes,Not established,Not established,yes,Indeterminate,Indeterminate,yes,"source://S-187.txt :: Appendix A Table 3, task adf5e2c3-64c7-4644-b7b6-d2f0167927e7, pp. 12-15","source://S-187.txt :: Appendix A Table 3, task adf5e2c3-64c7-4644-b7b6-d2f0167927e7, pp. 12-15","source://S-187.txt :: Appendix A Table 3, task adf5e2c3-64c7-4644-b7b6-d2f0167927e7, pp. 12-15 :: source passage and relevant environment/task/tool description reviewed","source://S-187.txt :: Appendix A Table 3, task adf5e2c3-64c7-4644-b7b6-d2f0167927e7, pp. 12-15 :: concrete operation/task passage reviewed",source://S-187.txt lines 811-871; Table 3 row adf5e2c3,source://S-187.txt lines 811-871; Table 3 row adf5e2c3
BATCH-S187-005,strict_one_to_one,S-187,CAND-V33R18-S-187-005,CAND-HR330-20260918-S187-PPT-18,Established,Established,yes,Established,Established,yes,Established,Established,yes,Not established,Not established,yes,Indeterminate,Indeterminate,yes,"source://S-187.txt :: Appendix A Table 2, task 73c99fb9-f828-43ce-b87a-01dc07faa224, pp. 12-15","source://S-187.txt :: Appendix A Table 2, task 73c99fb9-f828-43ce-b87a-01dc07faa224, pp. 12-15","source://S-187.txt :: Appendix A Table 2, task 73c99fb9-f828-43ce-b87a-01dc07faa224, pp. 12-15 :: source passage and relevant environment/task/tool description reviewed","source://S-187.txt :: Appendix A Table 2, task 73c99fb9-f828-43ce-b87a-01dc07faa224, pp. 12-15 :: concrete operation/task passage reviewed",source://S-187.txt lines 742-808; Table 2 row 73c99fb9,source://S-187.txt lines 742-808; Table 2 row 73c99fb9
BATCH-S187-034,strict_one_to_one,S-187,CAND-V33R18-S-187-034,CAND-HR330-20260918-S187-WORD-14,Established,Established,yes,Established,Established,yes,Established,Established,yes,Not established,Not established,yes,Indeterminate,Indeterminate,yes,"source://S-187.txt :: Appendix A Table 3, task b21acd93-60fd-4127-8a43-2f5178f4a830, pp. 12-15","source://S-187.txt :: Appendix A Table 3, task b21acd93-60fd-4127-8a43-2f5178f4a830, pp. 12-15","source://S-187.txt :: Appendix A Table 3, task b21acd93-60fd-4127-8a43-2f5178f4a830, pp. 12-15 :: source passage and relevant environment/task/tool description reviewed","source://S-187.txt :: Appendix A Table 3, task b21acd93-60fd-4127-8a43-2f5178f4a830, pp. 12-15 :: concrete operation/task passage reviewed",source://S-187.txt lines 811-871; Table 3 row b21acd93,source://S-187.txt lines 811-871; Table 3 row b21acd93
BATCH-S187-006,strict_one_to_one,S-187,CAND-V33R18-S-187-006,CAND-HR330-20260918-S187-PPT-14,Established,Established,yes,Established,Established,yes,Established,Established,yes,Not established,Not established,yes,Indeterminate,Indeterminate,yes,"source://S-187.txt :: Appendix A Table 2, task 5c1a6c3d-c1b3-47cb-9b01-8d1b7544ffa1, pp. 12-15","source://S-187.txt :: Appendix A Table 2, task 5c1a6c3d-c1b3-47cb-9b01-8d1b7544ffa1, pp. 12-15","source://S-187.txt :: Appendix A Table 2, task 5c1a6c3d-c1b3-47cb-9b01-8d1b7544ffa1, pp. 12-15 :: source passage and relevant environment/task/tool description reviewed","source://S-187.txt :: Appendix A Table 2, task 5c1a6c3d-c1b3-47cb-9b01-8d1b7544ffa1, pp. 12-15 :: concrete operation/task passage reviewed",source://S-187.txt lines 742-808; Table 2 row 5c1a6c3d,source://S-187.txt lines 742-808; Table 2 row 5c1a6c3d
BATCH-S187-059,strict_one_to_one,S-187,CAND-V33R18-S-187-059,CAND-HR330-20260918-S187-PPT-04,Established,Established,yes,Established,Established,yes,Established,Established,yes,Not established,Not established,yes,Indeterminate,Indeterminate,yes,"source://S-187.txt :: Appendix A Table 2, task 0a211154-fda0-48d0-9274-eaac4ce5486d, pp. 12-15","source://S-187.txt :: Appendix A Table 2, task 0a211154-fda0-48d0-9274-eaac4ce5486d, pp. 12-15","source://S-187.txt :: Appendix A Table 2, task 0a211154-fda0-48d0-9274-eaac4ce5486d, pp. 12-15 :: source passage and relevant environment/task/tool description reviewed","source://S-187.txt :: Appendix A Table 2, task 0a211154-fda0-48d0-9274-eaac4ce5486d, pp. 12-15 :: concrete operation/task passage reviewed",source://S-187.txt lines 742-808; Table 2 row 0a211154,source://S-187.txt lines 742-808; Table 2 row 0a211154
BATCH-S187-017,strict_one_to_one,S-187,CAND-V33R18-S-187-017,CAND-HR330-20260918-S187-EXCEL-10,Established,Established,yes,Established,Established,yes,Established,Established,yes,Not established,Not established,yes,Indeterminate,Indeterminate,yes,"source://S-187.txt :: Appendix A Table 4, task ecb0df7a-4e8d-4a03-b162-053391d3afaf, pp. 12-15","source://S-187.txt :: Appendix A Table 4, task ecb0df7a-4e8d-4a03-b162-053391d3afaf, pp. 12-15","source://S-187.txt :: Appendix A Table 4, task ecb0df7a-4e8d-4a03-b162-053391d3afaf, pp. 12-15 :: source passage and relevant environment/task/tool description reviewed","source://S-187.txt :: Appendix A Table 4, task ecb0df7a-4e8d-4a03-b162-053391d3afaf, pp. 12-15 :: concrete operation/task passage reviewed",source://S-187.txt lines 874-900; Table 4 row ecb0df7a,source://S-187.txt lines 874-900; Table 4 row ecb0df7a
BATCH-S187-016,strict_one_to_one,S-187,CAND-V33R18-S-187-016,CAND-HR330-20260918-S187-PPT-31,Established,Established,yes,Established,Established,yes,Established,Established,yes,Not established,Not established,yes,Indeterminate,Indeterminate,yes,"source://S-187.txt :: Appendix A Table 2, task b8adbc24-cef2-4b15-99d5-ecbe7ff445eb, pp. 12-15","source://S-187.txt :: Appendix A Table 2, task b8adbc24-cef2-4b15-99d5-ecbe7ff445eb, pp. 12-15","source://S-187.txt :: Appendix A Table 2, task b8adbc24-cef2-4b15-99d5-ecbe7ff445eb, pp. 12-15 :: source passage and relevant environment/task/tool description reviewed","source://S-187.txt :: Appendix A Table 2, task b8adbc24-cef2-4b15-99d5-ecbe7ff445eb, pp. 12-15 :: concrete operation/task passage reviewed",source://S-187.txt lines 742-808; Table 2 row b8adbc24,source://S-187.txt lines 742-808; Table 2 row b8adbc24
BATCH-S187-004,strict_one_to_one,S-187,CAND-V33R18-S-187-004,CAND-HR330-20260918-S187-WORD-04,Established,Established,yes,Established,Established,yes,Established,Established,yes,Not established,Not established,yes,Indeterminate,Indeterminate,yes,"source://S-187.txt :: Appendix A Table 3, task 0e47de2a-32e0-456c-a366-8c607ef7a9d2, pp. 12-15","source://S-187.txt :: Appendix A Table 3, task 0e47de2a-32e0-456c-a366-8c607ef7a9d2, pp. 12-15","source://S-187.txt :: Appendix A Table 3, task 0e47de2a-32e0-456c-a366-8c607ef7a9d2, pp. 12-15 :: source passage and relevant environment/task/tool description reviewed","source://S-187.txt :: Appendix A Table 3, task 0e47de2a-32e0-456c-a366-8c607ef7a9d2, pp. 12-15 :: concrete operation/task passage reviewed",source://S-187.txt lines 811-871; Table 3 row 0e47de2a,source://S-187.txt lines 811-871; Table 3 row 0e47de2a
BATCH-S187-010,strict_one_to_one,S-187,CAND-V33R18-S-187-010,CAND-HR330-20260918-S187-WORD-05,Established,Established,yes,Established,Established,yes,Established,Established,yes,Not established,Not established,yes,Indeterminate,Indeterminate,yes,"source://S-187.txt :: Appendix A Table 3, task 0e763496-b6bb-4508-a427-fad0b6c3e195, pp. 12-15","source://S-187.txt :: Appendix A Table 3, task 0e763496-b6bb-4508-a427-fad0b6c3e195, pp. 12-15","source://S-187.txt :: Appendix A Table 3, task 0e763496-b6bb-4508-a427-fad0b6c3e195, pp. 12-15 :: source passage and relevant environment/task/tool description reviewed","source://S-187.txt :: Appendix A Table 3, task 0e763496-b6bb-4508-a427-fad0b6c3e195, pp. 12-15 :: concrete operation/task passage reviewed",source://S-187.txt lines 811-871; Table 3 row 0e763496,source://S-187.txt lines 811-871; Table 3 row 0e763496
BATCH-S187-038,strict_one_to_one,S-187,CAND-V33R18-S-187-038,CAND-HR330-20260918-S187-PPT-35,Established,Established,yes,Established,Established,yes,Established,Established,yes,Not established,Not established,yes,Indeterminate,Indeterminate,yes,"source://S-187.txt :: Appendix A Table 2, task edb61b14-a854-4bf5-a075-c8075c11293a, pp. 12-15","source://S-187.txt :: Appendix A Table 2, task edb61b14-a854-4bf5-a075-c8075c11293a, pp. 12-15","source://S-187.txt :: Appendix A Table 2, task edb61b14-a854-4bf5-a075-c8075c11293a, pp. 12-15 :: source passage and relevant environment/task/tool description reviewed","source://S-187.txt :: Appendix A Table 2, task edb61b14-a854-4bf5-a075-c8075c11293a, pp. 12-15 :: concrete operation/task passage reviewed",source://S-187.txt lines 742-808; Table 2 row edb61b14,source://S-187.txt lines 742-808; Table 2 row edb61b14
BATCH-S187-031,strict_one_to_one,S-187,CAND-V33R18-S-187-031,CAND-HR330-20260918-S187-PPT-30,Established,Established,yes,Established,Established,yes,Established,Established,yes,Not established,Not established,yes,Indeterminate,Indeterminate,yes,"source://S-187.txt :: Appendix A Table 2, task ac9bb6cb-1888-43ab-81e4-a98a547918cd, pp. 12-15","source://S-187.txt :: Appendix A Table 2, task ac9bb6cb-1888-43ab-81e4-a98a547918cd, pp. 12-15","source://S-187.txt :: Appendix A Table 2, task ac9bb6cb-1888-43ab-81e4-a98a547918cd, pp. 12-15 :: source passage and relevant environment/task/tool description reviewed","source://S-187.txt :: Appendix A Table 2, task ac9bb6cb-1888-43ab-81e4-a98a547918cd, pp. 12-15 :: concrete operation/task passage reviewed",source://S-187.txt lines 742-808; Table 2 row ac9bb6cb,source://S-187.txt lines 742-808; Table 2 row ac9bb6cb
BATCH-S187-024,strict_one_to_one,S-187,CAND-V33R18-S-187-024,CAND-HR330-20260918-S187-WORD-03,Established,Established,yes,Established,Established,yes,Established,Established,yes,Not established,Not established,yes,Indeterminate,Indeterminate,yes,"source://S-187.txt :: Appendix A Table 3, task 0b17a146-2934-46c7-8727-73ff6b6483e8, pp. 12-15","source://S-187.txt :: Appendix A Table 3, task 0b17a146-2934-46c7-8727-73ff6b6483e8, pp. 12-15","source://S-187.txt :: Appendix A Table 3, task 0b17a146-2934-46c7-8727-73ff6b6483e8, pp. 12-15 :: source passage and relevant environment/task/tool description reviewed","source://S-187.txt :: Appendix A Table 3, task 0b17a146-2934-46c7-8727-73ff6b6483e8, pp. 12-15 :: concrete operation/task passage reviewed",source://S-187.txt lines 811-871; Table 3 row 0b17a146,source://S-187.txt lines 811-871; Table 3 row 0b17a146
BATCH-S187-001,strict_one_to_one,S-187,CAND-V33R18-S-187-001,CAND-HR330-20260918-S187-WORD-08,Established,Established,yes,Established,Established,yes,Established,Established,yes,Not established,Not established,yes,Indeterminate,Indeterminate,yes,"source://S-187.txt :: Appendix A Table 3, task 6f81754e-285d-4ce0-b59e-af7edb02d108, pp. 12-15","source://S-187.txt :: Appendix A Table 3, task 6f81754e-285d-4ce0-b59e-af7edb02d108, pp. 12-15","source://S-187.txt :: Appendix A Table 3, task 6f81754e-285d-4ce0-b59e-af7edb02d108, pp. 12-15 :: source passage and relevant environment/task/tool description reviewed","source://S-187.txt :: Appendix A Table 3, task 6f81754e-285d-4ce0-b59e-af7edb02d108, pp. 12-15 :: concrete operation/task passage reviewed",source://S-187.txt lines 811-871; Table 3 row 6f81754e,source://S-187.txt lines 811-871; Table 3 row 6f81754e
BATCH-S187-023,strict_one_to_one,S-187,CAND-V33R18-S-187-023,CAND-HR330-20260918-S187-WORD-06,Established,Established,yes,Established,Established,yes,Established,Established,yes,Not established,Not established,yes,Indeterminate,Indeterminate,yes,"source://S-187.txt :: Appendix A Table 3, task 3ef2b351-8a84-4ff2-8724-d86eae9b842e, pp. 12-15","source://S-187.txt :: Appendix A Table 3, task 3ef2b351-8a84-4ff2-8724-d86eae9b842e, pp. 12-15","source://S-187.txt :: Appendix A Table 3, task 3ef2b351-8a84-4ff2-8724-d86eae9b842e, pp. 12-15 :: source passage and relevant environment/task/tool description reviewed","source://S-187.txt :: Appendix A Table 3, task 3ef2b351-8a84-4ff2-8724-d86eae9b842e, pp. 12-15 :: concrete operation/task passage reviewed",source://S-187.txt lines 811-871; Table 3 row 3ef2b351,source://S-187.txt lines 811-871; Table 3 row 3ef2b351
BATCH-S187-027,strict_one_to_one,S-187,CAND-V33R18-S-187-027,CAND-HR330-20260918-S187-PPT-12,Established,Established,yes,Established,Established,yes,Established,Established,yes,Not established,Not established,yes,Indeterminate,Indeterminate,yes,"source://S-187.txt :: Appendix A Table 2, task 550ce7e7-747b-495f-b122-acdc4d0b8e54, pp. 12-15","source://S-187.txt :: Appendix A Table 2, task 550ce7e7-747b-495f-b122-acdc4d0b8e54, pp. 12-15","source://S-187.txt :: Appendix A Table 2, task 550ce7e7-747b-495f-b122-acdc4d0b8e54, pp. 12-15 :: source passage and relevant environment/task/tool description reviewed","source://S-187.txt :: Appendix A Table 2, task 550ce7e7-747b-495f-b122-acdc4d0b8e54, pp. 12-15 :: concrete operation/task passage reviewed",source://S-187.txt lines 742-808; Table 2 row 550ce7e7,source://S-187.txt lines 742-808; Table 2 row 550ce7e7
BATCH-S187-046,strict_one_to_one,S-187,CAND-V33R18-S-187-046,CAND-HR330-20260918-S187-PPT-07,Established,Established,yes,Established,Established,yes,Established,Established,yes,Not established,Not established,yes,Indeterminate,Indeterminate,yes,"source://S-187.txt :: Appendix A Table 2, task 2b94c692-6abb-48ae-ab0b-b3e8a19cb340, pp. 12-15","source://S-187.txt :: Appendix A Table 2, task 2b94c692-6abb-48ae-ab0b-b3e8a19cb340, pp. 12-15","source://S-187.txt :: Appendix A Table 2, task 2b94c692-6abb-48ae-ab0b-b3e8a19cb340, pp. 12-15 :: source passage and relevant environment/task/tool description reviewed","source://S-187.txt :: Appendix A Table 2, task 2b94c692-6abb-48ae-ab0b-b3e8a19cb340, pp. 12-15 :: concrete operation/task passage reviewed",source://S-187.txt lines 742-808; Table 2 row 2b94c692,source://S-187.txt lines 742-808; Table 2 row 2b94c692
BATCH-S187-033,strict_one_to_one,S-187,CAND-V33R18-S-187-033,CAND-HR330-20260918-S187-WORD-16,Established,Established,yes,Established,Established,yes,Established,Established,yes,Not established,Not established,yes,Indeterminate,Indeterminate,yes,"source://S-187.txt :: Appendix A Table 3, task e246f6d8-78d7-44ac-b668-fcf47946cb50, pp. 12-15","source://S-187.txt :: Appendix A Table 3, task e246f6d8-78d7-44ac-b668-fcf47946cb50, pp. 12-15","source://S-187.txt :: Appendix A Table 3, task e246f6d8-78d7-44ac-b668-fcf47946cb50, pp. 12-15 :: source passage and relevant environment/task/tool description reviewed","source://S-187.txt :: Appendix A Table 3, task e246f6d8-78d7-44ac-b668-fcf47946cb50, pp. 12-15 :: concrete operation/task passage reviewed",source://S-187.txt lines 811-871; Table 3 row e246f6d8,source://S-187.txt lines 811-871; Table 3 row e246f6d8
BATCH-S187-041,strict_one_to_one,S-187,CAND-V33R18-S-187-041,CAND-HR330-20260918-S187-PPT-17,Established,Established,yes,Established,Established,yes,Established,Established,yes,Not established,Not established,yes,Indeterminate,Indeterminate,yes,"source://S-187.txt :: Appendix A Table 2, task 70bca0cc-c117-427e-b0be-4df7299ebeb6, pp. 12-15","source://S-187.txt :: Appendix A Table 2, task 70bca0cc-c117-427e-b0be-4df7299ebeb6, pp. 12-15","source://S-187.txt :: Appendix A Table 2, task 70bca0cc-c117-427e-b0be-4df7299ebeb6, pp. 12-15 :: source passage and relevant environment/task/tool description reviewed","source://S-187.txt :: Appendix A Table 2, task 70bca0cc-c117-427e-b0be-4df7299ebeb6, pp. 12-15 :: concrete operation/task passage reviewed",source://S-187.txt lines 742-808; Table 2 row 70bca0cc,source://S-187.txt lines 742-808; Table 2 row 70bca0cc
BATCH-S187-015,strict_one_to_one,S-187,CAND-V33R18-S-187-015,CAND-HR330-20260918-S187-EXCEL-02,Established,Established,yes,Established,Established,yes,Established,Established,yes,Not established,Not established,yes,Indeterminate,Indeterminate,yes,"source://S-187.txt :: Appendix A Table 4, task 51b11269-2ca8-4b2a-9163-f21758420e78, pp. 12-15","source://S-187.txt :: Appendix A Table 4, task 51b11269-2ca8-4b2a-9163-f21758420e78, pp. 12-15","source://S-187.txt :: Appendix A Table 4, task 51b11269-2ca8-4b2a-9163-f21758420e78, pp. 12-15 :: source passage and relevant environment/task/tool description reviewed","source://S-187.txt :: Appendix A Table 4, task 51b11269-2ca8-4b2a-9163-f21758420e78, pp. 12-15 :: concrete operation/task passage reviewed",source://S-187.txt lines 874-900; Table 4 row 51b11269,source://S-187.txt lines 874-900; Table 4 row 51b11269
BATCH-S187-057,strict_one_to_one,S-187,CAND-V33R18-S-187-057,CAND-HR330-20260918-S187-EXCEL-07,Established,Established,yes,Established,Established,yes,Established,Established,yes,Not established,Not established,yes,Indeterminate,Indeterminate,yes,"source://S-187.txt :: Appendix A Table 4, task a9f325aa-8c05-4e4f-8341-9e4358565f4f, pp. 12-15","source://S-187.txt :: Appendix A Table 4, task a9f325aa-8c05-4e4f-8341-9e4358565f4f, pp. 12-15","source://S-187.txt :: Appendix A Table 4, task a9f325aa-8c05-4e4f-8341-9e4358565f4f, pp. 12-15 :: source passage and relevant environment/task/tool description reviewed","source://S-187.txt :: Appendix A Table 4, task a9f325aa-8c05-4e4f-8341-9e4358565f4f, pp. 12-15 :: concrete operation/task passage reviewed",source://S-187.txt lines 874-900; Table 4 row a9f325aa,source://S-187.txt lines 874-900; Table 4 row a9f325aa
BATCH-S187-048,strict_one_to_one,S-187,CAND-V33R18-S-187-048,CAND-HR330-20260918-S187-PPT-29,Established,Established,yes,Established,Established,yes,Established,Established,yes,Not established,Not established,yes,Indeterminate,Indeterminate,yes,"source://S-187.txt :: Appendix A Table 2, task ac1b39ff-ee4d-4483-abce-c117e98942f0, pp. 12-15","source://S-187.txt :: Appendix A Table 2, task ac1b39ff-ee4d-4483-abce-c117e98942f0, pp. 12-15","source://S-187.txt :: Appendix A Table 2, task ac1b39ff-ee4d-4483-abce-c117e98942f0, pp. 12-15 :: source passage and relevant environment/task/tool description reviewed","source://S-187.txt :: Appendix A Table 2, task ac1b39ff-ee4d-4483-abce-c117e98942f0, pp. 12-15 :: concrete operation/task passage reviewed",source://S-187.txt lines 742-808; Table 2 row ac1b39ff,source://S-187.txt lines 742-808; Table 2 row ac1b39ff
BATCH-S187-039,strict_one_to_one,S-187,CAND-V33R18-S-187-039,CAND-HR330-20260918-S187-PPT-09,Established,Established,yes,Established,Established,yes,Established,Established,yes,Not established,Not established,yes,Indeterminate,Indeterminate,yes,"source://S-187.txt :: Appendix A Table 2, task 39be0d19-634d-4475-8768-09c130f5425d, pp. 12-15","source://S-187.txt :: Appendix A Table 2, task 39be0d19-634d-4475-8768-09c130f5425d, pp. 12-15","source://S-187.txt :: Appendix A Table 2, task 39be0d19-634d-4475-8768-09c130f5425d, pp. 12-15 :: source passage and relevant environment/task/tool description reviewed","source://S-187.txt :: Appendix A Table 2, task 39be0d19-634d-4475-8768-09c130f5425d, pp. 12-15 :: concrete operation/task passage reviewed",source://S-187.txt lines 742-808; Table 2 row 39be0d19,source://S-187.txt lines 742-808; Table 2 row 39be0d19
BATCH-S187-062,strict_one_to_one,S-187,CAND-V33R18-S-187-062,CAND-HR330-20260918-S187-EXCEL-03,Established,Established,yes,Established,Established,yes,Established,Established,yes,Not established,Not established,yes,Indeterminate,Indeterminate,yes,"source://S-187.txt :: Appendix A Table 4, task 6054afcb-5bab-4702-90a0-b259b5d3217c, pp. 12-15","source://S-187.txt :: Appendix A Table 4, task 6054afcb-5bab-4702-90a0-b259b5d3217c, pp. 12-15","source://S-187.txt :: Appendix A Table 4, task 6054afcb-5bab-4702-90a0-b259b5d3217c, pp. 12-15 :: source passage and relevant environment/task/tool description reviewed","source://S-187.txt :: Appendix A Table 4, task 6054afcb-5bab-4702-90a0-b259b5d3217c, pp. 12-15 :: concrete operation/task passage reviewed",source://S-187.txt lines 874-900; Table 4 row 6054afcb,source://S-187.txt lines 874-900; Table 4 row 6054afcb
BATCH-S187-029,strict_one_to_one,S-187,CAND-V33R18-S-187-029,CAND-HR330-20260918-S187-WORD-11,Established,Established,yes,Established,Established,yes,Established,Established,yes,Not established,Not established,yes,Indeterminate,Indeterminate,yes,"source://S-187.txt :: Appendix A Table 3, task 88fe4b2d-3040-4c70-9a70-546a47764b48, pp. 12-15","source://S-187.txt :: Appendix A Table 3, task 88fe4b2d-3040-4c70-9a70-546a47764b48, pp. 12-15","source://S-187.txt :: Appendix A Table 3, task 88fe4b2d-3040-4c70-9a70-546a47764b48, pp. 12-15 :: source passage and relevant environment/task/tool description reviewed","source://S-187.txt :: Appendix A Table 3, task 88fe4b2d-3040-4c70-9a70-546a47764b48, pp. 12-15 :: concrete operation/task passage reviewed",source://S-187.txt lines 811-871; Table 3 row 88fe4b2d,source://S-187.txt lines 811-871; Table 3 row 88fe4b2d
BATCH-S187-008,strict_one_to_one,S-187,CAND-V33R18-S-187-008,CAND-HR330-20260918-S187-PPT-15,Established,Established,yes,Established,Established,yes,Established,Established,yes,Not established,Not established,yes,Indeterminate,Indeterminate,yes,"source://S-187.txt :: Appendix A Table 2, task 5cfb9197-e72b-454b-900e-c06b0c802b40, pp. 12-15","source://S-187.txt :: Appendix A Table 2, task 5cfb9197-e72b-454b-900e-c06b0c802b40, pp. 12-15","source://S-187.txt :: Appendix A Table 2, task 5cfb9197-e72b-454b-900e-c06b0c802b40, pp. 12-15 :: source passage and relevant environment/task/tool description reviewed","source://S-187.txt :: Appendix A Table 2, task 5cfb9197-e72b-454b-900e-c06b0c802b40, pp. 12-15 :: concrete operation/task passage reviewed",source://S-187.txt lines 742-808; Table 2 row 5cfb9197,source://S-187.txt lines 742-808; Table 2 row 5cfb9197
BATCH-S187-058,strict_one_to_one,S-187,CAND-V33R18-S-187-058,CAND-HR330-20260918-S187-EXCEL-04,Established,Established,yes,Established,Established,yes,Established,Established,yes,Not established,Not established,yes,Indeterminate,Indeterminate,yes,"source://S-187.txt :: Appendix A Table 4, task 7a4e4bc8-922c-4c84-865c-25ba34136be1, pp. 12-15","source://S-187.txt :: Appendix A Table 4, task 7a4e4bc8-922c-4c84-865c-25ba34136be1, pp. 12-15","source://S-187.txt :: Appendix A Table 4, task 7a4e4bc8-922c-4c84-865c-25ba34136be1, pp. 12-15 :: source passage and relevant environment/task/tool description reviewed","source://S-187.txt :: Appendix A Table 4, task 7a4e4bc8-922c-4c84-865c-25ba34136be1, pp. 12-15 :: concrete operation/task passage reviewed",source://S-187.txt lines 874-900; Table 4 row 7a4e4bc8,source://S-187.txt lines 874-900; Table 4 row 7a4e4bc8
BATCH-S187-032,strict_one_to_one,S-187,CAND-V33R18-S-187-032,CAND-HR330-20260918-S187-WORD-10,Established,Established,yes,Established,Established,yes,Established,Established,yes,Not established,Not established,yes,Indeterminate,Indeterminate,yes,"source://S-187.txt :: Appendix A Table 3, task 8472fece-c7dd-4241-8d65-9b3cd1a0b568, pp. 12-15","source://S-187.txt :: Appendix A Table 3, task 8472fece-c7dd-4241-8d65-9b3cd1a0b568, pp. 12-15","source://S-187.txt :: Appendix A Table 3, task 8472fece-c7dd-4241-8d65-9b3cd1a0b568, pp. 12-15 :: source passage and relevant environment/task/tool description reviewed","source://S-187.txt :: Appendix A Table 3, task 8472fece-c7dd-4241-8d65-9b3cd1a0b568, pp. 12-15 :: concrete operation/task passage reviewed",source://S-187.txt lines 811-871; Table 3 row 8472fece,source://S-187.txt lines 811-871; Table 3 row 8472fece
BATCH-S187-007,strict_one_to_one,S-187,CAND-V33R18-S-187-007,CAND-HR330-20260918-S187-PPT-19,Established,Established,yes,Established,Established,yes,Established,Established,yes,Not established,Not established,yes,Indeterminate,Indeterminate,yes,"source://S-187.txt :: Appendix A Table 2, task 7ae48c60-f143-4119-b659-15b8f485eb9a, pp. 12-15","source://S-187.txt :: Appendix A Table 2, task 7ae48c60-f143-4119-b659-15b8f485eb9a, pp. 12-15","source://S-187.txt :: Appendix A Table 2, task 7ae48c60-f143-4119-b659-15b8f485eb9a, pp. 12-15 :: source passage and relevant environment/task/tool description reviewed","source://S-187.txt :: Appendix A Table 2, task 7ae48c60-f143-4119-b659-15b8f485eb9a, pp. 12-15 :: concrete operation/task passage reviewed",source://S-187.txt lines 742-808; Table 2 row 7ae48c60,source://S-187.txt lines 742-808; Table 2 row 7ae48c60
BATCH-S187-055,strict_one_to_one,S-187,CAND-V33R18-S-187-055,CAND-HR330-20260918-S187-PPT-32,Established,Established,yes,Established,Established,yes,Established,Established,yes,Not established,Not established,yes,Indeterminate,Indeterminate,yes,"source://S-187.txt :: Appendix A Table 2, task ce88f674-ab7a-43da-9201-468d38539e4a, pp. 12-15","source://S-187.txt :: Appendix A Table 2, task ce88f674-ab7a-43da-9201-468d38539e4a, pp. 12-15","source://S-187.txt :: Appendix A Table 2, task ce88f674-ab7a-43da-9201-468d38539e4a, pp. 12-15 :: source passage and relevant environment/task/tool description reviewed","source://S-187.txt :: Appendix A Table 2, task ce88f674-ab7a-43da-9201-468d38539e4a, pp. 12-15 :: concrete operation/task passage reviewed",source://S-187.txt lines 742-808; Table 2 row ce88f674,source://S-187.txt lines 742-808; Table 2 row ce88f674
BATCH-S187-018,strict_one_to_one,S-187,CAND-V33R18-S-187-018,CAND-HR330-20260918-S187-EXCEL-05,Established,Established,yes,Established,Established,yes,Established,Established,yes,Not established,Not established,yes,Indeterminate,Indeterminate,yes,"source://S-187.txt :: Appendix A Table 4, task 7efeb4b1-3d19-4762-b163-63328d66303b, pp. 12-15","source://S-187.txt :: Appendix A Table 4, task 7efeb4b1-3d19-4762-b163-63328d66303b, pp. 12-15","source://S-187.txt :: Appendix A Table 4, task 7efeb4b1-3d19-4762-b163-63328d66303b, pp. 12-15 :: source passage and relevant environment/task/tool description reviewed","source://S-187.txt :: Appendix A Table 4, task 7efeb4b1-3d19-4762-b163-63328d66303b, pp. 12-15 :: concrete operation/task passage reviewed",source://S-187.txt lines 874-900; Table 4 row 7efeb4b1,source://S-187.txt lines 874-900; Table 4 row 7efeb4b1
BATCH-S187-065,strict_one_to_one,S-187,CAND-V33R18-S-187-065,CAND-HR330-20260918-S187-PPT-23,Established,Established,yes,Established,Established,yes,Established,Established,yes,Not established,Not established,yes,Indeterminate,Indeterminate,yes,"source://S-187.txt :: Appendix A Table 2, task 986fc832-6af2-417c-8845-9272b3a1528b, pp. 12-15","source://S-187.txt :: Appendix A Table 2, task 986fc832-6af2-417c-8845-9272b3a1528b, pp. 12-15","source://S-187.txt :: Appendix A Table 2, task 986fc832-6af2-417c-8845-9272b3a1528b, pp. 12-15 :: source passage and relevant environment/task/tool description reviewed","source://S-187.txt :: Appendix A Table 2, task 986fc832-6af2-417c-8845-9272b3a1528b, pp. 12-15 :: concrete operation/task passage reviewed",source://S-187.txt lines 742-808; Table 2 row 986fc832,source://S-187.txt lines 742-808; Table 2 row 986fc832
BATCH-S187-053,strict_one_to_one,S-187,CAND-V33R18-S-187-053,CAND-HR330-20260918-S187-WORD-17,Established,Established,yes,Established,Established,yes,Established,Established,yes,Not established,Not established,yes,Indeterminate,Indeterminate,yes,"source://S-187.txt :: Appendix A Table 3, task e528b65e-1107-4b8c-8988-490e4fece599, pp. 12-15","source://S-187.txt :: Appendix A Table 3, task e528b65e-1107-4b8c-8988-490e4fece599, pp. 12-15","source://S-187.txt :: Appendix A Table 3, task e528b65e-1107-4b8c-8988-490e4fece599, pp. 12-15 :: source passage and relevant environment/task/tool description reviewed","source://S-187.txt :: Appendix A Table 3, task e528b65e-1107-4b8c-8988-490e4fece599, pp. 12-15 :: concrete operation/task passage reviewed",source://S-187.txt lines 811-871; Table 3 row e528b65e,source://S-187.txt lines 811-871; Table 3 row e528b65e
BATCH-S187-044,strict_one_to_one,S-187,CAND-V33R18-S-187-044,CAND-HR330-20260918-S187-PPT-01,Established,Established,yes,Established,Established,yes,Established,Established,yes,Not established,Not established,yes,Indeterminate,Indeterminate,yes,"source://S-187.txt :: Appendix A Table 2, task 04578141-1d42-4146-b9cf-6fab4ce5fd74, pp. 12-15","source://S-187.txt :: Appendix A Table 2, task 04578141-1d42-4146-b9cf-6fab4ce5fd74, pp. 12-15","source://S-187.txt :: Appendix A Table 2, task 04578141-1d42-4146-b9cf-6fab4ce5fd74, pp. 12-15 :: source passage and relevant environment/task/tool description reviewed","source://S-187.txt :: Appendix A Table 2, task 04578141-1d42-4146-b9cf-6fab4ce5fd74, pp. 12-15 :: concrete operation/task passage reviewed",source://S-187.txt lines 742-808; Table 2 row 04578141,source://S-187.txt lines 742-808; Table 2 row 04578141
BATCH-S187-036,strict_one_to_one,S-187,CAND-V33R18-S-187-036,CAND-HR330-20260918-S187-PPT-16,Established,Established,yes,Established,Established,yes,Established,Established,yes,Not established,Not established,yes,Indeterminate,Indeterminate,yes,"source://S-187.txt :: Appendix A Table 2, task 5d901039-a89c-4bfb-967b-bf66f4df075e, pp. 12-15","source://S-187.txt :: Appendix A Table 2, task 5d901039-a89c-4bfb-967b-bf66f4df075e, pp. 12-15","source://S-187.txt :: Appendix A Table 2, task 5d901039-a89c-4bfb-967b-bf66f4df075e, pp. 12-15 :: source passage and relevant environment/task/tool description reviewed","source://S-187.txt :: Appendix A Table 2, task 5d901039-a89c-4bfb-967b-bf66f4df075e, pp. 12-15 :: concrete operation/task passage reviewed",source://S-187.txt lines 742-808; Table 2 row 5d901039,source://S-187.txt lines 742-808; Table 2 row 5d901039
BATCH-S187-003,strict_one_to_one,S-187,CAND-V33R18-S-187-003,CAND-HR330-20260918-S187-PPT-21,Established,Established,yes,Established,Established,yes,Established,Established,yes,Not established,Not established,yes,Indeterminate,Indeterminate,yes,"source://S-187.txt :: Appendix A Table 2, task 841b50aa-df53-47bd-a73a-22d3a9f73160, pp. 12-15","source://S-187.txt :: Appendix A Table 2, task 841b50aa-df53-47bd-a73a-22d3a9f73160, pp. 12-15","source://S-187.txt :: Appendix A Table 2, task 841b50aa-df53-47bd-a73a-22d3a9f73160, pp. 12-15 :: source passage and relevant environment/task/tool description reviewed","source://S-187.txt :: Appendix A Table 2, task 841b50aa-df53-47bd-a73a-22d3a9f73160, pp. 12-15 :: concrete operation/task passage reviewed",source://S-187.txt lines 742-808; Table 2 row 841b50aa,source://S-187.txt lines 742-808; Table 2 row 841b50aa
BATCH-S188-004,strict_one_to_one,S-188,CAND-V33-S-188-004,RB-C008,Established,Established,yes,Established,Established,yes,Established,Established,yes,Established,Established,yes,Established,Established,yes,"source://S-188.txt :: S-188.txt :: lines 292-329, Table 18","source://S-188.txt :: S-188.txt :: lines 319-377, Table 18","source://S-188.txt :: S-188.txt :: lines 277-329, 375-382","source://S-188.txt :: S-188.txt :: lines 304-329, 375-382",source://S-188.txt lines 1230-1239 and 2408-2418; Table 4 shared-memory example,source://S-188.txt lines 1230-1239 and 2408-2418; Table 4 shared-memory example
BATCH-S188-007,strict_one_to_one,S-188,CAND-V33-S-188-007,S-188-ADD-03,Established,Established,yes,Established,Established,yes,Not established,Not established,yes,Established,Established,yes,Established,Established,yes,"source://S-188.txt :: S-188.txt :: lines 277-286, 452-563, Appendix E","source://S-188.txt :: S-188.txt :: lines 452-563, Appendix E","source://S-188.txt :: S-188.txt :: lines 277-286, 452-563, Appendix E","source://S-188.txt :: S-188.txt :: lines 277-286, 452-563, Appendix E","source://S-188.txt lines 2128-2158; Appendix E.2.1, Algorithm 2","source://S-188.txt lines 2128-2158; Appendix E.2.1, Algorithm 2"
BATCH-S188-002,strict_one_to_one,S-188,CAND-V33-S-188-002,RB-C007,Established,Established,yes,Established,Established,yes,Established,Established,yes,Established,Established,yes,Established,Established,yes,"source://S-188.txt :: S-188.txt :: lines 292-340, Table 18","source://S-188.txt :: S-188.txt :: lines 335-374, Table 18","source://S-188.txt :: S-188.txt :: lines 277-314, 335-357","source://S-188.txt :: S-188.txt :: lines 292-340, 335-357",source://S-188.txt lines 1230-1239; Table 4 shared-memory example,source://S-188.txt lines 1230-1239; Table 4 shared-memory example
BATCH-S188-003,strict_one_to_one,S-188,CAND-V33-S-188-003,RB-C006,Established,Established,yes,Established,Established,yes,Established,Established,yes,Established,Established,yes,Established,Established,yes,"source://S-188.txt :: S-188.txt :: lines 292-329, Table 18","source://S-188.txt :: S-188.txt :: lines 319-374, Table 18",source://S-188.txt :: S-188.txt :: lines 277-329,"source://S-188.txt :: S-188.txt :: lines 304-329, 375-382",source://S-188.txt lines 1230-1236 and 1257-1265; Table 4,source://S-188.txt lines 1230-1236 and 1257-1265; Table 4
BATCH-S188-006,strict_one_to_one,S-188,CAND-V33-S-188-006,S-188-ADD-02,Established,Established,yes,Established,Established,yes,Not established,Not established,yes,Established,Established,yes,Established,Established,yes,"source://S-188.txt :: S-188.txt :: lines 277-286, 452-563, Appendix E","source://S-188.txt :: S-188.txt :: lines 452-563, Appendix E","source://S-188.txt :: S-188.txt :: lines 277-286, 452-563, Appendix E","source://S-188.txt :: S-188.txt :: lines 277-286, 452-563, Appendix E","source://S-188.txt lines 2128-2148; Appendix E.2.1, Algorithm 1","source://S-188.txt lines 2128-2148; Appendix E.2.1, Algorithm 1"
BATCH-S188-001,strict_one_to_one,S-188,CAND-V33-S-188-001,RB-C005,Established,Established,yes,Established,Established,yes,Established,Established,yes,Established,Established,yes,Established,Established,yes,"source://S-188.txt :: S-188.txt :: lines 292-340, 360-374, Table 18","source://S-188.txt :: S-188.txt :: lines 335-374, Table 18","source://S-188.txt :: S-188.txt :: lines 277-314, 335-357","source://S-188.txt :: S-188.txt :: lines 292-340, 335-357",source://S-188.txt lines 1230-1249; Table 4,source://S-188.txt lines 1230-1249; Table 4
BATCH-S194-002,strict_one_to_one,S-194,CAND-V33-S-194-002,CAND-RECON-20260909-S-194-002,Established,Established,yes,Established,Established,yes,Established,Established,yes,Not established,Not established,yes,Indeterminate,Indeterminate,yes,"source://S-194.txt :: S-194.txt :: lines 149-166, 186-192, 395-402, 557-558","source://S-194.txt :: S-194.txt :: lines 86-114, 395-402, 557-558","source://S-194.txt :: S-194.txt :: lines 149-166, 186-192, 395-402","source://S-194.txt :: S-194.txt :: lines 149-166, 186-192, 395-402",source://S-194.txt lines 395-403; Attack Scenario 2,source://S-194.txt lines 395-403; Attack Scenario 2
BATCH-S194-001,strict_one_to_one,S-194,CAND-V33-S-194-001,CAND-RECON-20260909-S-194-001,Established,Established,yes,Not established,Established,no,Established,Established,yes,Not established,Not established,yes,Indeterminate,Indeterminate,yes,"source://S-194.txt :: S-194.txt :: lines 86-114, 186-192, 388-394, 498-503","source://S-194.txt :: S-194.txt :: lines 86-114, 388-394, 498-503","source://S-194.txt :: S-194.txt :: lines 86-114, 186-192, 388-394","source://S-194.txt :: S-194.txt :: lines 86-114, 186-192, 388-394",source://S-194.txt lines 384-394; Attack Scenario 1,source://S-194.txt lines 384-394; Attack Scenario 1
BATCH-S194-003,strict_one_to_one,S-194,CAND-V33-S-194-003,CAND-RECON-20260909-S-194-003,Established,Established,yes,Not established,Established,no,Established,Established,yes,Not established,Not established,yes,Indeterminate,Indeterminate,yes,"source://S-194.txt :: lines 97-102, 237-245, 473-480","source://S-194.txt :: lines 237-245, 413-425, 473-480","source://S-194.txt :: lines 97-102, 237-245, 473-480","source://S-194.txt :: lines 97-102, 237-245, 473-480",source://S-194.txt lines 413-420; Attack Scenario 3,source://S-194.txt lines 413-420; Attack Scenario 3
BATCH-S195-002,strict_one_to_one,S-195,CAND-V33-S-195-002,CAND-RECON-20260909-S-195-001,Established,Established,yes,Established,Established,yes,Established,Established,yes,Established,Established,yes,Established,Established,yes,"source://S-195.txt :: Figure 3(b), p. 6; lines 351-377","source://S-195.txt :: Figure 3(b), p. 6; lines 351-377","source://S-195.txt :: Figure 3(b), p. 6; lines 351-377","source://S-195.txt :: Figure 3(b), p. 6; lines 351-377",source://S-195.txt lines 351-377; ASSEBench record ID 184,source://S-195.txt lines 351-377; ASSEBench record ID 184
BATCH-S196-005,strict_one_to_one,S-196,CAND-V33-S-196-005,CAND-RECON-20260909-S-196-007,Established,Established,yes,Established,Established,yes,Established,Established,yes,Indeterminate,Indeterminate,yes,Indeterminate,Indeterminate,yes,"source://S-196.txt :: lines 1432-1448, Figure 13","source://S-196.txt :: lines 1433-1448, Figure 13","source://S-196.txt :: Figure 13, p. 1489 :: source passage and relevant environment/task/tool description reviewed","source://S-196.txt :: Figure 13, p. 1489 :: concrete operation/task passage reviewed",source://S-196.txt lines 1432-1452; Figure 13,source://S-196.txt lines 1432-1452; Figure 13
BATCH-S196-001,strict_one_to_one,S-196,CAND-V33-S-196-001,CAND-RECON-20260909-S-196-004,Established,Established,yes,Established,Established,yes,Established,Established,yes,Not established,Indeterminate,no,Indeterminate,Indeterminate,yes,"source://S-196.txt :: lines 1260-1273, Figure 10","source://S-196.txt :: lines 1260-1273, Figure 10","source://S-196.txt :: Figure 10, p. 1487 :: source passage and relevant environment/task/tool description reviewed","source://S-196.txt :: Figure 10, p. 1487 :: concrete operation/task passage reviewed",source://S-196.txt lines 1260-1273; Figure 10,source://S-196.txt lines 1260-1273; Figure 10
BATCH-S196-008,strict_one_to_one,S-196,CAND-V33-S-196-008,CAND-RECON-20260909-S-196-002,Established,Established,yes,Established,Established,yes,Established,Established,yes,Established,Indeterminate,no,Established,Indeterminate,no,"source://S-196.txt :: lines 1176-1198, Figure 8","source://S-196.txt :: lines 1176-1190, Figure 8","source://S-196.txt :: Figure 8, p. 1486 :: source passage and relevant environment/task/tool description reviewed","source://S-196.txt :: Figure 8, p. 1486 :: concrete operation/task passage reviewed",source://S-196.txt lines 1176-1202; Figure 8,source://S-196.txt lines 1176-1202; Figure 8
BATCH-S196-006,strict_one_to_one,S-196,CAND-V33-S-196-006,CAND-RECON-20260909-S-196-001,Established,Established,yes,Established,Established,yes,Established,Established,yes,Not established,Not established,yes,Indeterminate,Indeterminate,yes,"source://S-196.txt :: lines 1050-1060, Figure 2","source://S-196.txt :: lines 1050-1060, Figure 2","source://S-196.txt :: Figure 2, p. 1469 :: source passage and relevant environment/task/tool description reviewed","source://S-196.txt :: Figure 2, p. 1469 :: concrete operation/task passage reviewed",source://S-196.txt lines 173-192; Figure 2,source://S-196.txt lines 173-192; Figure 2
BATCH-S196-003,strict_one_to_one,S-196,CAND-V33-S-196-003,PROV-S196-005-2,Established,Established,yes,Established,Established,yes,Established,Established,yes,Established,Indeterminate,no,Established,Indeterminate,no,"source://S-196.txt :: lines 1318-1329, Figure 11","source://S-196.txt :: lines 1311-1329, Figure 11","source://S-196.txt :: Figure 11, p. 1488 :: source passage and relevant environment/task/tool description reviewed","source://S-196.txt :: Figure 11, p. 1488 :: concrete operation/task passage reviewed",source://S-196.txt lines 1318-1325; TwitterManagerPostTweet action,source://S-196.txt lines 1318-1325; TwitterManagerPostTweet action
BATCH-S196-002,strict_one_to_one,S-196,CAND-V33-S-196-002,PROV-S196-005-1,Established,Established,yes,Established,Established,yes,Established,Established,yes,Established,Indeterminate,no,Established,Indeterminate,no,"source://S-196.txt :: lines 1307-1317, Figure 11","source://S-196.txt :: lines 1307-1324, Figure 11","source://S-196.txt :: Figure 11, p. 1488 :: source passage and relevant environment/task/tool description reviewed","source://S-196.txt :: Figure 11, p. 1488 :: concrete operation/task passage reviewed",source://S-196.txt lines 1311-1317; DropboxCreateLink action,source://S-196.txt lines 1311-1317; DropboxCreateLink action
BATCH-S196-004,strict_one_to_one,S-196,CAND-V33-S-196-004,CAND-RECON-20260909-S-196-006,Established,Established,yes,Established,Established,yes,Established,Established,yes,Established,Indeterminate,no,Established,Indeterminate,no,"source://S-196.txt :: lines 1361-1388, Figure 12","source://S-196.txt :: lines 1365-1384, Figure 12","source://S-196.txt :: Figure 12, p. 1489 :: source passage and relevant environment/task/tool description reviewed","source://S-196.txt :: Figure 12, p. 1489 :: concrete operation/task passage reviewed",source://S-196.txt lines 1361-1394; Figure 12,source://S-196.txt lines 1361-1394; Figure 12
BATCH-S198-001,strict_one_to_one,S-198,CAND-V33-S-198-001,CAND-RECON-20260909-S-198-001,Established,Established,yes,Established,Established,yes,Established,Established,yes,Not established,Not established,yes,Indeterminate,Indeterminate,yes,"source://S-198.txt :: Appendix E.7, Example 1, pp. 38-44","source://S-198.txt :: Appendix E.7, Example 1, pp. 38-44; lines 1272-1303","source://S-198.txt :: Appendix E.7, Example 1, pp. 38-44; lines 1272-1303","source://S-198.txt :: Appendix E.7, Example 1, pp. 38-44",source://S-198.txt lines 2652-2795; Appendix Example 1,source://S-198.txt lines 2652-2795; Appendix Example 1
BATCH-S199-001,strict_one_to_one,S-199,CAND-V33-S-199-002,S-199-CO-001,Established,Established,yes,Established,Established,yes,Established,Established,yes,Established,Not established,no,Established,Indeterminate,no,"source://S-199.txt :: PDF pp. 5-7, Sections 3.1-3.2 and Table 3","source://S-199.txt :: PDF pp. 5-7, Sections 3.1-3.2 and Table 3","source://S-199.txt :: PDF pp. 5-7, Sections 3.1-3.2 and Table 3","source://S-199.txt :: PDF pp. 5-7, Sections 3.1-3.2 and Table 3",source://S-199.txt lines 287-294; Table 3,source://S-199.txt lines 287-294; Table 3
BATCH-S201-001,strict_one_to_one,S-201,CAND-V33-S-201-001,S-201-ADD-02,Established,Established,yes,Established,Established,yes,Established,Established,yes,Not established,Indeterminate,no,Indeterminate,Indeterminate,yes,"source://S-201.txt :: PDF p. 24, Figure 13, lines 1097-1108","source://S-201.txt :: PDF p. 24, Figure 13, lines 1097-1108","source://S-201.txt :: PDF p. 24, Figure 13 (full-text lines 1097-1108) :: source passage and relevant environment/task/tool description reviewed","source://S-201.txt :: PDF p. 24, Figure 13 (full-text lines 1097-1108) :: concrete operation/task passage reviewed",source://S-201.txt lines 1399-1438; Figure 13,source://S-201.txt lines 1399-1438; Figure 13
BATCH-S201-002,strict_one_to_one,S-201,CAND-V33-S-201-002,S-201-ADD-04,Established,Established,yes,Established,Established,yes,Established,Established,yes,Not established,Not established,yes,Indeterminate,Indeterminate,yes,"source://S-201.txt :: PDF pp. 1-2, Figure 1 and Section 1, lines 59-97","source://S-201.txt :: PDF pp. 1-2, Figure 1 and Section 1, lines 59-97; lines 1538-1593","source://S-201.txt :: PDF pp. 1-2, Figure 1 and Section 1 (full-text lines 59-97) :: source passage and relevant environment/task/tool description reviewed","source://S-201.txt :: PDF pp. 1-2, Figure 1 and Section 1 (full-text lines 59-97) :: concrete operation/task passage reviewed",source://S-201.txt lines 78-105; Figure 1(A),source://S-201.txt lines 78-105; Figure 1(A)
BATCH-S201-003,strict_one_to_one,S-201,CAND-V33-S-201-003,S-201-ADD-01,Established,Established,yes,Established,Established,yes,Established,Established,yes,Not established,Indeterminate,no,Indeterminate,Indeterminate,yes,"source://S-201.txt :: PDF pp. 21-23, Figures 9-12, lines 1006-1057","source://S-201.txt :: PDF pp. 21-23, Figures 9-12, lines 1006-1057; lines 1538-1593","source://S-201.txt :: PDF pp. 21-23, Figures 9-12 (full-text lines 1006-1057) :: source passage and relevant environment/task/tool description reviewed","source://S-201.txt :: PDF pp. 21-23, Figures 9-12 (full-text lines 1006-1057) :: concrete operation/task passage reviewed",source://S-201.txt lines 1342-1385; Figure 12,source://S-201.txt lines 1342-1385; Figure 12
BATCH-S201-004,strict_one_to_one,S-201,CAND-V33-S-201-004,S-201-ADD-05,Established,Established,yes,Established,Established,yes,Established,Established,yes,Not established,Not established,yes,Indeterminate,Not established,no,"source://S-201.txt :: PDF pp. 25-26, Figure 15, lines 1138-1170","source://S-201.txt :: PDF pp. 25-26, Figure 15, lines 1138-1170; lines 1538-1593","source://S-201.txt :: PDF pp. 25-26, Figure 15 (full-text lines 1138-1170) :: source passage and relevant environment/task/tool description reviewed","source://S-201.txt :: PDF pp. 25-26, Figure 15 (full-text lines 1138-1170) :: concrete operation/task passage reviewed",source://S-201.txt lines 1494-1500 and 1516-1539; Figure 15(B),source://S-201.txt lines 1494-1500 and 1516-1539; Figure 15(B)
BATCH-S201-005,strict_one_to_one,S-201,CAND-V33-S-201-005,S-201-ADD-03,Established,Established,yes,Established,Established,yes,Established,Established,yes,Not established,Not established,yes,Indeterminate,Not established,no,"source://S-201.txt :: PDF pp. 4-5, Section 2 and Figure 4, lines 166-190, 448-463","source://S-201.txt :: PDF pp. 4-5, Section 2 and Figure 4, lines 166-190, 448-463; lines 1538-1593","source://S-201.txt :: PDF pp. 4-5, Section 2 and Figure 4 (full-text lines 166-190, 448-463) :: source passage and relevant environment/task/tool description reviewed","source://S-201.txt :: PDF pp. 4-5, Section 2 and Figure 4 (full-text lines 166-190, 448-463) :: concrete operation/task passage reviewed",source://S-201.txt lines 524-547; Figure 4,source://S-201.txt lines 524-547; Figure 4
BATCH-S202-001,strict_one_to_one,S-202,CAND-V33-S-202-001,S-202-ADD-01,Established,Established,yes,Established,Established,yes,Established,Established,yes,Established,Indeterminate,no,Established,Indeterminate,no,"source://S-202.txt :: PDF pp. 3-6, Section 3, Table 2, Figure 16, lines 200-240, 487-492, 1773-1779","source://S-202.txt :: PDF pp. 3-6, Section 3, Table 2, Figure 16, lines 200-240, 487-492, 1773-1779","source://S-202.txt :: PDF pp. 3-6, Section 3, Table 2, Figure 16, lines 200-240, 487-492, 1773-1779","source://S-202.txt :: PDF pp. 3-6, Section 3, Table 2, Figure 16, lines 200-240, 487-492, 1773-1779",source://S-202.txt lines 335-340; Table 2,source://S-202.txt lines 335-340; Table 2
BATCH-S202-002,strict_one_to_one,S-202,CAND-V33-S-202-002,S-202-ADD-02,Established,Established,yes,Established,Established,yes,Established,Established,yes,Established,Indeterminate,no,Established,Indeterminate,no,"source://S-202.txt :: PDF pp. 3-6, Section 3, Table 2, Figure 16, lines 200-240, 487-492, 1773-1779","source://S-202.txt :: PDF pp. 3-6, Section 3, Table 2, Figure 16, lines 200-240, 487-492, 1773-1779","source://S-202.txt :: PDF pp. 3-6, Section 3, Table 2, Figure 16, lines 200-240, 487-492, 1773-1779","source://S-202.txt :: PDF pp. 3-6, Section 3, Table 2, Figure 16, lines 200-240, 487-492, 1773-1779",source://S-202.txt lines 341-345; Table 2,source://S-202.txt lines 341-345; Table 2
BATCH-S202-003,strict_one_to_one,S-202,CAND-V33-S-202-003,S-202-ADD-03,Established,Established,yes,Established,Established,yes,Established,Established,yes,Established,Indeterminate,no,Established,Indeterminate,no,"source://S-202.txt :: PDF pp. 3-6, Section 3, Table 2, Figure 16, lines 200-240, 487-492, 1773-1779","source://S-202.txt :: PDF pp. 3-6, Section 3, Table 2, Figure 16, lines 200-240, 487-492, 1773-1779","source://S-202.txt :: PDF pp. 3-6, Section 3, Table 2, Figure 16, lines 200-240, 487-492, 1773-1779","source://S-202.txt :: PDF pp. 3-6, Section 3, Table 2, Figure 16, lines 200-240, 487-492, 1773-1779",source://S-202.txt lines 346-348; Table 2,source://S-202.txt lines 346-348; Table 2
BATCH-S204-001,strict_one_to_one,S-204,CAND-V33-S-204-001,CAND-RECON-20260909-S-204-001,Established,Established,yes,Established,Established,yes,Established,Established,yes,Not established,Not established,yes,Indeterminate,Indeterminate,yes,source://S-204.txt :: Figure 1 source extract lines 054-067; Figure 2 lines 108-119,source://S-204.txt :: Figure 1 source extract lines 054-067; Figure 2 lines 108-119,source://S-204.txt :: Figure 1 source extract lines 054-067; Figure 2 lines 108-119,source://S-204.txt :: Figure 1 source extract lines 054-067; Figure 2 lines 108-119,source://S-204.txt lines 90-98; Figure 1,source://S-204.txt lines 90-98; Figure 1
BATCH-S206-001,strict_one_to_one,S-206,CAND-V33-S-206-001,S-206-ADD-01,Established,Established,yes,Established,Established,yes,Established,Established,yes,Not established,Not established,yes,Indeterminate,Indeterminate,yes,source://S-206.txt :: Section 3.3 and Figure 2 lines 250-286; Appendix D lines 1360-1410,source://S-206.txt :: Section 3.3 and Figure 2 lines 250-286; Appendix D lines 1360-1410,source://S-206.txt :: Section 3.3 and Figure 2 lines 250-286; Appendix D lines 1360-1410,source://S-206.txt :: Section 3.3 and Figure 2 lines 250-286; Appendix D lines 1360-1410,source://S-206.txt lines 975-983; Appendix D evaluator example,source://S-206.txt lines 975-983; Appendix D evaluator example
BATCH-S209-001,strict_one_to_one,S-209,CAND-V33-S-209-001,CAND-RECON-20260909-S-209-003,Established,Established,yes,Established,Established,yes,Established,Established,yes,Established,Not established,no,Established,Not established,no,"source://S-209.txt :: Sections 5-6, Table 3, full-text lines 242-305, 382-413","source://S-209.txt :: Sections 5-6, Table 3, full-text lines 242-305, 382-413","source://S-209.txt :: Table 3, confused-deputy-001 (source extract lines 390-394) :: source passage and relevant environment/task/tool description reviewed","source://S-209.txt :: Table 3, confused-deputy-001 (source extract lines 390-394) :: concrete operation/task passage reviewed",source://S-209.txt lines 363-369 and 382-392; Table 3 case confused-deputy-001,source://S-209.txt lines 363-369 and 382-392; Table 3 case confused-deputy-001
BATCH-S209-002,strict_one_to_one,S-209,CAND-V33-S-209-002,CAND-RECON-20260909-S-209-004,Established,Established,yes,Established,Established,yes,Established,Established,yes,Established,Not established,no,Established,Not established,no,"source://S-209.txt :: Sections 5-6, Table 3, full-text lines 242-305, 382-413","source://S-209.txt :: Sections 5-6, Table 3, full-text lines 242-305, 382-413","source://S-209.txt :: Table 3, confused-deputy-002 (source extract lines 394-397) :: source passage and relevant environment/task/tool description reviewed","source://S-209.txt :: Table 3, confused-deputy-002 (source extract lines 394-397) :: concrete operation/task passage reviewed",source://S-209.txt lines 363-369 and 393-395; Table 3 case confused-deputy-002,source://S-209.txt lines 363-369 and 393-395; Table 3 case confused-deputy-002
BATCH-S209-003,strict_one_to_one,S-209,CAND-V33-S-209-003,CAND-RECON-20260909-S-209-007,Established,Established,yes,Established,Established,yes,Established,Established,yes,Established,Not established,no,Established,Not established,no,"source://S-209.txt :: Sections 5-6, Table 3, full-text lines 242-305, 382-413","source://S-209.txt :: Sections 5-6, Table 3, full-text lines 242-305, 382-413","source://S-209.txt :: Table 3, context-poisoning-datapipe-001 (source extract lines 401-405) :: source passage and relevant environment/task/tool description reviewed","source://S-209.txt :: Table 3, context-poisoning-datapipe-001 (source extract lines 401-405) :: concrete operation/task passage reviewed",source://S-209.txt lines 363-369 and 401-403; Table 3 case context-poisoning-datapipe-001,source://S-209.txt lines 363-369 and 401-403; Table 3 case context-poisoning-datapipe-001
BATCH-S209-004,strict_one_to_one,S-209,CAND-V33-S-209-004,CAND-RECON-20260909-S-209-008,Established,Established,yes,Established,Established,yes,Established,Established,yes,Established,Not established,no,Established,Not established,no,"source://S-209.txt :: Sections 5-6, Table 3, full-text lines 242-305, 382-413","source://S-209.txt :: Sections 5-6, Table 3, full-text lines 242-305, 382-413","source://S-209.txt :: Table 3, context-poisoning-datapipe-002 (source extract lines 404-406) :: source passage and relevant environment/task/tool description reviewed","source://S-209.txt :: Table 3, context-poisoning-datapipe-002 (source extract lines 404-406) :: concrete operation/task passage reviewed",source://S-209.txt lines 363-369 and 404-406; Table 3 case context-poisoning-datapipe-002,source://S-209.txt lines 363-369 and 404-406; Table 3 case context-poisoning-datapipe-002
BATCH-S209-005,strict_one_to_one,S-209,CAND-V33-S-209-005,CAND-RECON-20260909-S-209-005,Established,Established,yes,Established,Established,yes,Established,Established,yes,Established,Not established,no,Established,Not established,no,"source://S-209.txt :: Sections 5-6, Table 3, full-text lines 242-305, 382-413","source://S-209.txt :: Sections 5-6, Table 3, full-text lines 242-305, 382-413","source://S-209.txt :: Table 3, excessive-permission-001 (source extract lines 397-400) :: source passage and relevant environment/task/tool description reviewed","source://S-209.txt :: Table 3, excessive-permission-001 (source extract lines 397-400) :: concrete operation/task passage reviewed",source://S-209.txt lines 363-369 and 396-398; Table 3 case excessive-permission-001,source://S-209.txt lines 363-369 and 396-398; Table 3 case excessive-permission-001
BATCH-S209-006,strict_one_to_one,S-209,CAND-V33-S-209-006,CAND-RECON-20260909-S-209-006,Established,Established,yes,Established,Established,yes,Established,Established,yes,Established,Not established,no,Established,Not established,no,"source://S-209.txt :: Sections 5-6, Table 3, full-text lines 242-305, 382-413","source://S-209.txt :: Sections 5-6, Table 3, full-text lines 242-305, 382-413","source://S-209.txt :: Table 3, excessive-permission-002 (source extract lines 397-401) :: source passage and relevant environment/task/tool description reviewed","source://S-209.txt :: Table 3, excessive-permission-002 (source extract lines 397-401) :: concrete operation/task passage reviewed",source://S-209.txt lines 363-369 and 399-400; Table 3 case excessive-permission-002,source://S-209.txt lines 363-369 and 399-400; Table 3 case excessive-permission-002
BATCH-S209-007,strict_one_to_one,S-209,CAND-V33-S-209-007,CAND-RECON-20260909-S-209-001,Established,Established,yes,Established,Established,yes,Established,Established,yes,Not established,Not established,yes,Indeterminate,Not established,no,"source://S-209.txt :: Sections 5-6, Table 3, full-text lines 242-305, 382-413","source://S-209.txt :: Sections 5-6, Table 3, full-text lines 242-305, 382-413","source://S-209.txt :: Table 3, tool-poisoning-001 (source extract lines 382-387) :: source passage and relevant environment/task/tool description reviewed","source://S-209.txt :: Table 3, tool-poisoning-001 (source extract lines 382-387) :: concrete operation/task passage reviewed",source://S-209.txt lines 363-369 and 382-406; Table 3 case tool-poisoning-001,source://S-209.txt lines 363-369 and 382-406; Table 3 case tool-poisoning-001
BATCH-S209-008,strict_one_to_one,S-209,CAND-V33-S-209-008,CAND-RECON-20260909-S-209-002,Established,Established,yes,Established,Established,yes,Established,Established,yes,Not established,Not established,yes,Indeterminate,Not established,no,"source://S-209.txt :: Sections 5-6, Table 3, full-text lines 242-305, 382-413","source://S-209.txt :: Sections 5-6, Table 3, full-text lines 242-305, 382-413","source://S-209.txt :: Table 3, tool-poisoning-002 (source extract lines 387-390) :: source passage and relevant environment/task/tool description reviewed","source://S-209.txt :: Table 3, tool-poisoning-002 (source extract lines 387-390) :: concrete operation/task passage reviewed",source://S-209.txt lines 363-369 and 382-389; Table 3 case tool-poisoning-002,source://S-209.txt lines 363-369 and 382-389; Table 3 case tool-poisoning-002
BATCH-S209-009,strict_one_to_one,S-209,CAND-V33-S-209-009,CAND-RECON-20260909-S-209-009,Established,Established,yes,Established,Established,yes,Not established,Established,no,Established,Not established,no,Established,Not established,no,"source://S-209.txt :: Sections 5-6, Table 3, full-text lines 242-305, 382-413","source://S-209.txt :: Sections 5-6, Table 3, full-text lines 242-305, 382-413","source://S-209.txt :: Table 3, transport-session-compat-001 (source extract lines 406-410) :: source passage and relevant environment/task/tool description reviewed","source://S-209.txt :: Table 3, transport-session-compat-001 (source extract lines 406-410) :: concrete operation/task passage reviewed",source://S-209.txt lines 363-369 and 407-409; Table 3 case transport-session-compat-001,source://S-209.txt lines 363-369 and 407-409; Table 3 case transport-session-compat-001
BATCH-S209-010,strict_one_to_one,S-209,CAND-V33-S-209-010,CAND-RECON-20260909-S-209-010,Established,Established,yes,Established,Established,yes,Not established,Established,no,Established,Not established,no,Established,Not established,no,"source://S-209.txt :: Sections 5-6, Table 3, full-text lines 242-305, 382-413","source://S-209.txt :: Sections 5-6, Table 3, full-text lines 242-305, 382-413","source://S-209.txt :: Table 3, transport-session-compat-002 (source extract lines 410-413) :: source passage and relevant environment/task/tool description reviewed","source://S-209.txt :: Table 3, transport-session-compat-002 (source extract lines 410-413) :: concrete operation/task passage reviewed",source://S-209.txt lines 363-369 and 410-412; Table 3 case transport-session-compat-002,source://S-209.txt lines 363-369 and 410-412; Table 3 case transport-session-compat-002
BATCH-S213-001,strict_one_to_one,S-213,CAND-V33-S-213-001,RB-C022,Established,Established,yes,Established,Established,yes,Established,Indeterminate,no,Established,Not established,no,Established,Indeterminate,no,"source://S-213.txt :: PDF pp. 1-4, Abstract and Sections 3.1-3.2; p. 7 Table 1, full-text lines 12-25, 125-142, 163-177, 369-389","source://S-213.txt :: PDF pp. 1-4, Abstract and Sections 3.1-3.2; p. 7 Table 1, full-text lines 12-25, 125-142, 163-177, 369-389","source://S-213.txt :: PDF pp. 1-4, Abstract and Sections 3.1-3.2; p. 7 Table 1, full-text lines 12-25, 125-142, 163-177, 369-389","source://S-213.txt :: PDF pp. 1-4, Abstract and Sections 3.1-3.2; p. 7 Table 1, full-text lines 12-25, 125-142, 163-177, 369-389",source://S-213.txt lines 142-158 and 162-187; Sections 3.1-3.2,source://S-213.txt lines 142-158 and 162-187; Sections 3.1-3.2
BATCH-S214-001,strict_one_to_one,S-214,CAND-V33-S-214-001,S-214-ADD-01,Established,Established,yes,Established,Established,yes,Established,Established,yes,Not established,Not established,yes,Indeterminate,Indeterminate,yes,"source://S-214.txt :: PDF pp. 19, 24-25, Sections 4 and Appendix execution trace, full-text lines 976-991, 1073-1080, 1127-1129","source://S-214.txt :: PDF pp. 19, 24-25, Sections 4 and Appendix execution trace, full-text lines 976-991, 1073-1080, 1127-1129","source://S-214.txt :: PDF pp. 19, 24-25, Sections 4 and Appendix execution trace, full-text lines 976-991, 1073-1080, 1127-1129","source://S-214.txt :: PDF pp. 19, 24-25, Sections 4 and Appendix execution trace, full-text lines 976-991, 1073-1080, 1127-1129",source://S-214.txt lines 543-566 and 1191-1218; Figure 10,source://S-214.txt lines 1191-1218; Figure 10
BATCH-S217-001,strict_one_to_one,S-217,CAND-V33R-S-217-001,CAND-HR330-20260917-S-217-001,Established,Established,yes,Established,Established,yes,Established,Established,yes,Not established,Not established,yes,Indeterminate,Indeterminate,yes,"source://S-217.txt :: S-217.txt, Figure 2 and caption, p. 7; discussion at pp. 6-7","source://S-217.txt :: S-217.txt, Figure 2 and caption, p. 7; discussion at pp. 6-7","source://S-217.txt :: S-217.txt, Figure 2 and caption, p. 7; discussion at pp. 6-7","source://S-217.txt :: S-217.txt, Figure 2 and caption, p. 7; discussion at pp. 6-7","source://S-217.txt lines 150-161, 285-305, and 329-333; Figure 2",source://S-217.txt lines 300-305 and 329-333; Figure 2
BATCH-S219-001,strict_one_to_one,S-219,CAND-V33-S-219-001,CAND-RECON-20260909-S-219-001,Established,Established,yes,Established,Established,yes,Established,Established,yes,Not established,Not established,yes,Indeterminate,Indeterminate,yes,"source://S-219.txt :: lines 1027-1037, 1060-1068 (Appendix B.4/Table 5)","source://S-219.txt :: lines 1027-1037, 1060-1068 (Appendix B.4/Table 5)","source://S-219.txt :: lines 1027-1037, 1060-1068 (Appendix B.4/Table 5)","source://S-219.txt :: lines 1027-1037, 1060-1068 (Appendix B.4/Table 5)",source://S-219.txt lines 1023-1037 and 1060-1062; Table 5 Step 1,source://S-219.txt lines 1023-1037 and 1060-1062; Table 5 Step 1
BATCH-S219-002,strict_one_to_one,S-219,CAND-V33-S-219-002,CAND-RECON-20260909-S-219-002,Established,Established,yes,Established,Established,yes,Established,Established,yes,Not established,Not established,yes,Indeterminate,Indeterminate,yes,"source://S-219.txt :: lines 1027-1037, 1060-1068 (Appendix B.4/Table 5)","source://S-219.txt :: lines 1027-1037, 1060-1068 (Appendix B.4/Table 5)","source://S-219.txt :: lines 1027-1037, 1060-1068 (Appendix B.4/Table 5)","source://S-219.txt :: lines 1027-1037, 1060-1068 (Appendix B.4/Table 5)",source://S-219.txt lines 1023-1037 and 1063-1064; Table 5 Step 2,source://S-219.txt lines 1023-1037 and 1063-1064; Table 5 Step 2
BATCH-S219-003,strict_one_to_one,S-219,CAND-V33-S-219-003,CAND-RECON-20260909-S-219-003,Established,Established,yes,Established,Established,yes,Established,Established,yes,Not established,Not established,yes,Indeterminate,Indeterminate,yes,"source://S-219.txt :: lines 1027-1037, 1060-1068 (Appendix B.4/Table 5)","source://S-219.txt :: lines 1027-1037, 1060-1068 (Appendix B.4/Table 5)","source://S-219.txt :: lines 1027-1037, 1060-1068 (Appendix B.4/Table 5)","source://S-219.txt :: lines 1027-1037, 1060-1068 (Appendix B.4/Table 5)",source://S-219.txt lines 1023-1037 and 1065-1066; Table 5 Step 3,source://S-219.txt lines 1023-1037 and 1065-1066; Table 5 Step 3
BATCH-S220-001,strict_one_to_one,S-220,CAND-V33-S-220-001,S-220-ADD-01,Established,Established,yes,Established,Established,yes,Established,Established,yes,Not established,Not established,yes,Indeterminate,Indeterminate,yes,"source://S-220.txt :: PDF pp. 4-6, Figure 2 and Sections 3.2-3.3; Appendix A, full-text lines 403-417, 447-506, 527-574, 1283-1330","source://S-220.txt :: PDF pp. 4-6, Figure 2 and Sections 3.2-3.3; Appendix A, full-text lines 403-417, 447-506, 527-574, 1283-1330","source://S-220.txt :: PDF pp. 4-6, Figure 2 and Sections 3.2-3.3; Appendix A, full-text lines 403-417, 447-506, 527-574, 1283-1330","source://S-220.txt :: PDF pp. 4-6, Figure 2 and Sections 3.2-3.3; Appendix A, full-text lines 403-417, 447-506, 527-574, 1283-1330",source://S-220.txt lines 1599-1615; Figure 15 and lines 1936-1966,source://S-220.txt lines 1599-1615; Figure 15
BATCH-S220-002,strict_one_to_one,S-220,CAND-V33-S-220-002,RB-C028,Established,Established,yes,Established,Established,yes,Established,Established,yes,Not established,Not established,yes,Indeterminate,Indeterminate,yes,"source://S-220.txt :: PDF pp. 4-6, Figure 2 and Sections 3.2-3.3; Appendix A, full-text lines 403-417, 447-506, 527-574, 1283-1330","source://S-220.txt :: PDF pp. 4-6, Figure 2 and Sections 3.2-3.3; Appendix A, full-text lines 403-417, 447-506, 527-574, 1283-1330","source://S-220.txt :: PDF pp. 4-6, Figure 2 and Sections 3.2-3.3; Appendix A, full-text lines 403-417, 447-506, 527-574, 1283-1330","source://S-220.txt :: PDF pp. 4-6, Figure 2 and Sections 3.2-3.3; Appendix A, full-text lines 403-417, 447-506, 527-574, 1283-1330",source://S-220.txt lines 1783-1797; Figure 20,source://S-220.txt lines 1783-1797; Figure 20
